# Blender 4.1.0
# www.blender.org
mtllib etenol.mtl
o Oxygen_mesh
v 0.044929 -0.326571 0.686429
o Oxygen_ball
v 0.044929 0.175885 0.274073
v 0.044929 0.085784 0.183972
v 0.044929 -0.077827 0.085907
v 0.044929 -0.137886 0.064417
v 0.044929 -0.199763 0.048918
v 0.044929 -0.262860 0.039559
v 0.044929 -0.390283 0.039559
v 0.044929 -0.453380 0.048918
v 0.044929 -0.632979 0.113180
v 0.044929 -0.687692 0.145973
v 0.044929 -0.738927 0.183972
v 0.044929 -0.829028 0.274073
v 0.044929 -0.867027 0.325308
v 0.044929 -0.899820 0.380021
v 0.044929 -0.964082 0.559620
v 0.044929 -0.973441 0.622717
v 0.057358 0.320299 0.623942
v 0.069668 0.310939 0.562056
v 0.081739 0.295440 0.501369
v 0.093456 0.273950 0.442464
v 0.104706 0.246677 0.385908
v 0.115380 0.213884 0.332247
v 0.125375 0.175885 0.281996
v 0.134596 0.133048 0.235641
v 0.142953 0.085784 0.193626
v 0.150366 0.034549 0.156358
v 0.156764 -0.020164 0.124195
v 0.162085 -0.077827 0.097446
v 0.166277 -0.137886 0.076369
v 0.169301 -0.199763 0.061168
v 0.171127 -0.262860 0.051988
v 0.171737 -0.326571 0.048918
v 0.171127 -0.390283 0.051988
v 0.169301 -0.453380 0.061168
v 0.166277 -0.515257 0.076369
v 0.162085 -0.575316 0.097446
v 0.156764 -0.632979 0.124195
v 0.150366 -0.687692 0.156358
v 0.142953 -0.738927 0.193626
v 0.134596 -0.786191 0.235641
v 0.125375 -0.829028 0.281996
v 0.115380 -0.867027 0.332247
v 0.104706 -0.899820 0.385908
v 0.093456 -0.927093 0.442464
v 0.081739 -0.948583 0.501369
v 0.069668 -0.964082 0.562056
v 0.057358 -0.973441 0.623942
v 0.069310 0.320299 0.627567
v 0.093456 0.310939 0.569273
v 0.117135 0.295440 0.512106
v 0.140119 0.273950 0.456619
v 0.162186 0.246677 0.403345
v 0.183123 0.213884 0.352797
v 0.202730 0.175885 0.305462
v 0.220817 0.133048 0.261796
v 0.237210 0.085784 0.222219
v 0.251752 0.034549 0.187113
v 0.264301 -0.020164 0.156816
v 0.274738 -0.077827 0.131619
v 0.282962 -0.137886 0.111765
v 0.288893 -0.199763 0.097446
v 0.292475 -0.262860 0.088799
v 0.293673 -0.326571 0.085907
v 0.292475 -0.390283 0.088799
v 0.288893 -0.453380 0.097446
v 0.282962 -0.515257 0.111765
v 0.274738 -0.575316 0.131619
v 0.264301 -0.632979 0.156816
v 0.251752 -0.687692 0.187113
v 0.237210 -0.738927 0.222219
v 0.220817 -0.786191 0.261796
v 0.202730 -0.829028 0.305462
v 0.183123 -0.867027 0.352797
v 0.162186 -0.899820 0.403345
v 0.140119 -0.927093 0.456619
v 0.117135 -0.948583 0.512106
v 0.093456 -0.964082 0.569273
v 0.069310 -0.973441 0.627567
v 0.080325 0.320299 0.633455
v 0.115380 0.310939 0.580991
v 0.149756 0.295440 0.529543
v 0.183123 0.273950 0.479605
v 0.215160 0.246677 0.431660
v 0.245556 0.213884 0.386168
v 0.274021 0.175885 0.343567
v 0.300279 0.133048 0.304269
v 0.324079 0.085784 0.268651
v 0.345189 0.034549 0.237057
v 0.363409 -0.020164 0.209790
v 0.378561 -0.077827 0.187113
v 0.390499 -0.137886 0.169245
v 0.399110 -0.199763 0.156358
v 0.404310 -0.262860 0.148576
v 0.406049 -0.326571 0.145973
v 0.404310 -0.390283 0.148576
v 0.399110 -0.453380 0.156358
v 0.390499 -0.515257 0.169245
v 0.378561 -0.575316 0.187113
v 0.363409 -0.632979 0.209790
v 0.345189 -0.687692 0.237057
v 0.324079 -0.738927 0.268651
v 0.300279 -0.786191 0.304269
v 0.274021 -0.829028 0.343567
v 0.245556 -0.867027 0.386168
v 0.215160 -0.899820 0.431660
v 0.183123 -0.927093 0.479605
v 0.149756 -0.948583 0.529543
v 0.115380 -0.964082 0.580991
v 0.080325 -0.973441 0.633455
v 0.089979 0.320299 0.641378
v 0.134596 0.310939 0.596761
v 0.178349 0.295440 0.553008
v 0.220817 0.273950 0.510540
v 0.261592 0.246677 0.469766
v 0.300279 0.213884 0.431078
v 0.336508 0.175885 0.394849
v 0.369929 0.133048 0.361429
v 0.400219 0.085784 0.331138
v 0.427088 0.034549 0.304269
v 0.450277 -0.020164 0.281081
v 0.469561 -0.077827 0.261796
v 0.484757 -0.137886 0.246600
v 0.495716 -0.199763 0.235641
v 0.502335 -0.262860 0.229022
v 0.504548 -0.326571 0.226809
v 0.502335 -0.390283 0.229022
v 0.495716 -0.453380 0.235641
v 0.484757 -0.515257 0.246600
v 0.469561 -0.575316 0.261796
v 0.450277 -0.632979 0.281081
v 0.427088 -0.687692 0.304269
v 0.400219 -0.738927 0.331138
v 0.369929 -0.786191 0.361429
v 0.336508 -0.829028 0.394849
v 0.300279 -0.867027 0.431078
v 0.261592 -0.899820 0.469766
v 0.220817 -0.927093 0.510540
v 0.178349 -0.948583 0.553008
v 0.134596 -0.964082 0.596761
v 0.089979 -0.973441 0.641378
v 0.097902 0.320299 0.651033
v 0.150366 0.310939 0.615977
v 0.201814 0.295440 0.581601
v 0.251752 0.273950 0.548234
v 0.299697 0.246677 0.516198
v 0.345189 0.213884 0.485801
v 0.387790 0.175885 0.457336
v 0.427088 0.133048 0.431078
v 0.462706 0.085784 0.407279
v 0.494301 0.034549 0.386168
v 0.521567 -0.020164 0.367949
v 0.544244 -0.077827 0.352797
v 0.562112 -0.137886 0.340858
v 0.574999 -0.199763 0.332247
v 0.582781 -0.262860 0.327047
v 0.585384 -0.326571 0.325308
v 0.582781 -0.390283 0.327047
v 0.574999 -0.453380 0.332247
v 0.562112 -0.515257 0.340858
v 0.544244 -0.575316 0.352797
v 0.521567 -0.632979 0.367949
v 0.494301 -0.687692 0.386168
v 0.462706 -0.738927 0.407279
v 0.427088 -0.786191 0.431078
v 0.387790 -0.829028 0.457336
v 0.345189 -0.867027 0.485801
v 0.299697 -0.899820 0.516198
v 0.251752 -0.927093 0.548234
v 0.201814 -0.948583 0.581601
v 0.150366 -0.964082 0.615977
v 0.097902 -0.973441 0.651033
v 0.103790 0.320299 0.662047
v 0.162085 0.310939 0.637901
v 0.219251 0.295440 0.614222
v 0.274738 0.273950 0.591238
v 0.328012 0.246677 0.569171
v 0.378561 0.213884 0.548234
v 0.425895 0.175885 0.528627
v 0.469562 0.133048 0.510540
v 0.509138 0.085784 0.494147
v 0.544244 0.034549 0.479605
v 0.574541 -0.020164 0.467056
v 0.599738 -0.077827 0.456619
v 0.619592 -0.137886 0.448395
v 0.633911 -0.199763 0.442464
v 0.642558 -0.262860 0.438882
v 0.645450 -0.326571 0.437685
v 0.642558 -0.390283 0.438882
v 0.633911 -0.453380 0.442464
v 0.619592 -0.515257 0.448395
v 0.599738 -0.575316 0.456619
v 0.574541 -0.632979 0.467056
v 0.544244 -0.687692 0.479605
v 0.509138 -0.738927 0.494147
v 0.469562 -0.786191 0.510540
v 0.425895 -0.829028 0.528627
v 0.378561 -0.867027 0.548234
v 0.328012 -0.899820 0.569171
v 0.274738 -0.927093 0.591238
v 0.219251 -0.948583 0.614222
v 0.162085 -0.964082 0.637901
v 0.103790 -0.973441 0.662047
v 0.107416 0.320299 0.673999
v 0.169301 0.310939 0.661689
v 0.229988 0.295440 0.649618
v 0.288893 0.273950 0.637901
v 0.345449 0.246677 0.626651
v 0.399110 0.213884 0.615978
v 0.449361 0.175885 0.605982
v 0.495716 0.133048 0.596761
v 0.537731 0.085784 0.588404
v 0.574999 0.034549 0.580991
v 0.607162 -0.020164 0.574593
v 0.633911 -0.077827 0.569273
v 0.654988 -0.137886 0.565080
v 0.670189 -0.199763 0.562057
v 0.679369 -0.262860 0.560230
v 0.682439 -0.326571 0.559620
v 0.679369 -0.390283 0.560230
v 0.670189 -0.453380 0.562057
v 0.654988 -0.515257 0.565080
v 0.633911 -0.575316 0.569273
v 0.607162 -0.632979 0.574593
v 0.574999 -0.687692 0.580991
v 0.537731 -0.738927 0.588404
v 0.495716 -0.786191 0.596761
v 0.449361 -0.829028 0.605982
v 0.399110 -0.867027 0.615978
v 0.345449 -0.899820 0.626651
v 0.288893 -0.927093 0.637901
v 0.229988 -0.948583 0.649618
v 0.169301 -0.964082 0.661689
v 0.107416 -0.973441 0.673999
v 0.108640 0.320299 0.686429
v 0.171737 0.310939 0.686429
v 0.233614 0.295440 0.686429
v 0.293673 0.273950 0.686429
v 0.351336 0.246677 0.686429
v 0.406049 0.213884 0.686429
v 0.457284 0.175885 0.686429
v 0.504548 0.133048 0.686429
v 0.547385 0.085784 0.686429
v 0.585384 0.034549 0.686429
v 0.618177 -0.020164 0.686429
v 0.645450 -0.077827 0.686429
v 0.666940 -0.137886 0.686429
v 0.682439 -0.199763 0.686429
v 0.691798 -0.262860 0.686429
v 0.694928 -0.326571 0.686429
v 0.691798 -0.390283 0.686429
v 0.682439 -0.453380 0.686429
v 0.666940 -0.515257 0.686429
v 0.645450 -0.575316 0.686429
v 0.618177 -0.632979 0.686429
v 0.585384 -0.687692 0.686429
v 0.547385 -0.738927 0.686429
v 0.504548 -0.786191 0.686429
v 0.457284 -0.829028 0.686429
v 0.406049 -0.867027 0.686429
v 0.351336 -0.899820 0.686429
v 0.293673 -0.927093 0.686429
v 0.233614 -0.948583 0.686429
v 0.171737 -0.964082 0.686429
v 0.108640 -0.973441 0.686429
v 0.107416 0.320299 0.698858
v 0.169301 0.310939 0.711168
v 0.229988 0.295440 0.723239
v 0.288893 0.273950 0.734956
v 0.345449 0.246677 0.746206
v 0.399110 0.213884 0.756880
v 0.449361 0.175885 0.766875
v 0.495716 0.133048 0.776096
v 0.537731 0.085784 0.784453
v 0.574999 0.034549 0.791866
v 0.607162 -0.020164 0.798264
v 0.633911 -0.077827 0.803585
v 0.654988 -0.137886 0.807777
v 0.670189 -0.199763 0.810801
v 0.679369 -0.262860 0.812627
v 0.682439 -0.326571 0.813237
v 0.679369 -0.390283 0.812627
v 0.670189 -0.453380 0.810801
v 0.654988 -0.515257 0.807777
v 0.633911 -0.575316 0.803585
v 0.607162 -0.632979 0.798264
v 0.574999 -0.687692 0.791866
v 0.537731 -0.738927 0.784453
v 0.495716 -0.786191 0.776096
v 0.449361 -0.829028 0.766875
v 0.399110 -0.867027 0.756880
v 0.345449 -0.899820 0.746206
v 0.288893 -0.927093 0.734956
v 0.229988 -0.948583 0.723239
v 0.169301 -0.964082 0.711168
v 0.107416 -0.973441 0.698858
v 0.103790 0.320299 0.710810
v 0.162085 0.310939 0.734956
v 0.219251 0.295440 0.758635
v 0.274738 0.273950 0.781619
v 0.328012 0.246677 0.803686
v 0.378560 0.213884 0.824623
v 0.425895 0.175885 0.844230
v 0.469561 0.133048 0.862317
v 0.509138 0.085784 0.878711
v 0.544244 0.034549 0.893252
v 0.574541 -0.020164 0.905801
v 0.599738 -0.077827 0.916238
v 0.619592 -0.137886 0.924462
v 0.633911 -0.199763 0.930393
v 0.642558 -0.262860 0.933975
v 0.645450 -0.326571 0.935173
v 0.642558 -0.390283 0.933975
v 0.633911 -0.453380 0.930393
v 0.619592 -0.515257 0.924462
v 0.599738 -0.575316 0.916238
v 0.574541 -0.632979 0.905801
v 0.544244 -0.687692 0.893252
v 0.509138 -0.738927 0.878711
v 0.469561 -0.786191 0.862317
v 0.425895 -0.829028 0.844230
v 0.378560 -0.867027 0.824623
v 0.328012 -0.899820 0.803686
v 0.274738 -0.927093 0.781619
v 0.219251 -0.948583 0.758635
v 0.162085 -0.964082 0.734956
v 0.103790 -0.973441 0.710810
v 0.097902 0.320299 0.721825
v 0.150366 0.310939 0.756880
v 0.201814 0.295440 0.791256
v 0.251752 0.273950 0.824623
v 0.299697 0.246677 0.856660
v 0.345189 0.213884 0.887056
v 0.387790 0.175885 0.915521
v 0.427088 0.133048 0.941779
v 0.462706 0.085784 0.965579
v 0.494301 0.034549 0.986689
v 0.521567 -0.020164 1.004909
v 0.544244 -0.077827 1.020061
v 0.562112 -0.137886 1.031999
v 0.574999 -0.199763 1.040610
v 0.582781 -0.262860 1.045810
v 0.585383 -0.326571 1.047549
v 0.582781 -0.390283 1.045810
v 0.574999 -0.453380 1.040610
v 0.562112 -0.515257 1.031999
v 0.544244 -0.575316 1.020061
v 0.521567 -0.632979 1.004909
v 0.494301 -0.687692 0.986689
v 0.462706 -0.738927 0.965579
v 0.427088 -0.786191 0.941779
v 0.387790 -0.829028 0.915521
v 0.345189 -0.867027 0.887056
v 0.299697 -0.899820 0.856660
v 0.251752 -0.927093 0.824623
v 0.201814 -0.948583 0.791256
v 0.150366 -0.964082 0.756880
v 0.097902 -0.973441 0.721825
v 0.089979 0.320299 0.731479
v 0.134596 0.310939 0.776096
v 0.178349 0.295440 0.819849
v 0.220817 0.273950 0.862317
v 0.261592 0.246677 0.903092
v 0.300279 0.213884 0.941779
v 0.336508 0.175885 0.978008
v 0.369929 0.133048 1.011429
v 0.400219 0.085784 1.041719
v 0.427088 0.034549 1.068588
v 0.450277 -0.020164 1.091777
v 0.469561 -0.077827 1.111061
v 0.484757 -0.137886 1.126257
v 0.495716 -0.199763 1.137216
v 0.502335 -0.262860 1.143835
v 0.504548 -0.326571 1.146048
v 0.502335 -0.390283 1.143835
v 0.495716 -0.453380 1.137216
v 0.484757 -0.515257 1.126257
v 0.469561 -0.575316 1.111061
v 0.450277 -0.632979 1.091777
v 0.427088 -0.687692 1.068588
v 0.400219 -0.738927 1.041719
v 0.369929 -0.786191 1.011429
v 0.336508 -0.829028 0.978008
v 0.300279 -0.867027 0.941779
v 0.261592 -0.899820 0.903092
v 0.220817 -0.927093 0.862317
v 0.178349 -0.948583 0.819849
v 0.134596 -0.964082 0.776096
v 0.089979 -0.973441 0.731479
v 0.080325 0.320299 0.739402
v 0.115380 0.310939 0.791866
v 0.149756 0.295440 0.843314
v 0.183123 0.273950 0.893252
v 0.215160 0.246677 0.941197
v 0.245556 0.213884 0.986689
v 0.274021 0.175885 1.029290
v 0.300279 0.133048 1.068588
v 0.324079 0.085784 1.104206
v 0.345189 0.034549 1.135801
v 0.363408 -0.020164 1.163067
v 0.378561 -0.077827 1.185744
v 0.390499 -0.137886 1.203612
v 0.399110 -0.199763 1.216499
v 0.404310 -0.262860 1.224281
v 0.406049 -0.326571 1.226884
v 0.404310 -0.390283 1.224281
v 0.399110 -0.453380 1.216499
v 0.390499 -0.515257 1.203612
v 0.378561 -0.575316 1.185744
v 0.363408 -0.632979 1.163067
v 0.345189 -0.687692 1.135801
v 0.324079 -0.738927 1.104206
v 0.300279 -0.786191 1.068588
v 0.274021 -0.829028 1.029290
v 0.245556 -0.867027 0.986689
v 0.215160 -0.899820 0.941197
v 0.183123 -0.927093 0.893252
v 0.149756 -0.948583 0.843314
v 0.115380 -0.964082 0.791866
v 0.080325 -0.973441 0.739402
v 0.069310 0.320299 0.745290
v 0.093456 0.310939 0.803585
v 0.117135 0.295440 0.860751
v 0.140119 0.273950 0.916238
v 0.162186 0.246677 0.969512
v 0.183123 0.213884 1.020060
v 0.202730 0.175885 1.067395
v 0.220817 0.133048 1.111061
v 0.237210 0.085784 1.150638
v 0.251752 0.034549 1.185744
v 0.264301 -0.020164 1.216041
v 0.274738 -0.077827 1.241238
v 0.282962 -0.137886 1.261092
v 0.288893 -0.199763 1.275411
v 0.292475 -0.262860 1.284058
v 0.293672 -0.326571 1.286950
v 0.292475 -0.390283 1.284058
v 0.288893 -0.453380 1.275411
v 0.282962 -0.515257 1.261092
v 0.274738 -0.575316 1.241238
v 0.264301 -0.632979 1.216041
v 0.251752 -0.687692 1.185744
v 0.237210 -0.738927 1.150638
v 0.220817 -0.786191 1.111061
v 0.202730 -0.829028 1.067395
v 0.183123 -0.867027 1.020060
v 0.162186 -0.899820 0.969512
v 0.140119 -0.927093 0.916238
v 0.117135 -0.948583 0.860751
v 0.093456 -0.964082 0.803585
v 0.069310 -0.973441 0.745290
v 0.057358 0.320299 0.748916
v 0.069668 0.310939 0.810801
v 0.081739 0.295440 0.871488
v 0.093456 0.273950 0.930393
v 0.104706 0.246677 0.986949
v 0.115380 0.213884 1.040610
v 0.125375 0.175885 1.090861
v 0.134596 0.133048 1.137216
v 0.142953 0.085784 1.179231
v 0.150366 0.034549 1.216499
v 0.156764 -0.020164 1.248662
v 0.162085 -0.077827 1.275411
v 0.166277 -0.137886 1.296488
v 0.169301 -0.199763 1.311689
v 0.171127 -0.262860 1.320869
v 0.171737 -0.326571 1.323939
v 0.171127 -0.390283 1.320869
v 0.169301 -0.453380 1.311689
v 0.166277 -0.515257 1.296488
v 0.162085 -0.575316 1.275411
v 0.156764 -0.632979 1.248662
v 0.150366 -0.687692 1.216499
v 0.142953 -0.738927 1.179231
v 0.134596 -0.786191 1.137216
v 0.125375 -0.829028 1.090861
v 0.115380 -0.867027 1.040610
v 0.104706 -0.899820 0.986949
v 0.093456 -0.927093 0.930393
v 0.081739 -0.948583 0.871488
v 0.069668 -0.964082 0.810801
v 0.057358 -0.973441 0.748916
v 0.044929 0.320299 0.750140
v 0.044929 0.310939 0.813237
v 0.044929 0.295440 0.875114
v 0.044929 0.273950 0.935173
v 0.044929 0.246677 0.992836
v 0.044929 0.213884 1.047549
v 0.044928 0.175885 1.098784
v 0.044929 0.133048 1.146048
v 0.044929 0.085784 1.188885
v 0.044929 0.034549 1.226884
v 0.044929 -0.020164 1.259677
v 0.044929 -0.077827 1.286950
v 0.044928 -0.137886 1.308440
v 0.044928 -0.199763 1.323939
v 0.044929 -0.262860 1.333298
v 0.044928 -0.326571 1.336428
v 0.044929 -0.390283 1.333298
v 0.044928 -0.453380 1.323939
v 0.044928 -0.515257 1.308440
v 0.044929 -0.575316 1.286950
v 0.044929 -0.632979 1.259677
v 0.044929 -0.687692 1.226884
v 0.044929 -0.738927 1.188885
v 0.044929 -0.786191 1.146048
v 0.044928 -0.829028 1.098784
v 0.044929 -0.867027 1.047549
v 0.044929 -0.899820 0.992836
v 0.044929 -0.927093 0.935173
v 0.044929 -0.948583 0.875114
v 0.044929 -0.964082 0.813237
v 0.044929 -0.973441 0.750140
v 0.044929 -0.976571 0.686429
v 0.044929 0.323428 0.686429
v 0.032499 0.320299 0.748916
v 0.020189 0.310939 0.810801
v 0.008118 0.295440 0.871488
v -0.003599 0.273950 0.930393
v -0.014849 0.246677 0.986949
v -0.025523 0.213884 1.040610
v -0.035518 0.175885 1.090861
v -0.044739 0.133048 1.137216
v -0.053096 0.085784 1.179231
v -0.060509 0.034549 1.216499
v -0.066907 -0.020164 1.248662
v -0.072227 -0.077827 1.275411
v -0.076420 -0.137886 1.296488
v -0.079444 -0.199763 1.311689
v -0.081270 -0.262860 1.320869
v -0.081880 -0.326571 1.323939
v -0.081270 -0.390283 1.320869
v -0.079444 -0.453380 1.311689
v -0.076420 -0.515257 1.296488
v -0.072227 -0.575316 1.275411
v -0.066907 -0.632979 1.248662
v -0.060509 -0.687692 1.216499
v -0.053096 -0.738927 1.179231
v -0.044739 -0.786191 1.137216
v -0.035518 -0.829028 1.090861
v -0.025523 -0.867027 1.040610
v -0.014849 -0.899820 0.986949
v -0.003599 -0.927093 0.930393
v 0.008118 -0.948583 0.871488
v 0.020189 -0.964082 0.810801
v 0.032499 -0.973441 0.748916
v 0.020547 0.320299 0.745290
v -0.003599 0.310939 0.803584
v -0.027278 0.295440 0.860751
v -0.050262 0.273950 0.916238
v -0.072329 0.246677 0.969512
v -0.093266 0.213884 1.020060
v -0.112873 0.175885 1.067395
v -0.130960 0.133048 1.111061
v -0.147353 0.085784 1.150638
v -0.161895 0.034549 1.185744
v -0.174444 -0.020164 1.216041
v -0.184881 -0.077827 1.241238
v -0.193105 -0.137886 1.261092
v -0.199036 -0.199763 1.275411
v -0.202618 -0.262860 1.284058
v -0.203816 -0.326571 1.286950
v -0.202618 -0.390283 1.284058
v -0.199036 -0.453380 1.275411
v -0.193105 -0.515257 1.261092
v -0.184881 -0.575316 1.241238
v -0.174444 -0.632979 1.216041
v -0.161895 -0.687692 1.185744
v -0.147353 -0.738927 1.150638
v -0.130960 -0.786191 1.111061
v -0.112873 -0.829028 1.067395
v -0.093266 -0.867027 1.020060
v -0.072329 -0.899820 0.969512
v -0.050262 -0.927093 0.916238
v -0.027278 -0.948583 0.860751
v -0.003599 -0.964082 0.803584
v 0.020547 -0.973441 0.745290
v 0.009533 0.320299 0.739402
v -0.025523 0.310939 0.791866
v -0.059899 0.295440 0.843314
v -0.093266 0.273950 0.893252
v -0.125302 0.246677 0.941197
v -0.155699 0.213884 0.986689
v -0.184164 0.175885 1.029289
v -0.210422 0.133048 1.068588
v -0.234221 0.085784 1.104206
v -0.255332 0.034549 1.135800
v -0.273551 -0.020164 1.163067
v -0.288703 -0.077827 1.185744
v -0.300642 -0.137886 1.203612
v -0.309253 -0.199763 1.216499
v -0.314453 -0.262860 1.224281
v -0.316192 -0.326571 1.226883
v -0.314453 -0.390283 1.224281
v -0.309253 -0.453380 1.216499
v -0.300642 -0.515257 1.203612
v -0.288703 -0.575316 1.185744
v -0.273551 -0.632979 1.163067
v -0.255332 -0.687692 1.135800
v -0.234221 -0.738927 1.104206
v -0.210422 -0.786191 1.068588
v -0.184164 -0.829028 1.029289
v -0.155699 -0.867027 0.986689
v -0.125302 -0.899820 0.941197
v -0.093266 -0.927093 0.893252
v -0.059899 -0.948583 0.843314
v -0.025523 -0.964082 0.791866
v 0.009533 -0.973441 0.739402
v -0.000122 0.320299 0.731479
v -0.044739 0.310939 0.776096
v -0.088492 0.295440 0.819849
v -0.130960 0.273950 0.862317
v -0.171734 0.246677 0.903092
v -0.210422 0.213884 0.941779
v -0.246651 0.175885 0.978008
v -0.280071 0.133048 1.011428
v -0.310362 0.085784 1.041719
v -0.337231 0.034549 1.068588
v -0.360419 -0.020164 1.091776
v -0.379704 -0.077827 1.111061
v -0.394900 -0.137886 1.126257
v -0.405859 -0.199763 1.137216
v -0.412477 -0.262860 1.143834
v -0.414691 -0.326571 1.146047
v -0.412477 -0.390283 1.143834
v -0.405859 -0.453380 1.137216
v -0.394900 -0.515257 1.126257
v -0.379704 -0.575316 1.111061
v -0.360419 -0.632979 1.091776
v -0.337231 -0.687692 1.068588
v -0.310362 -0.738927 1.041719
v -0.280071 -0.786191 1.011428
v -0.246651 -0.829028 0.978008
v -0.210422 -0.867027 0.941779
v -0.171734 -0.899820 0.903092
v -0.130960 -0.927093 0.862317
v -0.088492 -0.948583 0.819849
v -0.044739 -0.964082 0.776096
v -0.000122 -0.973441 0.731479
v -0.008045 0.320299 0.721825
v -0.060509 0.310939 0.756880
v -0.111957 0.295440 0.791256
v -0.161895 0.273950 0.824623
v -0.209840 0.246677 0.856660
v -0.255332 0.213884 0.887056
v -0.297932 0.175885 0.915521
v -0.337231 0.133048 0.941779
v -0.372849 0.085784 0.965578
v -0.404443 0.034549 0.986689
v -0.431710 -0.020164 1.004908
v -0.454387 -0.077827 1.020060
v -0.472255 -0.137886 1.031999
v -0.485142 -0.199763 1.040610
v -0.492924 -0.262860 1.045810
v -0.495526 -0.326571 1.047549
v -0.492924 -0.390283 1.045810
v -0.485142 -0.453380 1.040610
v -0.472255 -0.515257 1.031999
v -0.454387 -0.575316 1.020060
v -0.431710 -0.632979 1.004908
v -0.404443 -0.687692 0.986689
v -0.372849 -0.738927 0.965578
v -0.337231 -0.786191 0.941779
v -0.297932 -0.829028 0.915521
v -0.255332 -0.867027 0.887056
v -0.209840 -0.899820 0.856660
v -0.161895 -0.927093 0.824623
v -0.111957 -0.948583 0.791256
v -0.060509 -0.964082 0.756880
v -0.008045 -0.973441 0.721825
v -0.013933 0.320299 0.710810
v -0.072227 0.310939 0.734956
v -0.129394 0.295440 0.758635
v -0.184881 0.273950 0.781619
v -0.238155 0.246677 0.803686
v -0.288703 0.213884 0.824623
v -0.336038 0.175885 0.844230
v -0.379704 0.133048 0.862317
v -0.419281 0.085784 0.878710
v -0.454387 0.034549 0.893252
v -0.484684 -0.020164 0.905801
v -0.509881 -0.077827 0.916238
v -0.529735 -0.137886 0.924462
v -0.544054 -0.199763 0.930393
v -0.552701 -0.262860 0.933975
v -0.555593 -0.326571 0.935172
v -0.552701 -0.390283 0.933975
v -0.544054 -0.453380 0.930393
v -0.529735 -0.515257 0.924462
v -0.509881 -0.575316 0.916238
v -0.484684 -0.632979 0.905801
v -0.454387 -0.687692 0.893252
v -0.419281 -0.738927 0.878710
v -0.379704 -0.786191 0.862317
v -0.336038 -0.829028 0.844230
v -0.288703 -0.867027 0.824623
v -0.238155 -0.899820 0.803686
v -0.184881 -0.927093 0.781619
v -0.129394 -0.948583 0.758635
v -0.072227 -0.964082 0.734956
v -0.013933 -0.973441 0.710810
v -0.017558 0.320299 0.698858
v -0.079443 0.310939 0.711168
v -0.140131 0.295440 0.723239
v -0.199036 0.273950 0.734956
v -0.255592 0.246677 0.746206
v -0.309253 0.213884 0.756880
v -0.359504 0.175885 0.766875
v -0.405859 0.133048 0.776096
v -0.447873 0.085784 0.784453
v -0.485142 0.034549 0.791866
v -0.517305 -0.020164 0.798264
v -0.544054 -0.077827 0.803585
v -0.565131 -0.137886 0.807777
v -0.580332 -0.199763 0.810800
v -0.589512 -0.262860 0.812626
v -0.592581 -0.326571 0.813237
v -0.589512 -0.390283 0.812626
v -0.580332 -0.453380 0.810800
v -0.565131 -0.515257 0.807777
v -0.544054 -0.575316 0.803585
v -0.517305 -0.632979 0.798264
v -0.485142 -0.687692 0.791866
v -0.447873 -0.738927 0.784453
v -0.405859 -0.786191 0.776096
v -0.359504 -0.829028 0.766875
v -0.309253 -0.867027 0.756880
v -0.255592 -0.899820 0.746206
v -0.199036 -0.927093 0.734956
v -0.140131 -0.948583 0.723239
v -0.079443 -0.964082 0.711168
v -0.017558 -0.973441 0.698858
v -0.018783 0.320299 0.686429
v -0.081880 0.310939 0.686429
v -0.143756 0.295440 0.686429
v -0.203816 0.273950 0.686429
v -0.261479 0.246677 0.686429
v -0.316192 0.213884 0.686428
v -0.367427 0.175885 0.686428
v -0.414691 0.133048 0.686429
v -0.457528 0.085784 0.686429
v -0.495526 0.034549 0.686428
v -0.528320 -0.020164 0.686429
v -0.555593 -0.077827 0.686429
v -0.577082 -0.137886 0.686428
v -0.592582 -0.199763 0.686428
v -0.601941 -0.262860 0.686428
v -0.605071 -0.326571 0.686428
v -0.601941 -0.390283 0.686428
v -0.592582 -0.453380 0.686428
v -0.577082 -0.515257 0.686428
v -0.555593 -0.575316 0.686429
v -0.528320 -0.632979 0.686429
v -0.495526 -0.687692 0.686428
v -0.457528 -0.738927 0.686429
v -0.414691 -0.786191 0.686429
v -0.367427 -0.829028 0.686428
v -0.316192 -0.867027 0.686428
v -0.261479 -0.899820 0.686429
v -0.203816 -0.927093 0.686429
v -0.143756 -0.948583 0.686429
v -0.081880 -0.964082 0.686429
v -0.018783 -0.973441 0.686429
v -0.017558 0.320299 0.673999
v -0.079443 0.310939 0.661689
v -0.140131 0.295440 0.649618
v -0.199036 0.273950 0.637901
v -0.255592 0.246677 0.626651
v -0.309253 0.213884 0.615977
v -0.359503 0.175885 0.605982
v -0.405859 0.133048 0.596761
v -0.447873 0.085784 0.588404
v -0.485142 0.034549 0.580991
v -0.517305 -0.020164 0.574593
v -0.544054 -0.077827 0.569273
v -0.565131 -0.137886 0.565080
v -0.580332 -0.199763 0.562056
v -0.589511 -0.262860 0.560230
v -0.592581 -0.326571 0.559620
v -0.589511 -0.390283 0.560230
v -0.580332 -0.453380 0.562056
v -0.565131 -0.515257 0.565080
v -0.544054 -0.575316 0.569273
v -0.517305 -0.632979 0.574593
v -0.485142 -0.687692 0.580991
v -0.447873 -0.738927 0.588404
v -0.405859 -0.786191 0.596761
v -0.359503 -0.829028 0.605982
v -0.309253 -0.867027 0.615977
v -0.255592 -0.899820 0.626651
v -0.199036 -0.927093 0.637901
v -0.140131 -0.948583 0.649618
v -0.079443 -0.964082 0.661689
v -0.017558 -0.973441 0.673999
v -0.013933 0.320299 0.662047
v -0.072227 0.310939 0.637901
v -0.129394 0.295440 0.614222
v -0.184881 0.273950 0.591238
v -0.238155 0.246677 0.569171
v -0.288703 0.213884 0.548234
v -0.336038 0.175885 0.528627
v -0.379704 0.133048 0.510540
v -0.419281 0.085784 0.494147
v -0.454387 0.034549 0.479605
v -0.484684 -0.020164 0.467056
v -0.509881 -0.077827 0.456619
v -0.529734 -0.137886 0.448395
v -0.544054 -0.199763 0.442464
v -0.552701 -0.262860 0.438882
v -0.555592 -0.326571 0.437684
v -0.552701 -0.390283 0.438882
v -0.544054 -0.453380 0.442464
v -0.529734 -0.515257 0.448395
v -0.509881 -0.575316 0.456619
v -0.484684 -0.632979 0.467056
v -0.454387 -0.687692 0.479605
v -0.419281 -0.738927 0.494147
v -0.379704 -0.786191 0.510540
v -0.336038 -0.829028 0.528627
v -0.288703 -0.867027 0.548234
v -0.238155 -0.899820 0.569171
v -0.184881 -0.927093 0.591238
v -0.129394 -0.948583 0.614222
v -0.072227 -0.964082 0.637901
v -0.013933 -0.973441 0.662047
v -0.008045 0.320299 0.651033
v -0.060509 0.310939 0.615978
v -0.111957 0.295440 0.581601
v -0.161895 0.273950 0.548234
v -0.209840 0.246677 0.516198
v -0.255332 0.213884 0.485801
v -0.297932 0.175885 0.457336
v -0.337231 0.133048 0.431078
v -0.372849 0.085784 0.407279
v -0.404443 0.034549 0.386168
v -0.431710 -0.020164 0.367949
v -0.454387 -0.077827 0.352797
v -0.472254 -0.137886 0.340858
v -0.485142 -0.199763 0.332247
v -0.492924 -0.262860 0.327047
v -0.495526 -0.326571 0.325308
v -0.492924 -0.390283 0.327047
v -0.485142 -0.453380 0.332247
v -0.472254 -0.515257 0.340858
v -0.454387 -0.575316 0.352797
v -0.431710 -0.632979 0.367949
v -0.404443 -0.687692 0.386168
v -0.372849 -0.738927 0.407279
v -0.337231 -0.786191 0.431078
v -0.297932 -0.829028 0.457336
v -0.255332 -0.867027 0.485801
v -0.209840 -0.899820 0.516198
v -0.161895 -0.927093 0.548234
v -0.111957 -0.948583 0.581601
v -0.060509 -0.964082 0.615978
v -0.008045 -0.973441 0.651033
v -0.000122 0.320299 0.641378
v -0.044739 0.310939 0.596761
v -0.088492 0.295440 0.553008
v -0.130960 0.273950 0.510540
v -0.171734 0.246677 0.469766
v -0.210422 0.213884 0.431078
v -0.246651 0.175885 0.394849
v -0.280071 0.133048 0.361429
v -0.310362 0.085784 0.331138
v -0.337231 0.034549 0.304269
v -0.360419 -0.020164 0.281081
v -0.379704 -0.077827 0.261796
v -0.394899 -0.137886 0.246600
v -0.405859 -0.199763 0.235641
v -0.412477 -0.262860 0.229023
v -0.414690 -0.326571 0.226810
v -0.412477 -0.390283 0.229023
v -0.405859 -0.453380 0.235641
v -0.394899 -0.515257 0.246600
v -0.379704 -0.575316 0.261796
v -0.360419 -0.632979 0.281081
v -0.337231 -0.687692 0.304269
v -0.310362 -0.738927 0.331138
v -0.280071 -0.786191 0.361429
v -0.246651 -0.829028 0.394849
v -0.210422 -0.867027 0.431078
v -0.171734 -0.899820 0.469766
v -0.130960 -0.927093 0.510540
v -0.088492 -0.948583 0.553008
v -0.044739 -0.964082 0.596761
v -0.000122 -0.973441 0.641378
v 0.009533 0.320299 0.633455
v -0.025522 0.310939 0.580991
v -0.059899 0.295440 0.529543
v -0.093266 0.273950 0.479605
v -0.125302 0.246677 0.431660
v -0.155699 0.213884 0.386168
v -0.184164 0.175885 0.343568
v -0.210422 0.133048 0.304269
v -0.234221 0.085784 0.268651
v -0.255332 0.034549 0.237057
v -0.273551 -0.020164 0.209790
v -0.288703 -0.077827 0.187113
v -0.300642 -0.137886 0.169245
v -0.309253 -0.199763 0.156358
v -0.314453 -0.262860 0.148576
v -0.316191 -0.326571 0.145974
v -0.314453 -0.390283 0.148576
v -0.309253 -0.453380 0.156358
v -0.300642 -0.515257 0.169245
v -0.288703 -0.575316 0.187113
v -0.273551 -0.632979 0.209790
v -0.255332 -0.687692 0.237057
v -0.234221 -0.738927 0.268651
v -0.210422 -0.786191 0.304269
v -0.184164 -0.829028 0.343568
v -0.155699 -0.867027 0.386168
v -0.125302 -0.899820 0.431660
v -0.093266 -0.927093 0.479605
v -0.059899 -0.948583 0.529543
v -0.025522 -0.964082 0.580991
v 0.009533 -0.973441 0.633455
v 0.020547 0.320299 0.627567
v -0.003599 0.310939 0.569273
v -0.027278 0.295440 0.512106
v -0.050262 0.273950 0.456619
v -0.072328 0.246677 0.403345
v -0.093266 0.213884 0.352797
v -0.112873 0.175885 0.305462
v -0.130960 0.133048 0.261796
v -0.147353 0.085784 0.222219
v -0.161894 0.034549 0.187113
v -0.174444 -0.020164 0.156816
v -0.184881 -0.077827 0.131619
v -0.193104 -0.137886 0.111766
v -0.199036 -0.199763 0.097446
v -0.202617 -0.262860 0.088799
v -0.203815 -0.326571 0.085908
v -0.202617 -0.390283 0.088799
v -0.199036 -0.453380 0.097446
v -0.193104 -0.515257 0.111766
v -0.184881 -0.575316 0.131619
v -0.174444 -0.632979 0.156816
v -0.161894 -0.687692 0.187113
v -0.147353 -0.738927 0.222219
v -0.130960 -0.786191 0.261796
v -0.112873 -0.829028 0.305462
v -0.093266 -0.867027 0.352797
v -0.072328 -0.899820 0.403345
v -0.050262 -0.927093 0.456619
v -0.027278 -0.948583 0.512106
v -0.003599 -0.964082 0.569273
v 0.020547 -0.973441 0.627567
v 0.032499 0.320299 0.623942
v 0.020189 0.310939 0.562057
v 0.008118 0.295440 0.501369
v -0.003599 0.273950 0.442464
v -0.014849 0.246677 0.385909
v -0.025522 0.213884 0.332247
v -0.035518 0.175885 0.281997
v -0.044739 0.133048 0.235641
v -0.053096 0.085784 0.193627
v -0.060509 0.034549 0.156358
v -0.066907 -0.020164 0.124195
v -0.072227 -0.077827 0.097446
v -0.076420 -0.137886 0.076370
v -0.079443 -0.199763 0.061168
v -0.081269 -0.262860 0.051989
v -0.081880 -0.326571 0.048919
v -0.081269 -0.390283 0.051989
v -0.079443 -0.453380 0.061168
v -0.076420 -0.515257 0.076370
v -0.072227 -0.575316 0.097446
v -0.066907 -0.632979 0.124195
v -0.060509 -0.687692 0.156358
v -0.053096 -0.738927 0.193627
v -0.044739 -0.786191 0.235641
v -0.035518 -0.829028 0.281997
v -0.025522 -0.867027 0.332247
v -0.014849 -0.899820 0.385909
v -0.003599 -0.927093 0.442464
v 0.008118 -0.948583 0.501369
v 0.020189 -0.964082 0.562057
v 0.032499 -0.973441 0.623942
v 0.044929 0.320299 0.622717
v 0.044929 0.310939 0.559620
v 0.044929 0.295440 0.497744
v 0.044929 0.273950 0.437685
v 0.044929 0.246677 0.380021
v 0.044929 0.213884 0.325308
v 0.044929 0.133048 0.226809
v 0.044929 0.034549 0.145974
v 0.044929 -0.020164 0.113180
v 0.044929 -0.326571 0.036429
v 0.044929 -0.515257 0.064418
v 0.044929 -0.575316 0.085907
v 0.044929 -0.786191 0.226809
v 0.044929 -0.927093 0.437685
v 0.044929 -0.948583 0.497744
vn -0.0000 0.7715 -0.6362
vn -0.0000 0.6329 -0.7742
vn -0.0000 0.3816 -0.9243
vn -0.0000 0.2894 -0.9572
vn -0.0000 0.1945 -0.9809
vn -0.0000 0.0977 -0.9952
vn -0.0000 -0.0977 -0.9952
vn -0.0000 -0.1945 -0.9809
vn -0.0000 -0.4701 -0.8826
vn -0.0000 -0.5542 -0.8324
vn -0.0000 -0.6329 -0.7742
vn -0.0000 -0.7715 -0.6362
vn -0.0000 -0.8301 -0.5577
vn -0.0000 -0.8806 -0.4738
vn -0.0000 -0.9802 -0.1980
vn -0.0000 -0.9949 -0.1011
vn 0.0197 0.9949 -0.0991
vn 0.0386 0.9802 -0.1942
vn 0.0572 0.9561 -0.2875
vn 0.0752 0.9228 -0.3779
vn 0.0924 0.8806 -0.4647
vn 0.1088 0.8301 -0.5470
vn 0.1241 0.7715 -0.6240
vn 0.1382 0.7056 -0.6950
vn 0.1510 0.6329 -0.7594
vn 0.1624 0.5542 -0.8164
vn 0.1722 0.4701 -0.8656
vn 0.1803 0.3816 -0.9066
vn 0.1867 0.2894 -0.9388
vn 0.1914 0.1945 -0.9621
vn 0.1942 0.0977 -0.9761
vn 0.1951 -0.0000 -0.9808
vn 0.1942 -0.0977 -0.9761
vn 0.1914 -0.1945 -0.9621
vn 0.1867 -0.2894 -0.9388
vn 0.1803 -0.3816 -0.9066
vn 0.1722 -0.4701 -0.8656
vn 0.1624 -0.5542 -0.8164
vn 0.1510 -0.6329 -0.7594
vn 0.1382 -0.7056 -0.6950
vn 0.1241 -0.7715 -0.6240
vn 0.1088 -0.8301 -0.5470
vn 0.0924 -0.8806 -0.4647
vn 0.0752 -0.9228 -0.3779
vn 0.0572 -0.9561 -0.2875
vn 0.0386 -0.9802 -0.1942
vn 0.0197 -0.9949 -0.0991
vn 0.0387 0.9949 -0.0934
vn 0.0758 0.9802 -0.1830
vn 0.1122 0.9561 -0.2708
vn 0.1474 0.9228 -0.3560
vn 0.1813 0.8806 -0.4377
vn 0.2134 0.8301 -0.5152
vn 0.2435 0.7715 -0.5878
vn 0.2712 0.7056 -0.6547
vn 0.2963 0.6329 -0.7153
vn 0.3185 0.5542 -0.7690
vn 0.3378 0.4701 -0.8154
vn 0.3537 0.3816 -0.8540
vn 0.3663 0.2894 -0.8843
vn 0.3754 0.1945 -0.9062
vn 0.3809 0.0977 -0.9195
vn 0.3827 -0.0000 -0.9239
vn 0.3809 -0.0977 -0.9195
vn 0.3754 -0.1945 -0.9062
vn 0.3663 -0.2894 -0.8843
vn 0.3537 -0.3816 -0.8540
vn 0.3378 -0.4701 -0.8154
vn 0.3185 -0.5542 -0.7690
vn 0.2963 -0.6329 -0.7153
vn 0.2712 -0.7056 -0.6547
vn 0.2435 -0.7715 -0.5878
vn 0.2134 -0.8301 -0.5152
vn 0.1813 -0.8806 -0.4377
vn 0.1474 -0.9228 -0.3560
vn 0.1122 -0.9561 -0.2708
vn 0.0758 -0.9802 -0.1830
vn 0.0387 -0.9949 -0.0934
vn 0.0561 0.9949 -0.0840
vn 0.1100 0.9802 -0.1647
vn 0.1628 0.9561 -0.2437
vn 0.2141 0.9228 -0.3204
vn 0.2632 0.8806 -0.3939
vn 0.3098 0.8301 -0.4637
vn 0.3535 0.7715 -0.5290
vn 0.3937 0.7056 -0.5892
vn 0.4301 0.6329 -0.6438
vn 0.4625 0.5542 -0.6921
vn 0.4903 0.4701 -0.7339
vn 0.5135 0.3816 -0.7685
vn 0.5318 0.2894 -0.7959
vn 0.5450 0.1945 -0.8156
vn 0.5529 0.0977 -0.8275
vn 0.5556 -0.0000 -0.8315
vn 0.5529 -0.0977 -0.8275
vn 0.5450 -0.1945 -0.8156
vn 0.5318 -0.2894 -0.7959
vn 0.5135 -0.3816 -0.7685
vn 0.4903 -0.4701 -0.7339
vn 0.4625 -0.5542 -0.6921
vn 0.4301 -0.6329 -0.6438
vn 0.3937 -0.7056 -0.5892
vn 0.3535 -0.7715 -0.5290
vn 0.3098 -0.8301 -0.4637
vn 0.2632 -0.8806 -0.3939
vn 0.2141 -0.9228 -0.3204
vn 0.1628 -0.9561 -0.2437
vn 0.1100 -0.9802 -0.1647
vn 0.0561 -0.9949 -0.0840
vn 0.0715 0.9949 -0.0715
vn 0.1400 0.9802 -0.1400
vn 0.2072 0.9561 -0.2072
vn 0.2724 0.9228 -0.2724
vn 0.3350 0.8806 -0.3350
vn 0.3943 0.8301 -0.3943
vn 0.4499 0.7715 -0.4499
vn 0.5011 0.7056 -0.5011
vn 0.5475 0.6329 -0.5475
vn 0.5886 0.5542 -0.5886
vn 0.6241 0.4701 -0.6241
vn 0.6536 0.3816 -0.6536
vn 0.6768 0.2894 -0.6768
vn 0.6936 0.1945 -0.6936
vn 0.7037 0.0977 -0.7037
vn 0.7071 -0.0000 -0.7071
vn 0.7037 -0.0977 -0.7037
vn 0.6936 -0.1945 -0.6936
vn 0.6768 -0.2894 -0.6768
vn 0.6536 -0.3816 -0.6536
vn 0.6241 -0.4701 -0.6241
vn 0.5886 -0.5542 -0.5886
vn 0.5475 -0.6329 -0.5475
vn 0.5011 -0.7056 -0.5011
vn 0.4499 -0.7715 -0.4499
vn 0.3943 -0.8301 -0.3943
vn 0.3350 -0.8806 -0.3350
vn 0.2724 -0.9228 -0.2724
vn 0.2072 -0.9561 -0.2072
vn 0.1400 -0.9802 -0.1400
vn 0.0715 -0.9949 -0.0715
vn 0.0840 0.9949 -0.0561
vn 0.1647 0.9802 -0.1100
vn 0.2437 0.9561 -0.1628
vn 0.3204 0.9228 -0.2141
vn 0.3939 0.8806 -0.2632
vn 0.4637 0.8301 -0.3098
vn 0.5290 0.7715 -0.3535
vn 0.5892 0.7056 -0.3937
vn 0.6438 0.6329 -0.4301
vn 0.6921 0.5542 -0.4625
vn 0.7339 0.4701 -0.4903
vn 0.7685 0.3816 -0.5135
vn 0.7959 0.2894 -0.5318
vn 0.8156 0.1945 -0.5450
vn 0.8275 0.0977 -0.5529
vn 0.8315 -0.0000 -0.5556
vn 0.8275 -0.0977 -0.5529
vn 0.8156 -0.1945 -0.5450
vn 0.7959 -0.2894 -0.5318
vn 0.7685 -0.3816 -0.5135
vn 0.7339 -0.4701 -0.4903
vn 0.6921 -0.5542 -0.4625
vn 0.6438 -0.6329 -0.4301
vn 0.5892 -0.7056 -0.3937
vn 0.5290 -0.7715 -0.3535
vn 0.4637 -0.8301 -0.3098
vn 0.3939 -0.8806 -0.2632
vn 0.3204 -0.9228 -0.2141
vn 0.2437 -0.9561 -0.1628
vn 0.1647 -0.9802 -0.1100
vn 0.0840 -0.9949 -0.0561
vn 0.0934 0.9949 -0.0387
vn 0.1830 0.9802 -0.0758
vn 0.2708 0.9561 -0.1122
vn 0.3560 0.9228 -0.1474
vn 0.4377 0.8806 -0.1813
vn 0.5152 0.8301 -0.2134
vn 0.5878 0.7715 -0.2435
vn 0.6547 0.7056 -0.2712
vn 0.7153 0.6329 -0.2963
vn 0.7690 0.5542 -0.3185
vn 0.8154 0.4701 -0.3378
vn 0.8540 0.3816 -0.3537
vn 0.8843 0.2894 -0.3663
vn 0.9062 0.1945 -0.3754
vn 0.9195 0.0977 -0.3809
vn 0.9239 -0.0000 -0.3827
vn 0.9195 -0.0977 -0.3809
vn 0.9062 -0.1945 -0.3754
vn 0.8843 -0.2894 -0.3663
vn 0.8540 -0.3816 -0.3537
vn 0.8154 -0.4701 -0.3378
vn 0.7690 -0.5542 -0.3185
vn 0.7153 -0.6329 -0.2963
vn 0.6547 -0.7056 -0.2712
vn 0.5878 -0.7715 -0.2435
vn 0.5152 -0.8301 -0.2134
vn 0.4377 -0.8806 -0.1813
vn 0.3560 -0.9228 -0.1474
vn 0.2708 -0.9561 -0.1122
vn 0.1830 -0.9802 -0.0758
vn 0.0934 -0.9949 -0.0387
vn 0.0991 0.9949 -0.0197
vn 0.1942 0.9802 -0.0386
vn 0.2875 0.9561 -0.0572
vn 0.3779 0.9228 -0.0752
vn 0.4647 0.8806 -0.0924
vn 0.5470 0.8301 -0.1088
vn 0.6240 0.7715 -0.1241
vn 0.6950 0.7056 -0.1382
vn 0.7594 0.6329 -0.1510
vn 0.8164 0.5542 -0.1624
vn 0.8656 0.4701 -0.1722
vn 0.9066 0.3816 -0.1803
vn 0.9388 0.2894 -0.1867
vn 0.9621 0.1945 -0.1914
vn 0.9761 0.0977 -0.1942
vn 0.9808 -0.0000 -0.1951
vn 0.9761 -0.0977 -0.1942
vn 0.9621 -0.1945 -0.1914
vn 0.9388 -0.2894 -0.1867
vn 0.9066 -0.3816 -0.1803
vn 0.8656 -0.4701 -0.1722
vn 0.8164 -0.5542 -0.1624
vn 0.7594 -0.6329 -0.1510
vn 0.6950 -0.7056 -0.1382
vn 0.6240 -0.7715 -0.1241
vn 0.5470 -0.8301 -0.1088
vn 0.4647 -0.8806 -0.0924
vn 0.3779 -0.9228 -0.0752
vn 0.2875 -0.9561 -0.0572
vn 0.1942 -0.9802 -0.0386
vn 0.0991 -0.9949 -0.0197
vn 0.1011 0.9949 -0.0000
vn 0.1980 0.9802 -0.0000
vn 0.2931 0.9561 -0.0000
vn 0.3853 0.9228 -0.0000
vn 0.4738 0.8806 -0.0000
vn 0.5577 0.8301 -0.0000
vn 0.6362 0.7715 -0.0000
vn 0.7086 0.7056 -0.0000
vn 0.7742 0.6329 -0.0000
vn 0.8324 0.5542 -0.0000
vn 0.8826 0.4701 -0.0000
vn 0.9243 0.3816 -0.0000
vn 0.9572 0.2894 -0.0000
vn 0.9809 0.1945 -0.0000
vn 0.9952 0.0977 -0.0000
vn 1.0000 -0.0000 -0.0000
vn 0.9952 -0.0977 -0.0000
vn 0.9809 -0.1945 -0.0000
vn 0.9572 -0.2894 -0.0000
vn 0.9243 -0.3816 -0.0000
vn 0.8826 -0.4701 -0.0000
vn 0.8324 -0.5542 -0.0000
vn 0.7742 -0.6329 -0.0000
vn 0.7086 -0.7056 -0.0000
vn 0.6362 -0.7715 -0.0000
vn 0.5577 -0.8301 -0.0000
vn 0.4738 -0.8806 -0.0000
vn 0.3853 -0.9228 -0.0000
vn 0.2931 -0.9561 -0.0000
vn 0.1980 -0.9802 -0.0000
vn 0.1011 -0.9949 -0.0000
vn 0.0991 0.9949 0.0197
vn 0.1942 0.9802 0.0386
vn 0.2875 0.9561 0.0572
vn 0.3779 0.9228 0.0752
vn 0.4647 0.8806 0.0924
vn 0.5470 0.8301 0.1088
vn 0.6240 0.7715 0.1241
vn 0.6950 0.7056 0.1382
vn 0.7594 0.6329 0.1510
vn 0.8164 0.5542 0.1624
vn 0.8656 0.4701 0.1722
vn 0.9066 0.3816 0.1803
vn 0.9388 0.2894 0.1867
vn 0.9621 0.1945 0.1914
vn 0.9761 0.0977 0.1942
vn 0.9808 -0.0000 0.1951
vn 0.9761 -0.0977 0.1942
vn 0.9621 -0.1945 0.1914
vn 0.9388 -0.2894 0.1867
vn 0.9066 -0.3816 0.1803
vn 0.8656 -0.4701 0.1722
vn 0.8164 -0.5542 0.1624
vn 0.7594 -0.6329 0.1510
vn 0.6950 -0.7056 0.1382
vn 0.6240 -0.7715 0.1241
vn 0.5470 -0.8301 0.1088
vn 0.4647 -0.8806 0.0924
vn 0.3779 -0.9228 0.0752
vn 0.2875 -0.9561 0.0572
vn 0.1942 -0.9802 0.0386
vn 0.0991 -0.9949 0.0197
vn 0.0934 0.9949 0.0387
vn 0.1830 0.9802 0.0758
vn 0.2708 0.9561 0.1122
vn 0.3560 0.9228 0.1474
vn 0.4377 0.8806 0.1813
vn 0.5152 0.8301 0.2134
vn 0.5878 0.7715 0.2435
vn 0.6547 0.7056 0.2712
vn 0.7153 0.6329 0.2963
vn 0.7690 0.5542 0.3185
vn 0.8154 0.4701 0.3378
vn 0.8540 0.3816 0.3537
vn 0.8843 0.2894 0.3663
vn 0.9062 0.1945 0.3754
vn 0.9195 0.0977 0.3809
vn 0.9239 -0.0000 0.3827
vn 0.9195 -0.0977 0.3809
vn 0.9062 -0.1945 0.3754
vn 0.8843 -0.2894 0.3663
vn 0.8540 -0.3816 0.3537
vn 0.8154 -0.4701 0.3378
vn 0.7690 -0.5542 0.3185
vn 0.7153 -0.6329 0.2963
vn 0.6547 -0.7056 0.2712
vn 0.5878 -0.7715 0.2435
vn 0.5152 -0.8301 0.2134
vn 0.4377 -0.8806 0.1813
vn 0.3560 -0.9228 0.1474
vn 0.2708 -0.9561 0.1122
vn 0.1830 -0.9802 0.0758
vn 0.0934 -0.9949 0.0387
vn 0.0840 0.9949 0.0561
vn 0.1647 0.9802 0.1100
vn 0.2437 0.9561 0.1628
vn 0.3204 0.9228 0.2141
vn 0.3939 0.8806 0.2632
vn 0.4637 0.8301 0.3098
vn 0.5290 0.7715 0.3535
vn 0.5892 0.7056 0.3937
vn 0.6438 0.6329 0.4301
vn 0.6921 0.5542 0.4625
vn 0.7339 0.4701 0.4903
vn 0.7685 0.3816 0.5135
vn 0.7959 0.2894 0.5318
vn 0.8156 0.1945 0.5450
vn 0.8275 0.0977 0.5529
vn 0.8315 -0.0000 0.5556
vn 0.8275 -0.0977 0.5529
vn 0.8156 -0.1945 0.5450
vn 0.7959 -0.2894 0.5318
vn 0.7685 -0.3816 0.5135
vn 0.7339 -0.4701 0.4903
vn 0.6921 -0.5542 0.4625
vn 0.6438 -0.6329 0.4301
vn 0.5892 -0.7056 0.3937
vn 0.5290 -0.7715 0.3535
vn 0.4637 -0.8301 0.3098
vn 0.3939 -0.8806 0.2632
vn 0.3204 -0.9228 0.2141
vn 0.2437 -0.9561 0.1628
vn 0.1647 -0.9802 0.1100
vn 0.0840 -0.9949 0.0561
vn 0.0715 0.9949 0.0715
vn 0.1400 0.9802 0.1400
vn 0.2072 0.9561 0.2072
vn 0.2724 0.9228 0.2724
vn 0.3350 0.8806 0.3350
vn 0.3943 0.8301 0.3943
vn 0.4499 0.7715 0.4499
vn 0.5011 0.7056 0.5011
vn 0.5475 0.6329 0.5475
vn 0.5886 0.5542 0.5886
vn 0.6241 0.4701 0.6241
vn 0.6536 0.3816 0.6536
vn 0.6768 0.2894 0.6768
vn 0.6936 0.1945 0.6936
vn 0.7037 0.0977 0.7037
vn 0.7071 -0.0000 0.7071
vn 0.7037 -0.0977 0.7037
vn 0.6936 -0.1945 0.6936
vn 0.6768 -0.2894 0.6768
vn 0.6536 -0.3816 0.6536
vn 0.6241 -0.4701 0.6241
vn 0.5886 -0.5542 0.5886
vn 0.5475 -0.6329 0.5475
vn 0.5011 -0.7056 0.5011
vn 0.4499 -0.7715 0.4499
vn 0.3943 -0.8301 0.3943
vn 0.3350 -0.8806 0.3350
vn 0.2724 -0.9228 0.2724
vn 0.2072 -0.9561 0.2072
vn 0.1400 -0.9802 0.1400
vn 0.0715 -0.9949 0.0715
vn 0.0561 0.9949 0.0840
vn 0.1100 0.9802 0.1647
vn 0.1628 0.9561 0.2437
vn 0.2141 0.9228 0.3204
vn 0.2632 0.8806 0.3939
vn 0.3098 0.8301 0.4637
vn 0.3535 0.7715 0.5290
vn 0.3937 0.7056 0.5892
vn 0.4301 0.6329 0.6438
vn 0.4625 0.5542 0.6921
vn 0.4903 0.4701 0.7339
vn 0.5135 0.3816 0.7685
vn 0.5318 0.2894 0.7959
vn 0.5450 0.1945 0.8156
vn 0.5529 0.0977 0.8275
vn 0.5556 -0.0000 0.8315
vn 0.5529 -0.0977 0.8275
vn 0.5450 -0.1945 0.8156
vn 0.5318 -0.2894 0.7959
vn 0.5135 -0.3816 0.7685
vn 0.4903 -0.4701 0.7339
vn 0.4625 -0.5542 0.6921
vn 0.4301 -0.6329 0.6438
vn 0.3937 -0.7056 0.5892
vn 0.3535 -0.7715 0.5290
vn 0.3098 -0.8301 0.4637
vn 0.2632 -0.8806 0.3939
vn 0.2141 -0.9228 0.3204
vn 0.1628 -0.9561 0.2437
vn 0.1100 -0.9802 0.1647
vn 0.0561 -0.9949 0.0840
vn 0.0387 0.9949 0.0934
vn 0.0758 0.9802 0.1830
vn 0.1122 0.9561 0.2708
vn 0.1474 0.9228 0.3560
vn 0.1813 0.8806 0.4377
vn 0.2134 0.8301 0.5152
vn 0.2435 0.7715 0.5878
vn 0.2712 0.7056 0.6547
vn 0.2963 0.6329 0.7153
vn 0.3185 0.5542 0.7690
vn 0.3378 0.4701 0.8154
vn 0.3537 0.3816 0.8540
vn 0.3663 0.2894 0.8843
vn 0.3754 0.1945 0.9062
vn 0.3809 0.0977 0.9195
vn 0.3827 -0.0000 0.9239
vn 0.3809 -0.0977 0.9195
vn 0.3754 -0.1945 0.9062
vn 0.3663 -0.2894 0.8843
vn 0.3537 -0.3816 0.8540
vn 0.3378 -0.4701 0.8154
vn 0.3185 -0.5542 0.7690
vn 0.2963 -0.6329 0.7153
vn 0.2712 -0.7056 0.6547
vn 0.2435 -0.7715 0.5878
vn 0.2134 -0.8301 0.5152
vn 0.1813 -0.8806 0.4377
vn 0.1474 -0.9228 0.3560
vn 0.1122 -0.9561 0.2708
vn 0.0758 -0.9802 0.1830
vn 0.0387 -0.9949 0.0934
vn 0.0197 0.9949 0.0991
vn 0.0386 0.9802 0.1942
vn 0.0572 0.9561 0.2875
vn 0.0752 0.9228 0.3779
vn 0.0924 0.8806 0.4647
vn 0.1088 0.8301 0.5470
vn 0.1241 0.7715 0.6240
vn 0.1382 0.7056 0.6950
vn 0.1510 0.6329 0.7594
vn 0.1624 0.5542 0.8164
vn 0.1722 0.4701 0.8656
vn 0.1803 0.3816 0.9066
vn 0.1867 0.2894 0.9388
vn 0.1914 0.1945 0.9621
vn 0.1942 0.0977 0.9761
vn 0.1951 -0.0000 0.9808
vn 0.1942 -0.0977 0.9761
vn 0.1914 -0.1945 0.9621
vn 0.1867 -0.2894 0.9388
vn 0.1803 -0.3816 0.9066
vn 0.1722 -0.4701 0.8656
vn 0.1624 -0.5542 0.8164
vn 0.1510 -0.6329 0.7594
vn 0.1382 -0.7056 0.6950
vn 0.1241 -0.7715 0.6240
vn 0.1088 -0.8301 0.5470
vn 0.0924 -0.8806 0.4647
vn 0.0752 -0.9228 0.3779
vn 0.0572 -0.9561 0.2875
vn 0.0386 -0.9802 0.1942
vn 0.0197 -0.9949 0.0991
vn -0.0000 0.9949 0.1011
vn -0.0000 0.9802 0.1980
vn -0.0000 0.9561 0.2931
vn -0.0000 0.9228 0.3853
vn -0.0000 0.8806 0.4738
vn -0.0000 0.8301 0.5577
vn -0.0000 0.7715 0.6362
vn -0.0000 0.7056 0.7086
vn -0.0000 0.6329 0.7742
vn -0.0000 0.5542 0.8324
vn -0.0000 0.4701 0.8826
vn -0.0000 0.3816 0.9243
vn -0.0000 0.2894 0.9572
vn -0.0000 0.1945 0.9809
vn -0.0000 0.0977 0.9952
vn -0.0000 -0.0000 1.0000
vn -0.0000 -0.0977 0.9952
vn -0.0000 -0.1945 0.9809
vn -0.0000 -0.2894 0.9572
vn -0.0000 -0.3816 0.9243
vn -0.0000 -0.4701 0.8826
vn -0.0000 -0.5542 0.8324
vn -0.0000 -0.6329 0.7742
vn -0.0000 -0.7056 0.7086
vn -0.0000 -0.7715 0.6362
vn -0.0000 -0.8301 0.5577
vn -0.0000 -0.8806 0.4738
vn -0.0000 -0.9228 0.3853
vn -0.0000 -0.9561 0.2931
vn -0.0000 -0.9802 0.1980
vn -0.0000 -0.9949 0.1011
vn -0.0000 -1.0000 -0.0000
vn -0.0000 1.0000 -0.0000
vn -0.0197 0.9949 0.0991
vn -0.0386 0.9802 0.1942
vn -0.0572 0.9561 0.2875
vn -0.0752 0.9228 0.3779
vn -0.0924 0.8806 0.4647
vn -0.1088 0.8301 0.5470
vn -0.1241 0.7715 0.6240
vn -0.1382 0.7056 0.6950
vn -0.1510 0.6329 0.7594
vn -0.1624 0.5542 0.8164
vn -0.1722 0.4701 0.8656
vn -0.1803 0.3816 0.9066
vn -0.1867 0.2894 0.9388
vn -0.1914 0.1945 0.9621
vn -0.1942 0.0977 0.9761
vn -0.1951 -0.0000 0.9808
vn -0.1942 -0.0977 0.9761
vn -0.1914 -0.1945 0.9621
vn -0.1867 -0.2894 0.9388
vn -0.1803 -0.3816 0.9066
vn -0.1722 -0.4701 0.8656
vn -0.1624 -0.5542 0.8164
vn -0.1510 -0.6329 0.7594
vn -0.1382 -0.7056 0.6950
vn -0.1241 -0.7715 0.6240
vn -0.1088 -0.8301 0.5470
vn -0.0924 -0.8806 0.4647
vn -0.0752 -0.9228 0.3779
vn -0.0572 -0.9561 0.2875
vn -0.0386 -0.9802 0.1942
vn -0.0197 -0.9949 0.0991
vn -0.0387 0.9949 0.0934
vn -0.0758 0.9802 0.1830
vn -0.1122 0.9561 0.2708
vn -0.1474 0.9228 0.3560
vn -0.1813 0.8806 0.4377
vn -0.2134 0.8301 0.5152
vn -0.2435 0.7715 0.5878
vn -0.2712 0.7056 0.6547
vn -0.2963 0.6329 0.7153
vn -0.3185 0.5542 0.7690
vn -0.3378 0.4701 0.8154
vn -0.3537 0.3816 0.8540
vn -0.3663 0.2894 0.8843
vn -0.3754 0.1945 0.9062
vn -0.3809 0.0977 0.9195
vn -0.3827 -0.0000 0.9239
vn -0.3809 -0.0977 0.9195
vn -0.3754 -0.1945 0.9062
vn -0.3663 -0.2894 0.8843
vn -0.3537 -0.3816 0.8540
vn -0.3378 -0.4701 0.8154
vn -0.3185 -0.5542 0.7690
vn -0.2963 -0.6329 0.7153
vn -0.2712 -0.7056 0.6547
vn -0.2435 -0.7715 0.5878
vn -0.2134 -0.8301 0.5152
vn -0.1813 -0.8806 0.4377
vn -0.1474 -0.9228 0.3560
vn -0.1122 -0.9561 0.2708
vn -0.0758 -0.9802 0.1830
vn -0.0387 -0.9949 0.0934
vn -0.0561 0.9949 0.0840
vn -0.1100 0.9802 0.1647
vn -0.1628 0.9561 0.2437
vn -0.2141 0.9228 0.3204
vn -0.2632 0.8806 0.3939
vn -0.3098 0.8301 0.4637
vn -0.3535 0.7715 0.5290
vn -0.3937 0.7056 0.5892
vn -0.4301 0.6329 0.6438
vn -0.4625 0.5542 0.6921
vn -0.4903 0.4701 0.7339
vn -0.5135 0.3816 0.7685
vn -0.5318 0.2894 0.7959
vn -0.5450 0.1945 0.8156
vn -0.5529 0.0977 0.8275
vn -0.5556 -0.0000 0.8315
vn -0.5529 -0.0977 0.8275
vn -0.5450 -0.1945 0.8156
vn -0.5318 -0.2894 0.7959
vn -0.5135 -0.3816 0.7685
vn -0.4903 -0.4701 0.7339
vn -0.4625 -0.5542 0.6921
vn -0.4301 -0.6329 0.6438
vn -0.3937 -0.7056 0.5892
vn -0.3535 -0.7715 0.5290
vn -0.3098 -0.8301 0.4637
vn -0.2632 -0.8806 0.3939
vn -0.2141 -0.9228 0.3204
vn -0.1628 -0.9561 0.2437
vn -0.1100 -0.9802 0.1647
vn -0.0561 -0.9949 0.0840
vn -0.0715 0.9949 0.0715
vn -0.1400 0.9802 0.1400
vn -0.2072 0.9561 0.2072
vn -0.2724 0.9228 0.2724
vn -0.3350 0.8806 0.3350
vn -0.3943 0.8301 0.3943
vn -0.4499 0.7715 0.4499
vn -0.5011 0.7056 0.5011
vn -0.5475 0.6329 0.5475
vn -0.5886 0.5542 0.5886
vn -0.6241 0.4701 0.6241
vn -0.6536 0.3816 0.6536
vn -0.6768 0.2894 0.6768
vn -0.6936 0.1945 0.6936
vn -0.7037 0.0977 0.7037
vn -0.7071 -0.0000 0.7071
vn -0.7037 -0.0977 0.7037
vn -0.6936 -0.1945 0.6936
vn -0.6768 -0.2894 0.6768
vn -0.6536 -0.3816 0.6536
vn -0.6241 -0.4701 0.6241
vn -0.5886 -0.5542 0.5886
vn -0.5475 -0.6329 0.5475
vn -0.5011 -0.7056 0.5011
vn -0.4499 -0.7715 0.4499
vn -0.3943 -0.8301 0.3943
vn -0.3350 -0.8806 0.3350
vn -0.2724 -0.9228 0.2724
vn -0.2072 -0.9561 0.2072
vn -0.1400 -0.9802 0.1400
vn -0.0715 -0.9949 0.0715
vn -0.0840 0.9949 0.0561
vn -0.1647 0.9802 0.1100
vn -0.2437 0.9561 0.1628
vn -0.3204 0.9228 0.2141
vn -0.3939 0.8806 0.2632
vn -0.4637 0.8301 0.3098
vn -0.5290 0.7715 0.3535
vn -0.5892 0.7056 0.3937
vn -0.6438 0.6329 0.4301
vn -0.6921 0.5542 0.4625
vn -0.7339 0.4701 0.4903
vn -0.7685 0.3816 0.5135
vn -0.7959 0.2894 0.5318
vn -0.8156 0.1945 0.5450
vn -0.8275 0.0977 0.5529
vn -0.8315 -0.0000 0.5556
vn -0.8275 -0.0977 0.5529
vn -0.8156 -0.1945 0.5450
vn -0.7959 -0.2894 0.5318
vn -0.7685 -0.3816 0.5135
vn -0.7339 -0.4701 0.4903
vn -0.6921 -0.5542 0.4625
vn -0.6438 -0.6329 0.4301
vn -0.5892 -0.7056 0.3937
vn -0.5290 -0.7715 0.3535
vn -0.4637 -0.8301 0.3098
vn -0.3939 -0.8806 0.2632
vn -0.3204 -0.9228 0.2141
vn -0.2437 -0.9561 0.1628
vn -0.1647 -0.9802 0.1100
vn -0.0840 -0.9949 0.0561
vn -0.0934 0.9949 0.0387
vn -0.1830 0.9802 0.0758
vn -0.2708 0.9561 0.1122
vn -0.3560 0.9228 0.1474
vn -0.4377 0.8806 0.1813
vn -0.5152 0.8301 0.2134
vn -0.5878 0.7715 0.2435
vn -0.6547 0.7056 0.2712
vn -0.7153 0.6329 0.2963
vn -0.7690 0.5542 0.3185
vn -0.8154 0.4701 0.3378
vn -0.8540 0.3816 0.3537
vn -0.8843 0.2894 0.3663
vn -0.9062 0.1945 0.3754
vn -0.9195 0.0977 0.3809
vn -0.9239 -0.0000 0.3827
vn -0.9195 -0.0977 0.3809
vn -0.9062 -0.1945 0.3754
vn -0.8843 -0.2894 0.3663
vn -0.8540 -0.3816 0.3537
vn -0.8154 -0.4701 0.3378
vn -0.7690 -0.5542 0.3185
vn -0.7153 -0.6329 0.2963
vn -0.6547 -0.7056 0.2712
vn -0.5878 -0.7715 0.2435
vn -0.5152 -0.8301 0.2134
vn -0.4377 -0.8806 0.1813
vn -0.3560 -0.9228 0.1474
vn -0.2708 -0.9561 0.1122
vn -0.1830 -0.9802 0.0758
vn -0.0934 -0.9949 0.0387
vn -0.0991 0.9949 0.0197
vn -0.1942 0.9802 0.0386
vn -0.2875 0.9561 0.0572
vn -0.3779 0.9228 0.0752
vn -0.4647 0.8806 0.0924
vn -0.5470 0.8301 0.1088
vn -0.6240 0.7715 0.1241
vn -0.6950 0.7056 0.1382
vn -0.7594 0.6329 0.1510
vn -0.8164 0.5542 0.1624
vn -0.8656 0.4701 0.1722
vn -0.9066 0.3816 0.1803
vn -0.9388 0.2894 0.1867
vn -0.9621 0.1945 0.1914
vn -0.9761 0.0977 0.1942
vn -0.9808 -0.0000 0.1951
vn -0.9761 -0.0977 0.1942
vn -0.9621 -0.1945 0.1914
vn -0.9388 -0.2894 0.1867
vn -0.9066 -0.3816 0.1803
vn -0.8656 -0.4701 0.1722
vn -0.8164 -0.5542 0.1624
vn -0.7594 -0.6329 0.1510
vn -0.6950 -0.7056 0.1382
vn -0.6240 -0.7715 0.1241
vn -0.5470 -0.8301 0.1088
vn -0.4647 -0.8806 0.0924
vn -0.3779 -0.9228 0.0752
vn -0.2875 -0.9561 0.0572
vn -0.1942 -0.9802 0.0386
vn -0.0991 -0.9949 0.0197
vn -0.1011 0.9949 -0.0000
vn -0.1980 0.9802 -0.0000
vn -0.2931 0.9561 -0.0000
vn -0.3853 0.9228 -0.0000
vn -0.4738 0.8806 -0.0000
vn -0.5577 0.8301 -0.0000
vn -0.6362 0.7715 -0.0000
vn -0.7086 0.7056 -0.0000
vn -0.7742 0.6329 -0.0000
vn -0.8324 0.5542 -0.0000
vn -0.8826 0.4701 -0.0000
vn -0.9243 0.3816 -0.0000
vn -0.9572 0.2894 -0.0000
vn -0.9809 0.1945 -0.0000
vn -0.9952 0.0977 -0.0000
vn -1.0000 -0.0000 -0.0000
vn -0.9952 -0.0977 -0.0000
vn -0.9809 -0.1945 -0.0000
vn -0.9572 -0.2894 -0.0000
vn -0.9243 -0.3816 -0.0000
vn -0.8826 -0.4701 -0.0000
vn -0.8324 -0.5542 -0.0000
vn -0.7742 -0.6329 -0.0000
vn -0.7086 -0.7056 -0.0000
vn -0.6362 -0.7715 -0.0000
vn -0.5577 -0.8301 -0.0000
vn -0.4738 -0.8806 -0.0000
vn -0.3853 -0.9228 -0.0000
vn -0.2931 -0.9561 -0.0000
vn -0.1980 -0.9802 -0.0000
vn -0.1011 -0.9949 -0.0000
vn -0.0991 0.9949 -0.0197
vn -0.1942 0.9802 -0.0386
vn -0.2875 0.9561 -0.0572
vn -0.3779 0.9228 -0.0752
vn -0.4647 0.8806 -0.0924
vn -0.5470 0.8301 -0.1088
vn -0.6240 0.7715 -0.1241
vn -0.6950 0.7056 -0.1382
vn -0.7594 0.6329 -0.1510
vn -0.8164 0.5542 -0.1624
vn -0.8656 0.4701 -0.1722
vn -0.9066 0.3816 -0.1803
vn -0.9388 0.2894 -0.1867
vn -0.9621 0.1945 -0.1914
vn -0.9761 0.0977 -0.1942
vn -0.9808 -0.0000 -0.1951
vn -0.9761 -0.0977 -0.1942
vn -0.9621 -0.1945 -0.1914
vn -0.9388 -0.2894 -0.1867
vn -0.9066 -0.3816 -0.1803
vn -0.8656 -0.4701 -0.1722
vn -0.8164 -0.5542 -0.1624
vn -0.7594 -0.6329 -0.1510
vn -0.6950 -0.7056 -0.1382
vn -0.6240 -0.7715 -0.1241
vn -0.5470 -0.8301 -0.1088
vn -0.4647 -0.8806 -0.0924
vn -0.3779 -0.9228 -0.0752
vn -0.2875 -0.9561 -0.0572
vn -0.1942 -0.9802 -0.0386
vn -0.0991 -0.9949 -0.0197
vn -0.0934 0.9949 -0.0387
vn -0.1830 0.9802 -0.0758
vn -0.2708 0.9561 -0.1122
vn -0.3560 0.9228 -0.1474
vn -0.4377 0.8806 -0.1813
vn -0.5152 0.8301 -0.2134
vn -0.5878 0.7715 -0.2435
vn -0.6547 0.7056 -0.2712
vn -0.7153 0.6329 -0.2963
vn -0.7690 0.5542 -0.3186
vn -0.8154 0.4701 -0.3378
vn -0.8540 0.3816 -0.3537
vn -0.8843 0.2894 -0.3663
vn -0.9062 0.1945 -0.3754
vn -0.9195 0.0977 -0.3809
vn -0.9239 -0.0000 -0.3827
vn -0.9195 -0.0977 -0.3809
vn -0.9062 -0.1945 -0.3754
vn -0.8843 -0.2894 -0.3663
vn -0.8540 -0.3816 -0.3537
vn -0.8154 -0.4701 -0.3378
vn -0.7690 -0.5542 -0.3186
vn -0.7153 -0.6329 -0.2963
vn -0.6547 -0.7056 -0.2712
vn -0.5878 -0.7715 -0.2435
vn -0.5152 -0.8301 -0.2134
vn -0.4377 -0.8806 -0.1813
vn -0.3560 -0.9228 -0.1474
vn -0.2708 -0.9561 -0.1122
vn -0.1830 -0.9802 -0.0758
vn -0.0934 -0.9949 -0.0387
vn -0.0840 0.9949 -0.0561
vn -0.1647 0.9802 -0.1100
vn -0.2437 0.9561 -0.1628
vn -0.3204 0.9228 -0.2141
vn -0.3939 0.8806 -0.2632
vn -0.4637 0.8301 -0.3098
vn -0.5290 0.7715 -0.3535
vn -0.5892 0.7056 -0.3937
vn -0.6438 0.6329 -0.4301
vn -0.6921 0.5542 -0.4625
vn -0.7339 0.4701 -0.4903
vn -0.7685 0.3816 -0.5135
vn -0.7959 0.2894 -0.5318
vn -0.8156 0.1945 -0.5450
vn -0.8275 0.0977 -0.5529
vn -0.8315 -0.0000 -0.5556
vn -0.8275 -0.0977 -0.5529
vn -0.8156 -0.1945 -0.5450
vn -0.7959 -0.2894 -0.5318
vn -0.7685 -0.3816 -0.5135
vn -0.7339 -0.4701 -0.4903
vn -0.6921 -0.5542 -0.4625
vn -0.6438 -0.6329 -0.4301
vn -0.5892 -0.7056 -0.3937
vn -0.5290 -0.7715 -0.3535
vn -0.4637 -0.8301 -0.3098
vn -0.3939 -0.8806 -0.2632
vn -0.3204 -0.9228 -0.2141
vn -0.2437 -0.9561 -0.1628
vn -0.1647 -0.9802 -0.1100
vn -0.0840 -0.9949 -0.0561
vn -0.0715 0.9949 -0.0715
vn -0.1400 0.9802 -0.1400
vn -0.2072 0.9561 -0.2072
vn -0.2724 0.9228 -0.2724
vn -0.3350 0.8806 -0.3350
vn -0.3943 0.8301 -0.3943
vn -0.4499 0.7715 -0.4499
vn -0.5011 0.7056 -0.5011
vn -0.5475 0.6329 -0.5475
vn -0.5886 0.5542 -0.5886
vn -0.6241 0.4701 -0.6241
vn -0.6536 0.3816 -0.6536
vn -0.6768 0.2894 -0.6768
vn -0.6936 0.1945 -0.6936
vn -0.7037 0.0977 -0.7037
vn -0.7071 -0.0000 -0.7071
vn -0.7037 -0.0977 -0.7037
vn -0.6936 -0.1945 -0.6936
vn -0.6768 -0.2894 -0.6768
vn -0.6536 -0.3816 -0.6536
vn -0.6241 -0.4701 -0.6241
vn -0.5886 -0.5542 -0.5886
vn -0.5475 -0.6329 -0.5475
vn -0.5011 -0.7056 -0.5011
vn -0.4499 -0.7715 -0.4499
vn -0.3943 -0.8301 -0.3943
vn -0.3350 -0.8806 -0.3350
vn -0.2724 -0.9228 -0.2724
vn -0.2072 -0.9561 -0.2072
vn -0.1400 -0.9802 -0.1400
vn -0.0715 -0.9949 -0.0715
vn -0.0561 0.9949 -0.0840
vn -0.1100 0.9802 -0.1647
vn -0.1628 0.9561 -0.2437
vn -0.2141 0.9228 -0.3204
vn -0.2632 0.8806 -0.3939
vn -0.3098 0.8301 -0.4637
vn -0.3535 0.7715 -0.5290
vn -0.3937 0.7056 -0.5892
vn -0.4301 0.6329 -0.6438
vn -0.4625 0.5542 -0.6921
vn -0.4903 0.4701 -0.7339
vn -0.5135 0.3816 -0.7685
vn -0.5318 0.2894 -0.7959
vn -0.5450 0.1945 -0.8156
vn -0.5529 0.0977 -0.8275
vn -0.5556 -0.0000 -0.8315
vn -0.5529 -0.0977 -0.8275
vn -0.5450 -0.1945 -0.8156
vn -0.5318 -0.2894 -0.7959
vn -0.5135 -0.3816 -0.7685
vn -0.4903 -0.4701 -0.7339
vn -0.4625 -0.5542 -0.6921
vn -0.4301 -0.6329 -0.6438
vn -0.3937 -0.7056 -0.5892
vn -0.3535 -0.7715 -0.5290
vn -0.3098 -0.8301 -0.4637
vn -0.2632 -0.8806 -0.3939
vn -0.2141 -0.9228 -0.3204
vn -0.1628 -0.9561 -0.2437
vn -0.1100 -0.9802 -0.1647
vn -0.0561 -0.9949 -0.0840
vn -0.0387 0.9949 -0.0934
vn -0.0758 0.9802 -0.1830
vn -0.1122 0.9561 -0.2708
vn -0.1474 0.9228 -0.3560
vn -0.1813 0.8806 -0.4377
vn -0.2134 0.8301 -0.5152
vn -0.2435 0.7715 -0.5878
vn -0.2712 0.7056 -0.6547
vn -0.2963 0.6329 -0.7153
vn -0.3185 0.5542 -0.7690
vn -0.3378 0.4701 -0.8154
vn -0.3537 0.3816 -0.8540
vn -0.3663 0.2894 -0.8843
vn -0.3754 0.1945 -0.9062
vn -0.3809 0.0977 -0.9195
vn -0.3827 -0.0000 -0.9239
vn -0.3809 -0.0977 -0.9195
vn -0.3754 -0.1945 -0.9062
vn -0.3663 -0.2894 -0.8843
vn -0.3537 -0.3816 -0.8540
vn -0.3378 -0.4701 -0.8154
vn -0.3185 -0.5542 -0.7690
vn -0.2963 -0.6329 -0.7153
vn -0.2712 -0.7056 -0.6547
vn -0.2435 -0.7715 -0.5878
vn -0.2134 -0.8301 -0.5152
vn -0.1813 -0.8806 -0.4377
vn -0.1474 -0.9228 -0.3560
vn -0.1122 -0.9561 -0.2708
vn -0.0758 -0.9802 -0.1830
vn -0.0387 -0.9949 -0.0934
vn -0.0197 0.9949 -0.0991
vn -0.0386 0.9802 -0.1942
vn -0.0572 0.9561 -0.2875
vn -0.0752 0.9228 -0.3779
vn -0.0924 0.8806 -0.4647
vn -0.1088 0.8301 -0.5470
vn -0.1241 0.7715 -0.6240
vn -0.1382 0.7056 -0.6950
vn -0.1510 0.6329 -0.7594
vn -0.1624 0.5542 -0.8164
vn -0.1722 0.4701 -0.8656
vn -0.1803 0.3816 -0.9066
vn -0.1867 0.2894 -0.9388
vn -0.1914 0.1945 -0.9621
vn -0.1942 0.0977 -0.9761
vn -0.1951 -0.0000 -0.9808
vn -0.1942 -0.0977 -0.9761
vn -0.1914 -0.1945 -0.9621
vn -0.1867 -0.2894 -0.9388
vn -0.1803 -0.3816 -0.9066
vn -0.1722 -0.4701 -0.8656
vn -0.1624 -0.5542 -0.8164
vn -0.1510 -0.6329 -0.7594
vn -0.1382 -0.7056 -0.6950
vn -0.1241 -0.7715 -0.6240
vn -0.1088 -0.8301 -0.5470
vn -0.0924 -0.8806 -0.4647
vn -0.0752 -0.9228 -0.3779
vn -0.0572 -0.9561 -0.2875
vn -0.0386 -0.9802 -0.1942
vn -0.0197 -0.9949 -0.0991
vn -0.0000 0.9949 -0.1011
vn -0.0000 0.9802 -0.1980
vn -0.0000 0.9561 -0.2931
vn -0.0000 0.9228 -0.3853
vn -0.0000 0.8806 -0.4738
vn -0.0000 0.8301 -0.5577
vn -0.0000 0.7056 -0.7086
vn -0.0000 0.5542 -0.8324
vn -0.0000 0.4701 -0.8826
vn -0.0000 -0.0000 -1.0000
vn -0.0000 -0.2894 -0.9572
vn -0.0000 -0.3816 -0.9243
vn -0.0000 -0.7056 -0.7086
vn -0.0000 -0.9228 -0.3853
vn -0.0000 -0.9561 -0.2931
vt 0.167821 0.167787
vt 0.167191 0.161608
vt 0.184334 0.161486
vt 0.184547 0.167668
vt 0.175387 0.274696
vt 0.177608 0.269449
vt 0.185847 0.270606
vt 0.185097 0.276060
vt 0.168693 0.173816
vt 0.184841 0.173701
vt 0.173306 0.279626
vt 0.184395 0.281184
vt 0.169800 0.179635
vt 0.185215 0.179526
vt 0.171388 0.284192
vt 0.183747 0.285928
vt 0.171132 0.185190
vt 0.185665 0.185087
vt 0.172674 0.109060
vt 0.174413 0.104602
vt 0.186773 0.104514
vt 0.186186 0.108964
vt 0.172674 0.190427
vt 0.186186 0.190331
vt 0.171132 0.113933
vt 0.185665 0.113830
vt 0.174414 0.195296
vt 0.186773 0.195208
vt 0.169800 0.119174
vt 0.185215 0.119064
vt 0.347493 0.191715
vt 0.349412 0.196082
vt 0.337053 0.197818
vt 0.336405 0.193272
vt 0.168693 0.124733
vt 0.184841 0.124618
vt 0.345413 0.186961
vt 0.335703 0.188325
vt 0.167821 0.130555
vt 0.184547 0.130436
vt 0.343192 0.181866
vt 0.334953 0.183023
vt 0.167191 0.136586
vt 0.184334 0.136464
vt 0.187461 0.246341
vt 0.190048 0.240313
vt 0.189174 0.246582
vt 0.340851 0.176479
vt 0.334162 0.177419
vt 0.166811 0.142766
vt 0.184206 0.142642
vt 0.184899 0.252326
vt 0.188309 0.252805
vt 0.338413 0.170853
vt 0.333339 0.171566
vt 0.166684 0.149037
vt 0.184163 0.148913
vt 0.182387 0.258210
vt 0.187461 0.258923
vt 0.335900 0.165041
vt 0.332491 0.165520
vt 0.166811 0.155338
vt 0.184206 0.155214
vt 0.179949 0.263936
vt 0.186638 0.264876
vt 0.333339 0.159100
vt 0.331626 0.159340
vt 0.330752 0.153086
vt 0.325802 0.188325
vt 0.326552 0.183023
vt 0.201600 0.130436
vt 0.201813 0.136464
vt 0.190921 0.246582
vt 0.327342 0.177419
vt 0.201941 0.142642
vt 0.191786 0.252805
vt 0.328166 0.171566
vt 0.201984 0.148913
vt 0.192634 0.258923
vt 0.329014 0.165520
vt 0.201941 0.155214
vt 0.193458 0.264876
vt 0.329879 0.159340
vt 0.201813 0.161486
vt 0.194248 0.270606
vt 0.201600 0.167668
vt 0.194998 0.276060
vt 0.201306 0.173701
vt 0.195700 0.281184
vt 0.200932 0.179526
vt 0.196348 0.285928
vt 0.200482 0.185087
vt 0.199374 0.104514
vt 0.199961 0.108964
vt 0.199962 0.190331
vt 0.200482 0.113830
vt 0.199374 0.195208
vt 0.200932 0.119064
vt 0.324451 0.197818
vt 0.325099 0.193272
vt 0.201306 0.124618
vt 0.320653 0.176479
vt 0.323092 0.170853
vt 0.219336 0.142766
vt 0.219463 0.149037
vt 0.195196 0.252326
vt 0.197708 0.258210
vt 0.325604 0.165041
vt 0.219336 0.155338
vt 0.200146 0.263936
vt 0.328166 0.159100
vt 0.218956 0.161608
vt 0.202487 0.269449
vt 0.218326 0.167787
vt 0.204709 0.274696
vt 0.217454 0.173816
vt 0.206789 0.279626
vt 0.216347 0.179635
vt 0.208708 0.284192
vt 0.215015 0.185190
vt 0.211733 0.104602
vt 0.213473 0.109060
vt 0.213473 0.190427
vt 0.215015 0.113933
vt 0.211734 0.195296
vt 0.216347 0.119174
vt 0.312092 0.196082
vt 0.314011 0.191715
vt 0.217454 0.124733
vt 0.316091 0.186961
vt 0.218326 0.130555
vt 0.318312 0.181866
vt 0.218956 0.136586
vt 0.192634 0.246341
vt 0.322392 0.164102
vt 0.326552 0.158628
vt 0.235721 0.155581
vt 0.235104 0.161847
vt 0.206447 0.262093
vt 0.210249 0.267179
vt 0.234082 0.168021
vt 0.213856 0.272020
vt 0.232665 0.174041
vt 0.217234 0.276571
vt 0.230867 0.179851
vt 0.220350 0.280787
vt 0.228705 0.185393
vt 0.210447 0.288350
vt 0.223174 0.284627
vt 0.226200 0.190616
vt 0.226200 0.109249
vt 0.228705 0.114136
vt 0.223376 0.195468
vt 0.230867 0.119389
vt 0.300450 0.192677
vt 0.303566 0.188660
vt 0.232665 0.124958
vt 0.306944 0.184285
vt 0.234082 0.130789
vt 0.310551 0.179596
vt 0.235104 0.136825
vt 0.194248 0.245869
vt 0.314353 0.174636
vt 0.235721 0.143009
vt 0.198408 0.251387
vt 0.318312 0.169455
vt 0.235927 0.149281
vt 0.202487 0.256812
vt 0.248262 0.168360
vt 0.246355 0.174368
vt 0.222088 0.268136
vt 0.226634 0.272135
vt 0.243935 0.180163
vt 0.230828 0.275843
vt 0.241026 0.185688
vt 0.234628 0.279223
vt 0.237654 0.190890
vt 0.237654 0.109523
vt 0.241026 0.114430
vt 0.297626 0.196299
vt 0.286171 0.190894
vt 0.289972 0.187733
vt 0.243935 0.119702
vt 0.294166 0.184224
vt 0.246355 0.125285
vt 0.298712 0.180401
vt 0.248262 0.131128
vt 0.303566 0.176300
vt 0.249637 0.137173
vt 0.195700 0.245184
vt 0.308682 0.171961
vt 0.250467 0.143362
vt 0.201299 0.250023
vt 0.314011 0.167426
vt 0.250745 0.149635
vt 0.206789 0.254783
vt 0.319501 0.162738
vt 0.250467 0.155933
vt 0.212118 0.259418
vt 0.325099 0.157942
vt 0.249637 0.162195
vt 0.217234 0.263883
vt 0.255049 0.180561
vt 0.251503 0.186063
vt 0.239738 0.269551
vt 0.244369 0.272344
vt 0.247395 0.191238
vt 0.238000 0.282243
vt 0.248477 0.274844
vt 0.276430 0.184016
vt 0.281062 0.181441
vt 0.270163 0.029584
vt 0.273411 0.024037
vt 0.283905 0.024271
vt 0.281293 0.029833
vt 0.286171 0.178579
vt 0.267525 0.035397
vt 0.279186 0.035658
vt 0.291711 0.175457
vt 0.265525 0.041420
vt 0.277603 0.041690
vt 0.297626 0.172105
vt 0.264181 0.047594
vt 0.276559 0.047871
vt 0.196936 0.244312
vt 0.303860 0.168556
vt 0.263505 0.053861
vt 0.276065 0.054141
vt 0.203757 0.248287
vt 0.310353 0.164843
vt 0.263505 0.060159
vt 0.276126 0.060441
vt 0.210447 0.252200
vt 0.317043 0.161002
vt 0.263346 0.150086
vt 0.263008 0.156382
vt 0.216940 0.256012
vt 0.323864 0.157070
vt 0.261996 0.162637
vt 0.223174 0.259688
vt 0.260321 0.168791
vt 0.229089 0.263192
vt 0.257997 0.174785
vt 0.234628 0.266490
vt 0.268777 0.175927
vt 0.274061 0.174042
vt 0.296237 0.024401
vt 0.294374 0.029971
vt 0.279890 0.171941
vt 0.292888 0.035802
vt 0.286210 0.169644
vt 0.291795 0.041839
vt 0.292958 0.167173
vt 0.291106 0.048024
vt 0.197906 0.243286
vt 0.300071 0.164551
vt 0.290825 0.054297
vt 0.205689 0.246246
vt 0.307479 0.161805
vt 0.290958 0.060597
vt 0.213321 0.249162
vt 0.315111 0.158960
vt 0.276741 0.066709
vt 0.291501 0.066864
vt 0.220729 0.252008
vt 0.322894 0.156045
vt 0.277904 0.072884
vt 0.292450 0.073037
vt 0.227841 0.254756
vt 0.279603 0.078909
vt 0.293796 0.079058
vt 0.234590 0.257379
vt 0.281823 0.084723
vt 0.295525 0.084868
vt 0.240909 0.259852
vt 0.284542 0.090273
vt 0.297622 0.090410
vt 0.246739 0.262152
vt 0.287734 0.095503
vt 0.300065 0.095633
vt 0.252023 0.264256
vt 0.291367 0.100364
vt 0.302832 0.100485
vt 0.286996 0.019026
vt 0.298461 0.019147
vt 0.275564 0.164565
vt 0.282421 0.163185
vt 0.308106 0.035824
vt 0.307558 0.041862
vt 0.289744 0.161692
vt 0.307261 0.048047
vt 0.198575 0.242147
vt 0.297461 0.160102
vt 0.307218 0.054320
vt 0.207019 0.243977
vt 0.305499 0.158430
vt 0.307429 0.060621
vt 0.215301 0.245787
vt 0.313781 0.156692
vt 0.307893 0.066887
vt 0.223339 0.247559
vt 0.322225 0.154905
vt 0.308605 0.073061
vt 0.231056 0.249275
vt 0.309558 0.079081
vt 0.238379 0.250920
vt 0.310743 0.084890
vt 0.245236 0.252477
vt 0.312149 0.090431
vt 0.251561 0.253931
vt 0.313761 0.095653
vt 0.301023 0.014259
vt 0.312671 0.014275
vt 0.311194 0.019165
vt 0.315565 0.100503
vt 0.309933 0.024421
vt 0.263505 0.166940
vt 0.269238 0.165821
vt 0.308900 0.029992
vt 0.198915 0.240937
vt 0.288105 0.155874
vt 0.296131 0.155379
vt 0.324404 0.047940
vt 0.324613 0.054211
vt 0.207698 0.241569
vt 0.304490 0.154847
vt 0.324909 0.060511
vt 0.216310 0.242204
vt 0.313102 0.154284
vt 0.325288 0.066779
vt 0.224669 0.242835
vt 0.321885 0.153695
vt 0.325748 0.072953
vt 0.232695 0.243457
vt 0.326285 0.078976
vt 0.240310 0.244062
vt 0.326892 0.084788
vt 0.247442 0.244647
vt 0.327564 0.090335
vt 0.254020 0.245203
vt 0.328295 0.095562
vt 0.325030 0.014198
vt 0.324705 0.019081
vt 0.329077 0.100419
vt 0.324466 0.024330
vt 0.317543 0.104936
vt 0.329903 0.104859
vt 0.324316 0.029895
vt 0.266780 0.157094
vt 0.273358 0.156735
vt 0.324255 0.035723
vt 0.280489 0.156328
vt 0.324284 0.041757
vt 0.207698 0.239114
vt 0.216310 0.238551
vt 0.304490 0.151194
vt 0.313102 0.151829
vt 0.342723 0.060273
vt 0.343017 0.066541
vt 0.224669 0.238020
vt 0.321885 0.152462
vt 0.343221 0.072720
vt 0.232695 0.237525
vt 0.343332 0.078748
vt 0.240310 0.237071
vt 0.343350 0.084568
vt 0.247442 0.236663
vt 0.343275 0.090125
vt 0.254020 0.236305
vt 0.343107 0.095363
vt 0.337627 0.014030
vt 0.338476 0.018896
vt 0.342848 0.100234
vt 0.339279 0.024132
vt 0.342500 0.104690
vt 0.340027 0.029685
vt 0.266780 0.148195
vt 0.273358 0.148752
vt 0.340713 0.035503
vt 0.280489 0.149336
vt 0.341332 0.041529
vt 0.288105 0.149942
vt 0.341877 0.047706
vt 0.198915 0.239703
vt 0.296131 0.150563
vt 0.342342 0.053974
vt 0.223339 0.233296
vt 0.231056 0.231706
vt 0.322225 0.151252
vt 0.360351 0.072368
vt 0.360046 0.078405
vt 0.238379 0.230214
vt 0.359487 0.084237
vt 0.245236 0.228833
vt 0.358678 0.089809
vt 0.251562 0.227577
vt 0.357629 0.095066
vt 0.349977 0.013776
vt 0.351977 0.018620
vt 0.356349 0.099958
vt 0.353801 0.023834
vt 0.354850 0.104437
vt 0.355430 0.029369
vt 0.269238 0.139468
vt 0.275564 0.140922
vt 0.356850 0.035172
vt 0.282421 0.142479
vt 0.358046 0.041187
vt 0.289744 0.144123
vt 0.359007 0.047355
vt 0.198575 0.238494
vt 0.297461 0.145840
vt 0.359723 0.053618
vt 0.207019 0.236706
vt 0.305499 0.147611
vt 0.360189 0.059915
vt 0.215301 0.234968
vt 0.313781 0.149421
vt 0.360399 0.066185
vt 0.234590 0.223755
vt 0.240909 0.221457
vt 0.374680 0.083809
vt 0.373182 0.089399
vt 0.246739 0.219356
vt 0.371303 0.094680
vt 0.361606 0.013448
vt 0.364690 0.018261
vt 0.369061 0.099599
vt 0.367475 0.023448
vt 0.263505 0.138130
vt 0.268777 0.129143
vt 0.274061 0.131247
vt 0.369934 0.028960
vt 0.279890 0.133546
vt 0.372043 0.034743
vt 0.286210 0.136020
vt 0.373783 0.040742
vt 0.292958 0.138643
vt 0.375136 0.046900
vt 0.197906 0.237354
vt 0.300071 0.141391
vt 0.376090 0.053156
vt 0.205689 0.234438
vt 0.307479 0.144236
vt 0.376635 0.059451
vt 0.213321 0.231593
vt 0.315111 0.147153
vt 0.376765 0.065723
vt 0.220729 0.228847
vt 0.322894 0.150112
vt 0.376481 0.071913
vt 0.227841 0.226226
vt 0.375783 0.077961
vt 0.252023 0.217471
vt 0.239738 0.211957
vt 0.244369 0.209383
vt 0.383603 0.094221
vt 0.380497 0.099172
vt 0.376125 0.017834
vt 0.379775 0.022989
vt 0.276430 0.121054
vt 0.281062 0.123848
vt 0.382980 0.028473
vt 0.286171 0.126908
vt 0.385711 0.034233
vt 0.291711 0.130206
vt 0.387939 0.040214
vt 0.297626 0.133710
vt 0.389645 0.046358
vt 0.196936 0.236328
vt 0.303860 0.137386
vt 0.390812 0.052606
vt 0.203757 0.232397
vt 0.310353 0.141199
vt 0.391428 0.058898
vt 0.210447 0.228556
vt 0.317043 0.145112
vt 0.391487 0.065174
vt 0.216940 0.224843
vt 0.323864 0.149087
vt 0.390990 0.071372
vt 0.223174 0.221293
vt 0.389940 0.077433
vt 0.229089 0.217941
vt 0.388348 0.083298
vt 0.234628 0.214819
vt 0.386229 0.088912
vt 0.131098 0.028356
vt 0.134644 0.022853
vt 0.145121 0.023228
vt 0.142212 0.028753
vt 0.289972 0.117556
vt 0.294166 0.121263
vt 0.394069 0.027927
vt 0.397326 0.033661
vt 0.298712 0.125263
vt 0.399971 0.039621
vt 0.303566 0.129516
vt 0.124151 0.046279
vt 0.125827 0.040125
vt 0.137885 0.040557
vt 0.136510 0.046721
vt 0.195700 0.235456
vt 0.308682 0.133981
vt 0.123139 0.052534
vt 0.135680 0.052983
vt 0.201299 0.230661
vt 0.314011 0.138616
vt 0.122801 0.058830
vt 0.135402 0.059281
vt 0.206789 0.225973
vt 0.319501 0.143376
vt 0.123139 0.065106
vt 0.135680 0.065555
vt 0.212118 0.221438
vt 0.325099 0.148214
vt 0.124151 0.071301
vt 0.136510 0.071744
vt 0.217234 0.217099
vt 0.125827 0.077357
vt 0.137885 0.077789
vt 0.222088 0.212998
vt 0.128150 0.083214
vt 0.139792 0.083631
vt 0.226634 0.209174
vt 0.399963 0.082726
vt 0.397317 0.088366
vt 0.230828 0.205665
vt 0.134644 0.094111
vt 0.131098 0.088817
vt 0.142212 0.089215
vt 0.145121 0.094486
vt 0.234628 0.202504
vt 0.272322 0.118555
vt 0.282800 0.111156
vt 0.286171 0.114176
vt 0.138752 0.017678
vt 0.148493 0.018026
vt 0.139792 0.034548
vt 0.153482 0.034875
vt 0.152065 0.040896
vt 0.306944 0.121378
vt 0.310551 0.126220
vt 0.151043 0.047069
vt 0.194248 0.234771
vt 0.314353 0.131305
vt 0.150426 0.053335
vt 0.198408 0.229297
vt 0.318312 0.136586
vt 0.150220 0.059635
vt 0.202487 0.223943
vt 0.322392 0.142012
vt 0.150426 0.065907
vt 0.206447 0.218762
vt 0.326552 0.147529
vt 0.151043 0.072091
vt 0.210249 0.213803
vt 0.152065 0.078128
vt 0.213856 0.209113
vt 0.153482 0.083958
vt 0.217234 0.204739
vt 0.155280 0.089527
vt 0.220350 0.200721
vt 0.157442 0.094780
vt 0.223174 0.197100
vt 0.148493 0.099394
vt 0.159947 0.099668
vt 0.159947 0.018300
vt 0.157442 0.023523
vt 0.297626 0.108771
vt 0.300450 0.112612
vt 0.155280 0.029066
vt 0.303566 0.116828
vt 0.167191 0.047308
vt 0.166811 0.053578
vt 0.192634 0.234299
vt 0.195196 0.228357
vt 0.320653 0.129462
vt 0.323092 0.135188
vt 0.166684 0.059879
vt 0.197708 0.222545
vt 0.325604 0.141072
vt 0.166811 0.066150
vt 0.200146 0.216919
vt 0.328166 0.147057
vt 0.167191 0.072330
vt 0.202487 0.211533
vt 0.167821 0.078361
vt 0.204709 0.206438
vt 0.168693 0.084184
vt 0.206789 0.201684
vt 0.169800 0.089742
vt 0.208708 0.197316
vt 0.171132 0.094983
vt 0.162771 0.013448
vt 0.174414 0.013621
vt 0.172674 0.018489
vt 0.172674 0.099856
vt 0.171132 0.023726
vt 0.310353 0.105048
vt 0.312092 0.109206
vt 0.169800 0.029281
vt 0.314011 0.113773
vt 0.168693 0.035101
vt 0.316091 0.118703
vt 0.167821 0.041129
vt 0.318312 0.123950
vt 0.184163 0.060004
vt 0.184206 0.066274
vt 0.192634 0.221833
vt 0.193458 0.215980
vt 0.329014 0.140593
vt 0.329879 0.146817
vt 0.184334 0.072452
vt 0.194248 0.210375
vt 0.184547 0.078480
vt 0.194998 0.205074
vt 0.184841 0.084299
vt 0.195700 0.200126
vt 0.185215 0.089852
vt 0.196348 0.195580
vt 0.185665 0.095087
vt 0.186773 0.013709
vt 0.186186 0.018585
vt 0.186186 0.099952
vt 0.185665 0.023829
vt 0.174414 0.104314
vt 0.186773 0.104402
vt 0.185215 0.029391
vt 0.324451 0.107470
vt 0.325099 0.112215
vt 0.184841 0.035216
vt 0.325802 0.117339
vt 0.184547 0.041248
vt 0.326552 0.122792
vt 0.184334 0.047430
vt 0.190921 0.234058
vt 0.327342 0.128523
vt 0.184206 0.053702
vt 0.191786 0.227878
vt 0.328166 0.134476
vt 0.201813 0.072452
vt 0.201600 0.078480
vt 0.185847 0.210375
vt 0.185097 0.205074
vt 0.201306 0.084299
vt 0.184395 0.200126
vt 0.200932 0.089852
vt 0.183747 0.195580
vt 0.200482 0.095087
vt 0.199374 0.013709
vt 0.199962 0.018585
vt 0.199962 0.099952
vt 0.200482 0.023829
vt 0.199374 0.104402
vt 0.200932 0.029391
vt 0.337053 0.107470
vt 0.336405 0.112215
vt 0.201306 0.035216
vt 0.335703 0.117339
vt 0.201600 0.041248
vt 0.334953 0.122792
vt 0.201813 0.047430
vt 0.189174 0.234058
vt 0.334162 0.128523
vt 0.201941 0.053702
vt 0.188309 0.227878
vt 0.333339 0.134476
vt 0.201984 0.060004
vt 0.187461 0.221833
vt 0.332491 0.140593
vt 0.201941 0.066274
vt 0.186638 0.215980
vt 0.331626 0.146816
vt 0.217454 0.084184
vt 0.216347 0.089742
vt 0.173307 0.201684
vt 0.171388 0.197316
vt 0.215015 0.094983
vt 0.211734 0.013621
vt 0.213473 0.018489
vt 0.213473 0.099856
vt 0.215015 0.023726
vt 0.211734 0.104314
vt 0.216347 0.029281
vt 0.349412 0.109206
vt 0.347493 0.113773
vt 0.217454 0.035101
vt 0.345413 0.118703
vt 0.218327 0.041129
vt 0.343192 0.123950
vt 0.218956 0.047308
vt 0.187461 0.234299
vt 0.340851 0.129462
vt 0.219336 0.053578
vt 0.184899 0.228357
vt 0.338413 0.135188
vt 0.219463 0.059879
vt 0.182387 0.222545
vt 0.335900 0.141072
vt 0.219336 0.066150
vt 0.179949 0.216919
vt 0.333339 0.147057
vt 0.218956 0.072330
vt 0.177608 0.211533
vt 0.218327 0.078361
vt 0.175387 0.206438
vt 0.228705 0.094780
vt 0.226200 0.099668
vt 0.226200 0.018300
vt 0.228705 0.023523
vt 0.351151 0.105048
vt 0.363879 0.108771
vt 0.361054 0.112612
vt 0.230867 0.029066
vt 0.357938 0.116828
vt 0.232665 0.034875
vt 0.354560 0.121378
vt 0.234082 0.040896
vt 0.350953 0.126220
vt 0.235104 0.047069
vt 0.185847 0.234771
vt 0.347152 0.131305
vt 0.235721 0.053335
vt 0.181687 0.229297
vt 0.343192 0.136586
vt 0.235927 0.059635
vt 0.177608 0.223943
vt 0.339113 0.142012
vt 0.235721 0.065907
vt 0.173648 0.218762
vt 0.334953 0.147529
vt 0.235104 0.072091
vt 0.169847 0.213803
vt 0.234082 0.078128
vt 0.166239 0.209113
vt 0.232665 0.083958
vt 0.162862 0.204739
vt 0.230867 0.089527
vt 0.159745 0.200722
vt 0.223376 0.013448
vt 0.371532 0.117555
vt 0.367339 0.121263
vt 0.243935 0.028753
vt 0.246355 0.034548
vt 0.362793 0.125263
vt 0.248262 0.040557
vt 0.357938 0.129516
vt 0.249637 0.046721
vt 0.184395 0.235456
vt 0.352822 0.133981
vt 0.250467 0.052983
vt 0.178797 0.230661
vt 0.347493 0.138616
vt 0.250745 0.059281
vt 0.173307 0.225973
vt 0.342003 0.143376
vt 0.250467 0.065555
vt 0.167978 0.221438
vt 0.336405 0.148214
vt 0.249637 0.071744
vt 0.162862 0.217099
vt 0.248262 0.077789
vt 0.158007 0.212998
vt 0.246355 0.083631
vt 0.153461 0.209174
vt 0.243935 0.089215
vt 0.149268 0.205665
vt 0.241026 0.094486
vt 0.156921 0.197100
vt 0.145467 0.202505
vt 0.237654 0.099394
vt 0.237654 0.018026
vt 0.241026 0.023228
vt 0.375333 0.114175
vt 0.369794 0.130206
vt 0.363879 0.133710
vt 0.260321 0.040125
vt 0.261996 0.046279
vt 0.183160 0.236328
vt 0.357644 0.137386
vt 0.263008 0.052534
vt 0.176338 0.232397
vt 0.351151 0.141199
vt 0.263347 0.058830
vt 0.169649 0.228556
vt 0.344462 0.145112
vt 0.263843 0.249798
vt 0.263505 0.243503
vt 0.276107 0.243052
vt 0.276384 0.249350
vt 0.163155 0.224843
vt 0.337640 0.149087
vt 0.264855 0.256053
vt 0.277215 0.255611
vt 0.156921 0.221293
vt 0.266531 0.262207
vt 0.278590 0.261776
vt 0.151006 0.217941
vt 0.268854 0.268201
vt 0.280496 0.267785
vt 0.145467 0.214819
vt 0.271803 0.273977
vt 0.282916 0.273579
vt 0.140357 0.211957
vt 0.275348 0.279479
vt 0.285826 0.279104
vt 0.135726 0.209383
vt 0.378704 0.111156
vt 0.389182 0.118555
vt 0.385074 0.121054
vt 0.247395 0.017678
vt 0.251503 0.022853
vt 0.380443 0.123848
vt 0.255049 0.028356
vt 0.375333 0.126908
vt 0.257997 0.034131
vt 0.182189 0.237354
vt 0.174407 0.234438
vt 0.361433 0.141390
vt 0.354025 0.144236
vt 0.276384 0.236778
vt 0.291131 0.236425
vt 0.290924 0.242697
vt 0.166774 0.231593
vt 0.346393 0.147153
vt 0.291131 0.248997
vt 0.159366 0.228847
vt 0.338611 0.150112
vt 0.291748 0.255264
vt 0.152254 0.226226
vt 0.292769 0.261437
vt 0.145505 0.223755
vt 0.294186 0.267457
vt 0.139186 0.221457
vt 0.295984 0.273267
vt 0.133356 0.219356
vt 0.298146 0.278810
vt 0.128072 0.217472
vt 0.289197 0.284306
vt 0.300652 0.284032
vt 0.285826 0.207847
vt 0.289197 0.202939
vt 0.300652 0.202665
vt 0.298146 0.207552
vt 0.392727 0.129143
vt 0.387444 0.131246
vt 0.282916 0.213118
vt 0.295984 0.212805
vt 0.381614 0.133546
vt 0.280496 0.218702
vt 0.294186 0.218374
vt 0.375294 0.136019
vt 0.278590 0.224544
vt 0.292769 0.224205
vt 0.368546 0.138643
vt 0.277215 0.230589
vt 0.291748 0.230241
vt 0.164795 0.234968
vt 0.156757 0.233296
vt 0.347724 0.149421
vt 0.339279 0.151252
vt 0.307516 0.248754
vt 0.307896 0.255024
vt 0.149039 0.231707
vt 0.308525 0.261203
vt 0.141717 0.230214
vt 0.309397 0.267232
vt 0.134859 0.228833
vt 0.310505 0.273052
vt 0.128534 0.227577
vt 0.311836 0.278607
vt 0.122801 0.226459
vt 0.313379 0.283844
vt 0.313379 0.202476
vt 0.311836 0.207349
vt 0.303476 0.288884
vt 0.315118 0.288712
vt 0.310505 0.212590
vt 0.392266 0.139468
vt 0.385940 0.140922
vt 0.309397 0.218149
vt 0.379083 0.142479
vt 0.308525 0.223971
vt 0.371761 0.144123
vt 0.307896 0.230002
vt 0.181521 0.238494
vt 0.364043 0.145840
vt 0.307516 0.236183
vt 0.173076 0.236706
vt 0.356005 0.147611
vt 0.307389 0.242453
vt 0.147400 0.237525
vt 0.139785 0.237071
vt 0.325251 0.261084
vt 0.325546 0.267117
vt 0.132654 0.236663
vt 0.325920 0.272942
vt 0.126075 0.236305
vt 0.326369 0.278503
vt 0.315118 0.198018
vt 0.327477 0.197930
vt 0.326890 0.202380
vt 0.326890 0.283747
vt 0.326369 0.207246
vt 0.327477 0.288624
vt 0.325920 0.212481
vt 0.394724 0.148195
vt 0.388146 0.148752
vt 0.325546 0.218034
vt 0.381015 0.149336
vt 0.325251 0.223852
vt 0.373400 0.149942
vt 0.325039 0.229880
vt 0.181180 0.239703
vt 0.365374 0.150563
vt 0.324910 0.236059
vt 0.172398 0.239114
vt 0.357014 0.151194
vt 0.324867 0.242329
vt 0.163786 0.238551
vt 0.348402 0.151829
vt 0.324910 0.248630
vt 0.155426 0.238020
vt 0.339620 0.152462
vt 0.325039 0.254902
vt 0.132654 0.244647
vt 0.126075 0.245203
vt 0.341636 0.272942
vt 0.341187 0.278503
vt 0.340079 0.197930
vt 0.340666 0.202380
vt 0.340666 0.283747
vt 0.341187 0.207246
vt 0.340079 0.288624
vt 0.341636 0.212481
vt 0.394724 0.157094
vt 0.388146 0.156735
vt 0.342010 0.218034
vt 0.381015 0.156327
vt 0.342305 0.223852
vt 0.373400 0.155874
vt 0.342517 0.229880
vt 0.181180 0.240937
vt 0.365374 0.155379
vt 0.342646 0.236059
vt 0.172398 0.241569
vt 0.357014 0.154847
vt 0.342689 0.242329
vt 0.163786 0.242204
vt 0.348402 0.154284
vt 0.342646 0.248630
vt 0.155426 0.242836
vt 0.339620 0.153695
vt 0.342517 0.254902
vt 0.147400 0.243457
vt 0.342305 0.261084
vt 0.139785 0.244063
vt 0.342010 0.267117
vt 0.149039 0.249275
vt 0.141717 0.250920
vt 0.359031 0.261203
vt 0.358158 0.267232
vt 0.134860 0.252477
vt 0.357051 0.273052
vt 0.128534 0.253931
vt 0.355720 0.278607
vt 0.352438 0.198018
vt 0.354177 0.202476
vt 0.354177 0.283844
vt 0.355720 0.207349
vt 0.352438 0.288712
vt 0.357051 0.212590
vt 0.392266 0.165821
vt 0.385940 0.164565
vt 0.358158 0.218149
vt 0.379083 0.163185
vt 0.359031 0.223971
vt 0.371761 0.161692
vt 0.359660 0.230002
vt 0.181521 0.242147
vt 0.364043 0.160102
vt 0.360040 0.236183
vt 0.173076 0.243977
vt 0.356005 0.158430
vt 0.360167 0.242453
vt 0.164795 0.245787
vt 0.347724 0.156692
vt 0.360040 0.248754
vt 0.156757 0.247559
vt 0.339279 0.154905
vt 0.359660 0.255024
vt 0.139186 0.259852
vt 0.133356 0.262152
vt 0.371572 0.273267
vt 0.369410 0.278810
vt 0.122801 0.255269
vt 0.128072 0.264256
vt 0.366904 0.284032
vt 0.366904 0.202665
vt 0.369410 0.207552
vt 0.364080 0.288884
vt 0.371572 0.212805
vt 0.387444 0.174042
vt 0.381614 0.171941
vt 0.373370 0.218374
vt 0.375294 0.169644
vt 0.374786 0.224205
vt 0.368546 0.167173
vt 0.375808 0.230241
vt 0.182189 0.243286
vt 0.361433 0.164551
vt 0.376425 0.236425
vt 0.174407 0.246246
vt 0.354025 0.161805
vt 0.376632 0.242697
vt 0.166774 0.249162
vt 0.346393 0.158960
vt 0.376425 0.248997
vt 0.159366 0.252008
vt 0.338611 0.156044
vt 0.375808 0.255264
vt 0.152254 0.254756
vt 0.374786 0.261437
vt 0.145505 0.257379
vt 0.373370 0.267457
vt 0.378359 0.202939
vt 0.381730 0.207847
vt 0.392727 0.175927
vt 0.385074 0.184015
vt 0.380443 0.181441
vt 0.384640 0.213118
vt 0.375333 0.178579
vt 0.387060 0.218702
vt 0.369794 0.175457
vt 0.388966 0.224544
vt 0.363879 0.172105
vt 0.390341 0.230589
vt 0.183160 0.244312
vt 0.357644 0.168556
vt 0.391172 0.236778
vt 0.176338 0.248287
vt 0.351151 0.164842
vt 0.391449 0.243052
vt 0.169648 0.252200
vt 0.344462 0.161002
vt 0.391172 0.249350
vt 0.163155 0.256012
vt 0.337640 0.157070
vt 0.390341 0.255611
vt 0.156921 0.259688
vt 0.388966 0.261776
vt 0.151006 0.263192
vt 0.387060 0.267785
vt 0.145467 0.266490
vt 0.384640 0.273579
vt 0.140357 0.269551
vt 0.381730 0.279104
vt 0.135726 0.272344
vt 0.378359 0.284306
vt 0.128150 0.125702
vt 0.131098 0.120099
vt 0.142212 0.119702
vt 0.139792 0.125285
vt 0.367339 0.184224
vt 0.362793 0.180401
vt 0.125826 0.131559
vt 0.137885 0.131128
vt 0.357938 0.176300
vt 0.124151 0.137615
vt 0.136510 0.137173
vt 0.184395 0.245184
vt 0.352822 0.171961
vt 0.123139 0.143810
vt 0.135680 0.143362
vt 0.178796 0.250023
vt 0.347493 0.167426
vt 0.122801 0.150086
vt 0.135402 0.149635
vt 0.173306 0.254783
vt 0.342003 0.162738
vt 0.123139 0.156382
vt 0.135680 0.155933
vt 0.167978 0.259418
vt 0.336405 0.157942
vt 0.124151 0.162637
vt 0.136510 0.162195
vt 0.162861 0.263883
vt 0.125827 0.168791
vt 0.137885 0.168360
vt 0.158007 0.268136
vt 0.128150 0.174785
vt 0.139792 0.174368
vt 0.153461 0.272136
vt 0.131098 0.180561
vt 0.142212 0.180163
vt 0.149268 0.275843
vt 0.134644 0.186063
vt 0.145121 0.185688
vt 0.145467 0.279223
vt 0.138752 0.191238
vt 0.148493 0.190890
vt 0.131618 0.274844
vt 0.142096 0.282243
vt 0.375333 0.190894
vt 0.371532 0.187733
vt 0.134644 0.114805
vt 0.145121 0.114430
vt 0.152065 0.130789
vt 0.151043 0.136825
vt 0.185847 0.245869
vt 0.350953 0.179596
vt 0.347152 0.174636
vt 0.150426 0.143009
vt 0.181687 0.251387
vt 0.343192 0.169455
vt 0.150220 0.149281
vt 0.177608 0.256812
vt 0.339112 0.164102
vt 0.150426 0.155581
vt 0.173648 0.262093
vt 0.334953 0.158628
vt 0.151043 0.161847
vt 0.169847 0.267179
vt 0.152065 0.168021
vt 0.166239 0.272020
vt 0.153482 0.174041
vt 0.162861 0.276571
vt 0.155280 0.179851
vt 0.159745 0.280787
vt 0.157442 0.185393
vt 0.156921 0.284628
vt 0.159947 0.190616
vt 0.148493 0.109523
vt 0.159947 0.109249
vt 0.157442 0.114136
vt 0.363879 0.196299
vt 0.361054 0.192677
vt 0.155280 0.119389
vt 0.357938 0.188660
vt 0.153482 0.124958
vt 0.354560 0.184285
vt 0.169648 0.288350
vt 0.162771 0.195468
s 1
usemtl Oxygen.002
f 991/1/990 9/2/8 35/3/34 36/4/35
f 986/5/985 985/6/984 22/7/21 23/8/22
f 992/9/991 991/1/990 36/4/35 37/10/36
f 2/11/1 986/5/985 23/8/22 24/12/23
f 10/13/9 992/9/991 37/10/36 38/14/37
f 987/15/986 2/11/1 24/12/23 25/16/24
f 11/17/10 10/13/9 38/14/37 39/18/38
f 3/19/2 987/20/986 25/21/24 26/22/25
f 12/23/11 11/17/10 39/18/38 40/24/39
f 988/25/987 3/19/2 26/22/25 27/26/26
f 993/27/992 12/23/11 40/24/39 41/28/40
f 989/29/988 988/25/987 27/26/26 28/30/27
f 13/31/12 993/32/992 41/33/40 42/34/41
f 4/35/3 989/29/988 28/30/27 29/36/28
f 14/37/13 13/31/12 42/34/41 43/38/42
f 5/39/4 4/35/3 29/36/28 30/40/29
f 15/41/14 14/37/13 43/38/42 44/42/43
f 6/43/5 5/39/4 30/40/29 31/44/30
f 981/45/980 515/46/514 18/47/17
f 994/48/993 15/41/14 44/42/43 45/49/44
f 7/50/6 6/43/5 31/44/30 32/51/31
f 982/52/981 981/45/980 18/47/17 19/53/18
f 995/54/994 994/48/993 45/49/44 46/55/45
f 990/56/989 7/50/6 32/51/31 33/57/32
f 983/58/982 982/52/981 19/53/18 20/59/19
f 16/60/15 995/54/994 46/55/45 47/61/46
f 8/62/7 990/56/989 33/57/32 34/63/33
f 984/64/983 983/58/982 20/59/19 21/65/20
f 17/66/16 16/60/15 47/61/46 48/67/47
f 9/2/8 8/62/7 34/63/33 35/3/34
f 985/6/984 984/64/983 21/65/20 22/7/21
f 514/68/513 17/66/16 48/67/47
f 44/42/43 43/38/42 74/69/73 75/70/74
f 31/44/30 30/40/29 61/71/60 62/72/61
f 18/47/17 515/46/514 49/73/48
f 45/49/44 44/42/43 75/70/74 76/74/75
f 32/51/31 31/44/30 62/72/61 63/75/62
f 19/53/18 18/47/17 49/73/48 50/76/49
f 46/55/45 45/49/44 76/74/75 77/77/76
f 33/57/32 32/51/31 63/75/62 64/78/63
f 20/59/19 19/53/18 50/76/49 51/79/50
f 47/61/46 46/55/45 77/77/76 78/80/77
f 34/63/33 33/57/32 64/78/63 65/81/64
f 21/65/20 20/59/19 51/79/50 52/82/51
f 48/67/47 47/61/46 78/80/77 79/83/78
f 35/3/34 34/63/33 65/81/64 66/84/65
f 22/7/21 21/65/20 52/82/51 53/85/52
f 514/68/513 48/67/47 79/83/78
f 36/4/35 35/3/34 66/84/65 67/86/66
f 23/8/22 22/7/21 53/85/52 54/87/53
f 37/10/36 36/4/35 67/86/66 68/88/67
f 24/12/23 23/8/22 54/87/53 55/89/54
f 38/14/37 37/10/36 68/88/67 69/90/68
f 25/16/24 24/12/23 55/89/54 56/91/55
f 39/18/38 38/14/37 69/90/68 70/92/69
f 26/22/25 25/21/24 56/93/55 57/94/56
f 40/24/39 39/18/38 70/92/69 71/95/70
f 27/26/26 26/22/25 57/94/56 58/96/57
f 41/28/40 40/24/39 71/95/70 72/97/71
f 28/30/27 27/26/26 58/96/57 59/98/58
f 42/34/41 41/33/40 72/99/71 73/100/72
f 29/36/28 28/30/27 59/98/58 60/101/59
f 43/38/42 42/34/41 73/100/72 74/69/73
f 30/40/29 29/36/28 60/101/59 61/71/60
f 77/77/76 76/74/75 107/102/106 108/103/107
f 64/78/63 63/75/62 94/104/93 95/105/94
f 51/79/50 50/76/49 81/106/80 82/107/81
f 78/80/77 77/77/76 108/103/107 109/108/108
f 65/81/64 64/78/63 95/105/94 96/109/95
f 52/82/51 51/79/50 82/107/81 83/110/82
f 79/83/78 78/80/77 109/108/108 110/111/109
f 66/84/65 65/81/64 96/109/95 97/112/96
f 53/85/52 52/82/51 83/110/82 84/113/83
f 514/68/513 79/83/78 110/111/109
f 67/86/66 66/84/65 97/112/96 98/114/97
f 54/87/53 53/85/52 84/113/83 85/115/84
f 68/88/67 67/86/66 98/114/97 99/116/98
f 55/89/54 54/87/53 85/115/84 86/117/85
f 69/90/68 68/88/67 99/116/98 100/118/99
f 56/91/55 55/89/54 86/117/85 87/119/86
f 70/92/69 69/90/68 100/118/99 101/120/100
f 57/94/56 56/93/55 87/121/86 88/122/87
f 71/95/70 70/92/69 101/120/100 102/123/101
f 58/96/57 57/94/56 88/122/87 89/124/88
f 72/97/71 71/95/70 102/123/101 103/125/102
f 59/98/58 58/96/57 89/124/88 90/126/89
f 73/100/72 72/99/71 103/127/102 104/128/103
f 60/101/59 59/98/58 90/126/89 91/129/90
f 74/69/73 73/100/72 104/128/103 105/130/104
f 61/71/60 60/101/59 91/129/90 92/131/91
f 75/70/74 74/69/73 105/130/104 106/132/105
f 62/72/61 61/71/60 92/131/91 93/133/92
f 49/73/48 515/46/514 80/134/79
f 76/74/75 75/70/74 106/132/105 107/102/106
f 63/75/62 62/72/61 93/133/92 94/104/93
f 50/76/49 49/73/48 80/134/79 81/106/80
f 110/111/109 109/108/108 140/135/139 141/136/140
f 97/112/96 96/109/95 127/137/126 128/138/127
f 84/113/83 83/110/82 114/139/113 115/140/114
f 514/68/513 110/111/109 141/136/140
f 98/114/97 97/112/96 128/138/127 129/141/128
f 85/115/84 84/113/83 115/140/114 116/142/115
f 99/116/98 98/114/97 129/141/128 130/143/129
f 86/117/85 85/115/84 116/142/115 117/144/116
f 100/118/99 99/116/98 130/143/129 131/145/130
f 87/119/86 86/117/85 117/144/116 118/146/117
f 101/120/100 100/118/99 131/145/130 132/147/131
f 88/148/87 87/119/86 118/146/117 119/149/118
f 102/123/101 101/120/100 132/147/131 133/150/132
f 89/124/88 88/122/87 119/151/118 120/152/119
f 103/125/102 102/123/101 133/150/132 134/153/133
f 90/126/89 89/124/88 120/152/119 121/154/120
f 104/128/103 103/127/102 134/155/133 135/156/134
f 91/129/90 90/126/89 121/154/120 122/157/121
f 105/130/104 104/128/103 135/156/134 136/158/135
f 92/131/91 91/129/90 122/157/121 123/159/122
f 106/132/105 105/130/104 136/158/135 137/160/136
f 93/133/92 92/131/91 123/159/122 124/161/123
f 80/134/79 515/46/514 111/162/110
f 107/102/106 106/132/105 137/160/136 138/163/137
f 94/104/93 93/133/92 124/161/123 125/164/124
f 81/106/80 80/134/79 111/162/110 112/165/111
f 108/103/107 107/102/106 138/163/137 139/166/138
f 95/105/94 94/104/93 125/164/124 126/167/125
f 82/107/81 81/106/80 112/165/111 113/168/112
f 109/108/108 108/103/107 139/166/138 140/135/139
f 96/109/95 95/105/94 126/167/125 127/137/126
f 83/110/82 82/107/81 113/168/112 114/139/113
f 130/143/129 129/141/128 160/169/159 161/170/160
f 117/144/116 116/142/115 147/171/146 148/172/147
f 131/145/130 130/143/129 161/170/160 162/173/161
f 118/146/117 117/144/116 148/172/147 149/174/148
f 132/147/131 131/145/130 162/173/161 163/175/162
f 119/149/118 118/146/117 149/174/148 150/176/149
f 133/150/132 132/147/131 163/175/162 164/177/163
f 120/152/119 119/151/118 150/178/149 151/179/150
f 134/155/133 133/180/132 164/181/163 165/182/164
f 121/154/120 120/152/119 151/179/150 152/183/151
f 135/156/134 134/155/133 165/182/164 166/184/165
f 122/157/121 121/154/120 152/183/151 153/185/152
f 136/158/135 135/156/134 166/184/165 167/186/166
f 123/159/122 122/157/121 153/185/152 154/187/153
f 137/160/136 136/158/135 167/186/166 168/188/167
f 124/161/123 123/159/122 154/187/153 155/189/154
f 111/162/110 515/46/514 142/190/141
f 138/163/137 137/160/136 168/188/167 169/191/168
f 125/164/124 124/161/123 155/189/154 156/192/155
f 112/165/111 111/162/110 142/190/141 143/193/142
f 139/166/138 138/163/137 169/191/168 170/194/169
f 126/167/125 125/164/124 156/192/155 157/195/156
f 113/168/112 112/165/111 143/193/142 144/196/143
f 140/135/139 139/166/138 170/194/169 171/197/170
f 127/137/126 126/167/125 157/195/156 158/198/157
f 114/139/113 113/168/112 144/196/143 145/199/144
f 141/136/140 140/135/139 171/197/170 172/200/171
f 128/138/127 127/137/126 158/198/157 159/201/158
f 115/140/114 114/139/113 145/199/144 146/202/145
f 514/68/513 141/136/140 172/200/171
f 129/141/128 128/138/127 159/201/158 160/169/159
f 116/142/115 115/140/114 146/202/145 147/171/146
f 163/175/162 162/173/161 193/203/192 194/204/193
f 150/176/149 149/174/148 180/205/179 181/206/180
f 164/177/163 163/175/162 194/204/193 195/207/194
f 151/208/150 150/176/149 181/206/180 182/209/181
f 165/182/164 164/181/163 195/210/194 196/211/195
f 152/212/151 151/213/150 182/214/181 183/215/182
f 166/184/165 165/182/164 196/211/195 197/216/196
f 153/217/152 152/212/151 183/215/182 184/218/183
f 167/186/166 166/184/165 197/216/196 198/219/197
f 154/220/153 153/217/152 184/218/183 185/221/184
f 168/188/167 167/186/166 198/219/197 199/222/198
f 155/223/154 154/220/153 185/221/184 186/224/185
f 142/190/141 515/46/514 173/225/172
f 169/191/168 168/188/167 199/222/198 200/226/199
f 156/227/155 155/223/154 186/224/185 187/228/186
f 143/193/142 142/190/141 173/225/172 174/229/173
f 170/194/169 169/191/168 200/226/199 201/230/200
f 157/231/156 156/227/155 187/228/186 188/232/187
f 144/196/143 143/193/142 174/229/173 175/233/174
f 171/197/170 170/194/169 201/230/200 202/234/201
f 158/198/157 157/195/156 188/235/187 189/236/188
f 145/199/144 144/196/143 175/233/174 176/237/175
f 172/200/171 171/197/170 202/234/201 203/238/202
f 159/201/158 158/198/157 189/236/188 190/239/189
f 146/202/145 145/199/144 176/237/175 177/240/176
f 514/68/513 172/200/171 203/238/202
f 160/169/159 159/201/158 190/239/189 191/241/190
f 147/171/146 146/202/145 177/240/176 178/242/177
f 161/170/160 160/169/159 191/241/190 192/243/191
f 148/172/147 147/171/146 178/242/177 179/244/178
f 162/173/161 161/170/160 192/243/191 193/203/192
f 149/174/148 148/172/147 179/244/178 180/205/179
f 196/211/195 195/210/194 226/245/225 227/246/226
f 183/215/182 182/214/181 213/247/212 214/248/213
f 197/216/196 196/211/195 227/246/226 228/249/227
f 184/218/183 183/215/182 214/248/213 215/250/214
f 198/219/197 197/216/196 228/249/227 229/251/228
f 185/221/184 184/218/183 215/250/214 216/252/215
f 199/222/198 198/219/197 229/251/228 230/253/229
f 186/224/185 185/221/184 216/252/215 217/254/216
f 173/225/172 515/46/514 204/255/203
f 200/226/199 199/222/198 230/253/229 231/256/230
f 187/228/186 186/224/185 217/254/216 218/257/217
f 174/229/173 173/225/172 204/255/203 205/258/204
f 201/230/200 200/226/199 231/256/230 232/259/231
f 188/232/187 187/228/186 218/257/217 219/260/218
f 175/233/174 174/229/173 205/258/204 206/261/205
f 202/234/201 201/230/200 232/259/231 233/262/232
f 189/263/188 188/232/187 219/260/218 220/264/219
f 176/237/175 175/233/174 206/261/205 207/265/206
f 203/238/202 202/234/201 233/262/232 234/266/233
f 190/267/189 189/263/188 220/264/219 221/268/220
f 177/240/176 176/237/175 207/265/206 208/269/207
f 514/68/513 203/238/202 234/266/233
f 191/270/190 190/267/189 221/268/220 222/271/221
f 178/242/177 177/240/176 208/269/207 209/272/208
f 192/273/191 191/270/190 222/271/221 223/274/222
f 179/244/178 178/242/177 209/272/208 210/275/209
f 193/276/192 192/273/191 223/274/222 224/277/223
f 180/205/179 179/244/178 210/275/209 211/278/210
f 194/279/193 193/276/192 224/277/223 225/280/224
f 181/206/180 180/205/179 211/278/210 212/281/211
f 195/282/194 194/279/193 225/280/224 226/283/225
f 182/214/181 181/284/180 212/285/211 213/247/212
f 229/251/228 228/249/227 259/286/258 260/287/259
f 216/252/215 215/250/214 246/288/245 247/289/246
f 230/253/229 229/251/228 260/287/259 261/290/260
f 217/254/216 216/252/215 247/289/246 248/291/247
f 204/255/203 515/46/514 235/292/234
f 231/256/230 230/253/229 261/290/260 262/293/261
f 218/257/217 217/254/216 248/291/247 249/294/248
f 205/258/204 204/255/203 235/292/234 236/295/235
f 232/259/231 231/256/230 262/293/261 263/296/262
f 219/260/218 218/257/217 249/294/248 250/297/249
f 206/261/205 205/258/204 236/295/235 237/298/236
f 233/262/232 232/259/231 263/296/262 264/299/263
f 220/264/219 219/260/218 250/297/249 251/300/250
f 207/265/206 206/261/205 237/298/236 238/301/237
f 234/266/233 233/262/232 264/299/263 265/302/264
f 221/268/220 220/264/219 251/300/250 252/303/251
f 208/269/207 207/265/206 238/301/237 239/304/238
f 514/68/513 234/266/233 265/302/264
f 222/271/221 221/268/220 252/303/251 253/305/252
f 209/272/208 208/269/207 239/304/238 240/306/239
f 223/274/222 222/271/221 253/305/252 254/307/253
f 210/275/209 209/272/208 240/306/239 241/308/240
f 224/277/223 223/274/222 254/307/253 255/309/254
f 211/278/210 210/275/209 241/308/240 242/310/241
f 225/280/224 224/277/223 255/309/254 256/311/255
f 212/285/211 211/312/210 242/313/241 243/314/242
f 226/283/225 225/280/224 256/311/255 257/315/256
f 213/247/212 212/285/211 243/314/242 244/316/243
f 227/246/226 226/245/225 257/317/256 258/318/257
f 214/248/213 213/247/212 244/316/243 245/319/244
f 228/249/227 227/246/226 258/318/257 259/286/258
f 215/250/214 214/248/213 245/319/244 246/288/245
f 235/292/234 515/46/514 266/320/265
f 262/293/261 261/290/260 292/321/291 293/322/292
f 249/294/248 248/291/247 279/323/278 280/324/279
f 236/295/235 235/292/234 266/320/265 267/325/266
f 263/296/262 262/293/261 293/322/292 294/326/293
f 250/297/249 249/294/248 280/324/279 281/327/280
f 237/298/236 236/295/235 267/325/266 268/328/267
f 264/299/263 263/296/262 294/326/293 295/329/294
f 251/300/250 250/297/249 281/327/280 282/330/281
f 238/301/237 237/298/236 268/328/267 269/331/268
f 265/302/264 264/299/263 295/329/294 296/332/295
f 252/303/251 251/300/250 282/330/281 283/333/282
f 239/304/238 238/301/237 269/331/268 270/334/269
f 514/68/513 265/302/264 296/332/295
f 253/305/252 252/303/251 283/333/282 284/335/283
f 240/306/239 239/304/238 270/334/269 271/336/270
f 254/307/253 253/305/252 284/335/283 285/337/284
f 241/308/240 240/306/239 271/336/270 272/338/271
f 255/309/254 254/307/253 285/337/284 286/339/285
f 242/310/241 241/308/240 272/338/271 273/340/272
f 256/311/255 255/309/254 286/339/285 287/341/286
f 243/314/242 242/313/241 273/342/272 274/343/273
f 257/315/256 256/311/255 287/341/286 288/344/287
f 244/316/243 243/314/242 274/343/273 275/345/274
f 258/346/257 257/315/256 288/344/287 289/347/288
f 245/319/244 244/316/243 275/345/274 276/348/275
f 259/286/258 258/318/257 289/349/288 290/350/289
f 246/288/245 245/319/244 276/348/275 277/351/276
f 260/287/259 259/286/258 290/350/289 291/352/290
f 247/289/246 246/288/245 277/351/276 278/353/277
f 261/290/260 260/287/259 291/352/290 292/321/291
f 248/291/247 247/289/246 278/353/277 279/323/278
f 268/328/267 267/325/266 298/354/297 299/355/298
f 295/329/294 294/326/293 325/356/324 326/357/325
f 282/330/281 281/327/280 312/358/311 313/359/312
f 269/331/268 268/328/267 299/355/298 300/360/299
f 296/332/295 295/329/294 326/357/325 327/361/326
f 283/333/282 282/330/281 313/359/312 314/362/313
f 270/334/269 269/331/268 300/360/299 301/363/300
f 514/68/513 296/332/295 327/361/326
f 284/335/283 283/333/282 314/362/313 315/364/314
f 271/336/270 270/334/269 301/363/300 302/365/301
f 285/337/284 284/335/283 315/364/314 316/366/315
f 272/338/271 271/336/270 302/365/301 303/367/302
f 286/339/285 285/337/284 316/366/315 317/368/316
f 273/340/272 272/338/271 303/367/302 304/369/303
f 287/341/286 286/339/285 317/368/316 318/370/317
f 274/343/273 273/342/272 304/371/303 305/372/304
f 288/344/287 287/341/286 318/370/317 319/373/318
f 275/345/274 274/343/273 305/372/304 306/374/305
f 289/347/288 288/344/287 319/373/318 320/375/319
f 276/348/275 275/345/274 306/374/305 307/376/306
f 290/350/289 289/349/288 320/377/319 321/378/320
f 277/351/276 276/348/275 307/376/306 308/379/307
f 291/352/290 290/350/289 321/378/320 322/380/321
f 278/353/277 277/351/276 308/379/307 309/381/308
f 292/321/291 291/352/290 322/380/321 323/382/322
f 279/323/278 278/353/277 309/381/308 310/383/309
f 266/320/265 515/46/514 297/384/296
f 293/322/292 292/321/291 323/382/322 324/385/323
f 280/324/279 279/323/278 310/383/309 311/386/310
f 267/325/266 266/320/265 297/384/296 298/354/297
f 294/326/293 293/322/292 324/385/323 325/356/324
f 281/327/280 280/324/279 311/386/310 312/358/311
f 301/363/300 300/360/299 331/387/330 332/388/331
f 514/68/513 327/361/326 358/389/357
f 315/364/314 314/362/313 345/390/344 346/391/345
f 302/365/301 301/363/300 332/388/331 333/392/332
f 316/366/315 315/364/314 346/391/345 347/393/346
f 303/367/302 302/365/301 333/392/332 334/394/333
f 317/368/316 316/366/315 347/393/346 348/395/347
f 304/369/303 303/367/302 334/394/333 335/396/334
f 318/370/317 317/368/316 348/395/347 349/397/348
f 305/372/304 304/371/303 335/398/334 336/399/335
f 319/373/318 318/370/317 349/397/348 350/400/349
f 306/374/305 305/372/304 336/399/335 337/401/336
f 320/375/319 319/373/318 350/400/349 351/402/350
f 307/376/306 306/374/305 337/401/336 338/403/337
f 321/378/320 320/377/319 351/404/350 352/405/351
f 308/379/307 307/376/306 338/403/337 339/406/338
f 322/380/321 321/378/320 352/405/351 353/407/352
f 309/381/308 308/379/307 339/406/338 340/408/339
f 323/382/322 322/380/321 353/407/352 354/409/353
f 310/383/309 309/381/308 340/408/339 341/410/340
f 297/384/296 515/46/514 328/411/327
f 324/385/323 323/382/322 354/409/353 355/412/354
f 311/386/310 310/383/309 341/410/340 342/413/341
f 298/354/297 297/384/296 328/411/327 329/414/328
f 325/356/324 324/385/323 355/412/354 356/415/355
f 312/358/311 311/386/310 342/413/341 343/416/342
f 299/355/298 298/354/297 329/414/328 330/417/329
f 326/357/325 325/356/324 356/415/355 357/418/356
f 313/359/312 312/358/311 343/416/342 344/419/343
f 300/360/299 299/355/298 330/417/329 331/387/330
f 327/361/326 326/357/325 357/418/356 358/389/357
f 314/362/313 313/359/312 344/419/343 345/390/344
f 334/394/333 333/392/332 364/420/363 365/421/364
f 348/395/347 347/393/346 378/422/377 379/423/378
f 335/396/334 334/394/333 365/421/364 366/424/365
f 349/397/348 348/395/347 379/423/378 380/425/379
f 336/399/335 335/398/334 366/426/365 367/427/366
f 350/400/349 349/397/348 380/425/379 381/428/380
f 337/401/336 336/399/335 367/427/366 368/429/367
f 351/404/350 350/430/349 381/431/380 382/432/381
f 338/403/337 337/401/336 368/429/367 369/433/368
f 352/405/351 351/404/350 382/432/381 383/434/382
f 339/406/338 338/403/337 369/433/368 370/435/369
f 353/407/352 352/405/351 383/434/382 384/436/383
f 340/408/339 339/406/338 370/435/369 371/437/370
f 354/409/353 353/407/352 384/436/383 385/438/384
f 341/410/340 340/408/339 371/437/370 372/439/371
f 328/411/327 515/46/514 359/440/358
f 355/412/354 354/409/353 385/438/384 386/441/385
f 342/413/341 341/410/340 372/439/371 373/442/372
f 329/414/328 328/411/327 359/440/358 360/443/359
f 356/415/355 355/412/354 386/441/385 387/444/386
f 343/416/342 342/413/341 373/442/372 374/445/373
f 330/417/329 329/414/328 360/443/359 361/446/360
f 357/418/356 356/415/355 387/444/386 388/447/387
f 344/419/343 343/416/342 374/445/373 375/448/374
f 331/387/330 330/417/329 361/446/360 362/449/361
f 358/389/357 357/418/356 388/447/387 389/450/388
f 345/390/344 344/419/343 375/448/374 376/451/375
f 332/388/331 331/387/330 362/449/361 363/452/362
f 514/68/513 358/389/357 389/450/388
f 346/391/345 345/390/344 376/451/375 377/453/376
f 333/392/332 332/388/331 363/452/362 364/420/363
f 347/393/346 346/391/345 377/453/376 378/422/377
f 367/454/366 366/424/365 397/455/396 398/456/397
f 381/428/380 380/425/379 411/457/410 412/458/411
f 368/429/367 367/427/366 398/459/397 399/460/398
f 382/432/381 381/431/380 412/461/411 413/462/412
f 369/433/368 368/429/367 399/460/398 400/463/399
f 383/434/382 382/432/381 413/462/412 414/464/413
f 370/435/369 369/433/368 400/463/399 401/465/400
f 384/436/383 383/434/382 414/464/413 415/466/414
f 371/437/370 370/435/369 401/465/400 402/467/401
f 385/438/384 384/436/383 415/466/414 416/468/415
f 372/439/371 371/437/370 402/467/401 403/469/402
f 359/440/358 515/46/514 390/470/389
f 386/441/385 385/438/384 416/468/415 417/471/416
f 373/442/372 372/439/371 403/469/402 404/472/403
f 360/443/359 359/440/358 390/470/389 391/473/390
f 387/444/386 386/441/385 417/471/416 418/474/417
f 374/445/373 373/442/372 404/472/403 405/475/404
f 361/446/360 360/443/359 391/473/390 392/476/391
f 388/447/387 387/444/386 418/474/417 419/477/418
f 375/448/374 374/445/373 405/475/404 406/478/405
f 362/449/361 361/446/360 392/476/391 393/479/392
f 389/450/388 388/447/387 419/477/418 420/480/419
f 376/451/375 375/448/374 406/478/405 407/481/406
f 363/452/362 362/449/361 393/479/392 394/482/393
f 514/68/513 389/450/388 420/480/419
f 377/453/376 376/451/375 407/481/406 408/483/407
f 364/420/363 363/452/362 394/482/393 395/484/394
f 378/422/377 377/453/376 408/483/407 409/485/408
f 365/421/364 364/420/363 395/484/394 396/486/395
f 379/423/378 378/422/377 409/485/408 410/487/409
f 366/424/365 365/421/364 396/486/395 397/455/396
f 380/425/379 379/423/378 410/487/409 411/457/410
f 400/488/399 399/489/398 430/490/429 431/491/430
f 414/464/413 413/462/412 444/492/443 445/493/444
f 401/465/400 400/463/399 431/494/430 432/495/431
f 415/466/414 414/464/413 445/493/444 446/496/445
f 402/467/401 401/465/400 432/495/431 433/497/432
f 416/468/415 415/466/414 446/496/445 447/498/446
f 403/499/402 402/500/401 433/501/432 434/502/433
f 390/470/389 515/46/514 421/503/420
f 417/471/416 416/468/415 447/498/446 448/504/447
f 404/505/403 403/499/402 434/502/433 435/506/434
f 391/473/390 390/470/389 421/503/420 422/507/421
f 418/474/417 417/471/416 448/504/447 449/508/448
f 405/509/404 404/505/403 435/506/434 436/510/435
f 392/476/391 391/473/390 422/507/421 423/511/422
f 419/477/418 418/474/417 449/508/448 450/512/449
f 406/513/405 405/509/404 436/510/435 437/514/436
f 393/479/392 392/476/391 423/511/422 424/515/423
f 420/480/419 419/477/418 450/512/449 451/516/450
f 407/517/406 406/513/405 437/514/436 438/518/437
f 394/482/393 393/479/392 424/515/423 425/519/424
f 514/68/513 420/480/419 451/516/450
f 408/520/407 407/517/406 438/518/437 439/521/438
f 395/484/394 394/482/393 425/519/424 426/522/425
f 409/523/408 408/520/407 439/521/438 440/524/439
f 396/486/395 395/484/394 426/522/425 427/525/426
f 410/487/409 409/485/408 440/526/439 441/527/440
f 397/455/396 396/486/395 427/525/426 428/528/427
f 411/529/410 410/530/409 441/531/440 442/532/441
f 398/456/397 397/455/396 428/528/427 429/533/428
f 412/461/411 411/534/410 442/535/441 443/536/442
f 399/489/398 398/537/397 429/538/428 430/490/429
f 413/462/412 412/461/411 443/536/442 444/492/443
f 433/501/432 432/539/431 463/540/462 464/541/463
f 447/498/446 446/496/445 477/542/476 478/543/477
f 434/502/433 433/501/432 464/541/463 465/544/464
f 421/503/420 515/46/514 452/545/451
f 448/504/447 447/498/446 478/543/477 479/546/478
f 435/506/434 434/502/433 465/544/464 466/547/465
f 422/507/421 421/503/420 452/545/451 453/548/452
f 449/508/448 448/504/447 479/546/478 480/549/479
f 436/510/435 435/506/434 466/547/465 467/550/466
f 423/511/422 422/507/421 453/548/452 454/551/453
f 450/512/449 449/508/448 480/549/479 481/552/480
f 437/514/436 436/510/435 467/550/466 468/553/467
f 424/515/423 423/511/422 454/551/453 455/554/454
f 451/516/450 450/512/449 481/552/480 482/555/481
f 438/518/437 437/514/436 468/553/467 469/556/468
f 425/519/424 424/515/423 455/554/454 456/557/455
f 514/68/513 451/516/450 482/555/481
f 439/521/438 438/518/437 469/556/468 470/558/469
f 426/522/425 425/519/424 456/557/455 457/559/456
f 440/524/439 439/521/438 470/558/469 471/560/470
f 427/525/426 426/522/425 457/559/456 458/561/457
f 441/531/440 440/524/439 471/560/470 472/562/471
f 428/528/427 427/525/426 458/561/457 459/563/458
f 442/532/441 441/531/440 472/562/471 473/564/472
f 429/533/428 428/528/427 459/563/458 460/565/459
f 443/566/442 442/532/441 473/564/472 474/567/473
f 430/490/429 429/538/428 460/568/459 461/569/460
f 444/492/443 443/536/442 474/570/473 475/571/474
f 431/491/430 430/490/429 461/569/460 462/572/461
f 445/493/444 444/492/443 475/571/474 476/573/475
f 432/539/431 431/491/430 462/572/461 463/540/462
f 446/496/445 445/493/444 476/573/475 477/542/476
f 466/547/465 465/544/464 496/574/495 497/575/496
f 453/548/452 452/545/451 483/576/482 484/577/483
f 480/549/479 479/546/478 510/578/509 511/579/510
f 467/550/466 466/547/465 497/575/496 498/580/497
f 454/551/453 453/548/452 484/577/483 485/581/484
f 481/552/480 480/549/479 511/579/510 512/582/511
f 468/553/467 467/550/466 498/580/497 499/583/498
f 455/554/454 454/551/453 485/581/484 486/584/485
f 482/555/481 481/552/480 512/582/511 513/585/512
f 469/556/468 468/553/467 499/583/498 500/586/499
f 456/557/455 455/554/454 486/584/485 487/587/486
f 514/68/513 482/555/481 513/585/512
f 470/558/469 469/556/468 500/586/499 501/588/500
f 457/559/456 456/557/455 487/587/486 488/589/487
f 471/560/470 470/558/469 501/588/500 502/590/501
f 458/561/457 457/559/456 488/589/487 489/591/488
f 472/562/471 471/560/470 502/590/501 503/592/502
f 459/563/458 458/561/457 489/591/488 490/593/489
f 473/564/472 472/562/471 503/592/502 504/594/503
f 460/568/459 459/595/458 490/596/489 491/597/490
f 474/567/473 473/564/472 504/594/503 505/598/504
f 461/569/460 460/568/459 491/597/490 492/599/491
f 475/571/474 474/570/473 505/600/504 506/601/505
f 462/572/461 461/569/460 492/599/491 493/602/492
f 476/573/475 475/571/474 506/601/505 507/603/506
f 463/540/462 462/572/461 493/602/492 494/604/493
f 477/542/476 476/573/475 507/603/506 508/605/507
f 464/541/463 463/540/462 494/604/493 495/606/494
f 478/543/477 477/542/476 508/605/507 509/607/508
f 465/544/464 464/541/463 495/606/494 496/574/495
f 452/545/451 515/46/514 483/576/482
f 479/546/478 478/543/477 509/607/508 510/578/509
f 499/583/498 498/580/497 531/608/530 532/609/531
f 486/584/485 485/581/484 518/610/517 519/611/518
f 513/585/512 512/582/511 545/612/544 546/613/545
f 500/586/499 499/583/498 532/609/531 533/614/532
f 487/587/486 486/584/485 519/611/518 520/615/519
f 514/68/513 513/585/512 546/613/545
f 501/588/500 500/586/499 533/614/532 534/616/533
f 488/589/487 487/587/486 520/615/519 521/617/520
f 502/590/501 501/588/500 534/616/533 535/618/534
f 489/591/488 488/589/487 521/617/520 522/619/521
f 503/592/502 502/590/501 535/618/534 536/620/535
f 490/593/489 489/591/488 522/619/521 523/621/522
f 504/594/503 503/592/502 536/620/535 537/622/536
f 491/597/490 490/596/489 523/623/522 524/624/523
f 505/598/504 504/594/503 537/622/536 538/625/537
f 492/599/491 491/597/490 524/624/523 525/626/524
f 506/627/505 505/598/504 538/625/537 539/628/538
f 493/602/492 492/599/491 525/626/524 526/629/525
f 507/603/506 506/601/505 539/630/538 540/631/539
f 494/604/493 493/602/492 526/629/525 527/632/526
f 508/605/507 507/603/506 540/631/539 541/633/540
f 495/606/494 494/604/493 527/632/526 528/634/527
f 509/607/508 508/605/507 541/633/540 542/635/541
f 496/574/495 495/606/494 528/634/527 529/636/528
f 483/576/482 515/46/514 516/637/515
f 510/578/509 509/607/508 542/635/541 543/638/542
f 497/575/496 496/574/495 529/636/528 530/639/529
f 484/577/483 483/576/482 516/637/515 517/640/516
f 511/579/510 510/578/509 543/638/542 544/641/543
f 498/580/497 497/575/496 530/639/529 531/608/530
f 485/581/484 484/577/483 517/640/516 518/610/517
f 512/582/511 511/579/510 544/641/543 545/612/544
f 534/616/533 533/614/532 564/642/563 565/643/564
f 521/617/520 520/615/519 551/644/550 552/645/551
f 535/618/534 534/616/533 565/643/564 566/646/565
f 522/619/521 521/617/520 552/645/551 553/647/552
f 536/620/535 535/618/534 566/646/565 567/648/566
f 523/621/522 522/619/521 553/647/552 554/649/553
f 537/622/536 536/620/535 567/648/566 568/650/567
f 524/624/523 523/623/522 554/651/553 555/652/554
f 538/625/537 537/622/536 568/650/567 569/653/568
f 525/626/524 524/624/523 555/652/554 556/654/555
f 539/628/538 538/625/537 569/653/568 570/655/569
f 526/629/525 525/626/524 556/654/555 557/656/556
f 540/631/539 539/630/538 570/657/569 571/658/570
f 527/632/526 526/629/525 557/656/556 558/659/557
f 541/633/540 540/631/539 571/658/570 572/660/571
f 528/634/527 527/632/526 558/659/557 559/661/558
f 542/635/541 541/633/540 572/660/571 573/662/572
f 529/636/528 528/634/527 559/661/558 560/663/559
f 516/637/515 515/46/514 547/664/546
f 543/638/542 542/635/541 573/662/572 574/665/573
f 530/639/529 529/636/528 560/663/559 561/666/560
f 517/640/516 516/637/515 547/664/546 548/667/547
f 544/641/543 543/638/542 574/665/573 575/668/574
f 531/608/530 530/639/529 561/666/560 562/669/561
f 518/610/517 517/640/516 548/667/547 549/670/548
f 545/612/544 544/641/543 575/668/574 576/671/575
f 532/609/531 531/608/530 562/669/561 563/672/562
f 519/611/518 518/610/517 549/670/548 550/673/549
f 546/613/545 545/612/544 576/671/575 577/674/576
f 533/614/532 532/609/531 563/672/562 564/642/563
f 520/615/519 519/611/518 550/673/549 551/644/550
f 514/68/513 546/613/545 577/674/576
f 567/648/566 566/646/565 597/675/596 598/676/597
f 554/649/553 553/647/552 584/677/583 585/678/584
f 568/650/567 567/648/566 598/676/597 599/679/598
f 555/652/554 554/651/553 585/680/584 586/681/585
f 569/653/568 568/650/567 599/679/598 600/682/599
f 556/654/555 555/652/554 586/681/585 587/683/586
f 570/655/569 569/653/568 600/682/599 601/684/600
f 557/656/556 556/654/555 587/683/586 588/685/587
f 571/658/570 570/657/569 601/686/600 602/687/601
f 558/659/557 557/656/556 588/685/587 589/688/588
f 572/660/571 571/658/570 602/687/601 603/689/602
f 559/661/558 558/659/557 589/688/588 590/690/589
f 573/662/572 572/660/571 603/689/602 604/691/603
f 560/663/559 559/661/558 590/690/589 591/692/590
f 547/664/546 515/46/514 578/693/577
f 574/665/573 573/662/572 604/691/603 605/694/604
f 561/666/560 560/663/559 591/692/590 592/695/591
f 548/667/547 547/664/546 578/693/577 579/696/578
f 575/668/574 574/665/573 605/694/604 606/697/605
f 562/669/561 561/666/560 592/695/591 593/698/592
f 549/670/548 548/667/547 579/696/578 580/699/579
f 576/671/575 575/668/574 606/697/605 607/700/606
f 563/672/562 562/669/561 593/698/592 594/701/593
f 550/673/549 549/670/548 580/699/579 581/702/580
f 577/674/576 576/671/575 607/700/606 608/703/607
f 564/642/563 563/672/562 594/701/593 595/704/594
f 551/644/550 550/673/549 581/702/580 582/705/581
f 514/68/513 577/674/576 608/703/607
f 565/643/564 564/642/563 595/704/594 596/706/595
f 552/645/551 551/644/550 582/705/581 583/707/582
f 566/646/565 565/643/564 596/706/595 597/675/596
f 553/647/552 552/645/551 583/707/582 584/677/583
f 600/682/599 599/679/598 630/708/629 631/709/630
f 587/683/586 586/681/585 617/710/616 618/711/617
f 601/686/600 600/712/599 631/713/630 632/714/631
f 588/685/587 587/683/586 618/711/617 619/715/618
f 602/687/601 601/686/600 632/714/631 633/716/632
f 589/688/588 588/685/587 619/715/618 620/717/619
f 603/689/602 602/687/601 633/716/632 634/718/633
f 590/690/589 589/688/588 620/717/619 621/719/620
f 604/691/603 603/689/602 634/718/633 635/720/634
f 591/692/590 590/690/589 621/719/620 622/721/621
f 578/693/577 515/46/514 609/722/608
f 605/694/604 604/691/603 635/720/634 636/723/635
f 592/695/591 591/692/590 622/721/621 623/724/622
f 579/696/578 578/693/577 609/722/608 610/725/609
f 606/697/605 605/694/604 636/723/635 637/726/636
f 593/698/592 592/695/591 623/724/622 624/727/623
f 580/699/579 579/696/578 610/725/609 611/728/610
f 607/700/606 606/697/605 637/726/636 638/729/637
f 594/701/593 593/698/592 624/727/623 625/730/624
f 581/702/580 580/699/579 611/728/610 612/731/611
f 608/703/607 607/700/606 638/729/637 639/732/638
f 595/704/594 594/701/593 625/730/624 626/733/625
f 582/705/581 581/702/580 612/731/611 613/734/612
f 514/68/513 608/703/607 639/732/638
f 596/706/595 595/704/594 626/733/625 627/735/626
f 583/707/582 582/705/581 613/734/612 614/736/613
f 597/675/596 596/706/595 627/735/626 628/737/627
f 584/677/583 583/707/582 614/736/613 615/738/614
f 598/676/597 597/675/596 628/737/627 629/739/628
f 585/678/584 584/677/583 615/738/614 616/740/615
f 599/679/598 598/676/597 629/739/628 630/708/629
f 586/681/585 585/680/584 616/741/615 617/710/616
f 633/716/632 632/714/631 663/742/662 664/743/663
f 620/717/619 619/715/618 650/744/649 651/745/650
f 634/718/633 633/716/632 664/743/663 665/746/664
f 621/719/620 620/717/619 651/745/650 652/747/651
f 635/720/634 634/718/633 665/746/664 666/748/665
f 622/721/621 621/719/620 652/747/651 653/749/652
f 609/722/608 515/46/514 640/750/639
f 636/723/635 635/720/634 666/748/665 667/751/666
f 623/724/622 622/721/621 653/749/652 654/752/653
f 610/725/609 609/722/608 640/750/639 641/753/640
f 637/726/636 636/723/635 667/751/666 668/754/667
f 624/727/623 623/724/622 654/752/653 655/755/654
f 611/728/610 610/725/609 641/753/640 642/756/641
f 638/729/637 637/726/636 668/754/667 669/757/668
f 625/730/624 624/727/623 655/755/654 656/758/655
f 612/731/611 611/728/610 642/756/641 643/759/642
f 639/732/638 638/729/637 669/757/668 670/760/669
f 626/733/625 625/730/624 656/758/655 657/761/656
f 613/734/612 612/731/611 643/759/642 644/762/643
f 514/68/513 639/732/638 670/760/669
f 627/735/626 626/733/625 657/761/656 658/763/657
f 614/736/613 613/734/612 644/762/643 645/764/644
f 628/737/627 627/735/626 658/763/657 659/765/658
f 615/738/614 614/736/613 645/764/644 646/766/645
f 629/739/628 628/737/627 659/765/658 660/767/659
f 616/740/615 615/738/614 646/766/645 647/768/646
f 630/708/629 629/739/628 660/767/659 661/769/660
f 617/770/616 616/740/615 647/768/646 648/771/647
f 631/709/630 630/708/629 661/769/660 662/772/661
f 618/711/617 617/710/616 648/773/647 649/774/648
f 632/714/631 631/713/630 662/775/661 663/742/662
f 619/715/618 618/711/617 649/774/648 650/744/649
f 666/748/665 665/746/664 696/776/695 697/777/696
f 653/749/652 652/747/651 683/778/682 684/779/683
f 640/750/639 515/46/514 671/780/670
f 667/751/666 666/748/665 697/777/696 698/781/697
f 654/752/653 653/749/652 684/779/683 685/782/684
f 641/753/640 640/750/639 671/780/670 672/783/671
f 668/754/667 667/751/666 698/781/697 699/784/698
f 655/755/654 654/752/653 685/782/684 686/785/685
f 642/756/641 641/753/640 672/783/671 673/786/672
f 669/757/668 668/754/667 699/784/698 700/787/699
f 656/788/655 655/789/654 686/790/685 687/791/686
f 643/759/642 642/756/641 673/786/672 674/792/673
f 670/760/669 669/757/668 700/787/699 701/793/700
f 657/794/656 656/788/655 687/791/686 688/795/687
f 644/762/643 643/759/642 674/792/673 675/796/674
f 514/68/513 670/760/669 701/793/700
f 658/797/657 657/794/656 688/795/687 689/798/688
f 645/764/644 644/762/643 675/796/674 676/799/675
f 659/800/658 658/797/657 689/798/688 690/801/689
f 646/766/645 645/764/644 676/799/675 677/802/676
f 660/803/659 659/800/658 690/801/689 691/804/690
f 647/768/646 646/766/645 677/802/676 678/805/677
f 661/806/660 660/803/659 691/804/690 692/807/691
f 648/771/647 647/768/646 678/805/677 679/808/678
f 662/775/661 661/809/660 692/810/691 693/811/692
f 649/774/648 648/773/647 679/812/678 680/813/679
f 663/742/662 662/775/661 693/811/692 694/814/693
f 650/744/649 649/774/648 680/813/679 681/815/680
f 664/743/663 663/742/662 694/814/693 695/816/694
f 651/745/650 650/744/649 681/815/680 682/817/681
f 665/746/664 664/743/663 695/816/694 696/776/695
f 652/747/651 651/745/650 682/817/681 683/778/682
f 672/783/671 671/780/670 702/818/701 703/819/702
f 699/784/698 698/781/697 729/820/728 730/821/729
f 686/790/685 685/822/684 716/823/715 717/824/716
f 673/786/672 672/783/671 703/819/702 704/825/703
f 700/787/699 699/784/698 730/821/729 731/826/730
f 687/791/686 686/790/685 717/824/716 718/827/717
f 674/792/673 673/786/672 704/825/703 705/828/704
f 701/793/700 700/787/699 731/826/730 732/829/731
f 688/795/687 687/791/686 718/827/717 719/830/718
f 675/796/674 674/792/673 705/828/704 706/831/705
f 514/68/513 701/793/700 732/829/731
f 689/798/688 688/795/687 719/830/718 720/832/719
f 676/799/675 675/796/674 706/831/705 707/833/706
f 690/801/689 689/798/688 720/832/719 721/834/720
f 677/802/676 676/799/675 707/833/706 708/835/707
f 691/804/690 690/801/689 721/834/720 722/836/721
f 678/805/677 677/802/676 708/835/707 709/837/708
f 692/807/691 691/804/690 722/836/721 723/838/722
f 679/808/678 678/805/677 709/837/708 710/839/709
f 693/840/692 692/807/691 723/838/722 724/841/723
f 680/842/679 679/843/678 710/844/709 711/845/710
f 694/814/693 693/811/692 724/846/723 725/847/724
f 681/848/680 680/842/679 711/845/710 712/849/711
f 695/816/694 694/814/693 725/847/724 726/850/725
f 682/851/681 681/848/680 712/849/711 713/852/712
f 696/776/695 695/816/694 726/850/725 727/853/726
f 683/854/682 682/851/681 713/852/712 714/855/713
f 697/777/696 696/776/695 727/853/726 728/856/727
f 684/857/683 683/854/682 714/855/713 715/858/714
f 671/780/670 515/46/514 702/818/701
f 698/781/697 697/777/696 728/856/727 729/820/728
f 685/822/684 684/857/683 715/858/714 716/823/715
f 705/828/704 704/825/703 735/859/734 736/860/735
f 732/829/731 731/826/730 762/861/761 763/862/762
f 719/830/718 718/827/717 749/863/748 750/864/749
f 706/831/705 705/828/704 736/860/735 737/865/736
f 514/68/513 732/829/731 763/862/762
f 720/832/719 719/830/718 750/864/749 751/866/750
f 707/833/706 706/831/705 737/865/736 738/867/737
f 721/834/720 720/832/719 751/866/750 752/868/751
f 708/835/707 707/833/706 738/867/737 739/869/738
f 722/836/721 721/834/720 752/868/751 753/870/752
f 709/837/708 708/835/707 739/869/738 740/871/739
f 723/838/722 722/836/721 753/870/752 754/872/753
f 710/839/709 709/837/708 740/871/739 741/873/740
f 724/841/723 723/838/722 754/872/753 755/874/754
f 711/845/710 710/844/709 741/875/740 742/876/741
f 725/877/724 724/841/723 755/874/754 756/878/755
f 712/849/711 711/845/710 742/876/741 743/879/742
f 726/850/725 725/847/724 756/880/755 757/881/756
f 713/852/712 712/849/711 743/879/742 744/882/743
f 727/853/726 726/850/725 757/881/756 758/883/757
f 714/855/713 713/852/712 744/882/743 745/884/744
f 728/856/727 727/853/726 758/883/757 759/885/758
f 715/858/714 714/855/713 745/884/744 746/886/745
f 702/818/701 515/46/514 733/887/732
f 729/820/728 728/856/727 759/885/758 760/888/759
f 716/823/715 715/858/714 746/886/745 747/889/746
f 703/819/702 702/818/701 733/887/732 734/890/733
f 730/821/729 729/820/728 760/888/759 761/891/760
f 717/824/716 716/823/715 747/889/746 748/892/747
f 704/825/703 703/819/702 734/890/733 735/859/734
f 731/826/730 730/821/729 761/891/760 762/861/761
f 718/827/717 717/824/716 748/892/747 749/863/748
f 738/867/737 737/865/736 768/893/767 769/894/768
f 752/868/751 751/866/750 782/895/781 783/896/782
f 739/869/738 738/867/737 769/894/768 770/897/769
f 753/870/752 752/868/751 783/896/782 784/898/783
f 740/871/739 739/869/738 770/897/769 771/899/770
f 754/872/753 753/870/752 784/898/783 785/900/784
f 741/875/740 740/901/739 771/902/770 772/903/771
f 755/874/754 754/872/753 785/900/784 786/904/785
f 742/876/741 741/875/740 772/903/771 773/905/772
f 756/878/755 755/874/754 786/904/785 787/906/786
f 743/879/742 742/876/741 773/905/772 774/907/773
f 757/881/756 756/880/755 787/908/786 788/909/787
f 744/882/743 743/879/742 774/907/773 775/910/774
f 758/883/757 757/881/756 788/909/787 789/911/788
f 745/884/744 744/882/743 775/910/774 776/912/775
f 759/885/758 758/883/757 789/911/788 790/913/789
f 746/886/745 745/884/744 776/912/775 777/914/776
f 733/887/732 515/46/514 764/915/763
f 760/888/759 759/885/758 790/913/789 791/916/790
f 747/889/746 746/886/745 777/914/776 778/917/777
f 734/890/733 733/887/732 764/915/763 765/918/764
f 761/891/760 760/888/759 791/916/790 792/919/791
f 748/892/747 747/889/746 778/917/777 779/920/778
f 735/859/734 734/890/733 765/918/764 766/921/765
f 762/861/761 761/891/760 792/919/791 793/922/792
f 749/863/748 748/892/747 779/920/778 780/923/779
f 736/860/735 735/859/734 766/921/765 767/924/766
f 763/862/762 762/861/761 793/922/792 794/925/793
f 750/864/749 749/863/748 780/923/779 781/926/780
f 737/865/736 736/860/735 767/924/766 768/893/767
f 514/68/513 763/862/762 794/925/793
f 751/866/750 750/864/749 781/926/780 782/895/781
f 771/899/770 770/897/769 801/927/800 802/928/801
f 785/900/784 784/898/783 815/929/814 816/930/815
f 772/903/771 771/902/770 802/931/801 803/932/802
f 786/904/785 785/900/784 816/930/815 817/933/816
f 773/905/772 772/903/771 803/932/802 804/934/803
f 787/906/786 786/904/785 817/933/816 818/935/817
f 774/907/773 773/905/772 804/934/803 805/936/804
f 788/909/787 787/908/786 818/937/817 819/938/818
f 775/910/774 774/907/773 805/936/804 806/939/805
f 789/911/788 788/909/787 819/938/818 820/940/819
f 776/912/775 775/910/774 806/939/805 807/941/806
f 790/913/789 789/911/788 820/940/819 821/942/820
f 777/914/776 776/912/775 807/941/806 808/943/807
f 764/915/763 515/46/514 795/944/794
f 791/916/790 790/913/789 821/942/820 822/945/821
f 778/917/777 777/914/776 808/943/807 809/946/808
f 765/918/764 764/915/763 795/944/794 796/947/795
f 792/919/791 791/916/790 822/945/821 823/948/822
f 779/920/778 778/917/777 809/946/808 810/949/809
f 766/921/765 765/918/764 796/947/795 797/950/796
f 793/922/792 792/919/791 823/948/822 824/951/823
f 780/923/779 779/920/778 810/949/809 811/952/810
f 767/924/766 766/921/765 797/950/796 798/953/797
f 794/925/793 793/922/792 824/951/823 825/954/824
f 781/926/780 780/923/779 811/952/810 812/955/811
f 768/893/767 767/924/766 798/953/797 799/956/798
f 514/68/513 794/925/793 825/954/824
f 782/895/781 781/926/780 812/955/811 813/957/812
f 769/894/768 768/893/767 799/956/798 800/958/799
f 783/896/782 782/895/781 813/957/812 814/959/813
f 770/897/769 769/894/768 800/958/799 801/927/800
f 784/898/783 783/896/782 814/959/813 815/929/814
f 800/958/799 799/956/798 830/960/829 831/961/830
f 814/959/813 813/957/812 844/962/843 845/963/844
f 801/927/800 800/958/799 831/961/830 832/964/831
f 815/929/814 814/959/813 845/963/844 846/965/845
f 802/928/801 801/927/800 832/964/831 833/966/832
f 816/930/815 815/929/814 846/965/845 847/967/846
f 803/932/802 802/931/801 833/968/832 834/969/833
f 817/933/816 816/930/815 847/967/846 848/970/847
f 804/934/803 803/932/802 834/969/833 835/971/834
f 818/935/817 817/933/816 848/970/847 849/972/848
f 805/936/804 804/934/803 835/971/834 836/973/835
f 819/938/818 818/937/817 849/974/848 850/975/849
f 806/939/805 805/936/804 836/973/835 837/976/836
f 820/940/819 819/938/818 850/975/849 851/977/850
f 807/941/806 806/939/805 837/976/836 838/978/837
f 821/942/820 820/940/819 851/977/850 852/979/851
f 808/943/807 807/941/806 838/978/837 839/980/838
f 795/944/794 515/46/514 826/981/825
f 822/945/821 821/942/820 852/979/851 853/982/852
f 809/946/808 808/943/807 839/980/838 840/983/839
f 796/947/795 795/944/794 826/981/825 827/984/826
f 823/948/822 822/945/821 853/982/852 854/985/853
f 810/949/809 809/946/808 840/983/839 841/986/840
f 797/950/796 796/947/795 827/984/826 828/987/827
f 824/951/823 823/948/822 854/985/853 855/988/854
f 811/952/810 810/949/809 841/986/840 842/989/841
f 798/953/797 797/950/796 828/987/827 829/990/828
f 825/954/824 824/951/823 855/988/854 856/991/855
f 812/955/811 811/952/810 842/989/841 843/992/842
f 799/956/798 798/953/797 829/990/828 830/960/829
f 514/68/513 825/954/824 856/991/855
f 813/957/812 812/955/811 843/992/842 844/962/843
f 833/966/832 832/964/831 863/993/862 864/994/863
f 847/967/846 846/965/845 877/995/876 878/996/877
f 834/997/833 833/966/832 864/994/863 865/998/864
f 848/970/847 847/967/846 878/996/877 879/999/878
f 835/971/834 834/969/833 865/1000/864 866/1001/865
f 849/972/848 848/970/847 879/999/878 880/1002/879
f 836/973/835 835/971/834 866/1001/865 867/1003/866
f 850/975/849 849/974/848 880/1004/879 881/1005/880
f 837/976/836 836/973/835 867/1003/866 868/1006/867
f 851/977/850 850/975/849 881/1005/880 882/1007/881
f 838/978/837 837/976/836 868/1006/867 869/1008/868
f 852/979/851 851/977/850 882/1007/881 883/1009/882
f 839/980/838 838/978/837 869/1008/868 870/1010/869
f 826/981/825 515/46/514 857/1011/856
f 853/982/852 852/979/851 883/1009/882 884/1012/883
f 840/983/839 839/980/838 870/1010/869 871/1013/870
f 827/984/826 826/981/825 857/1011/856 858/1014/857
f 854/985/853 853/982/852 884/1012/883 885/1015/884
f 841/986/840 840/983/839 871/1013/870 872/1016/871
f 828/987/827 827/984/826 858/1014/857 859/1017/858
f 855/988/854 854/985/853 885/1015/884 886/1018/885
f 842/989/841 841/986/840 872/1016/871 873/1019/872
f 829/990/828 828/987/827 859/1017/858 860/1020/859
f 856/991/855 855/988/854 886/1018/885 887/1021/886
f 843/992/842 842/989/841 873/1019/872 874/1022/873
f 830/960/829 829/990/828 860/1020/859 861/1023/860
f 514/68/513 856/991/855 887/1021/886
f 844/962/843 843/992/842 874/1022/873 875/1024/874
f 831/961/830 830/960/829 861/1023/860 862/1025/861
f 845/963/844 844/962/843 875/1024/874 876/1026/875
f 832/964/831 831/961/830 862/1025/861 863/993/862
f 846/965/845 845/963/844 876/1026/875 877/995/876
f 866/1001/865 865/1000/864 896/1027/895 897/1028/896
f 880/1004/879 879/1029/878 910/1030/909 911/1031/910
f 867/1003/866 866/1001/865 897/1028/896 898/1032/897
f 881/1005/880 880/1004/879 911/1031/910 912/1033/911
f 868/1006/867 867/1003/866 898/1032/897 899/1034/898
f 882/1007/881 881/1005/880 912/1033/911 913/1035/912
f 869/1008/868 868/1006/867 899/1034/898 900/1036/899
f 883/1009/882 882/1007/881 913/1035/912 914/1037/913
f 870/1010/869 869/1008/868 900/1036/899 901/1038/900
f 857/1011/856 515/46/514 888/1039/887
f 884/1012/883 883/1009/882 914/1037/913 915/1040/914
f 871/1013/870 870/1010/869 901/1038/900 902/1041/901
f 858/1014/857 857/1011/856 888/1039/887 889/1042/888
f 885/1015/884 884/1012/883 915/1040/914 916/1043/915
f 872/1016/871 871/1013/870 902/1041/901 903/1044/902
f 859/1017/858 858/1014/857 889/1042/888 890/1045/889
f 886/1018/885 885/1015/884 916/1043/915 917/1046/916
f 873/1019/872 872/1016/871 903/1044/902 904/1047/903
f 860/1020/859 859/1017/858 890/1045/889 891/1048/890
f 887/1021/886 886/1018/885 917/1046/916 918/1049/917
f 874/1022/873 873/1019/872 904/1047/903 905/1050/904
f 861/1023/860 860/1020/859 891/1048/890 892/1051/891
f 514/68/513 887/1021/886 918/1049/917
f 875/1024/874 874/1022/873 905/1050/904 906/1052/905
f 862/1025/861 861/1023/860 892/1051/891 893/1053/892
f 876/1026/875 875/1024/874 906/1052/905 907/1054/906
f 863/993/862 862/1025/861 893/1053/892 894/1055/893
f 877/995/876 876/1026/875 907/1054/906 908/1056/907
f 864/994/863 863/993/862 894/1055/893 895/1057/894
f 878/996/877 877/995/876 908/1056/907 909/1058/908
f 865/998/864 864/994/863 895/1057/894 896/1059/895
f 879/999/878 878/996/877 909/1058/908 910/1060/909
f 899/1061/898 898/1062/897 929/1063/928 930/1064/929
f 913/1035/912 912/1033/911 943/1065/942 944/1066/943
f 900/1067/899 899/1061/898 930/1064/929 931/1068/930
f 914/1037/913 913/1035/912 944/1066/943 945/1069/944
f 901/1070/900 900/1067/899 931/1068/930 932/1071/931
f 888/1039/887 515/46/514 919/1072/918
f 915/1040/914 914/1037/913 945/1069/944 946/1073/945
f 902/1074/901 901/1070/900 932/1071/931 933/1075/932
f 889/1042/888 888/1039/887 919/1072/918 920/1076/919
f 916/1043/915 915/1040/914 946/1073/945 947/1077/946
f 903/1078/902 902/1074/901 933/1075/932 934/1079/933
f 890/1045/889 889/1042/888 920/1076/919 921/1080/920
f 917/1046/916 916/1043/915 947/1077/946 948/1081/947
f 904/1082/903 903/1078/902 934/1079/933 935/1083/934
f 891/1048/890 890/1045/889 921/1080/920 922/1084/921
f 918/1049/917 917/1046/916 948/1081/947 949/1085/948
f 905/1086/904 904/1082/903 935/1083/934 936/1087/935
f 892/1051/891 891/1048/890 922/1084/921 923/1088/922
f 514/68/513 918/1049/917 949/1085/948
f 906/1089/905 905/1086/904 936/1087/935 937/1090/936
f 893/1053/892 892/1051/891 923/1088/922 924/1091/923
f 907/1092/906 906/1089/905 937/1090/936 938/1093/937
f 894/1055/893 893/1053/892 924/1091/923 925/1094/924
f 908/1095/907 907/1092/906 938/1093/937 939/1096/938
f 895/1057/894 894/1055/893 925/1094/924 926/1097/925
f 909/1098/908 908/1095/907 939/1096/938 940/1099/939
f 896/1059/895 895/1057/894 926/1097/925 927/1100/926
f 910/1101/909 909/1098/908 940/1099/939 941/1102/940
f 897/1103/896 896/1059/895 927/1100/926 928/1104/927
f 911/1031/910 910/1030/909 941/1105/940 942/1106/941
f 898/1062/897 897/1107/896 928/1108/927 929/1063/928
f 912/1033/911 911/1031/910 942/1106/941 943/1065/942
f 932/1071/931 931/1068/930 962/1109/961 963/1110/962
f 919/1072/918 515/46/514 950/1111/949
f 946/1073/945 945/1069/944 976/1112/975 977/1113/976
f 933/1075/932 932/1071/931 963/1110/962 964/1114/963
f 920/1076/919 919/1072/918 950/1111/949 951/1115/950
f 947/1077/946 946/1073/945 977/1113/976 978/1116/977
f 934/1079/933 933/1075/932 964/1114/963 965/1117/964
f 921/1080/920 920/1076/919 951/1115/950 952/1118/951
f 948/1081/947 947/1077/946 978/1116/977 979/1119/978
f 935/1083/934 934/1079/933 965/1117/964 966/1120/965
f 922/1084/921 921/1080/920 952/1118/951 953/1121/952
f 949/1085/948 948/1081/947 979/1119/978 980/1122/979
f 936/1087/935 935/1083/934 966/1120/965 967/1123/966
f 923/1088/922 922/1084/921 953/1121/952 954/1124/953
f 514/68/513 949/1085/948 980/1122/979
f 937/1090/936 936/1087/935 967/1123/966 968/1125/967
f 924/1091/923 923/1088/922 954/1124/953 955/1126/954
f 938/1093/937 937/1090/936 968/1125/967 969/1127/968
f 925/1094/924 924/1091/923 955/1126/954 956/1128/955
f 939/1096/938 938/1093/937 969/1127/968 970/1129/969
f 926/1097/925 925/1094/924 956/1128/955 957/1130/956
f 940/1099/939 939/1096/938 970/1129/969 971/1131/970
f 927/1100/926 926/1097/925 957/1130/956 958/1132/957
f 941/1102/940 940/1099/939 971/1131/970 972/1133/971
f 928/1108/927 927/1134/926 958/1135/957 959/1136/958
f 942/1106/941 941/1105/940 972/1137/971 973/1138/972
f 929/1063/928 928/1108/927 959/1136/958 960/1139/959
f 943/1065/942 942/1106/941 973/1138/972 974/1140/973
f 930/1064/929 929/1063/928 960/1139/959 961/1141/960
f 944/1066/943 943/1065/942 974/1140/973 975/1142/974
f 931/1068/930 930/1064/929 961/1141/960 962/1109/961
f 945/1069/944 944/1066/943 975/1142/974 976/1112/975
f 965/1117/964 964/1114/963 7/50/6 990/56/989
f 952/1118/951 951/1115/950 982/52/981 983/58/982
f 979/1119/978 978/1116/977 995/54/994 16/60/15
f 966/1120/965 965/1117/964 990/56/989 8/62/7
f 953/1121/952 952/1118/951 983/58/982 984/64/983
f 980/1122/979 979/1119/978 16/60/15 17/66/16
f 967/1123/966 966/1120/965 8/62/7 9/2/8
f 954/1124/953 953/1121/952 984/64/983 985/6/984
f 514/68/513 980/1122/979 17/66/16
f 968/1125/967 967/1123/966 9/2/8 991/1/990
f 955/1126/954 954/1124/953 985/6/984 986/5/985
f 969/1127/968 968/1125/967 991/1/990 992/9/991
f 956/1128/955 955/1126/954 986/5/985 2/11/1
f 970/1129/969 969/1127/968 992/9/991 10/13/9
f 957/1130/956 956/1128/955 2/11/1 987/15/986
f 971/1131/970 970/1129/969 10/13/9 11/17/10
f 958/1132/957 957/1130/956 987/15/986 3/1143/2
f 972/1133/971 971/1131/970 11/17/10 12/23/11
f 959/1136/958 958/1135/957 3/19/2 988/25/987
f 973/1144/972 972/1133/971 12/23/11 993/27/992
f 960/1139/959 959/1136/958 988/25/987 989/29/988
f 974/1140/973 973/1138/972 993/32/992 13/31/12
f 961/1141/960 960/1139/959 989/29/988 4/35/3
f 975/1142/974 974/1140/973 13/31/12 14/37/13
f 962/1109/961 961/1141/960 4/35/3 5/39/4
f 976/1112/975 975/1142/974 14/37/13 15/41/14
f 963/1110/962 962/1109/961 5/39/4 6/43/5
f 950/1111/949 515/46/514 981/45/980
f 977/1113/976 976/1112/975 15/41/14 994/48/993
f 964/1114/963 963/1110/962 6/43/5 7/50/6
f 951/1115/950 950/1111/949 981/45/980 982/52/981
f 978/1116/977 977/1113/976 994/48/993 995/54/994
o Carbon_mesh
v -0.256071 -0.063571 0.133429
v 0.071429 0.185929 -0.391071
o Carbon_ball
v -0.256071 0.639868 -0.443869
v -0.256071 0.513726 -0.570011
v -0.256071 0.284670 -0.707302
v -0.256071 0.200588 -0.737387
v -0.256071 0.113961 -0.759086
v -0.256071 0.025624 -0.772189
v -0.256071 -0.152767 -0.772189
v -0.256071 -0.241104 -0.759086
v -0.256071 -0.492543 -0.669120
v -0.256071 -0.569140 -0.623209
v -0.256071 -0.640869 -0.570011
v -0.256071 -0.767011 -0.443869
v -0.256071 -0.820209 -0.372140
v -0.256071 -0.866120 -0.295542
v -0.256071 -0.956086 -0.044104
v -0.256071 -0.969190 0.044233
v -0.238670 0.842047 0.045947
v -0.221437 0.828943 -0.040692
v -0.204537 0.807244 -0.125655
v -0.188133 0.777159 -0.208122
v -0.172383 0.738977 -0.287300
v -0.157440 0.693066 -0.362426
v -0.143446 0.639868 -0.432777
v -0.130537 0.579896 -0.497674
v -0.118837 0.513726 -0.556494
v -0.108459 0.441997 -0.608670
v -0.099502 0.365400 -0.653699
v -0.092053 0.284670 -0.691147
v -0.086184 0.200588 -0.720655
v -0.081950 0.113961 -0.741937
v -0.079394 0.025624 -0.754788
v -0.078539 -0.063571 -0.759086
v -0.079394 -0.152767 -0.754788
v -0.081950 -0.241104 -0.741937
v -0.086184 -0.327731 -0.720655
v -0.092053 -0.411813 -0.691147
v -0.099502 -0.492543 -0.653699
v -0.108459 -0.569140 -0.608670
v -0.118837 -0.640869 -0.556494
v -0.130537 -0.707039 -0.497674
v -0.143446 -0.767011 -0.432777
v -0.157440 -0.820209 -0.362426
v -0.172383 -0.866120 -0.287300
v -0.188133 -0.904302 -0.208122
v -0.204537 -0.934387 -0.125655
v -0.221437 -0.956086 -0.040692
v -0.238670 -0.969190 0.045947
v -0.221938 0.842047 0.051023
v -0.188133 0.828943 -0.030590
v -0.154982 0.807244 -0.110623
v -0.122805 0.777159 -0.188305
v -0.091911 0.738977 -0.262889
v -0.062599 0.693066 -0.333656
v -0.035149 0.639868 -0.399925
v -0.009827 0.579896 -0.461057
v 0.013123 0.513726 -0.516465
v 0.033481 0.441997 -0.565613
v 0.051051 0.365400 -0.608029
v 0.065662 0.284670 -0.643305
v 0.077175 0.200588 -0.671100
v 0.085479 0.113961 -0.691147
v 0.090494 0.025624 -0.703253
v 0.092170 -0.063571 -0.707302
v 0.090494 -0.152767 -0.703253
v 0.085479 -0.241104 -0.691147
v 0.077175 -0.327731 -0.671100
v 0.065662 -0.411813 -0.643305
v 0.051051 -0.492543 -0.608029
v 0.033481 -0.569140 -0.565613
v 0.013123 -0.640869 -0.516465
v -0.009827 -0.707039 -0.461057
v -0.035149 -0.767011 -0.399925
v -0.062599 -0.820209 -0.333656
v -0.091911 -0.866120 -0.262889
v -0.122805 -0.904302 -0.188305
v -0.154982 -0.934387 -0.110623
v -0.188133 -0.956086 -0.030590
v -0.221938 -0.969190 0.051023
v -0.206517 0.842047 0.059265
v -0.157440 0.828943 -0.014184
v -0.109313 0.807244 -0.086212
v -0.062599 0.777159 -0.156124
v -0.017748 0.738977 -0.223248
v 0.024808 0.693066 -0.286936
v 0.064658 0.639868 -0.346577
v 0.101420 0.579896 -0.401595
v 0.134739 0.513726 -0.451460
v 0.164294 0.441997 -0.495692
v 0.189800 0.365400 -0.533866
v 0.211013 0.284670 -0.565613
v 0.227728 0.200588 -0.590628
v 0.239783 0.113961 -0.608670
v 0.247063 0.025624 -0.619565
v 0.249497 -0.063571 -0.623209
v 0.247063 -0.152767 -0.619565
v 0.239783 -0.241104 -0.608670
v 0.227728 -0.327731 -0.590628
v 0.211013 -0.411813 -0.565613
v 0.189800 -0.492543 -0.533866
v 0.164294 -0.569140 -0.495692
v 0.134739 -0.640869 -0.451460
v 0.101420 -0.707039 -0.401595
v 0.064658 -0.767011 -0.346577
v 0.024808 -0.820209 -0.286936
v -0.017748 -0.866120 -0.223248
v -0.062599 -0.904302 -0.156124
v -0.109313 -0.934387 -0.086212
v -0.157440 -0.956086 -0.014184
v -0.206517 -0.969190 0.059265
v -0.193001 0.842047 0.070358
v -0.130537 0.828943 0.007894
v -0.069283 0.807244 -0.053360
v -0.009827 0.777159 -0.112816
v 0.047257 0.738977 -0.169900
v 0.101420 0.693066 -0.224063
v 0.152140 0.639868 -0.274783
v 0.198929 0.579896 -0.321571
v 0.241335 0.513726 -0.363978
v 0.278952 0.441997 -0.401595
v 0.311416 0.365400 -0.434059
v 0.338415 0.284670 -0.461057
v 0.359688 0.200588 -0.482331
v 0.375032 0.113961 -0.497674
v 0.384297 0.025624 -0.506940
v 0.387396 -0.063571 -0.510038
v 0.384297 -0.152767 -0.506940
v 0.375032 -0.241104 -0.497674
v 0.359688 -0.327731 -0.482331
v 0.338415 -0.411813 -0.461057
v 0.311416 -0.492543 -0.434059
v 0.278952 -0.569140 -0.401595
v 0.241335 -0.640869 -0.363978
v 0.198929 -0.707039 -0.321571
v 0.152140 -0.767011 -0.274783
v 0.101420 -0.820209 -0.224063
v 0.047257 -0.866120 -0.169900
v -0.009827 -0.904302 -0.112816
v -0.069283 -0.934387 -0.053360
v -0.130537 -0.956086 0.007894
v -0.193001 -0.969190 0.070358
v -0.181908 0.842047 0.083874
v -0.108459 0.828943 0.034797
v -0.036431 0.807244 -0.013330
v 0.033481 0.777159 -0.060044
v 0.100605 0.738977 -0.104895
v 0.164294 0.693066 -0.147450
v 0.223934 0.639868 -0.187301
v 0.278952 0.579896 -0.224063
v 0.328817 0.513726 -0.257381
v 0.373049 0.441997 -0.286936
v 0.411223 0.365400 -0.312443
v 0.442970 0.284670 -0.333656
v 0.467985 0.200588 -0.350371
v 0.486027 0.113961 -0.362426
v 0.496922 0.025624 -0.369706
v 0.500566 -0.063571 -0.372140
v 0.496922 -0.152767 -0.369706
v 0.486027 -0.241104 -0.362426
v 0.467985 -0.327731 -0.350371
v 0.442970 -0.411813 -0.333656
v 0.411223 -0.492543 -0.312443
v 0.373049 -0.569140 -0.286936
v 0.328817 -0.640869 -0.257381
v 0.278952 -0.707039 -0.224063
v 0.223934 -0.767011 -0.187301
v 0.164294 -0.820209 -0.147450
v 0.100605 -0.866120 -0.104895
v 0.033481 -0.904302 -0.060044
v -0.036431 -0.934387 -0.013330
v -0.108459 -0.956086 0.034797
v -0.181908 -0.969190 0.083874
v -0.173665 0.842047 0.099295
v -0.092053 0.828943 0.065490
v -0.012020 0.807244 0.032339
v 0.065662 0.777159 0.000162
v 0.140246 0.738977 -0.030731
v 0.211013 0.693066 -0.060044
v 0.277282 0.639868 -0.087494
v 0.338415 0.579896 -0.112816
v 0.393822 0.513726 -0.135766
v 0.442970 0.441997 -0.156124
v 0.485386 0.365400 -0.173693
v 0.520662 0.284670 -0.188305
v 0.548457 0.200588 -0.199818
v 0.568504 0.113961 -0.208122
v 0.580610 0.025624 -0.213136
v 0.584659 -0.063571 -0.214813
v 0.580610 -0.152767 -0.213136
v 0.568504 -0.241104 -0.208122
v 0.548457 -0.327731 -0.199818
v 0.520662 -0.411813 -0.188305
v 0.485386 -0.492543 -0.173693
v 0.442970 -0.569140 -0.156124
v 0.393822 -0.640869 -0.135766
v 0.338415 -0.707039 -0.112816
v 0.277282 -0.767011 -0.087494
v 0.211013 -0.820209 -0.060044
v 0.140246 -0.866120 -0.030731
v 0.065662 -0.904302 0.000162
v -0.012020 -0.934387 0.032339
v -0.092053 -0.956086 0.065490
v -0.173665 -0.969190 0.099295
v -0.168590 0.842047 0.116027
v -0.081951 0.828943 0.098794
v 0.003012 0.807244 0.081894
v 0.085479 0.777159 0.065490
v 0.164657 0.738977 0.049741
v 0.239783 0.693066 0.034797
v 0.310134 0.639868 0.020803
v 0.375032 0.579896 0.007894
v 0.433852 0.513726 -0.003806
v 0.486027 0.441997 -0.014184
v 0.531056 0.365400 -0.023141
v 0.568504 0.284670 -0.030590
v 0.598012 0.200588 -0.036459
v 0.619294 0.113961 -0.040692
v 0.632145 0.025624 -0.043249
v 0.636443 -0.063571 -0.044103
v 0.632145 -0.152767 -0.043249
v 0.619294 -0.241104 -0.040692
v 0.598012 -0.327731 -0.036459
v 0.568504 -0.411813 -0.030590
v 0.531056 -0.492543 -0.023141
v 0.486027 -0.569140 -0.014184
v 0.433852 -0.640869 -0.003806
v 0.375032 -0.707039 0.007894
v 0.310134 -0.767011 0.020803
v 0.239783 -0.820209 0.034797
v 0.164657 -0.866120 0.049741
v 0.085479 -0.904302 0.065490
v 0.003012 -0.934387 0.081894
v -0.081951 -0.956086 0.098794
v -0.168590 -0.969190 0.116027
v -0.166876 0.842047 0.133429
v -0.078539 0.828943 0.133429
v 0.008087 0.807244 0.133429
v 0.092170 0.777159 0.133429
v 0.172899 0.738977 0.133429
v 0.249497 0.693066 0.133429
v 0.321226 0.639868 0.133429
v 0.387396 0.579896 0.133429
v 0.447368 0.513726 0.133429
v 0.500566 0.441997 0.133429
v 0.546477 0.365400 0.133429
v 0.584659 0.284670 0.133429
v 0.614744 0.200588 0.133429
v 0.636443 0.113961 0.133429
v 0.649546 0.025624 0.133429
v 0.653928 -0.063571 0.133429
v 0.649546 -0.152767 0.133429
v 0.636443 -0.241104 0.133429
v 0.614744 -0.327731 0.133429
v 0.584659 -0.411813 0.133429
v 0.546477 -0.492543 0.133429
v 0.500566 -0.569140 0.133429
v 0.447368 -0.640869 0.133429
v 0.387396 -0.707039 0.133429
v 0.321226 -0.767011 0.133429
v 0.249497 -0.820209 0.133429
v 0.172899 -0.866120 0.133429
v 0.092170 -0.904302 0.133429
v 0.008087 -0.934387 0.133429
v -0.078539 -0.956086 0.133429
v -0.166876 -0.969190 0.133429
v -0.168590 0.842047 0.150830
v -0.081951 0.828943 0.168063
v 0.003012 0.807244 0.184964
v 0.085479 0.777159 0.201367
v 0.164657 0.738977 0.217117
v 0.239783 0.693066 0.232060
v 0.310134 0.639868 0.246054
v 0.375032 0.579896 0.258963
v 0.433852 0.513726 0.270663
v 0.486027 0.441997 0.281041
v 0.531056 0.365400 0.289998
v 0.568504 0.284670 0.297447
v 0.598012 0.200588 0.303316
v 0.619294 0.113961 0.307550
v 0.632145 0.025624 0.310106
v 0.636443 -0.063571 0.310961
v 0.632145 -0.152767 0.310106
v 0.619294 -0.241104 0.307550
v 0.598012 -0.327731 0.303316
v 0.568504 -0.411813 0.297447
v 0.531056 -0.492543 0.289998
v 0.486027 -0.569140 0.281041
v 0.433852 -0.640869 0.270663
v 0.375032 -0.707039 0.258963
v 0.310134 -0.767011 0.246054
v 0.239783 -0.820209 0.232060
v 0.164657 -0.866120 0.217117
v 0.085479 -0.904302 0.201367
v 0.003012 -0.934387 0.184964
v -0.081951 -0.956086 0.168063
v -0.168590 -0.969190 0.150830
v -0.173665 0.842047 0.167562
v -0.092053 0.828943 0.201367
v -0.012020 0.807244 0.234518
v 0.065662 0.777159 0.266695
v 0.140246 0.738977 0.297589
v 0.211013 0.693066 0.326901
v 0.277282 0.639868 0.354351
v 0.338415 0.579896 0.379673
v 0.393822 0.513726 0.402623
v 0.442970 0.441997 0.422981
v 0.485386 0.365400 0.440551
v 0.520662 0.284670 0.455162
v 0.548457 0.200588 0.466675
v 0.568504 0.113961 0.474979
v 0.580610 0.025624 0.479994
v 0.584659 -0.063571 0.481671
v 0.580610 -0.152767 0.479994
v 0.568504 -0.241104 0.474979
v 0.548457 -0.327731 0.466675
v 0.520662 -0.411813 0.455162
v 0.485386 -0.492543 0.440551
v 0.442970 -0.569140 0.422981
v 0.393822 -0.640869 0.402623
v 0.338415 -0.707039 0.379673
v 0.277282 -0.767011 0.354351
v 0.211013 -0.820209 0.326901
v 0.140246 -0.866120 0.297589
v 0.065662 -0.904302 0.266695
v -0.012020 -0.934387 0.234518
v -0.092053 -0.956086 0.201367
v -0.173665 -0.969190 0.167562
v -0.181908 0.842047 0.182983
v -0.108459 0.828943 0.232060
v -0.036431 0.807244 0.280187
v 0.033481 0.777159 0.326901
v 0.100605 0.738977 0.371752
v 0.164294 0.693066 0.414308
v 0.223934 0.639868 0.454158
v 0.278952 0.579896 0.490920
v 0.328817 0.513726 0.524239
v 0.373049 0.441997 0.553794
v 0.411223 0.365400 0.579301
v 0.442970 0.284670 0.600513
v 0.467985 0.200588 0.617228
v 0.486027 0.113961 0.629283
v 0.496922 0.025624 0.636563
v 0.500565 -0.063571 0.638997
v 0.496922 -0.152767 0.636563
v 0.486027 -0.241104 0.629283
v 0.467985 -0.327731 0.617228
v 0.442970 -0.411813 0.600513
v 0.411223 -0.492543 0.579301
v 0.373049 -0.569140 0.553794
v 0.328817 -0.640869 0.524239
v 0.278952 -0.707039 0.490920
v 0.223934 -0.767011 0.454158
v 0.164294 -0.820209 0.414308
v 0.100605 -0.866120 0.371752
v 0.033481 -0.904302 0.326901
v -0.036431 -0.934387 0.280187
v -0.108459 -0.956086 0.232060
v -0.181908 -0.969190 0.182983
v -0.193001 0.842047 0.196499
v -0.130537 0.828943 0.258963
v -0.069283 0.807244 0.320217
v -0.009827 0.777159 0.379673
v 0.047257 0.738977 0.436757
v 0.101420 0.693066 0.490920
v 0.152140 0.639868 0.541640
v 0.198929 0.579896 0.588429
v 0.241335 0.513726 0.630836
v 0.278952 0.441997 0.668452
v 0.311416 0.365400 0.700916
v 0.338415 0.284670 0.727915
v 0.359688 0.200588 0.749188
v 0.375032 0.113961 0.764532
v 0.384297 0.025624 0.773797
v 0.387395 -0.063571 0.776896
v 0.384297 -0.152767 0.773797
v 0.375032 -0.241104 0.764532
v 0.359688 -0.327731 0.749188
v 0.338415 -0.411813 0.727915
v 0.311416 -0.492543 0.700916
v 0.278952 -0.569140 0.668452
v 0.241335 -0.640869 0.630836
v 0.198929 -0.707039 0.588429
v 0.152140 -0.767011 0.541640
v 0.101420 -0.820209 0.490920
v 0.047257 -0.866120 0.436757
v -0.009827 -0.904302 0.379673
v -0.069283 -0.934387 0.320217
v -0.130537 -0.956086 0.258963
v -0.193001 -0.969190 0.196499
v -0.206517 0.842047 0.207592
v -0.157440 0.828943 0.281041
v -0.109313 0.807244 0.353069
v -0.062599 0.777159 0.422981
v -0.017748 0.738977 0.490105
v 0.024807 0.693066 0.553794
v 0.064658 0.639868 0.613434
v 0.101420 0.579896 0.668452
v 0.134738 0.513726 0.718317
v 0.164294 0.441997 0.762549
v 0.189800 0.365400 0.800723
v 0.211013 0.284670 0.832470
v 0.227728 0.200588 0.857485
v 0.239783 0.113961 0.875527
v 0.247063 0.025624 0.886422
v 0.249497 -0.063571 0.890066
v 0.247063 -0.152767 0.886422
v 0.239783 -0.241104 0.875527
v 0.227728 -0.327731 0.857485
v 0.211013 -0.411813 0.832470
v 0.189800 -0.492543 0.800723
v 0.164294 -0.569140 0.762549
v 0.134738 -0.640869 0.718317
v 0.101420 -0.707039 0.668452
v 0.064658 -0.767011 0.613434
v 0.024807 -0.820209 0.553794
v -0.017748 -0.866120 0.490105
v -0.062599 -0.904302 0.422981
v -0.109313 -0.934387 0.353069
v -0.157440 -0.956086 0.281041
v -0.206517 -0.969190 0.207592
v -0.221938 0.842047 0.215835
v -0.188133 0.828943 0.297447
v -0.154982 0.807244 0.377480
v -0.122805 0.777159 0.455162
v -0.091911 0.738977 0.529746
v -0.062599 0.693066 0.600513
v -0.035149 0.639868 0.666782
v -0.009827 0.579896 0.727915
v 0.013123 0.513726 0.783322
v 0.033481 0.441997 0.832470
v 0.051050 0.365400 0.874886
v 0.065662 0.284670 0.910162
v 0.077175 0.200588 0.937957
v 0.085479 0.113961 0.958004
v 0.090493 0.025624 0.970110
v 0.092170 -0.063571 0.974159
v 0.090493 -0.152767 0.970110
v 0.085479 -0.241104 0.958004
v 0.077175 -0.327731 0.937957
v 0.065662 -0.411813 0.910162
v 0.051050 -0.492543 0.874886
v 0.033481 -0.569140 0.832470
v 0.013123 -0.640869 0.783322
v -0.009827 -0.707039 0.727915
v -0.035149 -0.767011 0.666782
v -0.062599 -0.820209 0.600513
v -0.091911 -0.866120 0.529746
v -0.122805 -0.904302 0.455162
v -0.154982 -0.934387 0.377480
v -0.188133 -0.956086 0.297447
v -0.221938 -0.969190 0.215835
v -0.238670 0.842047 0.220910
v -0.221437 0.828943 0.307549
v -0.204537 0.807244 0.392512
v -0.188133 0.777159 0.474979
v -0.172383 0.738977 0.554157
v -0.157440 0.693066 0.629283
v -0.143446 0.639868 0.699634
v -0.130537 0.579896 0.764532
v -0.118837 0.513726 0.823352
v -0.108459 0.441997 0.875527
v -0.099502 0.365400 0.920556
v -0.092053 0.284670 0.958004
v -0.086184 0.200588 0.987512
v -0.081951 0.113961 1.008794
v -0.079394 0.025624 1.021645
v -0.078540 -0.063571 1.025943
v -0.079394 -0.152767 1.021645
v -0.081951 -0.241104 1.008794
v -0.086184 -0.327731 0.987512
v -0.092053 -0.411813 0.958004
v -0.099502 -0.492543 0.920556
v -0.108459 -0.569140 0.875527
v -0.118837 -0.640869 0.823352
v -0.130537 -0.707039 0.764532
v -0.143446 -0.767011 0.699634
v -0.157440 -0.820209 0.629283
v -0.172383 -0.866120 0.554157
v -0.188133 -0.904302 0.474979
v -0.204537 -0.934387 0.392512
v -0.221437 -0.956086 0.307549
v -0.238670 -0.969190 0.220910
v -0.256071 0.842047 0.222624
v -0.256071 0.828943 0.310961
v -0.256071 0.807244 0.397588
v -0.256072 0.777159 0.481670
v -0.256072 0.738977 0.562400
v -0.256072 0.693066 0.638997
v -0.256072 0.639868 0.710726
v -0.256071 0.579896 0.776896
v -0.256072 0.513726 0.836868
v -0.256072 0.441997 0.890066
v -0.256071 0.365400 0.935977
v -0.256071 0.284670 0.974159
v -0.256072 0.200588 1.004244
v -0.256072 0.113961 1.025943
v -0.256072 0.025624 1.039046
v -0.256072 -0.063571 1.043428
v -0.256072 -0.152767 1.039046
v -0.256072 -0.241104 1.025943
v -0.256072 -0.327731 1.004244
v -0.256071 -0.411813 0.974159
v -0.256071 -0.492543 0.935977
v -0.256072 -0.569140 0.890066
v -0.256072 -0.640869 0.836868
v -0.256071 -0.707039 0.776896
v -0.256072 -0.767011 0.710726
v -0.256072 -0.820209 0.638997
v -0.256072 -0.866120 0.562400
v -0.256072 -0.904302 0.481670
v -0.256071 -0.934387 0.397588
v -0.256071 -0.956086 0.310961
v -0.256071 -0.969190 0.222624
v -0.256071 -0.973572 0.133429
v -0.256071 0.846429 0.133429
v -0.273473 0.842047 0.220910
v -0.290706 0.828943 0.307549
v -0.307606 0.807244 0.392512
v -0.324010 0.777159 0.474979
v -0.339760 0.738977 0.554157
v -0.354703 0.693066 0.629283
v -0.368697 0.639868 0.699634
v -0.381606 0.579896 0.764532
v -0.393306 0.513726 0.823352
v -0.403684 0.441997 0.875527
v -0.412641 0.365400 0.920556
v -0.420090 0.284670 0.958004
v -0.425959 0.200588 0.987512
v -0.430192 0.113961 1.008794
v -0.432749 0.025624 1.021645
v -0.433604 -0.063571 1.025943
v -0.432749 -0.152767 1.021645
v -0.430192 -0.241104 1.008794
v -0.425959 -0.327731 0.987512
v -0.420090 -0.411813 0.958004
v -0.412641 -0.492543 0.920556
v -0.403684 -0.569140 0.875527
v -0.393306 -0.640869 0.823352
v -0.381606 -0.707039 0.764532
v -0.368697 -0.767011 0.699634
v -0.354703 -0.820209 0.629283
v -0.339760 -0.866120 0.554157
v -0.324010 -0.904302 0.474979
v -0.307606 -0.934387 0.392512
v -0.290706 -0.956086 0.307549
v -0.273473 -0.969190 0.220910
v -0.290205 0.842047 0.215835
v -0.324010 0.828943 0.297447
v -0.357161 0.807244 0.377480
v -0.389338 0.777159 0.455162
v -0.420232 0.738977 0.529746
v -0.449544 0.693066 0.600513
v -0.476994 0.639868 0.666782
v -0.502316 0.579896 0.727915
v -0.525266 0.513726 0.783322
v -0.545624 0.441997 0.832470
v -0.563193 0.365400 0.874886
v -0.577805 0.284670 0.910162
v -0.589318 0.200588 0.937957
v -0.597622 0.113961 0.958004
v -0.602636 0.025624 0.970110
v -0.604313 -0.063571 0.974158
v -0.602636 -0.152767 0.970110
v -0.597622 -0.241104 0.958004
v -0.589318 -0.327731 0.937957
v -0.577805 -0.411813 0.910162
v -0.563193 -0.492543 0.874886
v -0.545624 -0.569140 0.832470
v -0.525266 -0.640869 0.783322
v -0.502316 -0.707039 0.727915
v -0.476994 -0.767011 0.666782
v -0.449544 -0.820209 0.600513
v -0.420232 -0.866120 0.529746
v -0.389338 -0.904302 0.455162
v -0.357161 -0.934387 0.377480
v -0.324010 -0.956086 0.297447
v -0.290205 -0.969190 0.215835
v -0.305626 0.842047 0.207592
v -0.354703 0.828943 0.281041
v -0.402830 0.807244 0.353069
v -0.449544 0.777159 0.422981
v -0.494395 0.738977 0.490105
v -0.536950 0.693066 0.553793
v -0.576801 0.639868 0.613434
v -0.613563 0.579896 0.668452
v -0.646881 0.513726 0.718317
v -0.676437 0.441997 0.762549
v -0.701943 0.365400 0.800723
v -0.723156 0.284670 0.832470
v -0.739871 0.200588 0.857485
v -0.751926 0.113961 0.875527
v -0.759206 0.025624 0.886422
v -0.761640 -0.063571 0.890065
v -0.759206 -0.152767 0.886422
v -0.751926 -0.241104 0.875527
v -0.739871 -0.327731 0.857485
v -0.723156 -0.411813 0.832470
v -0.701943 -0.492543 0.800723
v -0.676437 -0.569140 0.762549
v -0.646881 -0.640869 0.718317
v -0.613563 -0.707039 0.668452
v -0.576801 -0.767011 0.613434
v -0.536950 -0.820209 0.553793
v -0.494395 -0.866120 0.490105
v -0.449544 -0.904302 0.422981
v -0.402830 -0.934387 0.353069
v -0.354703 -0.956086 0.281041
v -0.305626 -0.969190 0.207592
v -0.319142 0.842047 0.196499
v -0.381606 0.828943 0.258963
v -0.442860 0.807244 0.320217
v -0.502316 0.777159 0.379673
v -0.559400 0.738977 0.436757
v -0.613562 0.693066 0.490920
v -0.664283 0.639868 0.541640
v -0.711071 0.579896 0.588428
v -0.753478 0.513726 0.630835
v -0.791095 0.441997 0.668452
v -0.823559 0.365400 0.700916
v -0.850557 0.284670 0.727915
v -0.871831 0.200588 0.749188
v -0.887174 0.113961 0.764531
v -0.896440 0.025624 0.773797
v -0.899538 -0.063571 0.776895
v -0.896440 -0.152767 0.773797
v -0.887174 -0.241104 0.764531
v -0.871831 -0.327731 0.749188
v -0.850557 -0.411813 0.727915
v -0.823559 -0.492543 0.700916
v -0.791095 -0.569140 0.668452
v -0.753478 -0.640869 0.630835
v -0.711071 -0.707039 0.588428
v -0.664283 -0.767011 0.541640
v -0.613562 -0.820209 0.490920
v -0.559400 -0.866120 0.436757
v -0.502316 -0.904302 0.379673
v -0.442860 -0.934387 0.320217
v -0.381606 -0.956086 0.258963
v -0.319142 -0.969190 0.196499
v -0.330235 0.842047 0.182983
v -0.403684 0.828943 0.232060
v -0.475712 0.807244 0.280187
v -0.545624 0.777159 0.326901
v -0.612748 0.738977 0.371752
v -0.676436 0.693066 0.414307
v -0.736077 0.639868 0.454158
v -0.791095 0.579896 0.490920
v -0.840960 0.513726 0.524238
v -0.885192 0.441997 0.553794
v -0.923366 0.365400 0.579300
v -0.955113 0.284670 0.600513
v -0.980128 0.200588 0.617228
v -0.998170 0.113961 0.629283
v -1.009065 0.025624 0.636563
v -1.012708 -0.063571 0.638997
v -1.009065 -0.152767 0.636563
v -0.998170 -0.241104 0.629283
v -0.980128 -0.327731 0.617228
v -0.955113 -0.411813 0.600513
v -0.923366 -0.492543 0.579300
v -0.885192 -0.569140 0.553794
v -0.840960 -0.640869 0.524238
v -0.791095 -0.707039 0.490920
v -0.736077 -0.767011 0.454158
v -0.676436 -0.820209 0.414307
v -0.612748 -0.866120 0.371752
v -0.545624 -0.904302 0.326901
v -0.475712 -0.934387 0.280187
v -0.403684 -0.956086 0.232060
v -0.330235 -0.969190 0.182983
v -0.338477 0.842047 0.167562
v -0.420090 0.828943 0.201367
v -0.500122 0.807244 0.234518
v -0.577805 0.777159 0.266695
v -0.652389 0.738977 0.297589
v -0.723156 0.693066 0.326901
v -0.789425 0.639868 0.354351
v -0.850558 0.579896 0.379673
v -0.905965 0.513726 0.402623
v -0.955113 0.441997 0.422981
v -0.997529 0.365400 0.440550
v -1.032805 0.284670 0.455162
v -1.060600 0.200588 0.466675
v -1.080647 0.113961 0.474979
v -1.092753 0.025624 0.479993
v -1.096801 -0.063571 0.481670
v -1.092753 -0.152767 0.479993
v -1.080647 -0.241104 0.474979
v -1.060600 -0.327731 0.466675
v -1.032805 -0.411813 0.455162
v -0.997529 -0.492543 0.440550
v -0.955113 -0.569140 0.422981
v -0.905965 -0.640869 0.402623
v -0.850558 -0.707039 0.379673
v -0.789425 -0.767011 0.354351
v -0.723156 -0.820209 0.326901
v -0.652389 -0.866120 0.297589
v -0.577805 -0.904302 0.266695
v -0.500122 -0.934387 0.234518
v -0.420090 -0.956086 0.201367
v -0.338477 -0.969190 0.167562
v -0.343553 0.842047 0.150830
v -0.430192 0.828943 0.168063
v -0.515155 0.807244 0.184963
v -0.597622 0.777159 0.201367
v -0.676800 0.738977 0.217117
v -0.751926 0.693066 0.232060
v -0.822276 0.639868 0.246054
v -0.887174 0.579896 0.258963
v -0.945994 0.513726 0.270663
v -0.998170 0.441997 0.281041
v -1.043199 0.365400 0.289998
v -1.080647 0.284670 0.297447
v -1.110154 0.200588 0.303316
v -1.131436 0.113961 0.307549
v -1.144288 0.025624 0.310106
v -1.148585 -0.063571 0.310960
v -1.144288 -0.152767 0.310106
v -1.131436 -0.241104 0.307549
v -1.110154 -0.327731 0.303316
v -1.080647 -0.411813 0.297447
v -1.043199 -0.492543 0.289998
v -0.998170 -0.569140 0.281041
v -0.945994 -0.640869 0.270663
v -0.887174 -0.707039 0.258963
v -0.822276 -0.767011 0.246054
v -0.751926 -0.820209 0.232060
v -0.676800 -0.866120 0.217117
v -0.597622 -0.904302 0.201367
v -0.515155 -0.934387 0.184963
v -0.430192 -0.956086 0.168063
v -0.343553 -0.969190 0.150830
v -0.345267 0.842047 0.133429
v -0.433603 0.828943 0.133429
v -0.520230 0.807244 0.133429
v -0.604313 0.777159 0.133429
v -0.685042 0.738977 0.133429
v -0.761640 0.693066 0.133428
v -0.833369 0.639868 0.133428
v -0.899538 0.579896 0.133429
v -0.959511 0.513726 0.133429
v -1.012708 0.441997 0.133428
v -1.058619 0.365400 0.133429
v -1.096802 0.284670 0.133429
v -1.126887 0.200588 0.133428
v -1.148586 0.113961 0.133428
v -1.161689 0.025624 0.133428
v -1.166071 -0.063571 0.133428
v -1.161689 -0.152767 0.133428
v -1.148586 -0.241104 0.133428
v -1.126887 -0.327731 0.133428
v -1.096802 -0.411813 0.133429
v -1.058619 -0.492543 0.133429
v -1.012708 -0.569140 0.133428
v -0.959511 -0.640869 0.133429
v -0.899538 -0.707039 0.133429
v -0.833369 -0.767011 0.133428
v -0.761640 -0.820209 0.133428
v -0.685042 -0.866120 0.133429
v -0.604313 -0.904302 0.133429
v -0.520230 -0.934387 0.133429
v -0.433603 -0.956086 0.133429
v -0.345267 -0.969190 0.133429
v -0.343553 0.842047 0.116027
v -0.430192 0.828943 0.098794
v -0.515155 0.807244 0.081894
v -0.597622 0.777159 0.065490
v -0.676800 0.738977 0.049741
v -0.751926 0.693066 0.034797
v -0.822276 0.639868 0.020803
v -0.887174 0.579896 0.007894
v -0.945994 0.513726 -0.003806
v -0.998170 0.441997 -0.014184
v -1.043198 0.365400 -0.023141
v -1.080647 0.284670 -0.030590
v -1.110154 0.200588 -0.036459
v -1.131436 0.113961 -0.040692
v -1.144288 0.025624 -0.043249
v -1.148585 -0.063571 -0.044104
v -1.144288 -0.152767 -0.043249
v -1.131436 -0.241104 -0.040692
v -1.110154 -0.327731 -0.036459
v -1.080647 -0.411813 -0.030590
v -1.043198 -0.492543 -0.023141
v -0.998170 -0.569140 -0.014184
v -0.945994 -0.640869 -0.003806
v -0.887174 -0.707039 0.007894
v -0.822276 -0.767011 0.020803
v -0.751926 -0.820209 0.034797
v -0.676800 -0.866120 0.049741
v -0.597622 -0.904302 0.065490
v -0.515155 -0.934387 0.081894
v -0.430192 -0.956086 0.098794
v -0.343553 -0.969190 0.116027
v -0.338477 0.842047 0.099295
v -0.420090 0.828943 0.065490
v -0.500122 0.807244 0.032339
v -0.577805 0.777159 0.000162
v -0.652389 0.738977 -0.030731
v -0.723156 0.693066 -0.060044
v -0.789425 0.639868 -0.087494
v -0.850557 0.579896 -0.112816
v -0.905964 0.513726 -0.135766
v -0.955113 0.441997 -0.156124
v -0.997529 0.365400 -0.173693
v -1.032805 0.284670 -0.188305
v -1.060600 0.200588 -0.199818
v -1.080647 0.113961 -0.208122
v -1.092753 0.025624 -0.213136
v -1.096801 -0.063571 -0.214813
v -1.092753 -0.152767 -0.213136
v -1.080647 -0.241104 -0.208122
v -1.060600 -0.327731 -0.199818
v -1.032805 -0.411813 -0.188305
v -0.997529 -0.492543 -0.173693
v -0.955113 -0.569140 -0.156124
v -0.905964 -0.640869 -0.135766
v -0.850557 -0.707039 -0.112816
v -0.789425 -0.767011 -0.087494
v -0.723156 -0.820209 -0.060044
v -0.652389 -0.866120 -0.030731
v -0.577805 -0.904302 0.000162
v -0.500122 -0.934387 0.032339
v -0.420090 -0.956086 0.065490
v -0.338477 -0.969190 0.099295
v -0.330235 0.842047 0.083874
v -0.403684 0.828943 0.034797
v -0.475711 0.807244 -0.013330
v -0.545624 0.777159 -0.060044
v -0.612748 0.738977 -0.104895
v -0.676436 0.693066 -0.147450
v -0.736077 0.639868 -0.187301
v -0.791095 0.579896 -0.224063
v -0.840960 0.513726 -0.257381
v -0.885192 0.441997 -0.286936
v -0.923365 0.365400 -0.312443
v -0.955113 0.284670 -0.333656
v -0.980128 0.200588 -0.350371
v -0.998170 0.113961 -0.362426
v -1.009065 0.025624 -0.369705
v -1.012708 -0.063571 -0.372140
v -1.009065 -0.152767 -0.369705
v -0.998170 -0.241104 -0.362426
v -0.980128 -0.327731 -0.350371
v -0.955113 -0.411813 -0.333656
v -0.923365 -0.492543 -0.312443
v -0.885192 -0.569140 -0.286936
v -0.840960 -0.640869 -0.257381
v -0.791095 -0.707039 -0.224063
v -0.736077 -0.767011 -0.187301
v -0.676436 -0.820209 -0.147450
v -0.612748 -0.866120 -0.104895
v -0.545624 -0.904302 -0.060044
v -0.475711 -0.934387 -0.013330
v -0.403684 -0.956086 0.034797
v -0.330235 -0.969190 0.083874
v -0.319142 0.842047 0.070358
v -0.381606 0.828943 0.007895
v -0.442860 0.807244 -0.053360
v -0.502316 0.777159 -0.112815
v -0.559399 0.738977 -0.169900
v -0.613562 0.693066 -0.224062
v -0.664282 0.639868 -0.274782
v -0.711071 0.579896 -0.321571
v -0.753478 0.513726 -0.363978
v -0.791094 0.441997 -0.401595
v -0.823558 0.365400 -0.434058
v -0.850557 0.284670 -0.461057
v -0.871831 0.200588 -0.482331
v -0.887174 0.113961 -0.497674
v -0.896439 0.025624 -0.506940
v -0.899538 -0.063571 -0.510038
v -0.896439 -0.152767 -0.506940
v -0.887174 -0.241104 -0.497674
v -0.871831 -0.327731 -0.482331
v -0.850557 -0.411813 -0.461057
v -0.823558 -0.492543 -0.434058
v -0.791094 -0.569140 -0.401595
v -0.753478 -0.640869 -0.363978
v -0.711071 -0.707039 -0.321571
v -0.664282 -0.767011 -0.274782
v -0.613562 -0.820209 -0.224062
v -0.559399 -0.866120 -0.169900
v -0.502316 -0.904302 -0.112815
v -0.442860 -0.934387 -0.053360
v -0.381606 -0.956086 0.007895
v -0.319142 -0.969190 0.070358
v -0.305626 0.842047 0.059265
v -0.354703 0.828943 -0.014184
v -0.402830 0.807244 -0.086211
v -0.449544 0.777159 -0.156124
v -0.494395 0.738977 -0.223248
v -0.536950 0.693066 -0.286936
v -0.576800 0.639868 -0.346577
v -0.613562 0.579896 -0.401595
v -0.646881 0.513726 -0.451460
v -0.676436 0.441997 -0.495692
v -0.701943 0.365400 -0.533865
v -0.723156 0.284670 -0.565613
v -0.739870 0.200588 -0.590628
v -0.751926 0.113961 -0.608670
v -0.759205 0.025624 -0.619565
v -0.761639 -0.063571 -0.623208
v -0.759205 -0.152767 -0.619565
v -0.751926 -0.241104 -0.608670
v -0.739870 -0.327731 -0.590628
v -0.723156 -0.411813 -0.565613
v -0.701943 -0.492543 -0.533865
v -0.676436 -0.569140 -0.495692
v -0.646881 -0.640869 -0.451460
v -0.613562 -0.707039 -0.401595
v -0.576800 -0.767011 -0.346577
v -0.536950 -0.820209 -0.286936
v -0.494395 -0.866120 -0.223248
v -0.449544 -0.904302 -0.156124
v -0.402830 -0.934387 -0.086211
v -0.354703 -0.956086 -0.014184
v -0.305626 -0.969190 0.059265
v -0.290205 0.842047 0.051023
v -0.324010 0.828943 -0.030590
v -0.357161 0.807244 -0.110622
v -0.389338 0.777159 -0.188305
v -0.420231 0.738977 -0.262889
v -0.449544 0.693066 -0.333656
v -0.476993 0.639868 -0.399925
v -0.502316 0.579896 -0.461057
v -0.525266 0.513726 -0.516464
v -0.545624 0.441997 -0.565613
v -0.563193 0.365400 -0.608029
v -0.577805 0.284670 -0.643305
v -0.589318 0.200588 -0.671100
v -0.597622 0.113961 -0.691147
v -0.602636 0.025624 -0.703253
v -0.604313 -0.063571 -0.707301
v -0.602636 -0.152767 -0.703253
v -0.597622 -0.241104 -0.691147
v -0.589318 -0.327731 -0.671100
v -0.577805 -0.411813 -0.643305
v -0.563193 -0.492543 -0.608029
v -0.545624 -0.569140 -0.565613
v -0.525266 -0.640869 -0.516464
v -0.502316 -0.707039 -0.461057
v -0.476993 -0.767011 -0.399925
v -0.449544 -0.820209 -0.333656
v -0.420231 -0.866120 -0.262889
v -0.389338 -0.904302 -0.188305
v -0.357161 -0.934387 -0.110622
v -0.324010 -0.956086 -0.030590
v -0.290205 -0.969190 0.051023
v -0.273473 0.842047 0.045947
v -0.290706 0.828943 -0.040692
v -0.307606 0.807244 -0.125655
v -0.324010 0.777159 -0.208122
v -0.339759 0.738977 -0.287300
v -0.354703 0.693066 -0.362425
v -0.368696 0.639868 -0.432776
v -0.381606 0.579896 -0.497674
v -0.393305 0.513726 -0.556494
v -0.403684 0.441997 -0.608670
v -0.412641 0.365400 -0.653698
v -0.420090 0.284670 -0.691147
v -0.425959 0.200588 -0.720654
v -0.430192 0.113961 -0.741936
v -0.432748 0.025624 -0.754787
v -0.433603 -0.063571 -0.759085
v -0.432748 -0.152767 -0.754787
v -0.430192 -0.241104 -0.741936
v -0.425959 -0.327731 -0.720654
v -0.420090 -0.411813 -0.691147
v -0.412641 -0.492543 -0.653698
v -0.403684 -0.569140 -0.608670
v -0.393305 -0.640869 -0.556494
v -0.381606 -0.707039 -0.497674
v -0.368696 -0.767011 -0.432776
v -0.354703 -0.820209 -0.362425
v -0.339759 -0.866120 -0.287300
v -0.324010 -0.904302 -0.208122
v -0.307606 -0.934387 -0.125655
v -0.290706 -0.956086 -0.040692
v -0.273473 -0.969190 0.045947
v -0.256071 0.842047 0.044233
v -0.256071 0.828943 -0.044103
v -0.256071 0.807244 -0.130730
v -0.256071 0.777159 -0.214813
v -0.256071 0.738977 -0.295542
v -0.256071 0.693066 -0.372140
v -0.256071 0.579896 -0.510038
v -0.256071 0.441997 -0.623208
v -0.256071 0.365400 -0.669119
v -0.256071 -0.063571 -0.776570
v -0.256071 -0.327731 -0.737387
v -0.256071 -0.411813 -0.707301
v -0.256071 -0.707039 -0.510038
v -0.256071 -0.904302 -0.214813
v -0.256071 -0.934387 -0.130730
vn -0.0000 0.7715 -0.6362
vn -0.0000 0.6329 -0.7742
vn -0.0000 0.3816 -0.9243
vn -0.0000 0.2894 -0.9572
vn -0.0000 0.1945 -0.9809
vn -0.0000 0.0977 -0.9952
vn -0.0000 -0.0977 -0.9952
vn -0.0000 -0.1945 -0.9809
vn -0.0000 -0.4701 -0.8826
vn -0.0000 -0.5542 -0.8324
vn -0.0000 -0.6329 -0.7742
vn -0.0000 -0.7715 -0.6362
vn -0.0000 -0.8301 -0.5577
vn -0.0000 -0.8806 -0.4738
vn -0.0000 -0.9802 -0.1980
vn -0.0000 -0.9949 -0.1011
vn 0.0197 0.9949 -0.0991
vn 0.0386 0.9802 -0.1942
vn 0.0572 0.9561 -0.2875
vn 0.0752 0.9228 -0.3779
vn 0.0924 0.8806 -0.4647
vn 0.1088 0.8301 -0.5470
vn 0.1241 0.7715 -0.6240
vn 0.1382 0.7056 -0.6950
vn 0.1510 0.6329 -0.7594
vn 0.1624 0.5542 -0.8164
vn 0.1722 0.4701 -0.8656
vn 0.1803 0.3816 -0.9066
vn 0.1867 0.2894 -0.9388
vn 0.1914 0.1945 -0.9621
vn 0.1942 0.0977 -0.9761
vn 0.1951 -0.0000 -0.9808
vn 0.1942 -0.0977 -0.9761
vn 0.1914 -0.1945 -0.9621
vn 0.1867 -0.2894 -0.9388
vn 0.1803 -0.3816 -0.9066
vn 0.1722 -0.4701 -0.8656
vn 0.1624 -0.5542 -0.8164
vn 0.1510 -0.6329 -0.7594
vn 0.1382 -0.7056 -0.6950
vn 0.1241 -0.7715 -0.6240
vn 0.1088 -0.8301 -0.5470
vn 0.0924 -0.8806 -0.4647
vn 0.0752 -0.9228 -0.3779
vn 0.0572 -0.9561 -0.2875
vn 0.0386 -0.9802 -0.1942
vn 0.0197 -0.9949 -0.0991
vn 0.0387 0.9949 -0.0934
vn 0.0758 0.9802 -0.1830
vn 0.1122 0.9561 -0.2708
vn 0.1474 0.9228 -0.3560
vn 0.1813 0.8806 -0.4377
vn 0.2134 0.8301 -0.5152
vn 0.2435 0.7715 -0.5878
vn 0.2712 0.7056 -0.6547
vn 0.2963 0.6329 -0.7153
vn 0.3185 0.5542 -0.7690
vn 0.3378 0.4701 -0.8154
vn 0.3537 0.3816 -0.8540
vn 0.3663 0.2894 -0.8843
vn 0.3754 0.1945 -0.9062
vn 0.3809 0.0977 -0.9195
vn 0.3827 -0.0000 -0.9239
vn 0.3809 -0.0977 -0.9195
vn 0.3754 -0.1945 -0.9062
vn 0.3663 -0.2894 -0.8843
vn 0.3537 -0.3816 -0.8540
vn 0.3378 -0.4701 -0.8154
vn 0.3185 -0.5542 -0.7690
vn 0.2963 -0.6329 -0.7153
vn 0.2712 -0.7056 -0.6547
vn 0.2435 -0.7715 -0.5878
vn 0.2134 -0.8301 -0.5152
vn 0.1813 -0.8806 -0.4377
vn 0.1474 -0.9228 -0.3560
vn 0.1122 -0.9561 -0.2708
vn 0.0758 -0.9802 -0.1830
vn 0.0387 -0.9949 -0.0934
vn 0.0561 0.9949 -0.0840
vn 0.1100 0.9802 -0.1647
vn 0.1628 0.9561 -0.2437
vn 0.2141 0.9228 -0.3204
vn 0.2632 0.8806 -0.3939
vn 0.3098 0.8301 -0.4637
vn 0.3535 0.7715 -0.5290
vn 0.3937 0.7056 -0.5892
vn 0.4301 0.6329 -0.6438
vn 0.4625 0.5542 -0.6921
vn 0.4903 0.4701 -0.7339
vn 0.5135 0.3816 -0.7685
vn 0.5318 0.2894 -0.7959
vn 0.5450 0.1945 -0.8156
vn 0.5529 0.0977 -0.8275
vn 0.5556 -0.0000 -0.8315
vn 0.5529 -0.0977 -0.8275
vn 0.5450 -0.1945 -0.8156
vn 0.5318 -0.2894 -0.7959
vn 0.5135 -0.3816 -0.7685
vn 0.4903 -0.4701 -0.7339
vn 0.4625 -0.5542 -0.6921
vn 0.4301 -0.6329 -0.6438
vn 0.3937 -0.7056 -0.5892
vn 0.3535 -0.7715 -0.5290
vn 0.3098 -0.8301 -0.4637
vn 0.2632 -0.8806 -0.3939
vn 0.2141 -0.9228 -0.3204
vn 0.1628 -0.9561 -0.2437
vn 0.1100 -0.9802 -0.1647
vn 0.0561 -0.9949 -0.0840
vn 0.0715 0.9949 -0.0715
vn 0.1400 0.9802 -0.1400
vn 0.2072 0.9561 -0.2072
vn 0.2724 0.9228 -0.2724
vn 0.3350 0.8806 -0.3350
vn 0.3943 0.8301 -0.3943
vn 0.4499 0.7715 -0.4499
vn 0.5011 0.7056 -0.5011
vn 0.5475 0.6329 -0.5475
vn 0.5886 0.5542 -0.5886
vn 0.6241 0.4701 -0.6241
vn 0.6536 0.3816 -0.6536
vn 0.6768 0.2894 -0.6768
vn 0.6936 0.1945 -0.6936
vn 0.7037 0.0977 -0.7037
vn 0.7071 -0.0000 -0.7071
vn 0.7037 -0.0977 -0.7037
vn 0.6936 -0.1945 -0.6936
vn 0.6768 -0.2894 -0.6768
vn 0.6536 -0.3816 -0.6536
vn 0.6241 -0.4701 -0.6241
vn 0.5886 -0.5542 -0.5886
vn 0.5475 -0.6329 -0.5475
vn 0.5011 -0.7056 -0.5011
vn 0.4499 -0.7715 -0.4499
vn 0.3943 -0.8301 -0.3943
vn 0.3350 -0.8806 -0.3350
vn 0.2724 -0.9228 -0.2724
vn 0.2072 -0.9561 -0.2072
vn 0.1400 -0.9802 -0.1400
vn 0.0715 -0.9949 -0.0715
vn 0.0840 0.9949 -0.0561
vn 0.1647 0.9802 -0.1100
vn 0.2437 0.9561 -0.1628
vn 0.3204 0.9228 -0.2141
vn 0.3939 0.8806 -0.2632
vn 0.4637 0.8301 -0.3098
vn 0.5290 0.7715 -0.3535
vn 0.5892 0.7056 -0.3937
vn 0.6438 0.6329 -0.4301
vn 0.6921 0.5542 -0.4625
vn 0.7339 0.4701 -0.4903
vn 0.7685 0.3816 -0.5135
vn 0.7959 0.2894 -0.5318
vn 0.8156 0.1945 -0.5450
vn 0.8275 0.0977 -0.5529
vn 0.8315 -0.0000 -0.5556
vn 0.8275 -0.0977 -0.5529
vn 0.8156 -0.1945 -0.5450
vn 0.7959 -0.2894 -0.5318
vn 0.7685 -0.3816 -0.5135
vn 0.7339 -0.4701 -0.4903
vn 0.6921 -0.5542 -0.4625
vn 0.6438 -0.6329 -0.4301
vn 0.5892 -0.7056 -0.3937
vn 0.5290 -0.7715 -0.3535
vn 0.4637 -0.8301 -0.3098
vn 0.3939 -0.8806 -0.2632
vn 0.3204 -0.9228 -0.2141
vn 0.2437 -0.9561 -0.1628
vn 0.1647 -0.9802 -0.1100
vn 0.0840 -0.9949 -0.0561
vn 0.0934 0.9949 -0.0387
vn 0.1830 0.9802 -0.0758
vn 0.2708 0.9561 -0.1122
vn 0.3560 0.9228 -0.1474
vn 0.4377 0.8806 -0.1813
vn 0.5152 0.8301 -0.2134
vn 0.5878 0.7715 -0.2435
vn 0.6547 0.7056 -0.2712
vn 0.7153 0.6329 -0.2963
vn 0.7690 0.5542 -0.3185
vn 0.8154 0.4701 -0.3378
vn 0.8540 0.3816 -0.3537
vn 0.8843 0.2894 -0.3663
vn 0.9062 0.1945 -0.3754
vn 0.9195 0.0977 -0.3809
vn 0.9239 -0.0000 -0.3827
vn 0.9195 -0.0977 -0.3809
vn 0.9062 -0.1945 -0.3754
vn 0.8843 -0.2894 -0.3663
vn 0.8540 -0.3816 -0.3537
vn 0.8154 -0.4701 -0.3378
vn 0.7690 -0.5542 -0.3185
vn 0.7153 -0.6329 -0.2963
vn 0.6547 -0.7056 -0.2712
vn 0.5878 -0.7715 -0.2435
vn 0.5152 -0.8301 -0.2134
vn 0.4377 -0.8806 -0.1813
vn 0.3560 -0.9228 -0.1474
vn 0.2708 -0.9561 -0.1122
vn 0.1830 -0.9802 -0.0758
vn 0.0934 -0.9949 -0.0387
vn 0.0991 0.9949 -0.0197
vn 0.1942 0.9802 -0.0386
vn 0.2875 0.9561 -0.0572
vn 0.3779 0.9228 -0.0752
vn 0.4647 0.8806 -0.0924
vn 0.5470 0.8301 -0.1088
vn 0.6240 0.7715 -0.1241
vn 0.6950 0.7056 -0.1382
vn 0.7594 0.6329 -0.1510
vn 0.8164 0.5542 -0.1624
vn 0.8656 0.4701 -0.1722
vn 0.9066 0.3816 -0.1803
vn 0.9388 0.2894 -0.1867
vn 0.9621 0.1945 -0.1914
vn 0.9761 0.0977 -0.1942
vn 0.9808 -0.0000 -0.1951
vn 0.9761 -0.0977 -0.1942
vn 0.9621 -0.1945 -0.1914
vn 0.9388 -0.2894 -0.1867
vn 0.9066 -0.3816 -0.1803
vn 0.8656 -0.4701 -0.1722
vn 0.8164 -0.5542 -0.1624
vn 0.7594 -0.6329 -0.1510
vn 0.6950 -0.7056 -0.1382
vn 0.6240 -0.7715 -0.1241
vn 0.5470 -0.8301 -0.1088
vn 0.4647 -0.8806 -0.0924
vn 0.3779 -0.9228 -0.0752
vn 0.2875 -0.9561 -0.0572
vn 0.1942 -0.9802 -0.0386
vn 0.0991 -0.9949 -0.0197
vn 0.1011 0.9949 -0.0000
vn 0.1980 0.9802 -0.0000
vn 0.2931 0.9561 -0.0000
vn 0.3853 0.9228 -0.0000
vn 0.4738 0.8806 -0.0000
vn 0.5577 0.8301 -0.0000
vn 0.6362 0.7715 -0.0000
vn 0.7086 0.7056 -0.0000
vn 0.7742 0.6329 -0.0000
vn 0.8324 0.5542 -0.0000
vn 0.8826 0.4701 -0.0000
vn 0.9243 0.3816 -0.0000
vn 0.9572 0.2894 -0.0000
vn 0.9809 0.1945 -0.0000
vn 0.9952 0.0977 -0.0000
vn 1.0000 -0.0000 -0.0000
vn 0.9952 -0.0977 -0.0000
vn 0.9809 -0.1945 -0.0000
vn 0.9572 -0.2894 -0.0000
vn 0.9243 -0.3816 -0.0000
vn 0.8826 -0.4701 -0.0000
vn 0.8324 -0.5542 -0.0000
vn 0.7742 -0.6329 -0.0000
vn 0.7086 -0.7056 -0.0000
vn 0.6362 -0.7715 -0.0000
vn 0.5577 -0.8301 -0.0000
vn 0.4738 -0.8806 -0.0000
vn 0.3853 -0.9228 -0.0000
vn 0.2931 -0.9561 -0.0000
vn 0.1980 -0.9802 -0.0000
vn 0.1011 -0.9949 -0.0000
vn 0.0991 0.9949 0.0197
vn 0.1942 0.9802 0.0386
vn 0.2875 0.9561 0.0572
vn 0.3779 0.9228 0.0752
vn 0.4647 0.8806 0.0924
vn 0.5470 0.8301 0.1088
vn 0.6240 0.7715 0.1241
vn 0.6950 0.7056 0.1382
vn 0.7594 0.6329 0.1510
vn 0.8164 0.5542 0.1624
vn 0.8656 0.4701 0.1722
vn 0.9066 0.3816 0.1803
vn 0.9388 0.2894 0.1867
vn 0.9621 0.1945 0.1914
vn 0.9761 0.0977 0.1942
vn 0.9808 -0.0000 0.1951
vn 0.9761 -0.0977 0.1942
vn 0.9621 -0.1945 0.1914
vn 0.9388 -0.2894 0.1867
vn 0.9066 -0.3816 0.1803
vn 0.8656 -0.4701 0.1722
vn 0.8164 -0.5542 0.1624
vn 0.7594 -0.6329 0.1510
vn 0.6950 -0.7056 0.1382
vn 0.6240 -0.7715 0.1241
vn 0.5470 -0.8301 0.1088
vn 0.4647 -0.8806 0.0924
vn 0.3779 -0.9228 0.0752
vn 0.2875 -0.9561 0.0572
vn 0.1942 -0.9802 0.0386
vn 0.0991 -0.9949 0.0197
vn 0.0934 0.9949 0.0387
vn 0.1830 0.9802 0.0758
vn 0.2708 0.9561 0.1122
vn 0.3560 0.9228 0.1474
vn 0.4377 0.8806 0.1813
vn 0.5152 0.8301 0.2134
vn 0.5878 0.7715 0.2435
vn 0.6547 0.7056 0.2712
vn 0.7153 0.6329 0.2963
vn 0.7690 0.5542 0.3185
vn 0.8154 0.4701 0.3378
vn 0.8540 0.3816 0.3537
vn 0.8843 0.2894 0.3663
vn 0.9062 0.1945 0.3754
vn 0.9195 0.0977 0.3809
vn 0.9239 -0.0000 0.3827
vn 0.9195 -0.0977 0.3809
vn 0.9062 -0.1945 0.3754
vn 0.8843 -0.2894 0.3663
vn 0.8540 -0.3816 0.3537
vn 0.8154 -0.4701 0.3378
vn 0.7690 -0.5542 0.3185
vn 0.7153 -0.6329 0.2963
vn 0.6547 -0.7056 0.2712
vn 0.5878 -0.7715 0.2435
vn 0.5152 -0.8301 0.2134
vn 0.4377 -0.8806 0.1813
vn 0.3560 -0.9228 0.1474
vn 0.2708 -0.9561 0.1122
vn 0.1830 -0.9802 0.0758
vn 0.0934 -0.9949 0.0387
vn 0.0840 0.9949 0.0561
vn 0.1647 0.9802 0.1100
vn 0.2437 0.9561 0.1628
vn 0.3204 0.9228 0.2141
vn 0.3939 0.8806 0.2632
vn 0.4637 0.8301 0.3098
vn 0.5290 0.7715 0.3535
vn 0.5892 0.7056 0.3937
vn 0.6438 0.6329 0.4301
vn 0.6921 0.5542 0.4625
vn 0.7339 0.4701 0.4903
vn 0.7685 0.3816 0.5135
vn 0.7959 0.2894 0.5318
vn 0.8156 0.1945 0.5450
vn 0.8275 0.0977 0.5529
vn 0.8315 -0.0000 0.5556
vn 0.8275 -0.0977 0.5529
vn 0.8156 -0.1945 0.5450
vn 0.7959 -0.2894 0.5318
vn 0.7685 -0.3816 0.5135
vn 0.7339 -0.4701 0.4903
vn 0.6921 -0.5542 0.4625
vn 0.6438 -0.6329 0.4301
vn 0.5892 -0.7056 0.3937
vn 0.5290 -0.7715 0.3535
vn 0.4637 -0.8301 0.3098
vn 0.3939 -0.8806 0.2632
vn 0.3204 -0.9228 0.2141
vn 0.2437 -0.9561 0.1628
vn 0.1647 -0.9802 0.1100
vn 0.0840 -0.9949 0.0561
vn 0.0715 0.9949 0.0715
vn 0.1400 0.9802 0.1400
vn 0.2072 0.9561 0.2072
vn 0.2724 0.9228 0.2724
vn 0.3350 0.8806 0.3350
vn 0.3943 0.8301 0.3943
vn 0.4499 0.7715 0.4499
vn 0.5011 0.7056 0.5011
vn 0.5475 0.6329 0.5475
vn 0.5886 0.5542 0.5886
vn 0.6241 0.4701 0.6241
vn 0.6536 0.3816 0.6536
vn 0.6768 0.2894 0.6768
vn 0.6936 0.1945 0.6936
vn 0.7037 0.0977 0.7037
vn 0.7071 -0.0000 0.7071
vn 0.7037 -0.0977 0.7037
vn 0.6936 -0.1945 0.6936
vn 0.6768 -0.2894 0.6768
vn 0.6536 -0.3816 0.6536
vn 0.6241 -0.4701 0.6241
vn 0.5886 -0.5542 0.5886
vn 0.5475 -0.6329 0.5475
vn 0.5011 -0.7056 0.5011
vn 0.4499 -0.7715 0.4499
vn 0.3943 -0.8301 0.3943
vn 0.3350 -0.8806 0.3350
vn 0.2724 -0.9228 0.2724
vn 0.2072 -0.9561 0.2072
vn 0.1400 -0.9802 0.1400
vn 0.0715 -0.9949 0.0715
vn 0.0561 0.9949 0.0840
vn 0.1100 0.9802 0.1647
vn 0.1628 0.9561 0.2437
vn 0.2141 0.9228 0.3204
vn 0.2632 0.8806 0.3939
vn 0.3098 0.8301 0.4637
vn 0.3535 0.7715 0.5290
vn 0.3937 0.7056 0.5892
vn 0.4301 0.6329 0.6438
vn 0.4625 0.5542 0.6921
vn 0.4903 0.4701 0.7339
vn 0.5135 0.3816 0.7685
vn 0.5318 0.2894 0.7959
vn 0.5450 0.1945 0.8156
vn 0.5529 0.0977 0.8275
vn 0.5556 -0.0000 0.8315
vn 0.5529 -0.0977 0.8275
vn 0.5450 -0.1945 0.8156
vn 0.5318 -0.2894 0.7959
vn 0.5135 -0.3816 0.7685
vn 0.4903 -0.4701 0.7339
vn 0.4625 -0.5542 0.6921
vn 0.4301 -0.6329 0.6438
vn 0.3937 -0.7056 0.5892
vn 0.3535 -0.7715 0.5290
vn 0.3098 -0.8301 0.4637
vn 0.2632 -0.8806 0.3939
vn 0.2141 -0.9228 0.3204
vn 0.1628 -0.9561 0.2437
vn 0.1100 -0.9802 0.1647
vn 0.0561 -0.9949 0.0840
vn 0.0387 0.9949 0.0934
vn 0.0758 0.9802 0.1830
vn 0.1122 0.9561 0.2708
vn 0.1474 0.9228 0.3560
vn 0.1813 0.8806 0.4377
vn 0.2134 0.8301 0.5152
vn 0.2435 0.7715 0.5878
vn 0.2712 0.7056 0.6547
vn 0.2963 0.6329 0.7153
vn 0.3185 0.5542 0.7690
vn 0.3378 0.4701 0.8154
vn 0.3537 0.3816 0.8540
vn 0.3663 0.2894 0.8843
vn 0.3754 0.1945 0.9062
vn 0.3809 0.0977 0.9195
vn 0.3827 -0.0000 0.9239
vn 0.3809 -0.0977 0.9195
vn 0.3754 -0.1945 0.9062
vn 0.3663 -0.2894 0.8843
vn 0.3537 -0.3816 0.8540
vn 0.3378 -0.4701 0.8154
vn 0.3185 -0.5542 0.7690
vn 0.2963 -0.6329 0.7153
vn 0.2712 -0.7056 0.6547
vn 0.2435 -0.7715 0.5878
vn 0.2134 -0.8301 0.5152
vn 0.1813 -0.8806 0.4377
vn 0.1474 -0.9228 0.3560
vn 0.1122 -0.9561 0.2708
vn 0.0758 -0.9802 0.1830
vn 0.0387 -0.9949 0.0934
vn 0.0197 0.9949 0.0991
vn 0.0386 0.9802 0.1942
vn 0.0572 0.9561 0.2875
vn 0.0752 0.9228 0.3779
vn 0.0924 0.8806 0.4647
vn 0.1088 0.8301 0.5470
vn 0.1241 0.7715 0.6240
vn 0.1382 0.7056 0.6950
vn 0.1510 0.6329 0.7594
vn 0.1624 0.5542 0.8164
vn 0.1722 0.4701 0.8656
vn 0.1803 0.3816 0.9066
vn 0.1867 0.2894 0.9388
vn 0.1914 0.1945 0.9621
vn 0.1942 0.0977 0.9761
vn 0.1951 -0.0000 0.9808
vn 0.1942 -0.0977 0.9761
vn 0.1914 -0.1945 0.9621
vn 0.1867 -0.2894 0.9388
vn 0.1803 -0.3816 0.9066
vn 0.1722 -0.4701 0.8656
vn 0.1624 -0.5542 0.8164
vn 0.1510 -0.6329 0.7594
vn 0.1382 -0.7056 0.6950
vn 0.1241 -0.7715 0.6240
vn 0.1088 -0.8301 0.5470
vn 0.0924 -0.8806 0.4647
vn 0.0752 -0.9228 0.3779
vn 0.0572 -0.9561 0.2875
vn 0.0386 -0.9802 0.1942
vn 0.0197 -0.9949 0.0991
vn -0.0000 0.9949 0.1011
vn -0.0000 0.9802 0.1980
vn -0.0000 0.9561 0.2931
vn -0.0000 0.9228 0.3853
vn -0.0000 0.8806 0.4738
vn -0.0000 0.8301 0.5577
vn -0.0000 0.7715 0.6362
vn -0.0000 0.7056 0.7086
vn -0.0000 0.6329 0.7742
vn -0.0000 0.5542 0.8324
vn -0.0000 0.4701 0.8826
vn -0.0000 0.3816 0.9243
vn -0.0000 0.2894 0.9572
vn -0.0000 0.1945 0.9809
vn -0.0000 0.0977 0.9952
vn -0.0000 -0.0000 1.0000
vn -0.0000 -0.0977 0.9952
vn -0.0000 -0.1945 0.9809
vn -0.0000 -0.2894 0.9572
vn -0.0000 -0.3816 0.9243
vn -0.0000 -0.4701 0.8826
vn -0.0000 -0.5542 0.8324
vn -0.0000 -0.6329 0.7742
vn -0.0000 -0.7056 0.7086
vn -0.0000 -0.7715 0.6362
vn -0.0000 -0.8301 0.5577
vn -0.0000 -0.8806 0.4738
vn -0.0000 -0.9228 0.3853
vn -0.0000 -0.9561 0.2931
vn -0.0000 -0.9802 0.1980
vn -0.0000 -0.9949 0.1011
vn -0.0000 -1.0000 -0.0000
vn -0.0000 1.0000 -0.0000
vn -0.0197 0.9949 0.0991
vn -0.0386 0.9802 0.1942
vn -0.0572 0.9561 0.2875
vn -0.0752 0.9228 0.3779
vn -0.0924 0.8806 0.4647
vn -0.1088 0.8301 0.5470
vn -0.1241 0.7715 0.6240
vn -0.1382 0.7056 0.6950
vn -0.1510 0.6329 0.7594
vn -0.1624 0.5542 0.8164
vn -0.1722 0.4701 0.8656
vn -0.1803 0.3816 0.9066
vn -0.1867 0.2894 0.9388
vn -0.1914 0.1945 0.9621
vn -0.1942 0.0977 0.9761
vn -0.1951 -0.0000 0.9808
vn -0.1942 -0.0977 0.9761
vn -0.1914 -0.1945 0.9621
vn -0.1867 -0.2894 0.9388
vn -0.1803 -0.3816 0.9066
vn -0.1722 -0.4701 0.8656
vn -0.1624 -0.5542 0.8164
vn -0.1510 -0.6329 0.7594
vn -0.1382 -0.7056 0.6950
vn -0.1241 -0.7715 0.6240
vn -0.1088 -0.8301 0.5470
vn -0.0924 -0.8806 0.4647
vn -0.0752 -0.9228 0.3779
vn -0.0572 -0.9561 0.2875
vn -0.0386 -0.9802 0.1942
vn -0.0197 -0.9949 0.0991
vn -0.0387 0.9949 0.0934
vn -0.0758 0.9802 0.1830
vn -0.1122 0.9561 0.2708
vn -0.1474 0.9228 0.3560
vn -0.1813 0.8806 0.4377
vn -0.2134 0.8301 0.5152
vn -0.2435 0.7715 0.5878
vn -0.2712 0.7056 0.6547
vn -0.2963 0.6329 0.7153
vn -0.3185 0.5542 0.7690
vn -0.3378 0.4701 0.8154
vn -0.3537 0.3816 0.8540
vn -0.3663 0.2894 0.8843
vn -0.3754 0.1945 0.9062
vn -0.3809 0.0977 0.9195
vn -0.3827 -0.0000 0.9239
vn -0.3809 -0.0977 0.9195
vn -0.3754 -0.1945 0.9062
vn -0.3663 -0.2894 0.8843
vn -0.3537 -0.3816 0.8540
vn -0.3378 -0.4701 0.8154
vn -0.3185 -0.5542 0.7690
vn -0.2963 -0.6329 0.7153
vn -0.2712 -0.7056 0.6547
vn -0.2435 -0.7715 0.5878
vn -0.2134 -0.8301 0.5152
vn -0.1813 -0.8806 0.4377
vn -0.1474 -0.9228 0.3560
vn -0.1122 -0.9561 0.2708
vn -0.0758 -0.9802 0.1830
vn -0.0387 -0.9949 0.0934
vn -0.0561 0.9949 0.0840
vn -0.1100 0.9802 0.1647
vn -0.1628 0.9561 0.2437
vn -0.2141 0.9228 0.3204
vn -0.2632 0.8806 0.3939
vn -0.3098 0.8301 0.4637
vn -0.3535 0.7715 0.5290
vn -0.3937 0.7056 0.5892
vn -0.4301 0.6329 0.6438
vn -0.4625 0.5542 0.6921
vn -0.4903 0.4701 0.7339
vn -0.5135 0.3816 0.7685
vn -0.5318 0.2894 0.7959
vn -0.5450 0.1945 0.8156
vn -0.5529 0.0977 0.8275
vn -0.5556 -0.0000 0.8315
vn -0.5529 -0.0977 0.8275
vn -0.5450 -0.1945 0.8156
vn -0.5318 -0.2894 0.7959
vn -0.5135 -0.3816 0.7685
vn -0.4903 -0.4701 0.7339
vn -0.4625 -0.5542 0.6921
vn -0.4301 -0.6329 0.6438
vn -0.3937 -0.7056 0.5892
vn -0.3535 -0.7715 0.5290
vn -0.3098 -0.8301 0.4637
vn -0.2632 -0.8806 0.3939
vn -0.2141 -0.9228 0.3204
vn -0.1628 -0.9561 0.2437
vn -0.1100 -0.9802 0.1647
vn -0.0561 -0.9949 0.0840
vn -0.0715 0.9949 0.0715
vn -0.1400 0.9802 0.1400
vn -0.2072 0.9561 0.2072
vn -0.2724 0.9228 0.2724
vn -0.3350 0.8806 0.3350
vn -0.3943 0.8301 0.3943
vn -0.4499 0.7715 0.4499
vn -0.5011 0.7056 0.5011
vn -0.5475 0.6329 0.5475
vn -0.5886 0.5542 0.5886
vn -0.6241 0.4701 0.6241
vn -0.6536 0.3816 0.6536
vn -0.6768 0.2894 0.6768
vn -0.6936 0.1945 0.6936
vn -0.7037 0.0977 0.7037
vn -0.7071 -0.0000 0.7071
vn -0.7037 -0.0977 0.7037
vn -0.6936 -0.1945 0.6936
vn -0.6768 -0.2894 0.6768
vn -0.6536 -0.3816 0.6536
vn -0.6241 -0.4701 0.6241
vn -0.5886 -0.5542 0.5886
vn -0.5475 -0.6329 0.5475
vn -0.5011 -0.7056 0.5011
vn -0.4499 -0.7715 0.4499
vn -0.3943 -0.8301 0.3943
vn -0.3350 -0.8806 0.3350
vn -0.2724 -0.9228 0.2724
vn -0.2072 -0.9561 0.2072
vn -0.1400 -0.9802 0.1400
vn -0.0715 -0.9949 0.0715
vn -0.0840 0.9949 0.0561
vn -0.1647 0.9802 0.1100
vn -0.2437 0.9561 0.1628
vn -0.3204 0.9228 0.2141
vn -0.3939 0.8806 0.2632
vn -0.4637 0.8301 0.3098
vn -0.5290 0.7715 0.3535
vn -0.5892 0.7056 0.3937
vn -0.6438 0.6329 0.4301
vn -0.6921 0.5542 0.4625
vn -0.7339 0.4701 0.4903
vn -0.7685 0.3816 0.5135
vn -0.7959 0.2894 0.5318
vn -0.8156 0.1945 0.5450
vn -0.8275 0.0977 0.5529
vn -0.8315 -0.0000 0.5556
vn -0.8275 -0.0977 0.5529
vn -0.8156 -0.1945 0.5450
vn -0.7959 -0.2894 0.5318
vn -0.7685 -0.3816 0.5135
vn -0.7339 -0.4701 0.4903
vn -0.6921 -0.5542 0.4625
vn -0.6438 -0.6329 0.4301
vn -0.5892 -0.7056 0.3937
vn -0.5290 -0.7715 0.3535
vn -0.4637 -0.8301 0.3098
vn -0.3939 -0.8806 0.2632
vn -0.3204 -0.9228 0.2141
vn -0.2437 -0.9561 0.1628
vn -0.1647 -0.9802 0.1100
vn -0.0840 -0.9949 0.0561
vn -0.0934 0.9949 0.0387
vn -0.1830 0.9802 0.0758
vn -0.2708 0.9561 0.1122
vn -0.3560 0.9228 0.1474
vn -0.4377 0.8806 0.1813
vn -0.5152 0.8301 0.2134
vn -0.5878 0.7715 0.2435
vn -0.6547 0.7056 0.2712
vn -0.7153 0.6329 0.2963
vn -0.7690 0.5542 0.3185
vn -0.8154 0.4701 0.3378
vn -0.8540 0.3816 0.3537
vn -0.8843 0.2894 0.3663
vn -0.9062 0.1945 0.3754
vn -0.9195 0.0977 0.3809
vn -0.9239 -0.0000 0.3827
vn -0.9195 -0.0977 0.3809
vn -0.9062 -0.1945 0.3754
vn -0.8843 -0.2894 0.3663
vn -0.8540 -0.3816 0.3537
vn -0.8154 -0.4701 0.3378
vn -0.7690 -0.5542 0.3185
vn -0.7153 -0.6329 0.2963
vn -0.6547 -0.7056 0.2712
vn -0.5878 -0.7715 0.2435
vn -0.5152 -0.8301 0.2134
vn -0.4377 -0.8806 0.1813
vn -0.3560 -0.9228 0.1474
vn -0.2708 -0.9561 0.1122
vn -0.1830 -0.9802 0.0758
vn -0.0934 -0.9949 0.0387
vn -0.0991 0.9949 0.0197
vn -0.1942 0.9802 0.0386
vn -0.2875 0.9561 0.0572
vn -0.3779 0.9228 0.0752
vn -0.4647 0.8806 0.0924
vn -0.5470 0.8301 0.1088
vn -0.6240 0.7715 0.1241
vn -0.6950 0.7056 0.1382
vn -0.7594 0.6329 0.1510
vn -0.8164 0.5542 0.1624
vn -0.8656 0.4701 0.1722
vn -0.9066 0.3816 0.1803
vn -0.9388 0.2894 0.1867
vn -0.9621 0.1945 0.1914
vn -0.9761 0.0977 0.1942
vn -0.9808 -0.0000 0.1951
vn -0.9761 -0.0977 0.1942
vn -0.9621 -0.1945 0.1914
vn -0.9388 -0.2894 0.1867
vn -0.9066 -0.3816 0.1803
vn -0.8656 -0.4701 0.1722
vn -0.8164 -0.5542 0.1624
vn -0.7594 -0.6329 0.1510
vn -0.6950 -0.7056 0.1382
vn -0.6240 -0.7715 0.1241
vn -0.5470 -0.8301 0.1088
vn -0.4647 -0.8806 0.0924
vn -0.3779 -0.9228 0.0752
vn -0.2875 -0.9561 0.0572
vn -0.1942 -0.9802 0.0386
vn -0.0991 -0.9949 0.0197
vn -0.1011 0.9949 -0.0000
vn -0.1980 0.9802 -0.0000
vn -0.2931 0.9561 -0.0000
vn -0.3853 0.9228 -0.0000
vn -0.4738 0.8806 -0.0000
vn -0.5577 0.8301 -0.0000
vn -0.6362 0.7715 -0.0000
vn -0.7086 0.7056 -0.0000
vn -0.7742 0.6329 -0.0000
vn -0.8324 0.5542 -0.0000
vn -0.8826 0.4701 -0.0000
vn -0.9243 0.3816 -0.0000
vn -0.9572 0.2894 -0.0000
vn -0.9809 0.1945 -0.0000
vn -0.9952 0.0977 -0.0000
vn -1.0000 -0.0000 -0.0000
vn -0.9952 -0.0977 -0.0000
vn -0.9809 -0.1945 -0.0000
vn -0.9572 -0.2894 -0.0000
vn -0.9243 -0.3816 -0.0000
vn -0.8826 -0.4701 -0.0000
vn -0.8324 -0.5542 -0.0000
vn -0.7742 -0.6329 -0.0000
vn -0.7086 -0.7056 -0.0000
vn -0.6362 -0.7715 -0.0000
vn -0.5577 -0.8301 -0.0000
vn -0.4738 -0.8806 -0.0000
vn -0.3853 -0.9228 -0.0000
vn -0.2931 -0.9561 -0.0000
vn -0.1980 -0.9802 -0.0000
vn -0.1011 -0.9949 -0.0000
vn -0.0991 0.9949 -0.0197
vn -0.1942 0.9802 -0.0386
vn -0.2875 0.9561 -0.0572
vn -0.3779 0.9228 -0.0752
vn -0.4647 0.8806 -0.0924
vn -0.5470 0.8301 -0.1088
vn -0.6240 0.7715 -0.1241
vn -0.6950 0.7056 -0.1382
vn -0.7594 0.6329 -0.1510
vn -0.8164 0.5542 -0.1624
vn -0.8656 0.4701 -0.1722
vn -0.9066 0.3816 -0.1803
vn -0.9388 0.2894 -0.1867
vn -0.9621 0.1945 -0.1914
vn -0.9761 0.0977 -0.1942
vn -0.9808 -0.0000 -0.1951
vn -0.9761 -0.0977 -0.1942
vn -0.9621 -0.1945 -0.1914
vn -0.9388 -0.2894 -0.1867
vn -0.9066 -0.3816 -0.1803
vn -0.8656 -0.4701 -0.1722
vn -0.8164 -0.5542 -0.1624
vn -0.7594 -0.6329 -0.1510
vn -0.6950 -0.7056 -0.1382
vn -0.6240 -0.7715 -0.1241
vn -0.5470 -0.8301 -0.1088
vn -0.4647 -0.8806 -0.0924
vn -0.3779 -0.9228 -0.0752
vn -0.2875 -0.9561 -0.0572
vn -0.1942 -0.9802 -0.0386
vn -0.0991 -0.9949 -0.0197
vn -0.0934 0.9949 -0.0387
vn -0.1830 0.9802 -0.0758
vn -0.2708 0.9561 -0.1122
vn -0.3560 0.9228 -0.1474
vn -0.4377 0.8806 -0.1813
vn -0.5152 0.8301 -0.2134
vn -0.5878 0.7715 -0.2435
vn -0.6547 0.7056 -0.2712
vn -0.7153 0.6329 -0.2963
vn -0.7690 0.5542 -0.3186
vn -0.8154 0.4701 -0.3378
vn -0.8540 0.3816 -0.3537
vn -0.8843 0.2894 -0.3663
vn -0.9062 0.1945 -0.3754
vn -0.9195 0.0977 -0.3809
vn -0.9239 -0.0000 -0.3827
vn -0.9195 -0.0977 -0.3809
vn -0.9062 -0.1945 -0.3754
vn -0.8843 -0.2894 -0.3663
vn -0.8540 -0.3816 -0.3537
vn -0.8154 -0.4701 -0.3378
vn -0.7690 -0.5542 -0.3186
vn -0.7153 -0.6329 -0.2963
vn -0.6547 -0.7056 -0.2712
vn -0.5878 -0.7715 -0.2435
vn -0.5152 -0.8301 -0.2134
vn -0.4377 -0.8806 -0.1813
vn -0.3560 -0.9228 -0.1474
vn -0.2708 -0.9561 -0.1122
vn -0.1830 -0.9802 -0.0758
vn -0.0934 -0.9949 -0.0387
vn -0.0840 0.9949 -0.0561
vn -0.1647 0.9802 -0.1100
vn -0.2437 0.9561 -0.1628
vn -0.3204 0.9228 -0.2141
vn -0.3939 0.8806 -0.2632
vn -0.4637 0.8301 -0.3098
vn -0.5290 0.7715 -0.3535
vn -0.5892 0.7056 -0.3937
vn -0.6438 0.6329 -0.4301
vn -0.6921 0.5542 -0.4625
vn -0.7339 0.4701 -0.4903
vn -0.7685 0.3816 -0.5135
vn -0.7959 0.2894 -0.5318
vn -0.8156 0.1945 -0.5450
vn -0.8275 0.0977 -0.5529
vn -0.8315 -0.0000 -0.5556
vn -0.8275 -0.0977 -0.5529
vn -0.8156 -0.1945 -0.5450
vn -0.7959 -0.2894 -0.5318
vn -0.7685 -0.3816 -0.5135
vn -0.7339 -0.4701 -0.4903
vn -0.6921 -0.5542 -0.4625
vn -0.6438 -0.6329 -0.4301
vn -0.5892 -0.7056 -0.3937
vn -0.5290 -0.7715 -0.3535
vn -0.4637 -0.8301 -0.3098
vn -0.3939 -0.8806 -0.2632
vn -0.3204 -0.9228 -0.2141
vn -0.2437 -0.9561 -0.1628
vn -0.1647 -0.9802 -0.1100
vn -0.0840 -0.9949 -0.0561
vn -0.0715 0.9949 -0.0715
vn -0.1400 0.9802 -0.1400
vn -0.2072 0.9561 -0.2072
vn -0.2724 0.9228 -0.2724
vn -0.3350 0.8806 -0.3350
vn -0.3943 0.8301 -0.3943
vn -0.4499 0.7715 -0.4499
vn -0.5011 0.7056 -0.5011
vn -0.5475 0.6329 -0.5475
vn -0.5886 0.5542 -0.5886
vn -0.6241 0.4701 -0.6241
vn -0.6536 0.3816 -0.6536
vn -0.6768 0.2894 -0.6768
vn -0.6936 0.1945 -0.6936
vn -0.7037 0.0977 -0.7037
vn -0.7071 -0.0000 -0.7071
vn -0.7037 -0.0977 -0.7037
vn -0.6936 -0.1945 -0.6936
vn -0.6768 -0.2894 -0.6768
vn -0.6536 -0.3816 -0.6536
vn -0.6241 -0.4701 -0.6241
vn -0.5886 -0.5542 -0.5886
vn -0.5475 -0.6329 -0.5475
vn -0.5011 -0.7056 -0.5011
vn -0.4499 -0.7715 -0.4499
vn -0.3943 -0.8301 -0.3943
vn -0.3350 -0.8806 -0.3350
vn -0.2724 -0.9228 -0.2724
vn -0.2072 -0.9561 -0.2072
vn -0.1400 -0.9802 -0.1400
vn -0.0715 -0.9949 -0.0715
vn -0.0561 0.9949 -0.0840
vn -0.1100 0.9802 -0.1647
vn -0.1628 0.9561 -0.2437
vn -0.2141 0.9228 -0.3204
vn -0.2632 0.8806 -0.3939
vn -0.3098 0.8301 -0.4637
vn -0.3535 0.7715 -0.5290
vn -0.3937 0.7056 -0.5892
vn -0.4301 0.6329 -0.6438
vn -0.4625 0.5542 -0.6921
vn -0.4903 0.4701 -0.7339
vn -0.5135 0.3816 -0.7685
vn -0.5318 0.2894 -0.7959
vn -0.5450 0.1945 -0.8156
vn -0.5529 0.0977 -0.8275
vn -0.5556 -0.0000 -0.8315
vn -0.5529 -0.0977 -0.8275
vn -0.5450 -0.1945 -0.8156
vn -0.5318 -0.2894 -0.7959
vn -0.5135 -0.3816 -0.7685
vn -0.4903 -0.4701 -0.7339
vn -0.4625 -0.5542 -0.6921
vn -0.4301 -0.6329 -0.6438
vn -0.3937 -0.7056 -0.5892
vn -0.3535 -0.7715 -0.5290
vn -0.3098 -0.8301 -0.4637
vn -0.2632 -0.8806 -0.3939
vn -0.2141 -0.9228 -0.3204
vn -0.1628 -0.9561 -0.2437
vn -0.1100 -0.9802 -0.1647
vn -0.0561 -0.9949 -0.0840
vn -0.0387 0.9949 -0.0934
vn -0.0758 0.9802 -0.1830
vn -0.1122 0.9561 -0.2708
vn -0.1474 0.9228 -0.3560
vn -0.1813 0.8806 -0.4377
vn -0.2134 0.8301 -0.5152
vn -0.2435 0.7715 -0.5878
vn -0.2712 0.7056 -0.6547
vn -0.2963 0.6329 -0.7153
vn -0.3185 0.5542 -0.7690
vn -0.3378 0.4701 -0.8154
vn -0.3537 0.3816 -0.8540
vn -0.3663 0.2894 -0.8843
vn -0.3754 0.1945 -0.9062
vn -0.3809 0.0977 -0.9195
vn -0.3827 -0.0000 -0.9239
vn -0.3809 -0.0977 -0.9195
vn -0.3754 -0.1945 -0.9062
vn -0.3663 -0.2894 -0.8843
vn -0.3537 -0.3816 -0.8540
vn -0.3378 -0.4701 -0.8154
vn -0.3185 -0.5542 -0.7690
vn -0.2963 -0.6329 -0.7153
vn -0.2712 -0.7056 -0.6547
vn -0.2435 -0.7715 -0.5878
vn -0.2134 -0.8301 -0.5152
vn -0.1813 -0.8806 -0.4377
vn -0.1474 -0.9228 -0.3560
vn -0.1122 -0.9561 -0.2708
vn -0.0758 -0.9802 -0.1830
vn -0.0387 -0.9949 -0.0934
vn -0.0197 0.9949 -0.0991
vn -0.0386 0.9802 -0.1942
vn -0.0572 0.9561 -0.2875
vn -0.0752 0.9228 -0.3779
vn -0.0924 0.8806 -0.4647
vn -0.1088 0.8301 -0.5470
vn -0.1241 0.7715 -0.6240
vn -0.1382 0.7056 -0.6950
vn -0.1510 0.6329 -0.7594
vn -0.1624 0.5542 -0.8164
vn -0.1722 0.4701 -0.8656
vn -0.1803 0.3816 -0.9066
vn -0.1867 0.2894 -0.9388
vn -0.1914 0.1945 -0.9621
vn -0.1942 0.0977 -0.9761
vn -0.1951 -0.0000 -0.9808
vn -0.1942 -0.0977 -0.9761
vn -0.1914 -0.1945 -0.9621
vn -0.1867 -0.2894 -0.9388
vn -0.1803 -0.3816 -0.9066
vn -0.1722 -0.4701 -0.8656
vn -0.1624 -0.5542 -0.8164
vn -0.1510 -0.6329 -0.7594
vn -0.1382 -0.7056 -0.6950
vn -0.1241 -0.7715 -0.6240
vn -0.1088 -0.8301 -0.5470
vn -0.0924 -0.8806 -0.4647
vn -0.0752 -0.9228 -0.3779
vn -0.0572 -0.9561 -0.2875
vn -0.0386 -0.9802 -0.1942
vn -0.0197 -0.9949 -0.0991
vn -0.0000 0.9949 -0.1011
vn -0.0000 0.9802 -0.1980
vn -0.0000 0.9561 -0.2931
vn -0.0000 0.9228 -0.3853
vn -0.0000 0.8806 -0.4738
vn -0.0000 0.8301 -0.5577
vn -0.0000 0.7056 -0.7086
vn -0.0000 0.5542 -0.8324
vn -0.0000 0.4701 -0.8826
vn -0.0000 -0.0000 -1.0000
vn -0.0000 -0.2894 -0.9572
vn -0.0000 -0.3816 -0.9243
vn -0.0000 -0.7056 -0.7086
vn -0.0000 -0.9228 -0.3853
vn -0.0000 -0.9561 -0.2931
vt 0.319981 0.957982
vt 0.321819 0.962164
vt 0.309985 0.963826
vt 0.309365 0.959473
vt 0.148788 0.719977
vt 0.149848 0.714655
vt 0.164607 0.714550
vt 0.164249 0.719867
vt 0.317990 0.953430
vt 0.308692 0.954736
vt 0.147952 0.725552
vt 0.163967 0.725438
vt 0.315863 0.948552
vt 0.307974 0.949660
vt 0.147350 0.731326
vt 0.163763 0.731210
vt 0.166757 0.923604
vt 0.169234 0.917832
vt 0.168398 0.923835
vt 0.313621 0.943395
vt 0.307217 0.944295
vt 0.146986 0.737244
vt 0.163641 0.737125
vt 0.164305 0.929335
vt 0.167569 0.929793
vt 0.311287 0.938008
vt 0.306429 0.938690
vt 0.146864 0.743248
vt 0.163599 0.743129
vt 0.161899 0.934968
vt 0.166757 0.935651
vt 0.308882 0.932443
vt 0.305617 0.932902
vt 0.146986 0.749281
vt 0.163641 0.749162
vt 0.159565 0.940451
vt 0.165969 0.941350
vt 0.306429 0.926755
vt 0.304789 0.926985
vt 0.147350 0.755284
vt 0.163763 0.755167
vt 0.157323 0.945729
vt 0.165212 0.946837
vt 0.303952 0.920996
vt 0.147952 0.761200
vt 0.163967 0.761086
vt 0.155196 0.950753
vt 0.164494 0.952058
vt 0.148788 0.766972
vt 0.164249 0.766862
vt 0.153205 0.955473
vt 0.163822 0.956964
vt 0.149848 0.772545
vt 0.164607 0.772439
vt 0.151368 0.959845
vt 0.163201 0.961507
vt 0.151123 0.777863
vt 0.165037 0.777764
vt 0.152600 0.704972
vt 0.154265 0.700703
vt 0.166098 0.700619
vt 0.165536 0.704879
vt 0.152600 0.782877
vt 0.165536 0.782785
vt 0.151123 0.709637
vt 0.165037 0.709538
vt 0.154265 0.787539
vt 0.166098 0.787454
vt 0.180295 0.761086
vt 0.180013 0.766862
vt 0.173974 0.952058
vt 0.174646 0.956964
vt 0.179655 0.772439
vt 0.175267 0.961507
vt 0.179225 0.777764
vt 0.178164 0.700619
vt 0.178726 0.704879
vt 0.178726 0.782785
vt 0.179225 0.709538
vt 0.178164 0.787454
vt 0.179655 0.714550
vt 0.297920 0.963826
vt 0.298540 0.959473
vt 0.180013 0.719867
vt 0.299213 0.954736
vt 0.180295 0.725438
vt 0.299931 0.949660
vt 0.180499 0.731210
vt 0.170070 0.923835
vt 0.300687 0.944295
vt 0.180621 0.737125
vt 0.170898 0.929793
vt 0.301476 0.938690
vt 0.180662 0.743129
vt 0.171710 0.935651
vt 0.302288 0.932902
vt 0.180621 0.749162
vt 0.172499 0.941350
vt 0.303116 0.926985
vt 0.180499 0.755167
vt 0.173256 0.946837
vt 0.194414 0.772545
vt 0.193139 0.777863
vt 0.189997 0.700703
vt 0.191662 0.704971
vt 0.191662 0.782877
vt 0.193139 0.709637
vt 0.189997 0.787539
vt 0.194414 0.714655
vt 0.286086 0.962164
vt 0.287923 0.957982
vt 0.195474 0.719977
vt 0.289915 0.953430
vt 0.196310 0.725552
vt 0.292042 0.948552
vt 0.196912 0.731326
vt 0.171710 0.923604
vt 0.294283 0.943395
vt 0.197276 0.737244
vt 0.174163 0.929335
vt 0.296618 0.938008
vt 0.197398 0.743248
vt 0.176568 0.934968
vt 0.299023 0.932443
vt 0.197276 0.749281
vt 0.178903 0.940451
vt 0.301476 0.926755
vt 0.196912 0.755284
vt 0.181144 0.945729
vt 0.196310 0.761200
vt 0.183271 0.950753
vt 0.195474 0.766972
vt 0.185263 0.955473
vt 0.187100 0.959845
vt 0.203848 0.783058
vt 0.201144 0.787704
vt 0.206247 0.709831
vt 0.208317 0.714861
vt 0.274939 0.958904
vt 0.277923 0.955057
vt 0.210038 0.720193
vt 0.281157 0.950869
vt 0.211395 0.725776
vt 0.284611 0.946379
vt 0.212373 0.731556
vt 0.173256 0.923153
vt 0.288251 0.941630
vt 0.212964 0.737476
vt 0.177239 0.928435
vt 0.292042 0.936670
vt 0.213162 0.743482
vt 0.181144 0.933630
vt 0.295948 0.931544
vt 0.212964 0.749513
vt 0.184936 0.938686
vt 0.299931 0.926303
vt 0.212373 0.755513
vt 0.188576 0.943555
vt 0.211395 0.761424
vt 0.192029 0.948191
vt 0.210038 0.767188
vt 0.195263 0.952548
vt 0.208317 0.772750
vt 0.198247 0.956584
vt 0.206247 0.778057
vt 0.188765 0.963826
vt 0.200951 0.960262
vt 0.203848 0.705152
vt 0.268922 0.950810
vt 0.273275 0.947150
vt 0.223146 0.720507
vt 0.224971 0.726100
vt 0.277923 0.943223
vt 0.226288 0.731888
vt 0.174646 0.922496
vt 0.282821 0.939069
vt 0.227083 0.737814
vt 0.180006 0.927129
vt 0.287923 0.934726
vt 0.227349 0.743821
vt 0.185263 0.931687
vt 0.293180 0.930238
vt 0.227083 0.749851
vt 0.190365 0.936124
vt 0.298540 0.925646
vt 0.226288 0.755846
vt 0.195263 0.940400
vt 0.224971 0.761748
vt 0.199911 0.944472
vt 0.223146 0.767501
vt 0.204264 0.948301
vt 0.220829 0.773050
vt 0.208279 0.951851
vt 0.218043 0.778340
vt 0.211918 0.955087
vt 0.214815 0.783320
vt 0.214815 0.705414
vt 0.218043 0.710113
vt 0.272235 0.962371
vt 0.261268 0.957197
vt 0.264907 0.954170
vt 0.220829 0.715160
vt 0.175829 0.921661
vt 0.272235 0.939207
vt 0.278204 0.935808
vt 0.239890 0.738042
vt 0.240859 0.732053
vt 0.252692 0.732477
vt 0.251897 0.738472
vt 0.182360 0.925467
vt 0.284421 0.932253
vt 0.239566 0.744070
vt 0.251631 0.744502
vt 0.188765 0.929213
vt 0.290826 0.928576
vt 0.239414 0.744252
vt 0.239090 0.750280
vt 0.194982 0.932864
vt 0.297357 0.924811
vt 0.238122 0.756269
vt 0.200951 0.936383
vt 0.236517 0.762161
vt 0.206615 0.939738
vt 0.234293 0.767900
vt 0.211918 0.942896
vt 0.231470 0.773430
vt 0.216810 0.945826
vt 0.228075 0.778698
vt 0.221245 0.948501
vt 0.224142 0.783654
vt 0.215146 0.957978
vt 0.225178 0.950894
vt 0.251942 0.950611
vt 0.256376 0.948146
vt 0.247511 0.714892
vt 0.250905 0.709624
vt 0.260937 0.709983
vt 0.258152 0.715273
vt 0.261268 0.945405
vt 0.244688 0.720422
vt 0.255835 0.720821
vt 0.266572 0.942416
vt 0.242463 0.726161
vt 0.254009 0.726574
vt 0.184210 0.923513
vt 0.191517 0.926305
vt 0.281669 0.929345
vt 0.288977 0.926621
vt 0.251897 0.750509
vt 0.265819 0.744841
vt 0.266016 0.750846
vt 0.198610 0.929030
vt 0.296428 0.923829
vt 0.252692 0.756435
vt 0.266607 0.756767
vt 0.205420 0.931661
vt 0.254009 0.762222
vt 0.267586 0.762547
vt 0.211881 0.934172
vt 0.255835 0.767816
vt 0.268942 0.768129
vt 0.217932 0.936541
vt 0.258152 0.773162
vt 0.270664 0.773461
vt 0.223514 0.938742
vt 0.260937 0.778209
vt 0.272734 0.778491
vt 0.228573 0.940757
vt 0.264165 0.782908
vt 0.275132 0.783171
vt 0.264165 0.705003
vt 0.275132 0.705265
vt 0.272734 0.710265
vt 0.244614 0.942866
vt 0.249673 0.941062
vt 0.270664 0.715572
vt 0.255254 0.939050
vt 0.268942 0.721135
vt 0.261305 0.936850
vt 0.267586 0.726899
vt 0.267766 0.934484
vt 0.266607 0.732809
vt 0.176758 0.920679
vt 0.274576 0.931975
vt 0.266016 0.738809
vt 0.201109 0.924770
vt 0.208498 0.926413
vt 0.295788 0.922738
vt 0.282068 0.756996
vt 0.282671 0.762770
vt 0.215509 0.927988
vt 0.283506 0.768345
vt 0.222074 0.929479
vt 0.284566 0.773668
vt 0.228131 0.930871
vt 0.285841 0.778685
vt 0.277836 0.700619
vt 0.288983 0.700784
vt 0.287318 0.705445
vt 0.287318 0.783351
vt 0.285841 0.710460
vt 0.239566 0.934261
vt 0.245055 0.933190
vt 0.284566 0.715778
vt 0.251112 0.931988
vt 0.283506 0.721350
vt 0.257677 0.930666
vt 0.282671 0.727122
vt 0.264688 0.929237
vt 0.282068 0.733039
vt 0.177398 0.919588
vt 0.272078 0.927714
vt 0.281705 0.739042
vt 0.185483 0.921341
vt 0.279774 0.926114
vt 0.281583 0.745075
vt 0.193412 0.923074
vt 0.287703 0.924450
vt 0.281705 0.751079
vt 0.217358 0.921422
vt 0.224186 0.921982
vt 0.298967 0.768455
vt 0.299325 0.773773
vt 0.230485 0.922515
vt 0.299756 0.778785
vt 0.300817 0.700868
vt 0.300255 0.705537
vt 0.300255 0.783443
vt 0.299756 0.710559
vt 0.288983 0.787620
vt 0.300817 0.787704
vt 0.299325 0.715883
vt 0.242702 0.924834
vt 0.249000 0.924491
vt 0.298967 0.721461
vt 0.255828 0.924100
vt 0.298685 0.727236
vt 0.263119 0.923666
vt 0.298482 0.733155
vt 0.177724 0.918430
vt 0.270804 0.923192
vt 0.298359 0.739161
vt 0.186133 0.919035
vt 0.278807 0.922683
vt 0.298318 0.745194
vt 0.194379 0.919643
vt 0.287053 0.922144
vt 0.298359 0.751197
vt 0.202383 0.920248
vt 0.295462 0.921580
vt 0.298482 0.757113
vt 0.210067 0.920843
vt 0.298685 0.762884
vt 0.312882 0.700868
vt 0.313444 0.705537
vt 0.313943 0.778785
vt 0.313444 0.783443
vt 0.313943 0.710559
vt 0.312882 0.787704
vt 0.314374 0.715883
vt 0.242702 0.916314
vt 0.249000 0.916847
vt 0.314732 0.721461
vt 0.255828 0.917406
vt 0.315014 0.727236
vt 0.263119 0.917986
vt 0.315217 0.733155
vt 0.177724 0.917249
vt 0.270804 0.918581
vt 0.315340 0.739161
vt 0.186133 0.916685
vt 0.278807 0.919186
vt 0.315381 0.745194
vt 0.194379 0.916146
vt 0.287053 0.919793
vt 0.315340 0.751197
vt 0.202383 0.915637
vt 0.295462 0.920399
vt 0.315217 0.757113
vt 0.210067 0.915163
vt 0.315014 0.762884
vt 0.217358 0.914728
vt 0.314732 0.768455
vt 0.224186 0.914338
vt 0.314374 0.773773
vt 0.230485 0.913995
vt 0.327858 0.710460
vt 0.329133 0.715778
vt 0.245055 0.907958
vt 0.251112 0.909350
vt 0.330193 0.721350
vt 0.257677 0.910841
vt 0.331028 0.727122
vt 0.264688 0.912415
vt 0.331631 0.733039
vt 0.177398 0.916090
vt 0.272078 0.914059
vt 0.331994 0.739042
vt 0.185483 0.914379
vt 0.279774 0.915755
vt 0.332116 0.745075
vt 0.193412 0.912715
vt 0.287703 0.917488
vt 0.331994 0.751079
vt 0.201109 0.911114
vt 0.295788 0.919241
vt 0.331631 0.756996
vt 0.208498 0.909592
vt 0.331028 0.762770
vt 0.215509 0.908163
vt 0.330193 0.768345
vt 0.222074 0.906841
vt 0.329133 0.773668
vt 0.228131 0.905639
vt 0.327858 0.778685
vt 0.324716 0.700784
vt 0.326381 0.705445
vt 0.326381 0.783351
vt 0.324716 0.787620
vt 0.344757 0.721135
vt 0.346114 0.726899
vt 0.261305 0.904656
vt 0.267766 0.907168
vt 0.347092 0.732809
vt 0.176758 0.914999
vt 0.274576 0.909799
vt 0.347683 0.738809
vt 0.184210 0.912208
vt 0.281669 0.912524
vt 0.347880 0.744841
vt 0.191517 0.909484
vt 0.288977 0.915316
vt 0.347683 0.750846
vt 0.198610 0.906854
vt 0.296428 0.918150
vt 0.347092 0.756767
vt 0.205420 0.904344
vt 0.346114 0.762547
vt 0.211881 0.901978
vt 0.344757 0.768129
vt 0.217932 0.899779
vt 0.343035 0.773461
vt 0.223514 0.897767
vt 0.340965 0.778491
vt 0.335863 0.700619
vt 0.338567 0.705265
vt 0.338567 0.783171
vt 0.340965 0.710265
vt 0.239566 0.906677
vt 0.244614 0.898072
vt 0.249673 0.900086
vt 0.343035 0.715572
vt 0.255254 0.902288
vt 0.361007 0.732477
vt 0.361802 0.738472
vt 0.175829 0.914017
vt 0.182360 0.910253
vt 0.278204 0.905965
vt 0.284421 0.909615
vt 0.362068 0.744502
vt 0.188765 0.906576
vt 0.290826 0.913362
vt 0.361802 0.750509
vt 0.194982 0.903020
vt 0.297357 0.917168
vt 0.361007 0.756435
vt 0.200951 0.899622
vt 0.359690 0.762222
vt 0.206615 0.896413
vt 0.357864 0.767816
vt 0.211918 0.893423
vt 0.355548 0.773162
vt 0.216810 0.890683
vt 0.352762 0.778209
vt 0.228573 0.895963
vt 0.221245 0.888218
vt 0.349534 0.782908
vt 0.349534 0.705003
vt 0.352762 0.709983
vt 0.251942 0.890328
vt 0.256376 0.893002
vt 0.355548 0.715273
vt 0.261268 0.895933
vt 0.357864 0.720821
vt 0.266572 0.899090
vt 0.359690 0.726574
vt 0.272235 0.902445
vt 0.105172 0.837271
vt 0.104848 0.831262
vt 0.116913 0.831694
vt 0.117179 0.837701
vt 0.185263 0.904102
vt 0.190365 0.899760
vt 0.293180 0.911700
vt 0.298540 0.916332
vt 0.106140 0.843203
vt 0.117974 0.843626
vt 0.195263 0.895606
vt 0.107745 0.849001
vt 0.119291 0.849414
vt 0.199911 0.891679
vt 0.109969 0.854609
vt 0.121116 0.855008
vt 0.204264 0.888018
vt 0.369011 0.767417
vt 0.366188 0.772781
vt 0.208279 0.884659
vt 0.116187 0.865042
vt 0.112792 0.859973
vt 0.123433 0.860354
vt 0.126219 0.865401
vt 0.211918 0.881632
vt 0.248008 0.887935
vt 0.258040 0.880850
vt 0.261268 0.883742
vt 0.116187 0.796816
vt 0.120120 0.791861
vt 0.129447 0.792194
vt 0.126219 0.797175
vt 0.264907 0.886978
vt 0.112792 0.802084
vt 0.123433 0.802465
vt 0.268922 0.890528
vt 0.366188 0.714892
vt 0.369011 0.720422
vt 0.273275 0.894357
vt 0.107745 0.813353
vt 0.109969 0.807614
vt 0.121116 0.808013
vt 0.119291 0.813766
vt 0.277923 0.898429
vt 0.106140 0.819245
vt 0.117974 0.819669
vt 0.174646 0.913182
vt 0.282821 0.902705
vt 0.105172 0.825234
vt 0.117179 0.825664
vt 0.180006 0.908591
vt 0.287923 0.907142
vt 0.131889 0.843959
vt 0.132867 0.849739
vt 0.188576 0.892450
vt 0.192029 0.887960
vt 0.134224 0.855321
vt 0.195263 0.883772
vt 0.135945 0.860653
vt 0.198247 0.879925
vt 0.138015 0.865683
vt 0.200951 0.876458
vt 0.129447 0.870100
vt 0.140414 0.870362
vt 0.140414 0.792457
vt 0.138015 0.797457
vt 0.272235 0.878567
vt 0.274939 0.882244
vt 0.135945 0.802764
vt 0.277923 0.886281
vt 0.134224 0.808326
vt 0.281157 0.890638
vt 0.132867 0.814091
vt 0.284611 0.895273
vt 0.131889 0.820001
vt 0.173256 0.912526
vt 0.288251 0.900143
vt 0.131298 0.826001
vt 0.177239 0.907285
vt 0.292042 0.905199
vt 0.131100 0.832033
vt 0.181144 0.902159
vt 0.295948 0.910394
vt 0.131298 0.838038
vt 0.184936 0.897198
vt 0.299931 0.915676
vt 0.148788 0.855537
vt 0.149848 0.860859
vt 0.185263 0.880847
vt 0.187100 0.876665
vt 0.151123 0.865877
vt 0.143118 0.787811
vt 0.154265 0.787976
vt 0.152600 0.792637
vt 0.152600 0.870543
vt 0.151123 0.797651
vt 0.284421 0.875003
vt 0.286086 0.878984
vt 0.149848 0.802970
vt 0.287923 0.883356
vt 0.148788 0.808542
vt 0.289915 0.888076
vt 0.147952 0.814314
vt 0.292042 0.893100
vt 0.147350 0.820230
vt 0.171710 0.912074
vt 0.294283 0.898378
vt 0.146986 0.826234
vt 0.174163 0.906385
vt 0.296618 0.903861
vt 0.146864 0.832267
vt 0.176568 0.900821
vt 0.299023 0.909494
vt 0.146986 0.838271
vt 0.178903 0.895434
vt 0.301476 0.915224
vt 0.147350 0.844188
vt 0.181144 0.890276
vt 0.147952 0.849962
vt 0.183271 0.885398
vt 0.165037 0.865976
vt 0.165536 0.870635
vt 0.165536 0.792729
vt 0.165037 0.797750
vt 0.154265 0.874811
vt 0.166098 0.874896
vt 0.164607 0.803075
vt 0.297920 0.877322
vt 0.298540 0.881864
vt 0.164249 0.808652
vt 0.299212 0.886770
vt 0.163967 0.814428
vt 0.299931 0.891992
vt 0.163763 0.820347
vt 0.170070 0.911844
vt 0.300687 0.897479
vt 0.163641 0.826352
vt 0.170898 0.905927
vt 0.301476 0.903178
vt 0.163600 0.832386
vt 0.171710 0.900138
vt 0.302288 0.909036
vt 0.163641 0.838389
vt 0.172499 0.894534
vt 0.303116 0.914994
vt 0.163763 0.844305
vt 0.173256 0.889168
vt 0.163967 0.850076
vt 0.173974 0.884092
vt 0.164249 0.855647
vt 0.174646 0.879355
vt 0.164607 0.860964
vt 0.175267 0.875003
vt 0.166098 0.788060
vt 0.309985 0.877322
vt 0.309365 0.881864
vt 0.179655 0.803075
vt 0.180013 0.808652
vt 0.308692 0.886770
vt 0.180295 0.814428
vt 0.307974 0.891992
vt 0.180499 0.820347
vt 0.168398 0.911844
vt 0.307217 0.897479
vt 0.180621 0.826352
vt 0.167569 0.905927
vt 0.306429 0.903178
vt 0.180663 0.832386
vt 0.166757 0.900138
vt 0.305617 0.909036
vt 0.180621 0.838389
vt 0.165969 0.894534
vt 0.304789 0.914994
vt 0.180499 0.844305
vt 0.165212 0.889168
vt 0.180295 0.850076
vt 0.164494 0.884093
vt 0.180013 0.855647
vt 0.163822 0.879355
vt 0.179655 0.860964
vt 0.163201 0.875003
vt 0.179225 0.865976
vt 0.178164 0.788060
vt 0.178726 0.792729
vt 0.178726 0.870635
vt 0.179225 0.797750
vt 0.178164 0.874896
vt 0.317990 0.888076
vt 0.315863 0.893100
vt 0.196310 0.814314
vt 0.196912 0.820230
vt 0.166757 0.912074
vt 0.313621 0.898378
vt 0.197276 0.826234
vt 0.164305 0.906385
vt 0.311287 0.903861
vt 0.197398 0.832267
vt 0.161899 0.900821
vt 0.308882 0.909494
vt 0.197276 0.838271
vt 0.159565 0.895434
vt 0.306429 0.915224
vt 0.196912 0.844188
vt 0.157323 0.890277
vt 0.196310 0.849962
vt 0.155196 0.885398
vt 0.195474 0.855537
vt 0.153205 0.880847
vt 0.194414 0.860859
vt 0.151368 0.876665
vt 0.193139 0.865877
vt 0.189997 0.787976
vt 0.191662 0.792637
vt 0.191662 0.870543
vt 0.193139 0.797651
vt 0.189997 0.874811
vt 0.194414 0.802970
vt 0.321819 0.878984
vt 0.319981 0.883356
vt 0.195474 0.808542
vt 0.319654 0.900143
vt 0.315863 0.905199
vt 0.212964 0.826001
vt 0.213162 0.832033
vt 0.161229 0.907285
vt 0.157323 0.902159
vt 0.311957 0.910394
vt 0.212964 0.838038
vt 0.153532 0.897198
vt 0.307974 0.915676
vt 0.212373 0.843959
vt 0.149892 0.892450
vt 0.211395 0.849739
vt 0.146438 0.887960
vt 0.210038 0.855321
vt 0.143204 0.883772
vt 0.208317 0.860653
vt 0.140221 0.879925
vt 0.206247 0.865683
vt 0.201144 0.787811
vt 0.203848 0.792457
vt 0.203848 0.870362
vt 0.206247 0.797457
vt 0.323484 0.875003
vt 0.335670 0.878567
vt 0.332965 0.882244
vt 0.208317 0.802764
vt 0.329982 0.886281
vt 0.210038 0.808326
vt 0.326748 0.890638
vt 0.211395 0.814091
vt 0.323294 0.895273
vt 0.212373 0.820001
vt 0.165212 0.912526
vt 0.314725 0.911700
vt 0.309365 0.916332
vt 0.227083 0.837701
vt 0.226288 0.843626
vt 0.148103 0.899760
vt 0.143204 0.895606
vt 0.224971 0.849414
vt 0.138556 0.891679
vt 0.223146 0.855008
vt 0.134204 0.888018
vt 0.220829 0.860354
vt 0.130189 0.884659
vt 0.218043 0.865401
vt 0.137517 0.876458
vt 0.126550 0.881632
vt 0.214815 0.870100
vt 0.214815 0.792194
vt 0.218043 0.797175
vt 0.346636 0.883742
vt 0.342997 0.886978
vt 0.220829 0.802465
vt 0.338982 0.890527
vt 0.223146 0.808013
vt 0.334630 0.894357
vt 0.224971 0.813766
vt 0.329982 0.898429
vt 0.226288 0.819669
vt 0.163822 0.913182
vt 0.325083 0.902705
vt 0.227083 0.825664
vt 0.158461 0.908591
vt 0.319981 0.907142
vt 0.227349 0.831694
vt 0.153205 0.904102
vt 0.244688 0.855092
vt 0.242463 0.849353
vt 0.254009 0.848940
vt 0.255835 0.854693
vt 0.131853 0.896413
vt 0.126550 0.893423
vt 0.247511 0.860622
vt 0.258151 0.860241
vt 0.121657 0.890683
vt 0.250905 0.865890
vt 0.260937 0.865531
vt 0.117223 0.888218
vt 0.349864 0.880850
vt 0.359896 0.887934
vt 0.355963 0.890328
vt 0.224142 0.791861
vt 0.228075 0.796816
vt 0.351529 0.893002
vt 0.231470 0.802084
vt 0.346636 0.895932
vt 0.234293 0.807614
vt 0.341333 0.899090
vt 0.236517 0.813353
vt 0.335670 0.902445
vt 0.238122 0.819245
vt 0.162639 0.914017
vt 0.329701 0.905965
vt 0.239090 0.825234
vt 0.156107 0.910253
vt 0.323484 0.909615
vt 0.239414 0.831262
vt 0.149702 0.906576
vt 0.317079 0.913362
vt 0.239890 0.837472
vt 0.239566 0.831444
vt 0.251631 0.831013
vt 0.251897 0.837043
vt 0.143486 0.903021
vt 0.310547 0.917168
vt 0.240859 0.843461
vt 0.252692 0.843038
vt 0.137517 0.899622
vt 0.270664 0.859942
vt 0.272734 0.865249
vt 0.114954 0.897767
vt 0.109895 0.895963
vt 0.264165 0.870512
vt 0.275132 0.870250
vt 0.260937 0.797305
vt 0.264165 0.792606
vt 0.275132 0.792344
vt 0.272734 0.797023
vt 0.363291 0.898072
vt 0.358232 0.900086
vt 0.258151 0.802352
vt 0.270664 0.802053
vt 0.352650 0.902288
vt 0.255835 0.807698
vt 0.268942 0.807385
vt 0.346600 0.904656
vt 0.254009 0.813292
vt 0.267585 0.812968
vt 0.340138 0.907168
vt 0.252692 0.819080
vt 0.266607 0.818747
vt 0.161710 0.914999
vt 0.333328 0.909799
vt 0.251897 0.825006
vt 0.266016 0.824668
vt 0.154258 0.912208
vt 0.326235 0.912524
vt 0.265819 0.830673
vt 0.146951 0.909484
vt 0.318928 0.915316
vt 0.266016 0.836705
vt 0.139858 0.906854
vt 0.311476 0.918150
vt 0.266607 0.842705
vt 0.133048 0.904345
vt 0.267585 0.848616
vt 0.126587 0.901979
vt 0.268942 0.854380
vt 0.120536 0.899779
vt 0.277836 0.874896
vt 0.287318 0.870069
vt 0.288983 0.874730
vt 0.285841 0.796829
vt 0.284566 0.801847
vt 0.362849 0.907958
vt 0.356793 0.909350
vt 0.283506 0.807169
vt 0.350227 0.910841
vt 0.282671 0.812744
vt 0.343216 0.912415
vt 0.282068 0.818518
vt 0.161070 0.916090
vt 0.335827 0.914059
vt 0.281705 0.824436
vt 0.152984 0.914379
vt 0.328131 0.915755
vt 0.281583 0.830440
vt 0.145055 0.912715
vt 0.320202 0.917488
vt 0.281705 0.836473
vt 0.137359 0.911114
vt 0.312116 0.919241
vt 0.282068 0.842476
vt 0.129970 0.909592
vt 0.282671 0.848392
vt 0.122959 0.908163
vt 0.283506 0.854164
vt 0.116393 0.906841
vt 0.284566 0.859736
vt 0.110337 0.905639
vt 0.285841 0.865055
vt 0.104848 0.904568
vt 0.287318 0.792163
vt 0.358905 0.916847
vt 0.352077 0.917406
vt 0.298967 0.807059
vt 0.298685 0.812630
vt 0.344785 0.917986
vt 0.298482 0.818401
vt 0.160743 0.917249
vt 0.337101 0.918581
vt 0.298359 0.824317
vt 0.152335 0.916685
vt 0.329097 0.919186
vt 0.298318 0.830321
vt 0.144089 0.916146
vt 0.320851 0.919793
vt 0.298359 0.836354
vt 0.136085 0.915637
vt 0.312443 0.920399
vt 0.298482 0.842359
vt 0.128401 0.915163
vt 0.298685 0.848278
vt 0.121109 0.914729
vt 0.298967 0.854054
vt 0.114282 0.914338
vt 0.299325 0.859631
vt 0.107983 0.913995
vt 0.299756 0.864956
vt 0.288983 0.787895
vt 0.300817 0.787811
vt 0.300254 0.792071
vt 0.300254 0.869977
vt 0.299756 0.796730
vt 0.300817 0.874646
vt 0.299325 0.801742
vt 0.365203 0.916314
vt 0.160743 0.918430
vt 0.344785 0.923666
vt 0.337101 0.923192
vt 0.315217 0.818401
vt 0.315340 0.824317
vt 0.152335 0.919035
vt 0.329097 0.922683
vt 0.315381 0.830321
vt 0.144089 0.919643
vt 0.320851 0.922144
vt 0.315340 0.836354
vt 0.136085 0.920248
vt 0.312443 0.921580
vt 0.315217 0.842359
vt 0.128401 0.920843
vt 0.315014 0.848278
vt 0.121109 0.921423
vt 0.314731 0.854054
vt 0.114282 0.921982
vt 0.314374 0.859631
vt 0.107983 0.922515
vt 0.313943 0.864956
vt 0.312882 0.787811
vt 0.313444 0.792071
vt 0.313444 0.869977
vt 0.313943 0.796730
vt 0.312882 0.874646
vt 0.314374 0.801742
vt 0.365203 0.924834
vt 0.358905 0.924491
vt 0.314731 0.807059
vt 0.352077 0.924100
vt 0.315014 0.812630
vt 0.350227 0.930666
vt 0.343216 0.929237
vt 0.331028 0.812744
vt 0.331631 0.818518
vt 0.161070 0.919588
vt 0.335827 0.927714
vt 0.331994 0.824436
vt 0.152984 0.921341
vt 0.328131 0.926114
vt 0.332116 0.830440
vt 0.145055 0.923074
vt 0.320202 0.924450
vt 0.331994 0.836473
vt 0.137359 0.924770
vt 0.312116 0.922738
vt 0.331631 0.842476
vt 0.129970 0.926413
vt 0.331028 0.848392
vt 0.122959 0.927988
vt 0.330193 0.854164
vt 0.116393 0.929479
vt 0.329133 0.859736
vt 0.110337 0.930871
vt 0.327858 0.865055
vt 0.324716 0.787895
vt 0.326381 0.792163
vt 0.326381 0.870069
vt 0.327858 0.796829
vt 0.324716 0.874730
vt 0.329133 0.801847
vt 0.362849 0.933190
vt 0.356793 0.931988
vt 0.330193 0.807169
vt 0.161710 0.920679
vt 0.154258 0.923513
vt 0.333328 0.931974
vt 0.326235 0.929345
vt 0.347683 0.824668
vt 0.347880 0.830673
vt 0.146951 0.926305
vt 0.318928 0.926621
vt 0.347683 0.836705
vt 0.139858 0.929030
vt 0.311476 0.923829
vt 0.347092 0.842705
vt 0.133048 0.931661
vt 0.346113 0.848616
vt 0.126587 0.934173
vt 0.344757 0.854380
vt 0.120536 0.936541
vt 0.343035 0.859942
vt 0.114954 0.938743
vt 0.340965 0.865249
vt 0.104848 0.932152
vt 0.109895 0.940757
vt 0.338567 0.870250
vt 0.338567 0.792344
vt 0.340965 0.797023
vt 0.335863 0.874896
vt 0.343035 0.802053
vt 0.358232 0.941061
vt 0.352650 0.939050
vt 0.344757 0.807385
vt 0.346600 0.936850
vt 0.346113 0.812968
vt 0.340138 0.934484
vt 0.347092 0.818747
vt 0.149702 0.929213
vt 0.143486 0.932864
vt 0.317079 0.928576
vt 0.310547 0.924811
vt 0.361802 0.837043
vt 0.361007 0.843038
vt 0.137517 0.936384
vt 0.359690 0.848940
vt 0.131853 0.939738
vt 0.357864 0.854693
vt 0.126550 0.942896
vt 0.355547 0.860241
vt 0.121657 0.945827
vt 0.352762 0.865531
vt 0.117223 0.948501
vt 0.349534 0.870512
vt 0.349534 0.792606
vt 0.352762 0.797305
vt 0.363291 0.942866
vt 0.355963 0.950610
vt 0.351529 0.948146
vt 0.355547 0.802352
vt 0.346636 0.945405
vt 0.357864 0.807698
vt 0.341333 0.942416
vt 0.359690 0.813292
vt 0.335670 0.939207
vt 0.361007 0.819080
vt 0.162639 0.921661
vt 0.329701 0.935808
vt 0.361802 0.825006
vt 0.156107 0.925467
vt 0.323484 0.932253
vt 0.362068 0.831013
vt 0.143204 0.940400
vt 0.138556 0.944472
vt 0.109969 0.767900
vt 0.107745 0.762162
vt 0.119291 0.761748
vt 0.121116 0.767501
vt 0.134204 0.948301
vt 0.112792 0.773430
vt 0.123433 0.773050
vt 0.130189 0.951851
vt 0.116187 0.778699
vt 0.126219 0.778340
vt 0.126550 0.955087
vt 0.120120 0.783654
vt 0.129447 0.783320
vt 0.113290 0.950894
vt 0.123322 0.957978
vt 0.346636 0.957196
vt 0.342997 0.954170
vt 0.112792 0.715541
vt 0.116187 0.710472
vt 0.126219 0.710114
vt 0.123433 0.715160
vt 0.338982 0.950810
vt 0.109969 0.720905
vt 0.121116 0.720507
vt 0.334630 0.947150
vt 0.107745 0.726514
vt 0.119291 0.726101
vt 0.329982 0.943223
vt 0.106140 0.732312
vt 0.117974 0.731888
vt 0.163822 0.922496
vt 0.325083 0.939069
vt 0.105172 0.738244
vt 0.117179 0.737814
vt 0.158461 0.927129
vt 0.319981 0.934726
vt 0.104848 0.744252
vt 0.116913 0.743821
vt 0.153205 0.931687
vt 0.314725 0.930238
vt 0.105172 0.750280
vt 0.117179 0.749851
vt 0.148103 0.936124
vt 0.309365 0.925646
vt 0.106140 0.756269
vt 0.117974 0.755846
vt 0.143204 0.952548
vt 0.140221 0.956585
vt 0.135945 0.772750
vt 0.138015 0.778057
vt 0.137517 0.960262
vt 0.140414 0.783058
vt 0.129447 0.705414
vt 0.140414 0.705152
vt 0.138015 0.709832
vt 0.335670 0.962371
vt 0.332965 0.958903
vt 0.135945 0.714861
vt 0.329982 0.955057
vt 0.134223 0.720193
vt 0.326748 0.950869
vt 0.132867 0.725776
vt 0.323294 0.946379
vt 0.131889 0.731556
vt 0.165212 0.923153
vt 0.319654 0.941630
vt 0.131298 0.737476
vt 0.161229 0.928435
vt 0.315863 0.936670
vt 0.131100 0.743482
vt 0.157323 0.933630
vt 0.311957 0.931544
vt 0.131298 0.749513
vt 0.153532 0.938686
vt 0.307974 0.926302
vt 0.131889 0.755513
vt 0.149892 0.943555
vt 0.132867 0.761424
vt 0.146438 0.948191
vt 0.134224 0.767188
vt 0.143118 0.787704
vt 0.149702 0.963826
s 1
usemtl Carbon.002
f 1009/1145/1006 1989/1146/1986 1037/1147/1034 1038/1148/1035
f 1000/1149/997 1985/1150/1982 1024/1151/1021 1025/1152/1022
f 1010/1153/1007 1009/1145/1006 1038/1148/1035 1039/1154/1036
f 1001/1155/998 1000/1149/997 1025/1152/1022 1026/1156/1023
f 1011/1157/1008 1010/1153/1007 1039/1154/1036 1040/1158/1037
f 1002/1159/999 1001/1155/998 1026/1156/1023 1027/1160/1024
f 1977/1161/1974 1511/1162/1508 1014/1163/1011
f 1990/1164/1987 1011/1157/1008 1040/1158/1037 1041/1165/1038
f 1003/1166/1000 1002/1159/999 1027/1160/1024 1028/1167/1025
f 1978/1168/1975 1977/1161/1974 1014/1163/1011 1015/1169/1012
f 1991/1170/1988 1990/1164/1987 1041/1165/1038 1042/1171/1039
f 1986/1172/1983 1003/1166/1000 1028/1167/1025 1029/1173/1026
f 1979/1174/1976 1978/1168/1975 1015/1169/1012 1016/1175/1013
f 1012/1176/1009 1991/1170/1988 1042/1171/1039 1043/1177/1040
f 1004/1178/1001 1986/1172/1983 1029/1173/1026 1030/1179/1027
f 1980/1180/1977 1979/1174/1976 1016/1175/1013 1017/1181/1014
f 1013/1182/1010 1012/1176/1009 1043/1177/1040 1044/1183/1041
f 1005/1184/1002 1004/1178/1001 1030/1179/1027 1031/1185/1028
f 1981/1186/1978 1980/1180/1977 1017/1181/1014 1018/1187/1015
f 1510/1188/1507 1013/1182/1010 1044/1183/1041
f 1987/1189/1984 1005/1184/1002 1031/1185/1028 1032/1190/1029
f 1982/1191/1979 1981/1186/1978 1018/1187/1015 1019/1192/1016
f 1988/1193/1985 1987/1189/1984 1032/1190/1029 1033/1194/1030
f 998/1195/995 1982/1191/1979 1019/1192/1016 1020/1196/1017
f 1006/1197/1003 1988/1193/1985 1033/1194/1030 1034/1198/1031
f 1983/1199/1980 998/1195/995 1020/1196/1017 1021/1200/1018
f 1007/1201/1004 1006/1197/1003 1034/1198/1031 1035/1202/1032
f 999/1203/996 1983/1204/1980 1021/1205/1018 1022/1206/1019
f 1008/1207/1005 1007/1201/1004 1035/1202/1032 1036/1208/1033
f 1984/1209/1981 999/1203/996 1022/1206/1019 1023/1210/1020
f 1989/1211/1986 1008/1207/1005 1036/1208/1033 1037/1212/1034
f 1985/1150/1982 1984/1209/1981 1023/1210/1020 1024/1151/1021
f 1033/1194/1030 1032/1190/1029 1063/1213/1060 1064/1214/1061
f 1020/1196/1017 1019/1192/1016 1050/1215/1047 1051/1216/1048
f 1034/1198/1031 1033/1194/1030 1064/1214/1061 1065/1217/1062
f 1021/1200/1018 1020/1196/1017 1051/1216/1048 1052/1218/1049
f 1035/1202/1032 1034/1198/1031 1065/1217/1062 1066/1219/1063
f 1022/1206/1019 1021/1205/1018 1052/1220/1049 1053/1221/1050
f 1036/1208/1033 1035/1202/1032 1066/1219/1063 1067/1222/1064
f 1023/1210/1020 1022/1206/1019 1053/1221/1050 1054/1223/1051
f 1037/1212/1034 1036/1208/1033 1067/1222/1064 1068/1224/1065
f 1024/1151/1021 1023/1210/1020 1054/1223/1051 1055/1225/1052
f 1038/1148/1035 1037/1147/1034 1068/1226/1065 1069/1227/1066
f 1025/1152/1022 1024/1151/1021 1055/1225/1052 1056/1228/1053
f 1039/1154/1036 1038/1148/1035 1069/1227/1066 1070/1229/1067
f 1026/1156/1023 1025/1152/1022 1056/1228/1053 1057/1230/1054
f 1040/1158/1037 1039/1154/1036 1070/1229/1067 1071/1231/1068
f 1027/1160/1024 1026/1156/1023 1057/1230/1054 1058/1232/1055
f 1014/1163/1011 1511/1162/1508 1045/1233/1042
f 1041/1165/1038 1040/1158/1037 1071/1231/1068 1072/1234/1069
f 1028/1167/1025 1027/1160/1024 1058/1232/1055 1059/1235/1056
f 1015/1169/1012 1014/1163/1011 1045/1233/1042 1046/1236/1043
f 1042/1171/1039 1041/1165/1038 1072/1234/1069 1073/1237/1070
f 1029/1173/1026 1028/1167/1025 1059/1235/1056 1060/1238/1057
f 1016/1175/1013 1015/1169/1012 1046/1236/1043 1047/1239/1044
f 1043/1177/1040 1042/1171/1039 1073/1237/1070 1074/1240/1071
f 1030/1179/1027 1029/1173/1026 1060/1238/1057 1061/1241/1058
f 1017/1181/1014 1016/1175/1013 1047/1239/1044 1048/1242/1045
f 1044/1183/1041 1043/1177/1040 1074/1240/1071 1075/1243/1072
f 1031/1185/1028 1030/1179/1027 1061/1241/1058 1062/1244/1059
f 1018/1187/1015 1017/1181/1014 1048/1242/1045 1049/1245/1046
f 1510/1188/1507 1044/1183/1041 1075/1243/1072
f 1032/1190/1029 1031/1185/1028 1062/1244/1059 1063/1213/1060
f 1019/1192/1016 1018/1187/1015 1049/1245/1046 1050/1215/1047
f 1066/1219/1063 1065/1217/1062 1096/1246/1093 1097/1247/1094
f 1053/1221/1050 1052/1220/1049 1083/1248/1080 1084/1249/1081
f 1067/1222/1064 1066/1219/1063 1097/1247/1094 1098/1250/1095
f 1054/1223/1051 1053/1221/1050 1084/1249/1081 1085/1251/1082
f 1068/1224/1065 1067/1222/1064 1098/1250/1095 1099/1252/1096
f 1055/1225/1052 1054/1223/1051 1085/1251/1082 1086/1253/1083
f 1069/1227/1066 1068/1226/1065 1099/1254/1096 1100/1255/1097
f 1056/1228/1053 1055/1225/1052 1086/1253/1083 1087/1256/1084
f 1070/1229/1067 1069/1227/1066 1100/1255/1097 1101/1257/1098
f 1057/1230/1054 1056/1228/1053 1087/1256/1084 1088/1258/1085
f 1071/1231/1068 1070/1229/1067 1101/1257/1098 1102/1259/1099
f 1058/1232/1055 1057/1230/1054 1088/1258/1085 1089/1260/1086
f 1045/1233/1042 1511/1162/1508 1076/1261/1073
f 1072/1234/1069 1071/1231/1068 1102/1259/1099 1103/1262/1100
f 1059/1235/1056 1058/1232/1055 1089/1260/1086 1090/1263/1087
f 1046/1236/1043 1045/1233/1042 1076/1261/1073 1077/1264/1074
f 1073/1237/1070 1072/1234/1069 1103/1262/1100 1104/1265/1101
f 1060/1238/1057 1059/1235/1056 1090/1263/1087 1091/1266/1088
f 1047/1239/1044 1046/1236/1043 1077/1264/1074 1078/1267/1075
f 1074/1240/1071 1073/1237/1070 1104/1265/1101 1105/1268/1102
f 1061/1241/1058 1060/1238/1057 1091/1266/1088 1092/1269/1089
f 1048/1242/1045 1047/1239/1044 1078/1267/1075 1079/1270/1076
f 1075/1243/1072 1074/1240/1071 1105/1268/1102 1106/1271/1103
f 1062/1244/1059 1061/1241/1058 1092/1269/1089 1093/1272/1090
f 1049/1245/1046 1048/1242/1045 1079/1270/1076 1080/1273/1077
f 1510/1188/1507 1075/1243/1072 1106/1271/1103
f 1063/1213/1060 1062/1244/1059 1093/1272/1090 1094/1274/1091
f 1050/1215/1047 1049/1245/1046 1080/1273/1077 1081/1275/1078
f 1064/1214/1061 1063/1213/1060 1094/1274/1091 1095/1276/1092
f 1051/1216/1048 1050/1215/1047 1081/1275/1078 1082/1277/1079
f 1065/1217/1062 1064/1214/1061 1095/1276/1092 1096/1246/1093
f 1052/1218/1049 1051/1216/1048 1082/1277/1079 1083/1278/1080
f 1099/1252/1096 1098/1250/1095 1129/1279/1126 1130/1280/1127
f 1086/1253/1083 1085/1251/1082 1116/1281/1113 1117/1282/1114
f 1100/1255/1097 1099/1254/1096 1130/1283/1127 1131/1284/1128
f 1087/1256/1084 1086/1253/1083 1117/1282/1114 1118/1285/1115
f 1101/1257/1098 1100/1255/1097 1131/1284/1128 1132/1286/1129
f 1088/1258/1085 1087/1256/1084 1118/1285/1115 1119/1287/1116
f 1102/1259/1099 1101/1257/1098 1132/1286/1129 1133/1288/1130
f 1089/1260/1086 1088/1258/1085 1119/1287/1116 1120/1289/1117
f 1076/1261/1073 1511/1162/1508 1107/1290/1104
f 1103/1262/1100 1102/1259/1099 1133/1288/1130 1134/1291/1131
f 1090/1263/1087 1089/1260/1086 1120/1289/1117 1121/1292/1118
f 1077/1264/1074 1076/1261/1073 1107/1290/1104 1108/1293/1105
f 1104/1265/1101 1103/1262/1100 1134/1291/1131 1135/1294/1132
f 1091/1266/1088 1090/1263/1087 1121/1292/1118 1122/1295/1119
f 1078/1267/1075 1077/1264/1074 1108/1293/1105 1109/1296/1106
f 1105/1268/1102 1104/1265/1101 1135/1294/1132 1136/1297/1133
f 1092/1269/1089 1091/1266/1088 1122/1295/1119 1123/1298/1120
f 1079/1270/1076 1078/1267/1075 1109/1296/1106 1110/1299/1107
f 1106/1271/1103 1105/1268/1102 1136/1297/1133 1137/1300/1134
f 1093/1272/1090 1092/1269/1089 1123/1298/1120 1124/1301/1121
f 1080/1273/1077 1079/1270/1076 1110/1299/1107 1111/1302/1108
f 1510/1188/1507 1106/1271/1103 1137/1300/1134
f 1094/1274/1091 1093/1272/1090 1124/1301/1121 1125/1303/1122
f 1081/1275/1078 1080/1273/1077 1111/1302/1108 1112/1304/1109
f 1095/1276/1092 1094/1274/1091 1125/1303/1122 1126/1305/1123
f 1082/1277/1079 1081/1275/1078 1112/1304/1109 1113/1306/1110
f 1096/1246/1093 1095/1276/1092 1126/1305/1123 1127/1307/1124
f 1083/1278/1080 1082/1277/1079 1113/1306/1110 1114/1308/1111
f 1097/1247/1094 1096/1246/1093 1127/1307/1124 1128/1309/1125
f 1084/1310/1081 1083/1278/1080 1114/1308/1111 1115/1311/1112
f 1098/1250/1095 1097/1247/1094 1128/1309/1125 1129/1279/1126
f 1085/1251/1082 1084/1249/1081 1115/1312/1112 1116/1281/1113
f 1132/1286/1129 1131/1284/1128 1162/1313/1159 1163/1314/1160
f 1119/1287/1116 1118/1285/1115 1149/1315/1146 1150/1316/1147
f 1133/1288/1130 1132/1286/1129 1163/1314/1160 1164/1317/1161
f 1120/1289/1117 1119/1287/1116 1150/1316/1147 1151/1318/1148
f 1107/1290/1104 1511/1162/1508 1138/1319/1135
f 1134/1291/1131 1133/1288/1130 1164/1317/1161 1165/1320/1162
f 1121/1292/1118 1120/1289/1117 1151/1318/1148 1152/1321/1149
f 1108/1293/1105 1107/1290/1104 1138/1319/1135 1139/1322/1136
f 1135/1294/1132 1134/1291/1131 1165/1320/1162 1166/1323/1163
f 1122/1295/1119 1121/1292/1118 1152/1321/1149 1153/1324/1150
f 1109/1296/1106 1108/1293/1105 1139/1322/1136 1140/1325/1137
f 1136/1297/1133 1135/1294/1132 1166/1323/1163 1167/1326/1164
f 1123/1298/1120 1122/1295/1119 1153/1324/1150 1154/1327/1151
f 1110/1299/1107 1109/1296/1106 1140/1325/1137 1141/1328/1138
f 1137/1300/1134 1136/1297/1133 1167/1326/1164 1168/1329/1165
f 1124/1301/1121 1123/1298/1120 1154/1327/1151 1155/1330/1152
f 1111/1302/1108 1110/1299/1107 1141/1328/1138 1142/1331/1139
f 1510/1188/1507 1137/1300/1134 1168/1329/1165
f 1125/1303/1122 1124/1301/1121 1155/1330/1152 1156/1332/1153
f 1112/1304/1109 1111/1302/1108 1142/1331/1139 1143/1333/1140
f 1126/1305/1123 1125/1303/1122 1156/1332/1153 1157/1334/1154
f 1113/1306/1110 1112/1304/1109 1143/1333/1140 1144/1335/1141
f 1127/1307/1124 1126/1305/1123 1157/1334/1154 1158/1336/1155
f 1114/1308/1111 1113/1306/1110 1144/1335/1141 1145/1337/1142
f 1128/1309/1125 1127/1307/1124 1158/1336/1155 1159/1338/1156
f 1115/1311/1112 1114/1308/1111 1145/1337/1142 1146/1339/1143
f 1129/1279/1126 1128/1309/1125 1159/1338/1156 1160/1340/1157
f 1116/1281/1113 1115/1312/1112 1146/1341/1143 1147/1342/1144
f 1130/1283/1127 1129/1343/1126 1160/1344/1157 1161/1345/1158
f 1117/1282/1114 1116/1281/1113 1147/1342/1144 1148/1346/1145
f 1131/1284/1128 1130/1283/1127 1161/1345/1158 1162/1313/1159
f 1118/1285/1115 1117/1282/1114 1148/1346/1145 1149/1315/1146
f 1138/1319/1135 1511/1162/1508 1169/1347/1166
f 1165/1320/1162 1164/1317/1161 1195/1348/1192 1196/1349/1193
f 1152/1350/1149 1151/1351/1148 1182/1352/1179 1183/1353/1180
f 1139/1322/1136 1138/1319/1135 1169/1347/1166 1170/1354/1167
f 1166/1323/1163 1165/1320/1162 1196/1349/1193 1197/1355/1194
f 1153/1356/1150 1152/1350/1149 1183/1353/1180 1184/1357/1181
f 1140/1325/1137 1139/1322/1136 1170/1354/1167 1171/1358/1168
f 1167/1326/1164 1166/1323/1163 1197/1355/1194 1198/1359/1195
f 1154/1327/1151 1153/1324/1150 1184/1360/1181 1185/1361/1182
f 1141/1328/1138 1140/1325/1137 1171/1358/1168 1172/1362/1169
f 1168/1329/1165 1167/1326/1164 1198/1359/1195 1199/1363/1196
f 1155/1330/1152 1154/1327/1151 1185/1361/1182 1186/1364/1183
f 1142/1331/1139 1141/1328/1138 1172/1362/1169 1173/1365/1170
f 1510/1188/1507 1168/1329/1165 1199/1363/1196
f 1156/1332/1153 1155/1330/1152 1186/1364/1183 1187/1366/1184
f 1143/1333/1140 1142/1331/1139 1173/1365/1170 1174/1367/1171
f 1157/1334/1154 1156/1332/1153 1187/1366/1184 1188/1368/1185
f 1144/1335/1141 1143/1333/1140 1174/1367/1171 1175/1369/1172
f 1158/1336/1155 1157/1334/1154 1188/1368/1185 1189/1370/1186
f 1145/1337/1142 1144/1335/1141 1175/1369/1172 1176/1371/1173
f 1159/1338/1156 1158/1336/1155 1189/1370/1186 1190/1372/1187
f 1146/1339/1143 1145/1337/1142 1176/1371/1173 1177/1373/1174
f 1160/1340/1157 1159/1338/1156 1190/1372/1187 1191/1374/1188
f 1147/1375/1144 1146/1339/1143 1177/1373/1174 1178/1376/1175
f 1161/1345/1158 1160/1344/1157 1191/1377/1188 1192/1378/1189
f 1148/1379/1145 1147/1380/1144 1178/1381/1175 1179/1382/1176
f 1162/1313/1159 1161/1345/1158 1192/1378/1189 1193/1383/1190
f 1149/1384/1146 1148/1379/1145 1179/1382/1176 1180/1385/1177
f 1163/1314/1160 1162/1313/1159 1193/1383/1190 1194/1386/1191
f 1150/1387/1147 1149/1384/1146 1180/1385/1177 1181/1388/1178
f 1164/1317/1161 1163/1314/1160 1194/1386/1191 1195/1348/1192
f 1151/1351/1148 1150/1387/1147 1181/1388/1178 1182/1352/1179
f 1171/1358/1168 1170/1354/1167 1201/1389/1198 1202/1390/1199
f 1198/1359/1195 1197/1355/1194 1228/1391/1225 1229/1392/1226
f 1185/1393/1182 1184/1357/1181 1215/1394/1212 1216/1395/1213
f 1172/1362/1169 1171/1358/1168 1202/1390/1199 1203/1396/1200
f 1199/1363/1196 1198/1359/1195 1229/1392/1226 1230/1397/1227
f 1186/1398/1183 1185/1393/1182 1216/1395/1213 1217/1399/1214
f 1173/1365/1170 1172/1362/1169 1203/1396/1200 1204/1400/1201
f 1510/1188/1507 1199/1363/1196 1230/1397/1227
f 1187/1401/1184 1186/1398/1183 1217/1399/1214 1218/1402/1215
f 1174/1367/1171 1173/1365/1170 1204/1400/1201 1205/1403/1202
f 1188/1404/1185 1187/1401/1184 1218/1402/1215 1219/1405/1216
f 1175/1369/1172 1174/1367/1171 1205/1403/1202 1206/1406/1203
f 1189/1407/1186 1188/1404/1185 1219/1405/1216 1220/1408/1217
f 1176/1371/1173 1175/1369/1172 1206/1406/1203 1207/1409/1204
f 1190/1410/1187 1189/1407/1186 1220/1408/1217 1221/1411/1218
f 1177/1373/1174 1176/1371/1173 1207/1409/1204 1208/1412/1205
f 1191/1413/1188 1190/1410/1187 1221/1411/1218 1222/1414/1219
f 1178/1381/1175 1177/1415/1174 1208/1416/1205 1209/1417/1206
f 1192/1378/1189 1191/1377/1188 1222/1418/1219 1223/1419/1220
f 1179/1382/1176 1178/1381/1175 1209/1417/1206 1210/1420/1207
f 1193/1383/1190 1192/1378/1189 1223/1419/1220 1224/1421/1221
f 1180/1385/1177 1179/1382/1176 1210/1420/1207 1211/1422/1208
f 1194/1386/1191 1193/1383/1190 1224/1421/1221 1225/1423/1222
f 1181/1388/1178 1180/1385/1177 1211/1422/1208 1212/1424/1209
f 1195/1348/1192 1194/1386/1191 1225/1423/1222 1226/1425/1223
f 1182/1352/1179 1181/1388/1178 1212/1424/1209 1213/1426/1210
f 1169/1347/1166 1511/1162/1508 1200/1427/1197
f 1196/1349/1193 1195/1348/1192 1226/1425/1223 1227/1428/1224
f 1183/1353/1180 1182/1352/1179 1213/1426/1210 1214/1429/1211
f 1170/1354/1167 1169/1347/1166 1200/1427/1197 1201/1389/1198
f 1197/1355/1194 1196/1349/1193 1227/1428/1224 1228/1391/1225
f 1184/1357/1181 1183/1353/1180 1214/1429/1211 1215/1394/1212
f 1204/1400/1201 1203/1396/1200 1234/1430/1231 1235/1431/1232
f 1510/1188/1507 1230/1397/1227 1261/1432/1258
f 1218/1402/1215 1217/1399/1214 1248/1433/1245 1249/1434/1246
f 1205/1403/1202 1204/1400/1201 1235/1431/1232 1236/1435/1233
f 1219/1405/1216 1218/1402/1215 1249/1434/1246 1250/1436/1247
f 1206/1406/1203 1205/1403/1202 1236/1435/1233 1237/1437/1234
f 1220/1408/1217 1219/1405/1216 1250/1436/1247 1251/1438/1248
f 1207/1409/1204 1206/1406/1203 1237/1437/1234 1238/1439/1235
f 1221/1411/1218 1220/1408/1217 1251/1438/1248 1252/1440/1249
f 1208/1416/1205 1207/1441/1204 1238/1442/1235 1239/1443/1236
f 1222/1414/1219 1221/1411/1218 1252/1440/1249 1253/1444/1250
f 1209/1417/1206 1208/1416/1205 1239/1443/1236 1240/1445/1237
f 1223/1419/1220 1222/1418/1219 1253/1446/1250 1254/1447/1251
f 1210/1420/1207 1209/1417/1206 1240/1445/1237 1241/1448/1238
f 1224/1421/1221 1223/1419/1220 1254/1447/1251 1255/1449/1252
f 1211/1422/1208 1210/1420/1207 1241/1448/1238 1242/1450/1239
f 1225/1423/1222 1224/1421/1221 1255/1449/1252 1256/1451/1253
f 1212/1424/1209 1211/1422/1208 1242/1450/1239 1243/1452/1240
f 1226/1425/1223 1225/1423/1222 1256/1451/1253 1257/1453/1254
f 1213/1426/1210 1212/1424/1209 1243/1452/1240 1244/1454/1241
f 1200/1427/1197 1511/1162/1508 1231/1455/1228
f 1227/1428/1224 1226/1425/1223 1257/1453/1254 1258/1456/1255
f 1214/1429/1211 1213/1426/1210 1244/1454/1241 1245/1457/1242
f 1201/1389/1198 1200/1427/1197 1231/1455/1228 1232/1458/1229
f 1228/1391/1225 1227/1428/1224 1258/1456/1255 1259/1459/1256
f 1215/1394/1212 1214/1429/1211 1245/1457/1242 1246/1460/1243
f 1202/1390/1199 1201/1389/1198 1232/1458/1229 1233/1461/1230
f 1229/1392/1226 1228/1391/1225 1259/1459/1256 1260/1462/1257
f 1216/1395/1213 1215/1394/1212 1246/1460/1243 1247/1463/1244
f 1203/1396/1200 1202/1390/1199 1233/1461/1230 1234/1430/1231
f 1230/1397/1227 1229/1392/1226 1260/1462/1257 1261/1432/1258
f 1217/1399/1214 1216/1395/1213 1247/1463/1244 1248/1433/1245
f 1237/1437/1234 1236/1435/1233 1267/1464/1264 1268/1465/1265
f 1251/1438/1248 1250/1436/1247 1281/1466/1278 1282/1467/1279
f 1238/1439/1235 1237/1437/1234 1268/1465/1265 1269/1468/1266
f 1252/1440/1249 1251/1438/1248 1282/1467/1279 1283/1469/1280
f 1239/1443/1236 1238/1442/1235 1269/1470/1266 1270/1471/1267
f 1253/1444/1250 1252/1440/1249 1283/1469/1280 1284/1472/1281
f 1240/1445/1237 1239/1443/1236 1270/1471/1267 1271/1473/1268
f 1254/1474/1251 1253/1444/1250 1284/1472/1281 1285/1475/1282
f 1241/1448/1238 1240/1445/1237 1271/1473/1268 1272/1476/1269
f 1255/1449/1252 1254/1447/1251 1285/1477/1282 1286/1478/1283
f 1242/1450/1239 1241/1448/1238 1272/1476/1269 1273/1479/1270
f 1256/1451/1253 1255/1449/1252 1286/1478/1283 1287/1480/1284
f 1243/1452/1240 1242/1450/1239 1273/1479/1270 1274/1481/1271
f 1257/1453/1254 1256/1451/1253 1287/1480/1284 1288/1482/1285
f 1244/1454/1241 1243/1452/1240 1274/1481/1271 1275/1483/1272
f 1231/1455/1228 1511/1162/1508 1262/1484/1259
f 1258/1456/1255 1257/1453/1254 1288/1482/1285 1289/1485/1286
f 1245/1457/1242 1244/1454/1241 1275/1483/1272 1276/1486/1273
f 1232/1458/1229 1231/1455/1228 1262/1484/1259 1263/1487/1260
f 1259/1459/1256 1258/1456/1255 1289/1485/1286 1290/1488/1287
f 1246/1460/1243 1245/1457/1242 1276/1486/1273 1277/1489/1274
f 1233/1461/1230 1232/1458/1229 1263/1487/1260 1264/1490/1261
f 1260/1462/1257 1259/1459/1256 1290/1488/1287 1291/1491/1288
f 1247/1463/1244 1246/1460/1243 1277/1489/1274 1278/1492/1275
f 1234/1430/1231 1233/1461/1230 1264/1490/1261 1265/1493/1262
f 1261/1432/1258 1260/1462/1257 1291/1491/1288 1292/1494/1289
f 1248/1433/1245 1247/1463/1244 1278/1492/1275 1279/1495/1276
f 1235/1431/1232 1234/1430/1231 1265/1493/1262 1266/1496/1263
f 1510/1188/1507 1261/1432/1258 1292/1494/1289
f 1249/1434/1246 1248/1433/1245 1279/1495/1276 1280/1497/1277
f 1236/1435/1233 1235/1431/1232 1266/1496/1263 1267/1464/1264
f 1250/1436/1247 1249/1434/1246 1280/1497/1277 1281/1466/1278
f 1270/1471/1267 1269/1470/1266 1300/1498/1297 1301/1499/1298
f 1284/1472/1281 1283/1469/1280 1314/1500/1311 1315/1501/1312
f 1271/1473/1268 1270/1471/1267 1301/1499/1298 1302/1502/1299
f 1285/1475/1282 1284/1472/1281 1315/1501/1312 1316/1503/1313
f 1272/1476/1269 1271/1473/1268 1302/1502/1299 1303/1504/1300
f 1286/1478/1283 1285/1477/1282 1316/1505/1313 1317/1506/1314
f 1273/1479/1270 1272/1476/1269 1303/1504/1300 1304/1507/1301
f 1287/1480/1284 1286/1478/1283 1317/1506/1314 1318/1508/1315
f 1274/1481/1271 1273/1479/1270 1304/1507/1301 1305/1509/1302
f 1288/1482/1285 1287/1480/1284 1318/1508/1315 1319/1510/1316
f 1275/1483/1272 1274/1481/1271 1305/1509/1302 1306/1511/1303
f 1262/1484/1259 1511/1162/1508 1293/1512/1290
f 1289/1485/1286 1288/1482/1285 1319/1510/1316 1320/1513/1317
f 1276/1486/1273 1275/1483/1272 1306/1511/1303 1307/1514/1304
f 1263/1487/1260 1262/1484/1259 1293/1512/1290 1294/1515/1291
f 1290/1488/1287 1289/1485/1286 1320/1513/1317 1321/1516/1318
f 1277/1489/1274 1276/1486/1273 1307/1514/1304 1308/1517/1305
f 1264/1490/1261 1263/1487/1260 1294/1515/1291 1295/1518/1292
f 1291/1491/1288 1290/1488/1287 1321/1516/1318 1322/1519/1319
f 1278/1492/1275 1277/1489/1274 1308/1517/1305 1309/1520/1306
f 1265/1493/1262 1264/1490/1261 1295/1518/1292 1296/1521/1293
f 1292/1494/1289 1291/1491/1288 1322/1519/1319 1323/1522/1320
f 1279/1495/1276 1278/1492/1275 1309/1520/1306 1310/1523/1307
f 1266/1496/1263 1265/1493/1262 1296/1521/1293 1297/1524/1294
f 1510/1188/1507 1292/1494/1289 1323/1522/1320
f 1280/1497/1277 1279/1495/1276 1310/1523/1307 1311/1525/1308
f 1267/1464/1264 1266/1496/1263 1297/1524/1294 1298/1526/1295
f 1281/1466/1278 1280/1497/1277 1311/1525/1308 1312/1527/1309
f 1268/1465/1265 1267/1464/1264 1298/1526/1295 1299/1528/1296
f 1282/1467/1279 1281/1466/1278 1312/1527/1309 1313/1529/1310
f 1269/1468/1266 1268/1465/1265 1299/1528/1296 1300/1530/1297
f 1283/1469/1280 1282/1467/1279 1313/1529/1310 1314/1500/1311
f 1303/1504/1300 1302/1502/1299 1333/1531/1330 1334/1532/1331
f 1317/1506/1314 1316/1505/1313 1347/1533/1344 1348/1534/1345
f 1304/1507/1301 1303/1504/1300 1334/1532/1331 1335/1535/1332
f 1318/1508/1315 1317/1506/1314 1348/1534/1345 1349/1536/1346
f 1305/1509/1302 1304/1507/1301 1335/1535/1332 1336/1537/1333
f 1319/1510/1316 1318/1508/1315 1349/1536/1346 1350/1538/1347
f 1306/1511/1303 1305/1509/1302 1336/1537/1333 1337/1539/1334
f 1293/1512/1290 1511/1162/1508 1324/1540/1321
f 1320/1513/1317 1319/1510/1316 1350/1538/1347 1351/1541/1348
f 1307/1514/1304 1306/1511/1303 1337/1539/1334 1338/1542/1335
f 1294/1515/1291 1293/1512/1290 1324/1540/1321 1325/1543/1322
f 1321/1516/1318 1320/1513/1317 1351/1541/1348 1352/1544/1349
f 1308/1517/1305 1307/1514/1304 1338/1542/1335 1339/1545/1336
f 1295/1518/1292 1294/1515/1291 1325/1543/1322 1326/1546/1323
f 1322/1519/1319 1321/1516/1318 1352/1544/1349 1353/1547/1350
f 1309/1520/1306 1308/1517/1305 1339/1545/1336 1340/1548/1337
f 1296/1521/1293 1295/1518/1292 1326/1546/1323 1327/1549/1324
f 1323/1522/1320 1322/1519/1319 1353/1547/1350 1354/1550/1351
f 1310/1523/1307 1309/1520/1306 1340/1548/1337 1341/1551/1338
f 1297/1524/1294 1296/1521/1293 1327/1549/1324 1328/1552/1325
f 1510/1188/1507 1323/1522/1320 1354/1550/1351
f 1311/1525/1308 1310/1523/1307 1341/1551/1338 1342/1553/1339
f 1298/1526/1295 1297/1524/1294 1328/1552/1325 1329/1554/1326
f 1312/1527/1309 1311/1525/1308 1342/1553/1339 1343/1555/1340
f 1299/1528/1296 1298/1526/1295 1329/1554/1326 1330/1556/1327
f 1313/1529/1310 1312/1527/1309 1343/1555/1340 1344/1557/1341
f 1300/1530/1297 1299/1528/1296 1330/1556/1327 1331/1558/1328
f 1314/1500/1311 1313/1529/1310 1344/1557/1341 1345/1559/1342
f 1301/1499/1298 1300/1498/1297 1331/1560/1328 1332/1561/1329
f 1315/1501/1312 1314/1500/1311 1345/1559/1342 1346/1562/1343
f 1302/1502/1299 1301/1499/1298 1332/1561/1329 1333/1531/1330
f 1316/1503/1313 1315/1501/1312 1346/1562/1343 1347/1563/1344
f 1336/1537/1333 1335/1535/1332 1366/1564/1363 1367/1565/1364
f 1350/1538/1347 1349/1536/1346 1380/1566/1377 1381/1567/1378
f 1337/1539/1334 1336/1537/1333 1367/1565/1364 1368/1568/1365
f 1324/1540/1321 1511/1162/1508 1355/1569/1352
f 1351/1541/1348 1350/1538/1347 1381/1567/1378 1382/1570/1379
f 1338/1542/1335 1337/1539/1334 1368/1568/1365 1369/1571/1366
f 1325/1543/1322 1324/1540/1321 1355/1569/1352 1356/1572/1353
f 1352/1544/1349 1351/1541/1348 1382/1570/1379 1383/1573/1380
f 1339/1545/1336 1338/1542/1335 1369/1571/1366 1370/1574/1367
f 1326/1546/1323 1325/1543/1322 1356/1572/1353 1357/1575/1354
f 1353/1547/1350 1352/1544/1349 1383/1573/1380 1384/1576/1381
f 1340/1548/1337 1339/1545/1336 1370/1574/1367 1371/1577/1368
f 1327/1549/1324 1326/1546/1323 1357/1575/1354 1358/1578/1355
f 1354/1550/1351 1353/1547/1350 1384/1576/1381 1385/1579/1382
f 1341/1551/1338 1340/1548/1337 1371/1577/1368 1372/1580/1369
f 1328/1552/1325 1327/1549/1324 1358/1578/1355 1359/1581/1356
f 1510/1188/1507 1354/1550/1351 1385/1579/1382
f 1342/1553/1339 1341/1551/1338 1372/1580/1369 1373/1582/1370
f 1329/1554/1326 1328/1552/1325 1359/1581/1356 1360/1583/1357
f 1343/1555/1340 1342/1553/1339 1373/1582/1370 1374/1584/1371
f 1330/1556/1327 1329/1554/1326 1360/1583/1357 1361/1585/1358
f 1344/1557/1341 1343/1555/1340 1374/1584/1371 1375/1586/1372
f 1331/1558/1328 1330/1556/1327 1361/1585/1358 1362/1587/1359
f 1345/1559/1342 1344/1557/1341 1375/1586/1372 1376/1588/1373
f 1332/1561/1329 1331/1560/1328 1362/1589/1359 1363/1590/1360
f 1346/1562/1343 1345/1559/1342 1376/1588/1373 1377/1591/1374
f 1333/1531/1330 1332/1561/1329 1363/1590/1360 1364/1592/1361
f 1347/1533/1344 1346/1593/1343 1377/1594/1374 1378/1595/1375
f 1334/1532/1331 1333/1531/1330 1364/1592/1361 1365/1596/1362
f 1348/1534/1345 1347/1533/1344 1378/1595/1375 1379/1597/1376
f 1335/1535/1332 1334/1532/1331 1365/1596/1362 1366/1564/1363
f 1349/1536/1346 1348/1534/1345 1379/1597/1376 1380/1566/1377
f 1369/1571/1366 1368/1568/1365 1399/1598/1396 1400/1599/1397
f 1356/1572/1353 1355/1569/1352 1386/1600/1383 1387/1601/1384
f 1383/1573/1380 1382/1570/1379 1413/1602/1410 1414/1603/1411
f 1370/1574/1367 1369/1571/1366 1400/1599/1397 1401/1604/1398
f 1357/1575/1354 1356/1572/1353 1387/1601/1384 1388/1605/1385
f 1384/1576/1381 1383/1573/1380 1414/1603/1411 1415/1606/1412
f 1371/1577/1368 1370/1574/1367 1401/1604/1398 1402/1607/1399
f 1358/1578/1355 1357/1575/1354 1388/1605/1385 1389/1608/1386
f 1385/1579/1382 1384/1576/1381 1415/1606/1412 1416/1609/1413
f 1372/1580/1369 1371/1577/1368 1402/1607/1399 1403/1610/1400
f 1359/1581/1356 1358/1578/1355 1389/1608/1386 1390/1611/1387
f 1510/1188/1507 1385/1579/1382 1416/1609/1413
f 1373/1582/1370 1372/1580/1369 1403/1610/1400 1404/1612/1401
f 1360/1583/1357 1359/1581/1356 1390/1611/1387 1391/1613/1388
f 1374/1584/1371 1373/1582/1370 1404/1612/1401 1405/1614/1402
f 1361/1585/1358 1360/1583/1357 1391/1613/1388 1392/1615/1389
f 1375/1586/1372 1374/1584/1371 1405/1614/1402 1406/1616/1403
f 1362/1587/1359 1361/1585/1358 1392/1615/1389 1393/1617/1390
f 1376/1588/1373 1375/1586/1372 1406/1616/1403 1407/1618/1404
f 1363/1619/1360 1362/1587/1359 1393/1617/1390 1394/1620/1391
f 1377/1591/1374 1376/1588/1373 1407/1618/1404 1408/1621/1405
f 1364/1592/1361 1363/1590/1360 1394/1622/1391 1395/1623/1392
f 1378/1595/1375 1377/1594/1374 1408/1624/1405 1409/1625/1406
f 1365/1596/1362 1364/1592/1361 1395/1623/1392 1396/1626/1393
f 1379/1597/1376 1378/1595/1375 1409/1625/1406 1410/1627/1407
f 1366/1564/1363 1365/1596/1362 1396/1626/1393 1397/1628/1394
f 1380/1566/1377 1379/1597/1376 1410/1627/1407 1411/1629/1408
f 1367/1565/1364 1366/1564/1363 1397/1628/1394 1398/1630/1395
f 1381/1567/1378 1380/1566/1377 1411/1629/1408 1412/1631/1409
f 1368/1568/1365 1367/1565/1364 1398/1630/1395 1399/1598/1396
f 1355/1569/1352 1511/1162/1508 1386/1600/1383
f 1382/1570/1379 1381/1567/1378 1412/1631/1409 1413/1602/1410
f 1402/1632/1399 1401/1633/1398 1432/1634/1429 1433/1635/1430
f 1389/1608/1386 1388/1605/1385 1419/1636/1416 1420/1637/1417
f 1416/1609/1413 1415/1606/1412 1446/1638/1443 1447/1639/1444
f 1403/1640/1400 1402/1632/1399 1433/1635/1430 1434/1641/1431
f 1390/1611/1387 1389/1608/1386 1420/1637/1417 1421/1642/1418
f 1510/1188/1507 1416/1609/1413 1447/1639/1444
f 1404/1643/1401 1403/1640/1400 1434/1641/1431 1435/1644/1432
f 1391/1613/1388 1390/1611/1387 1421/1642/1418 1422/1645/1419
f 1405/1646/1402 1404/1643/1401 1435/1644/1432 1436/1647/1433
f 1392/1615/1389 1391/1613/1388 1422/1645/1419 1423/1648/1420
f 1406/1616/1403 1405/1614/1402 1436/1649/1433 1437/1650/1434
f 1393/1617/1390 1392/1615/1389 1423/1648/1420 1424/1651/1421
f 1407/1652/1404 1406/1653/1403 1437/1654/1434 1438/1655/1435
f 1394/1620/1391 1393/1617/1390 1424/1651/1421 1425/1656/1422
f 1408/1624/1405 1407/1657/1404 1438/1658/1435 1439/1659/1436
f 1395/1660/1392 1394/1661/1391 1425/1662/1422 1426/1663/1423
f 1409/1625/1406 1408/1624/1405 1439/1659/1436 1440/1664/1437
f 1396/1665/1393 1395/1660/1392 1426/1663/1423 1427/1666/1424
f 1410/1627/1407 1409/1625/1406 1440/1664/1437 1441/1667/1438
f 1397/1628/1394 1396/1626/1393 1427/1668/1424 1428/1669/1425
f 1411/1629/1408 1410/1627/1407 1441/1667/1438 1442/1670/1439
f 1398/1671/1395 1397/1672/1394 1428/1673/1425 1429/1674/1426
f 1412/1631/1409 1411/1629/1408 1442/1670/1439 1443/1675/1440
f 1399/1676/1396 1398/1671/1395 1429/1674/1426 1430/1677/1427
f 1386/1600/1383 1511/1162/1508 1417/1678/1414
f 1413/1602/1410 1412/1631/1409 1443/1675/1440 1444/1679/1441
f 1400/1680/1397 1399/1676/1396 1430/1677/1427 1431/1681/1428
f 1387/1601/1384 1386/1600/1383 1417/1678/1414 1418/1682/1415
f 1414/1603/1411 1413/1602/1410 1444/1679/1441 1445/1683/1442
f 1401/1633/1398 1400/1680/1397 1431/1681/1428 1432/1634/1429
f 1388/1605/1385 1387/1601/1384 1418/1682/1415 1419/1636/1416
f 1415/1606/1412 1414/1603/1411 1445/1683/1442 1446/1638/1443
f 1435/1644/1432 1434/1641/1431 1465/1684/1462 1466/1685/1463
f 1422/1645/1419 1421/1642/1418 1452/1686/1449 1453/1687/1450
f 1436/1647/1433 1435/1644/1432 1466/1685/1463 1467/1688/1464
f 1423/1648/1420 1422/1645/1419 1453/1687/1450 1454/1689/1451
f 1437/1654/1434 1436/1647/1433 1467/1688/1464 1468/1690/1465
f 1424/1651/1421 1423/1648/1420 1454/1689/1451 1455/1691/1452
f 1438/1655/1435 1437/1654/1434 1468/1690/1465 1469/1692/1466
f 1425/1656/1422 1424/1651/1421 1455/1691/1452 1456/1693/1453
f 1439/1694/1436 1438/1655/1435 1469/1692/1466 1470/1695/1467
f 1426/1663/1423 1425/1662/1422 1456/1696/1453 1457/1697/1454
f 1440/1664/1437 1439/1659/1436 1470/1698/1467 1471/1699/1468
f 1427/1666/1424 1426/1663/1423 1457/1697/1454 1458/1700/1455
f 1441/1667/1438 1440/1664/1437 1471/1699/1468 1472/1701/1469
f 1428/1673/1425 1427/1666/1424 1458/1700/1455 1459/1702/1456
f 1442/1670/1439 1441/1667/1438 1472/1701/1469 1473/1703/1470
f 1429/1674/1426 1428/1673/1425 1459/1702/1456 1460/1704/1457
f 1443/1675/1440 1442/1670/1439 1473/1703/1470 1474/1705/1471
f 1430/1677/1427 1429/1674/1426 1460/1704/1457 1461/1706/1458
f 1417/1678/1414 1511/1162/1508 1448/1707/1445
f 1444/1679/1441 1443/1675/1440 1474/1705/1471 1475/1708/1472
f 1431/1681/1428 1430/1677/1427 1461/1706/1458 1462/1709/1459
f 1418/1682/1415 1417/1678/1414 1448/1707/1445 1449/1710/1446
f 1445/1683/1442 1444/1679/1441 1475/1708/1472 1476/1711/1473
f 1432/1634/1429 1431/1681/1428 1462/1709/1459 1463/1712/1460
f 1419/1636/1416 1418/1682/1415 1449/1710/1446 1450/1713/1447
f 1446/1638/1443 1445/1683/1442 1476/1711/1473 1477/1714/1474
f 1433/1635/1430 1432/1634/1429 1463/1712/1460 1464/1715/1461
f 1420/1637/1417 1419/1636/1416 1450/1713/1447 1451/1716/1448
f 1447/1639/1444 1446/1638/1443 1477/1714/1474 1478/1717/1475
f 1434/1641/1431 1433/1635/1430 1464/1715/1461 1465/1684/1462
f 1421/1642/1418 1420/1637/1417 1451/1716/1448 1452/1686/1449
f 1510/1188/1507 1447/1639/1444 1478/1717/1475
f 1468/1690/1465 1467/1688/1464 1498/1718/1495 1499/1719/1496
f 1455/1691/1452 1454/1689/1451 1485/1720/1482 1486/1721/1483
f 1469/1692/1466 1468/1690/1465 1499/1719/1496 1500/1722/1497
f 1456/1696/1453 1455/1723/1452 1486/1724/1483 1487/1725/1484
f 1470/1695/1467 1469/1692/1466 1500/1722/1497 1501/1726/1498
f 1457/1697/1454 1456/1696/1453 1487/1725/1484 1488/1727/1485
f 1471/1699/1468 1470/1698/1467 1501/1728/1498 1502/1729/1499
f 1458/1700/1455 1457/1697/1454 1488/1727/1485 1489/1730/1486
f 1472/1701/1469 1471/1699/1468 1502/1729/1499 1503/1731/1500
f 1459/1702/1456 1458/1700/1455 1489/1730/1486 1490/1732/1487
f 1473/1703/1470 1472/1701/1469 1503/1731/1500 1504/1733/1501
f 1460/1704/1457 1459/1702/1456 1490/1732/1487 1491/1734/1488
f 1474/1705/1471 1473/1703/1470 1504/1733/1501 1505/1735/1502
f 1461/1706/1458 1460/1704/1457 1491/1734/1488 1492/1736/1489
f 1448/1707/1445 1511/1162/1508 1479/1737/1476
f 1475/1708/1472 1474/1705/1471 1505/1735/1502 1506/1738/1503
f 1462/1709/1459 1461/1706/1458 1492/1736/1489 1493/1739/1490
f 1449/1710/1446 1448/1707/1445 1479/1737/1476 1480/1740/1477
f 1476/1711/1473 1475/1708/1472 1506/1738/1503 1507/1741/1504
f 1463/1712/1460 1462/1709/1459 1493/1739/1490 1494/1742/1491
f 1450/1713/1447 1449/1710/1446 1480/1740/1477 1481/1743/1478
f 1477/1714/1474 1476/1711/1473 1507/1741/1504 1508/1744/1505
f 1464/1715/1461 1463/1712/1460 1494/1742/1491 1495/1745/1492
f 1451/1716/1448 1450/1713/1447 1481/1743/1478 1482/1746/1479
f 1478/1717/1475 1477/1714/1474 1508/1744/1505 1509/1747/1506
f 1465/1684/1462 1464/1715/1461 1495/1745/1492 1496/1748/1493
f 1452/1686/1449 1451/1716/1448 1482/1746/1479 1483/1749/1480
f 1510/1188/1507 1478/1717/1475 1509/1747/1506
f 1466/1685/1463 1465/1684/1462 1496/1748/1493 1497/1750/1494
f 1453/1687/1450 1452/1686/1449 1483/1749/1480 1484/1751/1481
f 1467/1688/1464 1466/1685/1463 1497/1750/1494 1498/1718/1495
f 1454/1689/1451 1453/1687/1450 1484/1751/1481 1485/1720/1482
f 1501/1726/1498 1500/1722/1497 1533/1752/1530 1534/1753/1531
f 1488/1727/1485 1487/1725/1484 1520/1754/1517 1521/1755/1518
f 1502/1756/1499 1501/1726/1498 1534/1753/1531 1535/1757/1532
f 1489/1730/1486 1488/1727/1485 1521/1755/1518 1522/1758/1519
f 1503/1731/1500 1502/1729/1499 1535/1759/1532 1536/1760/1533
f 1490/1732/1487 1489/1730/1486 1522/1758/1519 1523/1761/1520
f 1504/1733/1501 1503/1731/1500 1536/1760/1533 1537/1762/1534
f 1491/1734/1488 1490/1732/1487 1523/1761/1520 1524/1763/1521
f 1505/1735/1502 1504/1733/1501 1537/1762/1534 1538/1764/1535
f 1492/1736/1489 1491/1734/1488 1524/1763/1521 1525/1765/1522
f 1479/1737/1476 1511/1162/1508 1512/1766/1509
f 1506/1738/1503 1505/1735/1502 1538/1764/1535 1539/1767/1536
f 1493/1739/1490 1492/1736/1489 1525/1765/1522 1526/1768/1523
f 1480/1740/1477 1479/1737/1476 1512/1766/1509 1513/1769/1510
f 1507/1741/1504 1506/1738/1503 1539/1767/1536 1540/1770/1537
f 1494/1742/1491 1493/1739/1490 1526/1768/1523 1527/1771/1524
f 1481/1743/1478 1480/1740/1477 1513/1769/1510 1514/1772/1511
f 1508/1744/1505 1507/1741/1504 1540/1770/1537 1541/1773/1538
f 1495/1745/1492 1494/1742/1491 1527/1771/1524 1528/1774/1525
f 1482/1746/1479 1481/1743/1478 1514/1772/1511 1515/1775/1512
f 1509/1747/1506 1508/1744/1505 1541/1773/1538 1542/1776/1539
f 1496/1748/1493 1495/1745/1492 1528/1774/1525 1529/1777/1526
f 1483/1749/1480 1482/1746/1479 1515/1775/1512 1516/1778/1513
f 1510/1188/1507 1509/1747/1506 1542/1776/1539
f 1497/1750/1494 1496/1748/1493 1529/1777/1526 1530/1779/1527
f 1484/1751/1481 1483/1749/1480 1516/1778/1513 1517/1780/1514
f 1498/1718/1495 1497/1750/1494 1530/1779/1527 1531/1781/1528
f 1485/1720/1482 1484/1751/1481 1517/1780/1514 1518/1782/1515
f 1499/1719/1496 1498/1718/1495 1531/1781/1528 1532/1783/1529
f 1486/1721/1483 1485/1720/1482 1518/1782/1515 1519/1784/1516
f 1500/1722/1497 1499/1719/1496 1532/1783/1529 1533/1752/1530
f 1487/1725/1484 1486/1724/1483 1519/1785/1516 1520/1754/1517
f 1536/1760/1533 1535/1759/1532 1566/1786/1563 1567/1787/1564
f 1523/1761/1520 1522/1758/1519 1553/1788/1550 1554/1789/1551
f 1537/1762/1534 1536/1760/1533 1567/1787/1564 1568/1790/1565
f 1524/1763/1521 1523/1761/1520 1554/1789/1551 1555/1791/1552
f 1538/1764/1535 1537/1762/1534 1568/1790/1565 1569/1792/1566
f 1525/1765/1522 1524/1763/1521 1555/1791/1552 1556/1793/1553
f 1512/1766/1509 1511/1162/1508 1543/1794/1540
f 1539/1767/1536 1538/1764/1535 1569/1792/1566 1570/1795/1567
f 1526/1768/1523 1525/1765/1522 1556/1793/1553 1557/1796/1554
f 1513/1769/1510 1512/1766/1509 1543/1794/1540 1544/1797/1541
f 1540/1770/1537 1539/1767/1536 1570/1795/1567 1571/1798/1568
f 1527/1771/1524 1526/1768/1523 1557/1796/1554 1558/1799/1555
f 1514/1772/1511 1513/1769/1510 1544/1797/1541 1545/1800/1542
f 1541/1773/1538 1540/1770/1537 1571/1798/1568 1572/1801/1569
f 1528/1774/1525 1527/1771/1524 1558/1799/1555 1559/1802/1556
f 1515/1775/1512 1514/1772/1511 1545/1800/1542 1546/1803/1543
f 1542/1776/1539 1541/1773/1538 1572/1801/1569 1573/1804/1570
f 1529/1777/1526 1528/1774/1525 1559/1802/1556 1560/1805/1557
f 1516/1778/1513 1515/1775/1512 1546/1803/1543 1547/1806/1544
f 1510/1188/1507 1542/1776/1539 1573/1804/1570
f 1530/1779/1527 1529/1777/1526 1560/1805/1557 1561/1807/1558
f 1517/1780/1514 1516/1778/1513 1547/1806/1544 1548/1808/1545
f 1531/1781/1528 1530/1779/1527 1561/1807/1558 1562/1809/1559
f 1518/1782/1515 1517/1780/1514 1548/1808/1545 1549/1810/1546
f 1532/1783/1529 1531/1781/1528 1562/1809/1559 1563/1811/1560
f 1519/1784/1516 1518/1782/1515 1549/1810/1546 1550/1812/1547
f 1533/1752/1530 1532/1783/1529 1563/1811/1560 1564/1813/1561
f 1520/1754/1517 1519/1785/1516 1550/1814/1547 1551/1815/1548
f 1534/1753/1531 1533/1752/1530 1564/1813/1561 1565/1816/1562
f 1521/1755/1518 1520/1754/1517 1551/1815/1548 1552/1817/1549
f 1535/1757/1532 1534/1753/1531 1565/1816/1562 1566/1818/1563
f 1522/1758/1519 1521/1755/1518 1552/1817/1549 1553/1788/1550
f 1569/1792/1566 1568/1790/1565 1599/1819/1596 1600/1820/1597
f 1556/1793/1553 1555/1791/1552 1586/1821/1583 1587/1822/1584
f 1543/1794/1540 1511/1162/1508 1574/1823/1571
f 1570/1795/1567 1569/1792/1566 1600/1820/1597 1601/1824/1598
f 1557/1796/1554 1556/1793/1553 1587/1822/1584 1588/1825/1585
f 1544/1797/1541 1543/1794/1540 1574/1823/1571 1575/1826/1572
f 1571/1798/1568 1570/1795/1567 1601/1824/1598 1602/1827/1599
f 1558/1799/1555 1557/1796/1554 1588/1825/1585 1589/1828/1586
f 1545/1800/1542 1544/1797/1541 1575/1826/1572 1576/1829/1573
f 1572/1801/1569 1571/1798/1568 1602/1827/1599 1603/1830/1600
f 1559/1802/1556 1558/1799/1555 1589/1828/1586 1590/1831/1587
f 1546/1803/1543 1545/1800/1542 1576/1829/1573 1577/1832/1574
f 1573/1804/1570 1572/1801/1569 1603/1830/1600 1604/1833/1601
f 1560/1805/1557 1559/1802/1556 1590/1831/1587 1591/1834/1588
f 1547/1806/1544 1546/1803/1543 1577/1832/1574 1578/1835/1575
f 1510/1188/1507 1573/1804/1570 1604/1833/1601
f 1561/1807/1558 1560/1805/1557 1591/1834/1588 1592/1836/1589
f 1548/1808/1545 1547/1806/1544 1578/1835/1575 1579/1837/1576
f 1562/1809/1559 1561/1807/1558 1592/1836/1589 1593/1838/1590
f 1549/1810/1546 1548/1808/1545 1579/1837/1576 1580/1839/1577
f 1563/1811/1560 1562/1809/1559 1593/1838/1590 1594/1840/1591
f 1550/1812/1547 1549/1810/1546 1580/1839/1577 1581/1841/1578
f 1564/1813/1561 1563/1811/1560 1594/1840/1591 1595/1842/1592
f 1551/1815/1548 1550/1814/1547 1581/1843/1578 1582/1844/1579
f 1565/1816/1562 1564/1813/1561 1595/1842/1592 1596/1845/1593
f 1552/1817/1549 1551/1815/1548 1582/1844/1579 1583/1846/1580
f 1566/1818/1563 1565/1816/1562 1596/1845/1593 1597/1847/1594
f 1553/1788/1550 1552/1817/1549 1583/1846/1580 1584/1848/1581
f 1567/1787/1564 1566/1786/1563 1597/1849/1594 1598/1850/1595
f 1554/1789/1551 1553/1788/1550 1584/1848/1581 1585/1851/1582
f 1568/1790/1565 1567/1787/1564 1598/1850/1595 1599/1819/1596
f 1555/1791/1552 1554/1789/1551 1585/1851/1582 1586/1821/1583
f 1602/1827/1599 1601/1824/1598 1632/1852/1629 1633/1853/1630
f 1589/1828/1586 1588/1825/1585 1619/1854/1616 1620/1855/1617
f 1576/1829/1573 1575/1826/1572 1606/1856/1603 1607/1857/1604
f 1603/1830/1600 1602/1827/1599 1633/1853/1630 1634/1858/1631
f 1590/1831/1587 1589/1828/1586 1620/1855/1617 1621/1859/1618
f 1577/1832/1574 1576/1829/1573 1607/1857/1604 1608/1860/1605
f 1604/1833/1601 1603/1830/1600 1634/1858/1631 1635/1861/1632
f 1591/1834/1588 1590/1831/1587 1621/1859/1618 1622/1862/1619
f 1578/1835/1575 1577/1832/1574 1608/1860/1605 1609/1863/1606
f 1510/1188/1507 1604/1833/1601 1635/1861/1632
f 1592/1836/1589 1591/1834/1588 1622/1862/1619 1623/1864/1620
f 1579/1837/1576 1578/1835/1575 1609/1863/1606 1610/1865/1607
f 1593/1838/1590 1592/1836/1589 1623/1864/1620 1624/1866/1621
f 1580/1839/1577 1579/1837/1576 1610/1865/1607 1611/1867/1608
f 1594/1840/1591 1593/1838/1590 1624/1866/1621 1625/1868/1622
f 1581/1841/1578 1580/1839/1577 1611/1867/1608 1612/1869/1609
f 1595/1842/1592 1594/1840/1591 1625/1868/1622 1626/1870/1623
f 1582/1844/1579 1581/1843/1578 1612/1871/1609 1613/1872/1610
f 1596/1845/1593 1595/1842/1592 1626/1870/1623 1627/1873/1624
f 1583/1846/1580 1582/1844/1579 1613/1872/1610 1614/1874/1611
f 1597/1849/1594 1596/1875/1593 1627/1876/1624 1628/1877/1625
f 1584/1848/1581 1583/1846/1580 1614/1874/1611 1615/1878/1612
f 1598/1850/1595 1597/1849/1594 1628/1877/1625 1629/1879/1626
f 1585/1851/1582 1584/1848/1581 1615/1878/1612 1616/1880/1613
f 1599/1819/1596 1598/1850/1595 1629/1879/1626 1630/1881/1627
f 1586/1821/1583 1585/1851/1582 1616/1880/1613 1617/1882/1614
f 1600/1820/1597 1599/1819/1596 1630/1881/1627 1631/1883/1628
f 1587/1822/1584 1586/1821/1583 1617/1882/1614 1618/1884/1615
f 1574/1823/1571 1511/1162/1508 1605/1885/1602
f 1601/1824/1598 1600/1820/1597 1631/1883/1628 1632/1852/1629
f 1588/1825/1585 1587/1822/1584 1618/1884/1615 1619/1854/1616
f 1575/1826/1572 1574/1823/1571 1605/1885/1602 1606/1856/1603
f 1635/1861/1632 1634/1858/1631 1665/1886/1662 1666/1887/1663
f 1622/1862/1619 1621/1859/1618 1652/1888/1649 1653/1889/1650
f 1609/1863/1606 1608/1860/1605 1639/1890/1636 1640/1891/1637
f 1510/1188/1507 1635/1861/1632 1666/1887/1663
f 1623/1864/1620 1622/1862/1619 1653/1889/1650 1654/1892/1651
f 1610/1865/1607 1609/1863/1606 1640/1891/1637 1641/1893/1638
f 1624/1866/1621 1623/1864/1620 1654/1892/1651 1655/1894/1652
f 1611/1867/1608 1610/1865/1607 1641/1893/1638 1642/1895/1639
f 1625/1868/1622 1624/1866/1621 1655/1894/1652 1656/1896/1653
f 1612/1869/1609 1611/1867/1608 1642/1895/1639 1643/1897/1640
f 1626/1870/1623 1625/1868/1622 1656/1896/1653 1657/1898/1654
f 1613/1899/1610 1612/1869/1609 1643/1897/1640 1644/1900/1641
f 1627/1873/1624 1626/1870/1623 1657/1898/1654 1658/1901/1655
f 1614/1874/1611 1613/1872/1610 1644/1902/1641 1645/1903/1642
f 1628/1877/1625 1627/1876/1624 1658/1904/1655 1659/1905/1656
f 1615/1878/1612 1614/1874/1611 1645/1903/1642 1646/1906/1643
f 1629/1879/1626 1628/1877/1625 1659/1905/1656 1660/1907/1657
f 1616/1880/1613 1615/1878/1612 1646/1906/1643 1647/1908/1644
f 1630/1881/1627 1629/1879/1626 1660/1907/1657 1661/1909/1658
f 1617/1882/1614 1616/1880/1613 1647/1908/1644 1648/1910/1645
f 1631/1883/1628 1630/1881/1627 1661/1909/1658 1662/1911/1659
f 1618/1884/1615 1617/1882/1614 1648/1910/1645 1649/1912/1646
f 1605/1885/1602 1511/1162/1508 1636/1913/1633
f 1632/1852/1629 1631/1883/1628 1662/1911/1659 1663/1914/1660
f 1619/1854/1616 1618/1884/1615 1649/1912/1646 1650/1915/1647
f 1606/1856/1603 1605/1885/1602 1636/1913/1633 1637/1916/1634
f 1633/1853/1630 1632/1852/1629 1663/1914/1660 1664/1917/1661
f 1620/1855/1617 1619/1854/1616 1650/1915/1647 1651/1918/1648
f 1607/1857/1604 1606/1856/1603 1637/1916/1634 1638/1919/1635
f 1634/1858/1631 1633/1853/1630 1664/1917/1661 1665/1886/1662
f 1621/1859/1618 1620/1855/1617 1651/1918/1648 1652/1888/1649
f 1608/1860/1605 1607/1857/1604 1638/1919/1635 1639/1890/1636
f 1655/1920/1652 1654/1921/1651 1685/1922/1682 1686/1923/1683
f 1642/1895/1639 1641/1893/1638 1672/1924/1669 1673/1925/1670
f 1656/1926/1653 1655/1920/1652 1686/1923/1683 1687/1927/1684
f 1643/1897/1640 1642/1895/1639 1673/1925/1670 1674/1928/1671
f 1657/1929/1654 1656/1926/1653 1687/1927/1684 1688/1930/1685
f 1644/1900/1641 1643/1897/1640 1674/1928/1671 1675/1931/1672
f 1658/1904/1655 1657/1932/1654 1688/1933/1685 1689/1934/1686
f 1645/1903/1642 1644/1902/1641 1675/1935/1672 1676/1936/1673
f 1659/1905/1656 1658/1904/1655 1689/1934/1686 1690/1937/1687
f 1646/1906/1643 1645/1903/1642 1676/1936/1673 1677/1938/1674
f 1660/1907/1657 1659/1905/1656 1690/1937/1687 1691/1939/1688
f 1647/1908/1644 1646/1906/1643 1677/1938/1674 1678/1940/1675
f 1661/1909/1658 1660/1907/1657 1691/1939/1688 1692/1941/1689
f 1648/1910/1645 1647/1908/1644 1678/1940/1675 1679/1942/1676
f 1662/1911/1659 1661/1909/1658 1692/1941/1689 1693/1943/1690
f 1649/1912/1646 1648/1910/1645 1679/1942/1676 1680/1944/1677
f 1636/1913/1633 1511/1162/1508 1667/1945/1664
f 1663/1914/1660 1662/1911/1659 1693/1943/1690 1694/1946/1691
f 1650/1915/1647 1649/1912/1646 1680/1944/1677 1681/1947/1678
f 1637/1916/1634 1636/1913/1633 1667/1945/1664 1668/1948/1665
f 1664/1917/1661 1663/1914/1660 1694/1946/1691 1695/1949/1692
f 1651/1918/1648 1650/1915/1647 1681/1947/1678 1682/1950/1679
f 1638/1919/1635 1637/1916/1634 1668/1948/1665 1669/1951/1666
f 1665/1886/1662 1664/1917/1661 1695/1949/1692 1696/1952/1693
f 1652/1953/1649 1651/1954/1648 1682/1955/1679 1683/1956/1680
f 1639/1890/1636 1638/1919/1635 1669/1951/1666 1670/1957/1667
f 1666/1887/1663 1665/1886/1662 1696/1952/1693 1697/1958/1694
f 1653/1959/1650 1652/1953/1649 1683/1956/1680 1684/1960/1681
f 1640/1891/1637 1639/1890/1636 1670/1957/1667 1671/1961/1668
f 1510/1188/1507 1666/1887/1663 1697/1958/1694
f 1654/1921/1651 1653/1959/1650 1684/1960/1681 1685/1922/1682
f 1641/1893/1638 1640/1891/1637 1671/1961/1668 1672/1924/1669
f 1688/1930/1685 1687/1927/1684 1718/1962/1715 1719/1963/1716
f 1675/1931/1672 1674/1928/1671 1705/1964/1702 1706/1965/1703
f 1689/1966/1686 1688/1930/1685 1719/1963/1716 1720/1967/1717
f 1676/1968/1673 1675/1969/1672 1706/1970/1703 1707/1971/1704
f 1690/1937/1687 1689/1934/1686 1720/1972/1717 1721/1973/1718
f 1677/1974/1674 1676/1968/1673 1707/1971/1704 1708/1975/1705
f 1691/1939/1688 1690/1937/1687 1721/1973/1718 1722/1976/1719
f 1678/1977/1675 1677/1974/1674 1708/1975/1705 1709/1978/1706
f 1692/1941/1689 1691/1939/1688 1722/1976/1719 1723/1979/1720
f 1679/1980/1676 1678/1977/1675 1709/1978/1706 1710/1981/1707
f 1693/1943/1690 1692/1941/1689 1723/1979/1720 1724/1982/1721
f 1680/1983/1677 1679/1980/1676 1710/1981/1707 1711/1984/1708
f 1667/1945/1664 1511/1162/1508 1698/1985/1695
f 1694/1946/1691 1693/1943/1690 1724/1982/1721 1725/1986/1722
f 1681/1987/1678 1680/1983/1677 1711/1984/1708 1712/1988/1709
f 1668/1948/1665 1667/1945/1664 1698/1985/1695 1699/1989/1696
f 1695/1949/1692 1694/1946/1691 1725/1986/1722 1726/1990/1723
f 1682/1955/1679 1681/1987/1678 1712/1988/1709 1713/1991/1710
f 1669/1951/1666 1668/1948/1665 1699/1989/1696 1700/1992/1697
f 1696/1952/1693 1695/1949/1692 1726/1990/1723 1727/1993/1724
f 1683/1956/1680 1682/1955/1679 1713/1991/1710 1714/1994/1711
f 1670/1957/1667 1669/1951/1666 1700/1992/1697 1701/1995/1698
f 1697/1958/1694 1696/1952/1693 1727/1993/1724 1728/1996/1725
f 1684/1960/1681 1683/1956/1680 1714/1994/1711 1715/1997/1712
f 1671/1961/1668 1670/1957/1667 1701/1995/1698 1702/1998/1699
f 1510/1188/1507 1697/1958/1694 1728/1996/1725
f 1685/1922/1682 1684/1960/1681 1715/1997/1712 1716/1999/1713
f 1672/1924/1669 1671/1961/1668 1702/1998/1699 1703/2000/1700
f 1686/1923/1683 1685/1922/1682 1716/1999/1713 1717/2001/1714
f 1673/1925/1670 1672/1924/1669 1703/2000/1700 1704/2002/1701
f 1687/1927/1684 1686/1923/1683 1717/2001/1714 1718/1962/1715
f 1674/1928/1671 1673/1925/1670 1704/2002/1701 1705/1964/1702
f 1721/2003/1718 1720/1967/1717 1751/2004/1748 1752/2005/1749
f 1708/1975/1705 1707/1971/1704 1738/2006/1735 1739/2007/1736
f 1722/1976/1719 1721/1973/1718 1752/2008/1749 1753/2009/1750
f 1709/1978/1706 1708/1975/1705 1739/2007/1736 1740/2010/1737
f 1723/1979/1720 1722/1976/1719 1753/2009/1750 1754/2011/1751
f 1710/1981/1707 1709/1978/1706 1740/2010/1737 1741/2012/1738
f 1724/1982/1721 1723/1979/1720 1754/2011/1751 1755/2013/1752
f 1711/1984/1708 1710/1981/1707 1741/2012/1738 1742/2014/1739
f 1698/1985/1695 1511/1162/1508 1729/2015/1726
f 1725/1986/1722 1724/1982/1721 1755/2013/1752 1756/2016/1753
f 1712/1988/1709 1711/1984/1708 1742/2014/1739 1743/2017/1740
f 1699/1989/1696 1698/1985/1695 1729/2015/1726 1730/2018/1727
f 1726/1990/1723 1725/1986/1722 1756/2016/1753 1757/2019/1754
f 1713/1991/1710 1712/1988/1709 1743/2017/1740 1744/2020/1741
f 1700/1992/1697 1699/1989/1696 1730/2018/1727 1731/2021/1728
f 1727/1993/1724 1726/1990/1723 1757/2019/1754 1758/2022/1755
f 1714/1994/1711 1713/1991/1710 1744/2020/1741 1745/2023/1742
f 1701/1995/1698 1700/1992/1697 1731/2021/1728 1732/2024/1729
f 1728/1996/1725 1727/1993/1724 1758/2022/1755 1759/2025/1756
f 1715/1997/1712 1714/1994/1711 1745/2023/1742 1746/2026/1743
f 1702/1998/1699 1701/1995/1698 1732/2024/1729 1733/2027/1730
f 1510/1188/1507 1728/1996/1725 1759/2025/1756
f 1716/1999/1713 1715/1997/1712 1746/2026/1743 1747/2028/1744
f 1703/2000/1700 1702/1998/1699 1733/2027/1730 1734/2029/1731
f 1717/2001/1714 1716/1999/1713 1747/2028/1744 1748/2030/1745
f 1704/2002/1701 1703/2000/1700 1734/2029/1731 1735/2031/1732
f 1718/1962/1715 1717/2001/1714 1748/2030/1745 1749/2032/1746
f 1705/1964/1702 1704/2002/1701 1735/2031/1732 1736/2033/1733
f 1719/1963/1716 1718/1962/1715 1749/2032/1746 1750/2034/1747
f 1706/1965/1703 1705/1964/1702 1736/2033/1733 1737/2035/1734
f 1720/1967/1717 1719/1963/1716 1750/2034/1747 1751/2004/1748
f 1707/1971/1704 1706/1970/1703 1737/2036/1734 1738/2006/1735
f 1754/2011/1751 1753/2009/1750 1784/2037/1781 1785/2038/1782
f 1741/2012/1738 1740/2010/1737 1771/2039/1768 1772/2040/1769
f 1755/2013/1752 1754/2011/1751 1785/2038/1782 1786/2041/1783
f 1742/2014/1739 1741/2012/1738 1772/2040/1769 1773/2042/1770
f 1729/2015/1726 1511/1162/1508 1760/2043/1757
f 1756/2016/1753 1755/2013/1752 1786/2041/1783 1787/2044/1784
f 1743/2017/1740 1742/2014/1739 1773/2042/1770 1774/2045/1771
f 1730/2018/1727 1729/2015/1726 1760/2043/1757 1761/2046/1758
f 1757/2019/1754 1756/2016/1753 1787/2044/1784 1788/2047/1785
f 1744/2020/1741 1743/2017/1740 1774/2045/1771 1775/2048/1772
f 1731/2021/1728 1730/2018/1727 1761/2046/1758 1762/2049/1759
f 1758/2022/1755 1757/2019/1754 1788/2047/1785 1789/2050/1786
f 1745/2023/1742 1744/2020/1741 1775/2048/1772 1776/2051/1773
f 1732/2024/1729 1731/2021/1728 1762/2049/1759 1763/2052/1760
f 1759/2025/1756 1758/2022/1755 1789/2050/1786 1790/2053/1787
f 1746/2026/1743 1745/2023/1742 1776/2051/1773 1777/2054/1774
f 1733/2027/1730 1732/2024/1729 1763/2052/1760 1764/2055/1761
f 1510/1188/1507 1759/2025/1756 1790/2053/1787
f 1747/2028/1744 1746/2026/1743 1777/2054/1774 1778/2056/1775
f 1734/2029/1731 1733/2027/1730 1764/2055/1761 1765/2057/1762
f 1748/2030/1745 1747/2028/1744 1778/2056/1775 1779/2058/1776
f 1735/2031/1732 1734/2029/1731 1765/2057/1762 1766/2059/1763
f 1749/2032/1746 1748/2030/1745 1779/2058/1776 1780/2060/1777
f 1736/2033/1733 1735/2031/1732 1766/2059/1763 1767/2061/1764
f 1750/2034/1747 1749/2032/1746 1780/2060/1777 1781/2062/1778
f 1737/2036/1734 1736/2063/1733 1767/2064/1764 1768/2065/1765
f 1751/2004/1748 1750/2034/1747 1781/2062/1778 1782/2066/1779
f 1738/2006/1735 1737/2036/1734 1768/2065/1765 1769/2067/1766
f 1752/2005/1749 1751/2004/1748 1782/2066/1779 1783/2068/1780
f 1739/2007/1736 1738/2006/1735 1769/2067/1766 1770/2069/1767
f 1753/2009/1750 1752/2008/1749 1783/2070/1780 1784/2037/1781
f 1740/2010/1737 1739/2007/1736 1770/2069/1767 1771/2039/1768
f 1760/2043/1757 1511/1162/1508 1791/2071/1788
f 1787/2044/1784 1786/2041/1783 1817/2072/1814 1818/2073/1815
f 1774/2045/1771 1773/2042/1770 1804/2074/1801 1805/2075/1802
f 1761/2046/1758 1760/2043/1757 1791/2071/1788 1792/2076/1789
f 1788/2047/1785 1787/2044/1784 1818/2073/1815 1819/2077/1816
f 1775/2048/1772 1774/2045/1771 1805/2075/1802 1806/2078/1803
f 1762/2049/1759 1761/2046/1758 1792/2076/1789 1793/2079/1790
f 1789/2050/1786 1788/2047/1785 1819/2077/1816 1820/2080/1817
f 1776/2051/1773 1775/2048/1772 1806/2078/1803 1807/2081/1804
f 1763/2052/1760 1762/2049/1759 1793/2079/1790 1794/2082/1791
f 1790/2053/1787 1789/2050/1786 1820/2080/1817 1821/2083/1818
f 1777/2054/1774 1776/2051/1773 1807/2081/1804 1808/2084/1805
f 1764/2055/1761 1763/2052/1760 1794/2082/1791 1795/2085/1792
f 1510/1188/1507 1790/2053/1787 1821/2083/1818
f 1778/2056/1775 1777/2054/1774 1808/2084/1805 1809/2086/1806
f 1765/2057/1762 1764/2055/1761 1795/2085/1792 1796/2087/1793
f 1779/2058/1776 1778/2056/1775 1809/2086/1806 1810/2088/1807
f 1766/2059/1763 1765/2057/1762 1796/2087/1793 1797/2089/1794
f 1780/2060/1777 1779/2058/1776 1810/2088/1807 1811/2090/1808
f 1767/2061/1764 1766/2059/1763 1797/2089/1794 1798/2091/1795
f 1781/2062/1778 1780/2060/1777 1811/2090/1808 1812/2092/1809
f 1768/2065/1765 1767/2064/1764 1798/2093/1795 1799/2094/1796
f 1782/2066/1779 1781/2062/1778 1812/2092/1809 1813/2095/1810
f 1769/2067/1766 1768/2065/1765 1799/2094/1796 1800/2096/1797
f 1783/2068/1780 1782/2066/1779 1813/2095/1810 1814/2097/1811
f 1770/2069/1767 1769/2067/1766 1800/2096/1797 1801/2098/1798
f 1784/2037/1781 1783/2070/1780 1814/2099/1811 1815/2100/1812
f 1771/2039/1768 1770/2069/1767 1801/2098/1798 1802/2101/1799
f 1785/2038/1782 1784/2037/1781 1815/2100/1812 1816/2102/1813
f 1772/2040/1769 1771/2039/1768 1802/2101/1799 1803/2103/1800
f 1786/2041/1783 1785/2038/1782 1816/2102/1813 1817/2072/1814
f 1773/2042/1770 1772/2040/1769 1803/2103/1800 1804/2074/1801
f 1817/2072/1814 1816/2102/1813 1847/2104/1844 1848/2105/1845
f 1804/2074/1801 1803/2103/1800 1834/2106/1831 1835/2107/1832
f 1791/2071/1788 1511/1162/1508 1822/2108/1819
f 1818/2073/1815 1817/2072/1814 1848/2105/1845 1849/2109/1846
f 1805/2075/1802 1804/2074/1801 1835/2107/1832 1836/2110/1833
f 1792/2076/1789 1791/2071/1788 1822/2108/1819 1823/2111/1820
f 1819/2077/1816 1818/2073/1815 1849/2109/1846 1850/2112/1847
f 1806/2078/1803 1805/2075/1802 1836/2110/1833 1837/2113/1834
f 1793/2079/1790 1792/2076/1789 1823/2111/1820 1824/2114/1821
f 1820/2080/1817 1819/2077/1816 1850/2112/1847 1851/2115/1848
f 1807/2081/1804 1806/2078/1803 1837/2113/1834 1838/2116/1835
f 1794/2082/1791 1793/2079/1790 1824/2114/1821 1825/2117/1822
f 1821/2083/1818 1820/2080/1817 1851/2115/1848 1852/2118/1849
f 1808/2084/1805 1807/2081/1804 1838/2116/1835 1839/2119/1836
f 1795/2085/1792 1794/2082/1791 1825/2117/1822 1826/2120/1823
f 1510/1188/1507 1821/2083/1818 1852/2118/1849
f 1809/2086/1806 1808/2084/1805 1839/2119/1836 1840/2121/1837
f 1796/2087/1793 1795/2085/1792 1826/2120/1823 1827/2122/1824
f 1810/2088/1807 1809/2086/1806 1840/2121/1837 1841/2123/1838
f 1797/2089/1794 1796/2087/1793 1827/2122/1824 1828/2124/1825
f 1811/2090/1808 1810/2088/1807 1841/2123/1838 1842/2125/1839
f 1798/2091/1795 1797/2089/1794 1828/2124/1825 1829/2126/1826
f 1812/2092/1809 1811/2090/1808 1842/2125/1839 1843/2127/1840
f 1799/2094/1796 1798/2093/1795 1829/2128/1826 1830/2129/1827
f 1813/2095/1810 1812/2092/1809 1843/2127/1840 1844/2130/1841
f 1800/2096/1797 1799/2094/1796 1830/2129/1827 1831/2131/1828
f 1814/2097/1811 1813/2095/1810 1844/2130/1841 1845/2132/1842
f 1801/2098/1798 1800/2096/1797 1831/2131/1828 1832/2133/1829
f 1815/2100/1812 1814/2099/1811 1845/2134/1842 1846/2135/1843
f 1802/2101/1799 1801/2098/1798 1832/2133/1829 1833/2136/1830
f 1816/2102/1813 1815/2100/1812 1846/2135/1843 1847/2104/1844
f 1803/2103/1800 1802/2101/1799 1833/2136/1830 1834/2106/1831
f 1823/2111/1820 1822/2108/1819 1853/2137/1850 1854/2138/1851
f 1850/2112/1847 1849/2109/1846 1880/2139/1877 1881/2140/1878
f 1837/2113/1834 1836/2110/1833 1867/2141/1864 1868/2142/1865
f 1824/2114/1821 1823/2111/1820 1854/2138/1851 1855/2143/1852
f 1851/2115/1848 1850/2112/1847 1881/2140/1878 1882/2144/1879
f 1838/2116/1835 1837/2113/1834 1868/2142/1865 1869/2145/1866
f 1825/2117/1822 1824/2114/1821 1855/2143/1852 1856/2146/1853
f 1852/2118/1849 1851/2115/1848 1882/2144/1879 1883/2147/1880
f 1839/2119/1836 1838/2116/1835 1869/2145/1866 1870/2148/1867
f 1826/2120/1823 1825/2117/1822 1856/2146/1853 1857/2149/1854
f 1510/1188/1507 1852/2118/1849 1883/2147/1880
f 1840/2121/1837 1839/2119/1836 1870/2148/1867 1871/2150/1868
f 1827/2122/1824 1826/2120/1823 1857/2149/1854 1858/2151/1855
f 1841/2123/1838 1840/2121/1837 1871/2150/1868 1872/2152/1869
f 1828/2124/1825 1827/2122/1824 1858/2151/1855 1859/2153/1856
f 1842/2125/1839 1841/2123/1838 1872/2152/1869 1873/2154/1870
f 1829/2126/1826 1828/2124/1825 1859/2153/1856 1860/2155/1857
f 1843/2127/1840 1842/2125/1839 1873/2154/1870 1874/2156/1871
f 1830/2157/1827 1829/2126/1826 1860/2155/1857 1861/2158/1858
f 1844/2130/1841 1843/2127/1840 1874/2156/1871 1875/2159/1872
f 1831/2131/1828 1830/2129/1827 1861/2160/1858 1862/2161/1859
f 1845/2132/1842 1844/2130/1841 1875/2159/1872 1876/2162/1873
f 1832/2133/1829 1831/2131/1828 1862/2161/1859 1863/2163/1860
f 1846/2135/1843 1845/2134/1842 1876/2164/1873 1877/2165/1874
f 1833/2136/1830 1832/2133/1829 1863/2163/1860 1864/2166/1861
f 1847/2104/1844 1846/2135/1843 1877/2165/1874 1878/2167/1875
f 1834/2106/1831 1833/2136/1830 1864/2166/1861 1865/2168/1862
f 1848/2105/1845 1847/2104/1844 1878/2167/1875 1879/2169/1876
f 1835/2107/1832 1834/2106/1831 1865/2168/1862 1866/2170/1863
f 1822/2108/1819 1511/1162/1508 1853/2137/1850
f 1849/2109/1846 1848/2105/1845 1879/2169/1876 1880/2139/1877
f 1836/2110/1833 1835/2107/1832 1866/2170/1863 1867/2141/1864
f 1856/2146/1853 1855/2143/1852 1886/2171/1883 1887/2172/1884
f 1883/2147/1880 1882/2144/1879 1913/2173/1910 1914/2174/1911
f 1870/2148/1867 1869/2145/1866 1900/2175/1897 1901/2176/1898
f 1857/2149/1854 1856/2146/1853 1887/2172/1884 1888/2177/1885
f 1510/1188/1507 1883/2147/1880 1914/2174/1911
f 1871/2150/1868 1870/2148/1867 1901/2176/1898 1902/2178/1899
f 1858/2151/1855 1857/2149/1854 1888/2177/1885 1889/2179/1886
f 1872/2152/1869 1871/2150/1868 1902/2178/1899 1903/2180/1900
f 1859/2153/1856 1858/2151/1855 1889/2179/1886 1890/2181/1887
f 1873/2154/1870 1872/2152/1869 1903/2180/1900 1904/2182/1901
f 1860/2155/1857 1859/2153/1856 1890/2181/1887 1891/2183/1888
f 1874/2156/1871 1873/2154/1870 1904/2182/1901 1905/2184/1902
f 1861/2158/1858 1860/2155/1857 1891/2183/1888 1892/2185/1889
f 1875/2159/1872 1874/2156/1871 1905/2184/1902 1906/2186/1903
f 1862/2161/1859 1861/2160/1858 1892/2187/1889 1893/2188/1890
f 1876/2164/1873 1875/2189/1872 1906/2190/1903 1907/2191/1904
f 1863/2163/1860 1862/2161/1859 1893/2188/1890 1894/2192/1891
f 1877/2165/1874 1876/2164/1873 1907/2191/1904 1908/2193/1905
f 1864/2166/1861 1863/2163/1860 1894/2192/1891 1895/2194/1892
f 1878/2167/1875 1877/2165/1874 1908/2193/1905 1909/2195/1906
f 1865/2168/1862 1864/2166/1861 1895/2194/1892 1896/2196/1893
f 1879/2169/1876 1878/2167/1875 1909/2195/1906 1910/2197/1907
f 1866/2170/1863 1865/2168/1862 1896/2196/1893 1897/2198/1894
f 1853/2137/1850 1511/1162/1508 1884/2199/1881
f 1880/2139/1877 1879/2169/1876 1910/2197/1907 1911/2200/1908
f 1867/2141/1864 1866/2170/1863 1897/2198/1894 1898/2201/1895
f 1854/2138/1851 1853/2137/1850 1884/2199/1881 1885/2202/1882
f 1881/2140/1878 1880/2139/1877 1911/2200/1908 1912/2203/1909
f 1868/2142/1865 1867/2141/1864 1898/2201/1895 1899/2204/1896
f 1855/2143/1852 1854/2138/1851 1885/2202/1882 1886/2171/1883
f 1882/2144/1879 1881/2140/1878 1912/2203/1909 1913/2173/1910
f 1869/2145/1866 1868/2142/1865 1899/2204/1896 1900/2175/1897
f 1889/2179/1886 1888/2177/1885 1919/2205/1916 1920/2206/1917
f 1903/2207/1900 1902/2208/1899 1933/2209/1930 1934/2210/1931
f 1890/2181/1887 1889/2179/1886 1920/2206/1917 1921/2211/1918
f 1904/2212/1901 1903/2207/1900 1934/2210/1931 1935/2213/1932
f 1891/2183/1888 1890/2181/1887 1921/2211/1918 1922/2214/1919
f 1905/2215/1902 1904/2212/1901 1935/2213/1932 1936/2216/1933
f 1892/2185/1889 1891/2183/1888 1922/2214/1919 1923/2217/1920
f 1906/2218/1903 1905/2215/1902 1936/2216/1933 1937/2219/1934
f 1893/2220/1890 1892/2185/1889 1923/2217/1920 1924/2221/1921
f 1907/2191/1904 1906/2190/1903 1937/2222/1934 1938/2223/1935
f 1894/2224/1891 1893/2225/1890 1924/2226/1921 1925/2227/1922
f 1908/2193/1905 1907/2191/1904 1938/2223/1935 1939/2228/1936
f 1895/2229/1892 1894/2224/1891 1925/2227/1922 1926/2230/1923
f 1909/2195/1906 1908/2193/1905 1939/2228/1936 1940/2231/1937
f 1896/2232/1893 1895/2229/1892 1926/2230/1923 1927/2233/1924
f 1910/2197/1907 1909/2195/1906 1940/2231/1937 1941/2234/1938
f 1897/2235/1894 1896/2232/1893 1927/2233/1924 1928/2236/1925
f 1884/2199/1881 1511/1162/1508 1915/2237/1912
f 1911/2200/1908 1910/2197/1907 1941/2234/1938 1942/2238/1939
f 1898/2239/1895 1897/2235/1894 1928/2236/1925 1929/2240/1926
f 1885/2202/1882 1884/2199/1881 1915/2237/1912 1916/2241/1913
f 1912/2203/1909 1911/2200/1908 1942/2238/1939 1943/2242/1940
f 1899/2243/1896 1898/2239/1895 1929/2240/1926 1930/2244/1927
f 1886/2171/1883 1885/2202/1882 1916/2241/1913 1917/2245/1914
f 1913/2173/1910 1912/2203/1909 1943/2242/1940 1944/2246/1941
f 1900/2247/1897 1899/2243/1896 1930/2244/1927 1931/2248/1928
f 1887/2172/1884 1886/2171/1883 1917/2245/1914 1918/2249/1915
f 1914/2174/1911 1913/2173/1910 1944/2246/1941 1945/2250/1942
f 1901/2251/1898 1900/2247/1897 1931/2248/1928 1932/2252/1929
f 1888/2177/1885 1887/2172/1884 1918/2249/1915 1919/2205/1916
f 1510/1188/1507 1914/2174/1911 1945/2250/1942
f 1902/2208/1899 1901/2251/1898 1932/2252/1929 1933/2209/1930
f 1922/2214/1919 1921/2211/1918 1952/2253/1949 1953/2254/1950
f 1936/2216/1933 1935/2213/1932 1966/2255/1963 1967/2256/1964
f 1923/2217/1920 1922/2214/1919 1953/2254/1950 1954/2257/1951
f 1937/2219/1934 1936/2216/1933 1967/2256/1964 1968/2258/1965
f 1924/2226/1921 1923/2259/1920 1954/2260/1951 1955/2261/1952
f 1938/2223/1935 1937/2222/1934 1968/2262/1965 1969/2263/1966
f 1925/2227/1922 1924/2226/1921 1955/2261/1952 1956/2264/1953
f 1939/2228/1936 1938/2223/1935 1969/2263/1966 1970/2265/1967
f 1926/2230/1923 1925/2227/1922 1956/2264/1953 1957/2266/1954
f 1940/2231/1937 1939/2228/1936 1970/2265/1967 1971/2267/1968
f 1927/2233/1924 1926/2230/1923 1957/2266/1954 1958/2268/1955
f 1941/2234/1938 1940/2231/1937 1971/2267/1968 1972/2269/1969
f 1928/2236/1925 1927/2233/1924 1958/2268/1955 1959/2270/1956
f 1915/2237/1912 1511/1162/1508 1946/2271/1943
f 1942/2238/1939 1941/2234/1938 1972/2269/1969 1973/2272/1970
f 1929/2240/1926 1928/2236/1925 1959/2270/1956 1960/2273/1957
f 1916/2241/1913 1915/2237/1912 1946/2271/1943 1947/2274/1944
f 1943/2242/1940 1942/2238/1939 1973/2272/1970 1974/2275/1971
f 1930/2244/1927 1929/2240/1926 1960/2273/1957 1961/2276/1958
f 1917/2245/1914 1916/2241/1913 1947/2274/1944 1948/2277/1945
f 1944/2246/1941 1943/2242/1940 1974/2275/1971 1975/2278/1972
f 1931/2248/1928 1930/2244/1927 1961/2276/1958 1962/2279/1959
f 1918/2249/1915 1917/2245/1914 1948/2277/1945 1949/2280/1946
f 1945/2250/1942 1944/2246/1941 1975/2278/1972 1976/2281/1973
f 1932/2252/1929 1931/2248/1928 1962/2279/1959 1963/2282/1960
f 1919/2205/1916 1918/2249/1915 1949/2280/1946 1950/2283/1947
f 1510/1188/1507 1945/2250/1942 1976/2281/1973
f 1933/2209/1930 1932/2252/1929 1963/2282/1960 1964/2284/1961
f 1920/2206/1917 1919/2205/1916 1950/2283/1947 1951/2285/1948
f 1934/2210/1931 1933/2209/1930 1964/2284/1961 1965/2286/1962
f 1921/2211/1918 1920/2206/1917 1951/2285/1948 1952/2253/1949
f 1935/2213/1932 1934/2210/1931 1965/2286/1962 1966/2255/1963
f 1955/2261/1952 1954/2260/1951 999/1203/996 1984/1209/1981
f 1969/2287/1966 1968/2258/1965 1008/1207/1005 1989/1211/1986
f 1956/2264/1953 1955/2261/1952 1984/1209/1981 1985/1150/1982
f 1970/2265/1967 1969/2263/1966 1989/1146/1986 1009/1145/1006
f 1957/2266/1954 1956/2264/1953 1985/1150/1982 1000/1149/997
f 1971/2267/1968 1970/2265/1967 1009/1145/1006 1010/1153/1007
f 1958/2268/1955 1957/2266/1954 1000/1149/997 1001/1155/998
f 1972/2269/1969 1971/2267/1968 1010/1153/1007 1011/1157/1008
f 1959/2270/1956 1958/2268/1955 1001/1155/998 1002/1159/999
f 1946/2271/1943 1511/1162/1508 1977/1161/1974
f 1973/2272/1970 1972/2269/1969 1011/1157/1008 1990/1164/1987
f 1960/2273/1957 1959/2270/1956 1002/1159/999 1003/1166/1000
f 1947/2274/1944 1946/2271/1943 1977/1161/1974 1978/1168/1975
f 1974/2275/1971 1973/2272/1970 1990/1164/1987 1991/1170/1988
f 1961/2276/1958 1960/2273/1957 1003/1166/1000 1986/1172/1983
f 1948/2277/1945 1947/2274/1944 1978/1168/1975 1979/1174/1976
f 1975/2278/1972 1974/2275/1971 1991/1170/1988 1012/1176/1009
f 1962/2279/1959 1961/2276/1958 1986/1172/1983 1004/1178/1001
f 1949/2280/1946 1948/2277/1945 1979/1174/1976 1980/1180/1977
f 1976/2281/1973 1975/2278/1972 1012/1176/1009 1013/1182/1010
f 1963/2282/1960 1962/2279/1959 1004/1178/1001 1005/1184/1002
f 1950/2283/1947 1949/2280/1946 1980/1180/1977 1981/1186/1978
f 1510/1188/1507 1976/2281/1973 1013/1182/1010
f 1964/2284/1961 1963/2282/1960 1005/1184/1002 1987/1189/1984
f 1951/2285/1948 1950/2283/1947 1981/1186/1978 1982/1191/1979
f 1965/2286/1962 1964/2284/1961 1987/1189/1984 1988/1193/1985
f 1952/2253/1949 1951/2285/1948 1982/1191/1979 998/1195/995
f 1966/2255/1963 1965/2286/1962 1988/1193/1985 1006/1197/1003
f 1953/2254/1950 1952/2253/1949 998/1195/995 1983/1199/1980
f 1967/2256/1964 1966/2255/1963 1006/1197/1003 1007/1201/1004
f 1954/2257/1951 1953/2254/1950 1983/1199/1980 999/2288/996
f 1968/2258/1965 1967/2256/1964 1007/1201/1004 1008/1207/1005
o Carbon_ball
v 0.071429 0.889368 -0.968369
v 0.071429 0.763226 -1.094511
v 0.071429 0.534171 -1.231802
v 0.071429 0.450088 -1.261887
v 0.071429 0.363461 -1.283586
v 0.071429 0.275124 -1.296690
v 0.071429 0.096733 -1.296690
v 0.071429 0.008396 -1.283586
v 0.071429 -0.243043 -1.193620
v 0.071429 -0.319640 -1.147709
v 0.071429 -0.391369 -1.094511
v 0.071429 -0.517511 -0.968369
v 0.071429 -0.570709 -0.896640
v 0.071429 -0.616620 -0.820042
v 0.071429 -0.706586 -0.568604
v 0.071429 -0.719690 -0.480267
v 0.088830 1.091547 -0.478553
v 0.106063 1.078443 -0.565192
v 0.122963 1.056744 -0.650155
v 0.139367 1.026659 -0.732622
v 0.155117 0.988477 -0.811800
v 0.170060 0.942566 -0.886926
v 0.184054 0.889368 -0.957277
v 0.196963 0.829396 -1.022174
v 0.208663 0.763226 -1.080994
v 0.219041 0.691497 -1.133170
v 0.227998 0.614900 -1.178199
v 0.235447 0.534171 -1.215647
v 0.241316 0.450088 -1.245155
v 0.245550 0.363461 -1.266436
v 0.248106 0.275124 -1.279288
v 0.248961 0.185929 -1.283586
v 0.248106 0.096733 -1.279288
v 0.245550 0.008396 -1.266436
v 0.241316 -0.078231 -1.245155
v 0.235447 -0.162313 -1.215647
v 0.227998 -0.243043 -1.178199
v 0.219041 -0.319640 -1.133170
v 0.208663 -0.391369 -1.080994
v 0.196963 -0.457539 -1.022174
v 0.184054 -0.517511 -0.957277
v 0.170060 -0.570709 -0.886926
v 0.155117 -0.616620 -0.811800
v 0.139367 -0.654802 -0.732622
v 0.122963 -0.684887 -0.650155
v 0.106063 -0.706586 -0.565192
v 0.088830 -0.719690 -0.478553
v 0.105562 1.091547 -0.473477
v 0.139367 1.078443 -0.555090
v 0.172518 1.056744 -0.635122
v 0.204695 1.026659 -0.712805
v 0.235589 0.988477 -0.787389
v 0.264901 0.942566 -0.858156
v 0.292351 0.889368 -0.924425
v 0.317673 0.829396 -0.985557
v 0.340623 0.763226 -1.040965
v 0.360981 0.691497 -1.090113
v 0.378551 0.614900 -1.132529
v 0.393162 0.534171 -1.167805
v 0.404675 0.450088 -1.195600
v 0.412979 0.363461 -1.215647
v 0.417994 0.275124 -1.227753
v 0.419670 0.185929 -1.231802
v 0.417994 0.096733 -1.227753
v 0.412979 0.008396 -1.215647
v 0.404675 -0.078231 -1.195600
v 0.393162 -0.162313 -1.167805
v 0.378551 -0.243043 -1.132529
v 0.360981 -0.319640 -1.090113
v 0.340623 -0.391369 -1.040965
v 0.317673 -0.457539 -0.985557
v 0.292351 -0.517511 -0.924425
v 0.264901 -0.570709 -0.858156
v 0.235589 -0.616620 -0.787389
v 0.204695 -0.654802 -0.712805
v 0.172518 -0.684887 -0.635122
v 0.139367 -0.706586 -0.555090
v 0.105562 -0.719690 -0.473477
v 0.120983 1.091547 -0.465235
v 0.170060 1.078443 -0.538684
v 0.218187 1.056744 -0.610712
v 0.264901 1.026659 -0.680624
v 0.309752 0.988477 -0.747748
v 0.352308 0.942566 -0.811436
v 0.392158 0.889368 -0.871077
v 0.428920 0.829396 -0.926095
v 0.462239 0.763226 -0.975960
v 0.491794 0.691497 -1.020192
v 0.517300 0.614900 -1.058366
v 0.538513 0.534171 -1.090113
v 0.555228 0.450088 -1.115128
v 0.567283 0.363461 -1.133170
v 0.574563 0.275124 -1.144065
v 0.576997 0.185929 -1.147709
v 0.574563 0.096733 -1.144065
v 0.567283 0.008396 -1.133170
v 0.555228 -0.078231 -1.115128
v 0.538513 -0.162313 -1.090113
v 0.517300 -0.243043 -1.058366
v 0.491794 -0.319640 -1.020192
v 0.462239 -0.391369 -0.975960
v 0.428920 -0.457539 -0.926095
v 0.392158 -0.517511 -0.871077
v 0.352308 -0.570709 -0.811436
v 0.309752 -0.616620 -0.747748
v 0.264901 -0.654802 -0.680624
v 0.218187 -0.684887 -0.610712
v 0.170060 -0.706586 -0.538684
v 0.120983 -0.719690 -0.465235
v 0.134499 1.091547 -0.454142
v 0.196963 1.078443 -0.516606
v 0.258217 1.056744 -0.577860
v 0.317673 1.026659 -0.637316
v 0.374757 0.988477 -0.694400
v 0.428920 0.942566 -0.748562
v 0.479640 0.889368 -0.799283
v 0.526429 0.829396 -0.846071
v 0.568835 0.763226 -0.888478
v 0.606452 0.691497 -0.926095
v 0.638916 0.614900 -0.958559
v 0.665915 0.534171 -0.985557
v 0.687188 0.450088 -1.006831
v 0.702532 0.363461 -1.022174
v 0.711797 0.275124 -1.031440
v 0.714896 0.185929 -1.034538
v 0.711797 0.096733 -1.031440
v 0.702532 0.008396 -1.022174
v 0.687188 -0.078231 -1.006831
v 0.665915 -0.162313 -0.985557
v 0.638916 -0.243043 -0.958559
v 0.606452 -0.319640 -0.926095
v 0.568835 -0.391369 -0.888478
v 0.526429 -0.457539 -0.846071
v 0.479640 -0.517511 -0.799283
v 0.428920 -0.570709 -0.748562
v 0.374757 -0.616620 -0.694400
v 0.317673 -0.654802 -0.637316
v 0.258217 -0.684887 -0.577860
v 0.196963 -0.706586 -0.516606
v 0.134499 -0.719690 -0.454142
v 0.145592 1.091547 -0.440626
v 0.219041 1.078443 -0.489703
v 0.291069 1.056744 -0.537830
v 0.360981 1.026659 -0.584544
v 0.428105 0.988477 -0.629395
v 0.491794 0.942566 -0.671950
v 0.551434 0.889368 -0.711801
v 0.606452 0.829396 -0.748563
v 0.656317 0.763226 -0.781881
v 0.700549 0.691497 -0.811436
v 0.738723 0.614900 -0.836943
v 0.770470 0.534171 -0.858156
v 0.795485 0.450088 -0.874871
v 0.813527 0.363461 -0.886926
v 0.824422 0.275124 -0.894206
v 0.828066 0.185929 -0.896640
v 0.824422 0.096733 -0.894206
v 0.813527 0.008396 -0.886926
v 0.795485 -0.078231 -0.874871
v 0.770470 -0.162313 -0.858156
v 0.738723 -0.243043 -0.836943
v 0.700549 -0.319640 -0.811436
v 0.656317 -0.391369 -0.781881
v 0.606452 -0.457539 -0.748563
v 0.551434 -0.517511 -0.711801
v 0.491794 -0.570709 -0.671950
v 0.428105 -0.616620 -0.629395
v 0.360981 -0.654802 -0.584544
v 0.291069 -0.684887 -0.537830
v 0.219041 -0.706586 -0.489703
v 0.145592 -0.719690 -0.440626
v 0.153835 1.091547 -0.425205
v 0.235447 1.078443 -0.459010
v 0.315480 1.056744 -0.492161
v 0.393162 1.026659 -0.524338
v 0.467746 0.988477 -0.555231
v 0.538513 0.942566 -0.584544
v 0.604782 0.889368 -0.611994
v 0.665915 0.829396 -0.637316
v 0.721322 0.763226 -0.660266
v 0.770470 0.691497 -0.680624
v 0.812886 0.614900 -0.698193
v 0.848162 0.534171 -0.712805
v 0.875957 0.450088 -0.724318
v 0.896004 0.363461 -0.732622
v 0.908110 0.275124 -0.737636
v 0.912159 0.185929 -0.739313
v 0.908110 0.096733 -0.737636
v 0.896004 0.008396 -0.732622
v 0.875957 -0.078231 -0.724318
v 0.848162 -0.162313 -0.712805
v 0.812886 -0.243043 -0.698193
v 0.770470 -0.319640 -0.680624
v 0.721322 -0.391369 -0.660266
v 0.665915 -0.457539 -0.637316
v 0.604782 -0.517511 -0.611994
v 0.538513 -0.570709 -0.584544
v 0.467746 -0.616620 -0.555231
v 0.393162 -0.654802 -0.524338
v 0.315480 -0.684887 -0.492161
v 0.235447 -0.706586 -0.459010
v 0.153835 -0.719690 -0.425205
v 0.158910 1.091547 -0.408473
v 0.245549 1.078443 -0.425706
v 0.330512 1.056744 -0.442606
v 0.412979 1.026659 -0.459010
v 0.492157 0.988477 -0.474759
v 0.567283 0.942566 -0.489703
v 0.637634 0.889368 -0.503697
v 0.702532 0.829396 -0.516606
v 0.761352 0.763226 -0.528306
v 0.813527 0.691497 -0.538684
v 0.858556 0.614900 -0.547641
v 0.896004 0.534171 -0.555090
v 0.925512 0.450088 -0.560959
v 0.946794 0.363461 -0.565192
v 0.959645 0.275124 -0.567749
v 0.963943 0.185929 -0.568603
v 0.959645 0.096733 -0.567749
v 0.946794 0.008396 -0.565192
v 0.925512 -0.078231 -0.560959
v 0.896004 -0.162313 -0.555090
v 0.858556 -0.243043 -0.547641
v 0.813527 -0.319640 -0.538684
v 0.761352 -0.391369 -0.528306
v 0.702532 -0.457539 -0.516606
v 0.637634 -0.517511 -0.503697
v 0.567283 -0.570709 -0.489703
v 0.492157 -0.616620 -0.474759
v 0.412979 -0.654802 -0.459010
v 0.330512 -0.684887 -0.442606
v 0.245549 -0.706586 -0.425706
v 0.158910 -0.719690 -0.408473
v 0.160624 1.091547 -0.391071
v 0.248961 1.078443 -0.391071
v 0.335588 1.056744 -0.391071
v 0.419670 1.026659 -0.391071
v 0.500399 0.988477 -0.391071
v 0.576997 0.942566 -0.391071
v 0.648726 0.889368 -0.391071
v 0.714896 0.829396 -0.391071
v 0.774868 0.763226 -0.391071
v 0.828066 0.691497 -0.391071
v 0.873977 0.614900 -0.391071
v 0.912159 0.534171 -0.391071
v 0.942244 0.450088 -0.391071
v 0.963943 0.363461 -0.391071
v 0.977046 0.275124 -0.391071
v 0.981428 0.185929 -0.391071
v 0.977046 0.096733 -0.391071
v 0.963943 0.008396 -0.391071
v 0.942244 -0.078231 -0.391071
v 0.912159 -0.162313 -0.391071
v 0.873977 -0.243043 -0.391071
v 0.828066 -0.319640 -0.391071
v 0.774868 -0.391369 -0.391071
v 0.714896 -0.457539 -0.391071
v 0.648726 -0.517511 -0.391071
v 0.576997 -0.570709 -0.391071
v 0.500399 -0.616620 -0.391071
v 0.419670 -0.654802 -0.391071
v 0.335588 -0.684887 -0.391071
v 0.248961 -0.706586 -0.391071
v 0.160624 -0.719690 -0.391071
v 0.158910 1.091547 -0.373670
v 0.245549 1.078443 -0.356437
v 0.330512 1.056744 -0.339536
v 0.412979 1.026659 -0.323133
v 0.492157 0.988477 -0.307383
v 0.567283 0.942566 -0.292440
v 0.637634 0.889368 -0.278446
v 0.702532 0.829396 -0.265537
v 0.761352 0.763226 -0.253837
v 0.813527 0.691497 -0.243459
v 0.858556 0.614900 -0.234502
v 0.896004 0.534171 -0.227053
v 0.925512 0.450088 -0.221184
v 0.946794 0.363461 -0.216950
v 0.959645 0.275124 -0.214394
v 0.963943 0.185929 -0.213539
v 0.959645 0.096733 -0.214394
v 0.946794 0.008396 -0.216950
v 0.925512 -0.078231 -0.221184
v 0.896004 -0.162313 -0.227053
v 0.858556 -0.243043 -0.234502
v 0.813527 -0.319640 -0.243459
v 0.761352 -0.391369 -0.253837
v 0.702532 -0.457539 -0.265537
v 0.637634 -0.517511 -0.278446
v 0.567283 -0.570709 -0.292440
v 0.492157 -0.616620 -0.307383
v 0.412979 -0.654802 -0.323133
v 0.330512 -0.684887 -0.339536
v 0.245549 -0.706586 -0.356437
v 0.158910 -0.719690 -0.373670
v 0.153835 1.091547 -0.356938
v 0.235447 1.078443 -0.323133
v 0.315480 1.056744 -0.289982
v 0.393162 1.026659 -0.257805
v 0.467746 0.988477 -0.226911
v 0.538513 0.942566 -0.197598
v 0.604782 0.889368 -0.170149
v 0.665915 0.829396 -0.144827
v 0.721322 0.763226 -0.121877
v 0.770470 0.691497 -0.101519
v 0.812886 0.614900 -0.083949
v 0.848162 0.534171 -0.069338
v 0.875957 0.450088 -0.057825
v 0.896004 0.363461 -0.049521
v 0.908110 0.275124 -0.044506
v 0.912159 0.185929 -0.042829
v 0.908110 0.096733 -0.044506
v 0.896004 0.008396 -0.049521
v 0.875957 -0.078231 -0.057825
v 0.848162 -0.162313 -0.069338
v 0.812886 -0.243043 -0.083949
v 0.770470 -0.319640 -0.101519
v 0.721322 -0.391369 -0.121877
v 0.665915 -0.457539 -0.144827
v 0.604782 -0.517511 -0.170149
v 0.538513 -0.570709 -0.197598
v 0.467746 -0.616620 -0.226911
v 0.393162 -0.654802 -0.257805
v 0.315480 -0.684887 -0.289982
v 0.235447 -0.706586 -0.323133
v 0.153835 -0.719690 -0.356938
v 0.145592 1.091547 -0.341517
v 0.219041 1.078443 -0.292440
v 0.291069 1.056744 -0.244312
v 0.360981 1.026659 -0.197599
v 0.428105 0.988477 -0.152748
v 0.491794 0.942566 -0.110192
v 0.551434 0.889368 -0.070342
v 0.606452 0.829396 -0.033580
v 0.656317 0.763226 -0.000261
v 0.700549 0.691497 0.029294
v 0.738723 0.614900 0.054801
v 0.770470 0.534171 0.076013
v 0.795485 0.450088 0.092728
v 0.813527 0.363461 0.104783
v 0.824422 0.275124 0.112063
v 0.828065 0.185929 0.114498
v 0.824422 0.096733 0.112063
v 0.813527 0.008396 0.104783
v 0.795485 -0.078231 0.092728
v 0.770470 -0.162313 0.076013
v 0.738723 -0.243043 0.054801
v 0.700549 -0.319640 0.029294
v 0.656317 -0.391369 -0.000261
v 0.606452 -0.457539 -0.033580
v 0.551434 -0.517511 -0.070342
v 0.491794 -0.570709 -0.110192
v 0.428105 -0.616620 -0.152748
v 0.360981 -0.654802 -0.197599
v 0.291069 -0.684887 -0.244312
v 0.219041 -0.706586 -0.292440
v 0.145592 -0.719690 -0.341517
v 0.134499 1.091547 -0.328001
v 0.196963 1.078443 -0.265537
v 0.258217 1.056744 -0.204283
v 0.317673 1.026659 -0.144827
v 0.374757 0.988477 -0.087743
v 0.428920 0.942566 -0.033580
v 0.479640 0.889368 0.017140
v 0.526429 0.829396 0.063929
v 0.568835 0.763226 0.106336
v 0.606452 0.691497 0.143952
v 0.638916 0.614900 0.176416
v 0.665915 0.534171 0.203415
v 0.687188 0.450088 0.224688
v 0.702532 0.363461 0.240032
v 0.711797 0.275124 0.249297
v 0.714895 0.185929 0.252396
v 0.711797 0.096733 0.249297
v 0.702532 0.008396 0.240032
v 0.687188 -0.078231 0.224688
v 0.665915 -0.162313 0.203415
v 0.638916 -0.243043 0.176416
v 0.606452 -0.319640 0.143952
v 0.568835 -0.391369 0.106336
v 0.526429 -0.457539 0.063929
v 0.479640 -0.517511 0.017140
v 0.428920 -0.570709 -0.033580
v 0.374757 -0.616620 -0.087743
v 0.317673 -0.654802 -0.144827
v 0.258217 -0.684887 -0.204283
v 0.196963 -0.706586 -0.265537
v 0.134499 -0.719690 -0.328001
v 0.120983 1.091547 -0.316908
v 0.170060 1.078443 -0.243459
v 0.218187 1.056744 -0.171431
v 0.264901 1.026659 -0.101519
v 0.309752 0.988477 -0.034395
v 0.352307 0.942566 0.029294
v 0.392158 0.889368 0.088934
v 0.428920 0.829396 0.143952
v 0.462238 0.763226 0.193817
v 0.491794 0.691497 0.238049
v 0.517300 0.614900 0.276223
v 0.538513 0.534171 0.307970
v 0.555228 0.450088 0.332985
v 0.567283 0.363461 0.351027
v 0.574563 0.275124 0.361922
v 0.576997 0.185929 0.365566
v 0.574563 0.096733 0.361922
v 0.567283 0.008396 0.351027
v 0.555228 -0.078231 0.332985
v 0.538513 -0.162313 0.307970
v 0.517300 -0.243043 0.276223
v 0.491794 -0.319640 0.238049
v 0.462238 -0.391369 0.193817
v 0.428920 -0.457539 0.143952
v 0.392158 -0.517511 0.088934
v 0.352307 -0.570709 0.029294
v 0.309752 -0.616620 -0.034395
v 0.264901 -0.654802 -0.101519
v 0.218187 -0.684887 -0.171431
v 0.170060 -0.706586 -0.243459
v 0.120983 -0.719690 -0.316908
v 0.105562 1.091547 -0.308665
v 0.139367 1.078443 -0.227053
v 0.172518 1.056744 -0.147020
v 0.204695 1.026659 -0.069338
v 0.235589 0.988477 0.005246
v 0.264901 0.942566 0.076013
v 0.292351 0.889368 0.142282
v 0.317673 0.829396 0.203415
v 0.340623 0.763226 0.258822
v 0.360981 0.691497 0.307970
v 0.378550 0.614900 0.350386
v 0.393162 0.534171 0.385662
v 0.404675 0.450088 0.413457
v 0.412979 0.363461 0.433504
v 0.417993 0.275124 0.445610
v 0.419670 0.185929 0.449659
v 0.417993 0.096733 0.445610
v 0.412979 0.008396 0.433504
v 0.404675 -0.078231 0.413457
v 0.393162 -0.162313 0.385662
v 0.378550 -0.243043 0.350386
v 0.360981 -0.319640 0.307970
v 0.340623 -0.391369 0.258822
v 0.317673 -0.457539 0.203415
v 0.292351 -0.517511 0.142282
v 0.264901 -0.570709 0.076013
v 0.235589 -0.616620 0.005246
v 0.204695 -0.654802 -0.069338
v 0.172518 -0.684887 -0.147020
v 0.139367 -0.706586 -0.227053
v 0.105562 -0.719690 -0.308665
v 0.088830 1.091547 -0.303590
v 0.106063 1.078443 -0.216950
v 0.122963 1.056744 -0.131988
v 0.139367 1.026659 -0.049521
v 0.155117 0.988477 0.029657
v 0.170060 0.942566 0.104783
v 0.184054 0.889368 0.175134
v 0.196963 0.829396 0.240032
v 0.208663 0.763226 0.298852
v 0.219041 0.691497 0.351027
v 0.227998 0.614900 0.396056
v 0.235447 0.534171 0.433504
v 0.241316 0.450088 0.463012
v 0.245549 0.363461 0.484294
v 0.248106 0.275124 0.497145
v 0.248960 0.185929 0.501443
v 0.248106 0.096733 0.497145
v 0.245549 0.008396 0.484294
v 0.241316 -0.078231 0.463012
v 0.235447 -0.162313 0.433504
v 0.227998 -0.243043 0.396056
v 0.219041 -0.319640 0.351027
v 0.208663 -0.391369 0.298852
v 0.196963 -0.457539 0.240032
v 0.184054 -0.517511 0.175134
v 0.170060 -0.570709 0.104783
v 0.155117 -0.616620 0.029657
v 0.139367 -0.654802 -0.049521
v 0.122963 -0.684887 -0.131988
v 0.106063 -0.706586 -0.216950
v 0.088830 -0.719690 -0.303590
v 0.071429 1.091547 -0.301876
v 0.071429 1.078443 -0.213539
v 0.071429 1.056744 -0.126912
v 0.071429 1.026659 -0.042830
v 0.071429 0.988477 0.037899
v 0.071428 0.942566 0.114497
v 0.071428 0.889368 0.186226
v 0.071429 0.829396 0.252396
v 0.071428 0.763226 0.312368
v 0.071428 0.691497 0.365566
v 0.071429 0.614900 0.411477
v 0.071429 0.534171 0.449659
v 0.071428 0.450088 0.479744
v 0.071428 0.363461 0.501443
v 0.071428 0.275124 0.514546
v 0.071428 0.185929 0.518928
v 0.071428 0.096733 0.514546
v 0.071428 0.008396 0.501443
v 0.071428 -0.078231 0.479744
v 0.071429 -0.162313 0.449659
v 0.071429 -0.243043 0.411477
v 0.071428 -0.319640 0.365566
v 0.071428 -0.391369 0.312368
v 0.071429 -0.457539 0.252396
v 0.071428 -0.517511 0.186226
v 0.071428 -0.570709 0.114497
v 0.071429 -0.616620 0.037899
v 0.071429 -0.654802 -0.042830
v 0.071429 -0.684887 -0.126912
v 0.071429 -0.706586 -0.213539
v 0.071429 -0.719690 -0.301876
v 0.071429 -0.724072 -0.391071
v 0.071429 1.095929 -0.391071
v 0.054027 1.091547 -0.303590
v 0.036794 1.078443 -0.216951
v 0.019894 1.056744 -0.131988
v 0.003490 1.026659 -0.049521
v -0.012260 0.988477 0.029657
v -0.027203 0.942566 0.104783
v -0.041197 0.889368 0.175134
v -0.054106 0.829396 0.240032
v -0.065806 0.763226 0.298852
v -0.076184 0.691497 0.351027
v -0.085141 0.614900 0.396056
v -0.092590 0.534171 0.433504
v -0.098459 0.450088 0.463012
v -0.102692 0.363461 0.484294
v -0.105249 0.275124 0.497145
v -0.106104 0.185929 0.501443
v -0.105249 0.096733 0.497145
v -0.102692 0.008396 0.484294
v -0.098459 -0.078231 0.463012
v -0.092590 -0.162313 0.433504
v -0.085141 -0.243043 0.396056
v -0.076184 -0.319640 0.351027
v -0.065806 -0.391369 0.298852
v -0.054106 -0.457539 0.240032
v -0.041197 -0.517511 0.175134
v -0.027203 -0.570709 0.104783
v -0.012260 -0.616620 0.029657
v 0.003490 -0.654802 -0.049521
v 0.019894 -0.684887 -0.131988
v 0.036794 -0.706586 -0.216951
v 0.054027 -0.719690 -0.303590
v 0.037295 1.091547 -0.308665
v 0.003490 1.078443 -0.227053
v -0.029661 1.056744 -0.147020
v -0.061838 1.026659 -0.069338
v -0.092732 0.988477 0.005246
v -0.122044 0.942566 0.076013
v -0.149494 0.889368 0.142282
v -0.174816 0.829396 0.203415
v -0.197766 0.763226 0.258822
v -0.218124 0.691497 0.307970
v -0.235693 0.614900 0.350386
v -0.250305 0.534171 0.385662
v -0.261818 0.450088 0.413457
v -0.270122 0.363461 0.433504
v -0.275136 0.275124 0.445610
v -0.276813 0.185929 0.449658
v -0.275136 0.096733 0.445610
v -0.270122 0.008396 0.433504
v -0.261818 -0.078231 0.413457
v -0.250305 -0.162313 0.385662
v -0.235693 -0.243043 0.350386
v -0.218124 -0.319640 0.307970
v -0.197766 -0.391369 0.258822
v -0.174816 -0.457539 0.203415
v -0.149494 -0.517511 0.142282
v -0.122044 -0.570709 0.076013
v -0.092732 -0.616620 0.005246
v -0.061838 -0.654802 -0.069338
v -0.029661 -0.684887 -0.147020
v 0.003490 -0.706586 -0.227053
v 0.037295 -0.719690 -0.308665
v 0.021874 1.091547 -0.316908
v -0.027203 1.078443 -0.243459
v -0.075330 1.056744 -0.171431
v -0.122044 1.026659 -0.101519
v -0.166895 0.988477 -0.034395
v -0.209450 0.942566 0.029294
v -0.249301 0.889368 0.088934
v -0.286063 0.829396 0.143952
v -0.319381 0.763226 0.193817
v -0.348936 0.691497 0.238049
v -0.374443 0.614900 0.276223
v -0.395656 0.534171 0.307970
v -0.412371 0.450088 0.332985
v -0.424426 0.363461 0.351027
v -0.431706 0.275124 0.361922
v -0.434140 0.185929 0.365565
v -0.431706 0.096733 0.361922
v -0.424426 0.008396 0.351027
v -0.412371 -0.078231 0.332985
v -0.395656 -0.162313 0.307970
v -0.374443 -0.243043 0.276223
v -0.348936 -0.319640 0.238049
v -0.319381 -0.391369 0.193817
v -0.286063 -0.457539 0.143952
v -0.249301 -0.517511 0.088934
v -0.209450 -0.570709 0.029294
v -0.166895 -0.616620 -0.034395
v -0.122044 -0.654802 -0.101519
v -0.075330 -0.684887 -0.171431
v -0.027203 -0.706586 -0.243459
v 0.021874 -0.719690 -0.316908
v 0.008358 1.091547 -0.328001
v -0.054106 1.078443 -0.265537
v -0.115360 1.056744 -0.204283
v -0.174816 1.026659 -0.144827
v -0.231900 0.988477 -0.087743
v -0.286062 0.942566 -0.033580
v -0.336783 0.889368 0.017140
v -0.383571 0.829396 0.063929
v -0.425978 0.763226 0.106335
v -0.463595 0.691497 0.143952
v -0.496059 0.614900 0.176416
v -0.523057 0.534171 0.203415
v -0.544331 0.450088 0.224688
v -0.559675 0.363461 0.240031
v -0.568940 0.275124 0.249297
v -0.572038 0.185929 0.252395
v -0.568940 0.096733 0.249297
v -0.559675 0.008396 0.240031
v -0.544331 -0.078231 0.224688
v -0.523057 -0.162313 0.203415
v -0.496059 -0.243043 0.176416
v -0.463595 -0.319640 0.143952
v -0.425978 -0.391369 0.106335
v -0.383571 -0.457539 0.063929
v -0.336783 -0.517511 0.017140
v -0.286062 -0.570709 -0.033580
v -0.231900 -0.616620 -0.087743
v -0.174816 -0.654802 -0.144827
v -0.115360 -0.684887 -0.204283
v -0.054106 -0.706586 -0.265537
v 0.008358 -0.719690 -0.328001
v -0.002735 1.091547 -0.341517
v -0.076184 1.078443 -0.292440
v -0.148212 1.056744 -0.244313
v -0.218124 1.026659 -0.197599
v -0.285248 0.988477 -0.152748
v -0.348936 0.942566 -0.110193
v -0.408577 0.889368 -0.070342
v -0.463595 0.829396 -0.033580
v -0.513460 0.763226 -0.000262
v -0.557692 0.691497 0.029294
v -0.595866 0.614900 0.054800
v -0.627613 0.534171 0.076013
v -0.652628 0.450088 0.092728
v -0.670670 0.363461 0.104783
v -0.681565 0.275124 0.112063
v -0.685208 0.185929 0.114497
v -0.681565 0.096733 0.112063
v -0.670670 0.008396 0.104783
v -0.652628 -0.078231 0.092728
v -0.627613 -0.162313 0.076013
v -0.595866 -0.243043 0.054800
v -0.557692 -0.319640 0.029294
v -0.513460 -0.391369 -0.000262
v -0.463595 -0.457539 -0.033580
v -0.408577 -0.517511 -0.070342
v -0.348936 -0.570709 -0.110193
v -0.285248 -0.616620 -0.152748
v -0.218124 -0.654802 -0.197599
v -0.148212 -0.684887 -0.244313
v -0.076184 -0.706586 -0.292440
v -0.002735 -0.719690 -0.341517
v -0.010977 1.091547 -0.356938
v -0.092590 1.078443 -0.323133
v -0.172622 1.056744 -0.289982
v -0.250305 1.026659 -0.257805
v -0.324889 0.988477 -0.226911
v -0.395656 0.942566 -0.197599
v -0.461925 0.889368 -0.170149
v -0.523058 0.829396 -0.144827
v -0.578465 0.763226 -0.121877
v -0.627613 0.691497 -0.101519
v -0.670029 0.614900 -0.083950
v -0.705305 0.534171 -0.069338
v -0.733100 0.450088 -0.057825
v -0.753147 0.363461 -0.049521
v -0.765253 0.275124 -0.044507
v -0.769301 0.185929 -0.042830
v -0.765253 0.096733 -0.044507
v -0.753147 0.008396 -0.049521
v -0.733100 -0.078231 -0.057825
v -0.705305 -0.162313 -0.069338
v -0.670029 -0.243043 -0.083950
v -0.627613 -0.319640 -0.101519
v -0.578465 -0.391369 -0.121877
v -0.523058 -0.457539 -0.144827
v -0.461925 -0.517511 -0.170149
v -0.395656 -0.570709 -0.197599
v -0.324889 -0.616620 -0.226911
v -0.250305 -0.654802 -0.257805
v -0.172622 -0.684887 -0.289982
v -0.092590 -0.706586 -0.323133
v -0.010977 -0.719690 -0.356938
v -0.016053 1.091547 -0.373670
v -0.102692 1.078443 -0.356437
v -0.187655 1.056744 -0.339537
v -0.270122 1.026659 -0.323133
v -0.349300 0.988477 -0.307383
v -0.424426 0.942566 -0.292440
v -0.494776 0.889368 -0.278446
v -0.559675 0.829396 -0.265537
v -0.618494 0.763226 -0.253837
v -0.670670 0.691497 -0.243459
v -0.715699 0.614900 -0.234502
v -0.753147 0.534171 -0.227053
v -0.782654 0.450088 -0.221184
v -0.803936 0.363461 -0.216951
v -0.816788 0.275124 -0.214394
v -0.821085 0.185929 -0.213540
v -0.816788 0.096733 -0.214394
v -0.803936 0.008396 -0.216951
v -0.782654 -0.078231 -0.221184
v -0.753147 -0.162313 -0.227053
v -0.715699 -0.243043 -0.234502
v -0.670670 -0.319640 -0.243459
v -0.618494 -0.391369 -0.253837
v -0.559675 -0.457539 -0.265537
v -0.494776 -0.517511 -0.278446
v -0.424426 -0.570709 -0.292440
v -0.349300 -0.616620 -0.307383
v -0.270122 -0.654802 -0.323133
v -0.187655 -0.684887 -0.339537
v -0.102692 -0.706586 -0.356437
v -0.016053 -0.719690 -0.373670
v -0.017767 1.091547 -0.391071
v -0.106103 1.078443 -0.391071
v -0.192730 1.056744 -0.391071
v -0.276813 1.026659 -0.391071
v -0.357542 0.988477 -0.391071
v -0.434140 0.942566 -0.391071
v -0.505869 0.889368 -0.391072
v -0.572038 0.829396 -0.391071
v -0.632011 0.763226 -0.391071
v -0.685208 0.691497 -0.391071
v -0.731119 0.614900 -0.391071
v -0.769302 0.534171 -0.391071
v -0.799387 0.450088 -0.391072
v -0.821086 0.363461 -0.391072
v -0.834189 0.275124 -0.391071
v -0.838571 0.185929 -0.391072
v -0.834189 0.096733 -0.391071
v -0.821086 0.008396 -0.391072
v -0.799387 -0.078231 -0.391072
v -0.769302 -0.162313 -0.391071
v -0.731119 -0.243043 -0.391071
v -0.685208 -0.319640 -0.391071
v -0.632011 -0.391369 -0.391071
v -0.572038 -0.457539 -0.391071
v -0.505869 -0.517511 -0.391072
v -0.434140 -0.570709 -0.391071
v -0.357542 -0.616620 -0.391071
v -0.276813 -0.654802 -0.391071
v -0.192730 -0.684887 -0.391071
v -0.106103 -0.706586 -0.391071
v -0.017767 -0.719690 -0.391071
v -0.016053 1.091547 -0.408473
v -0.102692 1.078443 -0.425706
v -0.187655 1.056744 -0.442606
v -0.270122 1.026659 -0.459010
v -0.349300 0.988477 -0.474759
v -0.424426 0.942566 -0.489703
v -0.494776 0.889368 -0.503697
v -0.559674 0.829396 -0.516606
v -0.618494 0.763226 -0.528306
v -0.670670 0.691497 -0.538684
v -0.715698 0.614900 -0.547641
v -0.753147 0.534171 -0.555090
v -0.782654 0.450088 -0.560959
v -0.803936 0.363461 -0.565192
v -0.816788 0.275124 -0.567749
v -0.821085 0.185929 -0.568604
v -0.816788 0.096733 -0.567749
v -0.803936 0.008396 -0.565192
v -0.782654 -0.078231 -0.560959
v -0.753147 -0.162313 -0.555090
v -0.715698 -0.243043 -0.547641
v -0.670670 -0.319640 -0.538684
v -0.618494 -0.391369 -0.528306
v -0.559674 -0.457539 -0.516606
v -0.494776 -0.517511 -0.503697
v -0.424426 -0.570709 -0.489703
v -0.349300 -0.616620 -0.474759
v -0.270122 -0.654802 -0.459010
v -0.187655 -0.684887 -0.442606
v -0.102692 -0.706586 -0.425706
v -0.016053 -0.719690 -0.408473
v -0.010977 1.091547 -0.425205
v -0.092590 1.078443 -0.459010
v -0.172622 1.056744 -0.492161
v -0.250305 1.026659 -0.524338
v -0.324889 0.988477 -0.555231
v -0.395656 0.942566 -0.584544
v -0.461925 0.889368 -0.611994
v -0.523057 0.829396 -0.637316
v -0.578465 0.763226 -0.660266
v -0.627613 0.691497 -0.680624
v -0.670029 0.614900 -0.698193
v -0.705305 0.534171 -0.712805
v -0.733100 0.450088 -0.724318
v -0.753147 0.363461 -0.732622
v -0.765253 0.275124 -0.737636
v -0.769301 0.185929 -0.739313
v -0.765253 0.096733 -0.737636
v -0.753147 0.008396 -0.732622
v -0.733100 -0.078231 -0.724318
v -0.705305 -0.162313 -0.712805
v -0.670029 -0.243043 -0.698193
v -0.627613 -0.319640 -0.680624
v -0.578465 -0.391369 -0.660266
v -0.523057 -0.457539 -0.637316
v -0.461925 -0.517511 -0.611994
v -0.395656 -0.570709 -0.584544
v -0.324889 -0.616620 -0.555231
v -0.250305 -0.654802 -0.524338
v -0.172622 -0.684887 -0.492161
v -0.092590 -0.706586 -0.459010
v -0.010977 -0.719690 -0.425205
v -0.002735 1.091547 -0.440626
v -0.076184 1.078443 -0.489703
v -0.148211 1.056744 -0.537830
v -0.218124 1.026659 -0.584544
v -0.285248 0.988477 -0.629395
v -0.348936 0.942566 -0.671950
v -0.408577 0.889368 -0.711801
v -0.463595 0.829396 -0.748562
v -0.513460 0.763226 -0.781881
v -0.557692 0.691497 -0.811436
v -0.595865 0.614900 -0.836943
v -0.627613 0.534171 -0.858156
v -0.652628 0.450088 -0.874871
v -0.670670 0.363461 -0.886926
v -0.681565 0.275124 -0.894205
v -0.685208 0.185929 -0.896640
v -0.681565 0.096733 -0.894205
v -0.670670 0.008396 -0.886926
v -0.652628 -0.078231 -0.874871
v -0.627613 -0.162313 -0.858156
v -0.595865 -0.243043 -0.836943
v -0.557692 -0.319640 -0.811436
v -0.513460 -0.391369 -0.781881
v -0.463595 -0.457539 -0.748562
v -0.408577 -0.517511 -0.711801
v -0.348936 -0.570709 -0.671950
v -0.285248 -0.616620 -0.629395
v -0.218124 -0.654802 -0.584544
v -0.148211 -0.684887 -0.537830
v -0.076184 -0.706586 -0.489703
v -0.002735 -0.719690 -0.440626
v 0.008358 1.091547 -0.454142
v -0.054106 1.078443 -0.516605
v -0.115360 1.056744 -0.577860
v -0.174816 1.026659 -0.637316
v -0.231899 0.988477 -0.694399
v -0.286062 0.942566 -0.748562
v -0.336782 0.889368 -0.799282
v -0.383571 0.829396 -0.846071
v -0.425978 0.763226 -0.888478
v -0.463594 0.691497 -0.926095
v -0.496058 0.614900 -0.958558
v -0.523057 0.534171 -0.985557
v -0.544331 0.450088 -1.006831
v -0.559674 0.363461 -1.022174
v -0.568939 0.275124 -1.031440
v -0.572038 0.185929 -1.034538
v -0.568939 0.096733 -1.031440
v -0.559674 0.008396 -1.022174
v -0.544331 -0.078231 -1.006831
v -0.523057 -0.162313 -0.985557
v -0.496058 -0.243043 -0.958558
v -0.463594 -0.319640 -0.926095
v -0.425978 -0.391369 -0.888478
v -0.383571 -0.457539 -0.846071
v -0.336782 -0.517511 -0.799282
v -0.286062 -0.570709 -0.748562
v -0.231899 -0.616620 -0.694399
v -0.174816 -0.654802 -0.637316
v -0.115360 -0.684887 -0.577860
v -0.054106 -0.706586 -0.516605
v 0.008358 -0.719690 -0.454142
v 0.021874 1.091547 -0.465235
v -0.027203 1.078443 -0.538684
v -0.075330 1.056744 -0.610711
v -0.122044 1.026659 -0.680624
v -0.166895 0.988477 -0.747748
v -0.209450 0.942566 -0.811436
v -0.249300 0.889368 -0.871077
v -0.286062 0.829396 -0.926095
v -0.319381 0.763226 -0.975960
v -0.348936 0.691497 -1.020192
v -0.374443 0.614900 -1.058365
v -0.395656 0.534171 -1.090113
v -0.412370 0.450088 -1.115128
v -0.424426 0.363461 -1.133170
v -0.431705 0.275124 -1.144065
v -0.434139 0.185929 -1.147708
v -0.431705 0.096733 -1.144065
v -0.424426 0.008396 -1.133170
v -0.412370 -0.078231 -1.115128
v -0.395656 -0.162313 -1.090113
v -0.374443 -0.243043 -1.058365
v -0.348936 -0.319640 -1.020192
v -0.319381 -0.391369 -0.975960
v -0.286062 -0.457539 -0.926095
v -0.249300 -0.517511 -0.871077
v -0.209450 -0.570709 -0.811436
v -0.166895 -0.616620 -0.747748
v -0.122044 -0.654802 -0.680624
v -0.075330 -0.684887 -0.610711
v -0.027203 -0.706586 -0.538684
v 0.021874 -0.719690 -0.465235
v 0.037295 1.091547 -0.473477
v 0.003490 1.078443 -0.555090
v -0.029661 1.056744 -0.635122
v -0.061838 1.026659 -0.712805
v -0.092731 0.988477 -0.787389
v -0.122044 0.942566 -0.858156
v -0.149493 0.889368 -0.924425
v -0.174816 0.829396 -0.985557
v -0.197766 0.763226 -1.040964
v -0.218124 0.691497 -1.090113
v -0.235693 0.614900 -1.132529
v -0.250305 0.534171 -1.167805
v -0.261818 0.450088 -1.195600
v -0.270122 0.363461 -1.215647
v -0.275136 0.275124 -1.227753
v -0.276813 0.185929 -1.231801
v -0.275136 0.096733 -1.227753
v -0.270122 0.008396 -1.215647
v -0.261818 -0.078231 -1.195600
v -0.250305 -0.162313 -1.167805
v -0.235693 -0.243043 -1.132529
v -0.218124 -0.319640 -1.090113
v -0.197766 -0.391369 -1.040964
v -0.174816 -0.457539 -0.985557
v -0.149493 -0.517511 -0.924425
v -0.122044 -0.570709 -0.858156
v -0.092731 -0.616620 -0.787389
v -0.061838 -0.654802 -0.712805
v -0.029661 -0.684887 -0.635122
v 0.003490 -0.706586 -0.555090
v 0.037295 -0.719690 -0.473477
v 0.054027 1.091547 -0.478553
v 0.036794 1.078443 -0.565192
v 0.019894 1.056744 -0.650154
v 0.003490 1.026659 -0.732622
v -0.012259 0.988477 -0.811800
v -0.027203 0.942566 -0.886925
v -0.041196 0.889368 -0.957276
v -0.054106 0.829396 -1.022174
v -0.065805 0.763226 -1.080994
v -0.076184 0.691497 -1.133170
v -0.085141 0.614900 -1.178198
v -0.092590 0.534171 -1.215647
v -0.098459 0.450088 -1.245154
v -0.102692 0.363461 -1.266436
v -0.105248 0.275124 -1.279287
v -0.106103 0.185929 -1.283585
v -0.105248 0.096733 -1.279287
v -0.102692 0.008396 -1.266436
v -0.098459 -0.078231 -1.245154
v -0.092590 -0.162313 -1.215647
v -0.085141 -0.243043 -1.178198
v -0.076184 -0.319640 -1.133170
v -0.065805 -0.391369 -1.080994
v -0.054106 -0.457539 -1.022174
v -0.041196 -0.517511 -0.957276
v -0.027203 -0.570709 -0.886925
v -0.012259 -0.616620 -0.811800
v 0.003490 -0.654802 -0.732622
v 0.019894 -0.684887 -0.650154
v 0.036794 -0.706586 -0.565192
v 0.054027 -0.719690 -0.478553
v 0.071429 1.091547 -0.480267
v 0.071429 1.078443 -0.568603
v 0.071429 1.056744 -0.655230
v 0.071429 1.026659 -0.739313
v 0.071429 0.988477 -0.820042
v 0.071429 0.942566 -0.896640
v 0.071429 0.829396 -1.034538
v 0.071429 0.691497 -1.147708
v 0.071429 0.614900 -1.193619
v 0.071429 0.185929 -1.301070
v 0.071429 -0.078231 -1.261886
v 0.071429 -0.162313 -1.231801
v 0.071429 -0.457539 -1.034538
v 0.071429 -0.654802 -0.739313
v 0.071429 -0.684887 -0.655230
vn -0.0000 0.7715 -0.6362
vn -0.0000 0.6329 -0.7742
vn -0.0000 0.3816 -0.9243
vn -0.0000 0.2894 -0.9572
vn -0.0000 0.1945 -0.9809
vn -0.0000 0.0977 -0.9952
vn -0.0000 -0.0977 -0.9952
vn -0.0000 -0.1945 -0.9809
vn -0.0000 -0.4701 -0.8826
vn -0.0000 -0.5542 -0.8324
vn -0.0000 -0.6329 -0.7742
vn -0.0000 -0.7715 -0.6362
vn -0.0000 -0.8301 -0.5577
vn -0.0000 -0.8806 -0.4738
vn -0.0000 -0.9802 -0.1980
vn -0.0000 -0.9949 -0.1011
vn 0.0197 0.9949 -0.0991
vn 0.0386 0.9802 -0.1942
vn 0.0572 0.9561 -0.2875
vn 0.0752 0.9228 -0.3779
vn 0.0924 0.8806 -0.4647
vn 0.1088 0.8301 -0.5470
vn 0.1241 0.7715 -0.6240
vn 0.1382 0.7056 -0.6950
vn 0.1510 0.6329 -0.7594
vn 0.1624 0.5542 -0.8164
vn 0.1722 0.4701 -0.8656
vn 0.1803 0.3816 -0.9066
vn 0.1867 0.2894 -0.9388
vn 0.1914 0.1945 -0.9621
vn 0.1942 0.0977 -0.9761
vn 0.1951 -0.0000 -0.9808
vn 0.1942 -0.0977 -0.9761
vn 0.1914 -0.1945 -0.9621
vn 0.1867 -0.2894 -0.9388
vn 0.1803 -0.3816 -0.9066
vn 0.1722 -0.4701 -0.8656
vn 0.1624 -0.5542 -0.8164
vn 0.1510 -0.6329 -0.7594
vn 0.1382 -0.7056 -0.6950
vn 0.1241 -0.7715 -0.6240
vn 0.1088 -0.8301 -0.5470
vn 0.0924 -0.8806 -0.4647
vn 0.0752 -0.9228 -0.3779
vn 0.0572 -0.9561 -0.2875
vn 0.0386 -0.9802 -0.1942
vn 0.0197 -0.9949 -0.0991
vn 0.0387 0.9949 -0.0934
vn 0.0758 0.9802 -0.1830
vn 0.1122 0.9561 -0.2708
vn 0.1474 0.9228 -0.3560
vn 0.1813 0.8806 -0.4377
vn 0.2134 0.8301 -0.5152
vn 0.2435 0.7715 -0.5878
vn 0.2712 0.7056 -0.6547
vn 0.2963 0.6329 -0.7153
vn 0.3185 0.5542 -0.7690
vn 0.3378 0.4701 -0.8154
vn 0.3537 0.3816 -0.8540
vn 0.3663 0.2894 -0.8843
vn 0.3754 0.1945 -0.9062
vn 0.3809 0.0977 -0.9195
vn 0.3827 -0.0000 -0.9239
vn 0.3809 -0.0977 -0.9195
vn 0.3754 -0.1945 -0.9062
vn 0.3663 -0.2894 -0.8843
vn 0.3537 -0.3816 -0.8540
vn 0.3378 -0.4701 -0.8154
vn 0.3185 -0.5542 -0.7690
vn 0.2963 -0.6329 -0.7153
vn 0.2712 -0.7056 -0.6547
vn 0.2435 -0.7715 -0.5878
vn 0.2134 -0.8301 -0.5152
vn 0.1813 -0.8806 -0.4377
vn 0.1474 -0.9228 -0.3560
vn 0.1122 -0.9561 -0.2708
vn 0.0758 -0.9802 -0.1830
vn 0.0387 -0.9949 -0.0934
vn 0.0561 0.9949 -0.0840
vn 0.1100 0.9802 -0.1647
vn 0.1628 0.9561 -0.2437
vn 0.2141 0.9228 -0.3204
vn 0.2632 0.8806 -0.3939
vn 0.3098 0.8301 -0.4637
vn 0.3535 0.7715 -0.5290
vn 0.3937 0.7056 -0.5892
vn 0.4301 0.6329 -0.6438
vn 0.4625 0.5542 -0.6921
vn 0.4903 0.4701 -0.7339
vn 0.5135 0.3816 -0.7685
vn 0.5318 0.2894 -0.7959
vn 0.5450 0.1945 -0.8156
vn 0.5529 0.0977 -0.8275
vn 0.5556 -0.0000 -0.8315
vn 0.5529 -0.0977 -0.8275
vn 0.5450 -0.1945 -0.8156
vn 0.5318 -0.2894 -0.7959
vn 0.5135 -0.3816 -0.7685
vn 0.4903 -0.4701 -0.7339
vn 0.4625 -0.5542 -0.6921
vn 0.4301 -0.6329 -0.6438
vn 0.3937 -0.7056 -0.5892
vn 0.3535 -0.7715 -0.5290
vn 0.3098 -0.8301 -0.4637
vn 0.2632 -0.8806 -0.3939
vn 0.2141 -0.9228 -0.3204
vn 0.1628 -0.9561 -0.2437
vn 0.1100 -0.9802 -0.1647
vn 0.0561 -0.9949 -0.0840
vn 0.0715 0.9949 -0.0715
vn 0.1400 0.9802 -0.1400
vn 0.2072 0.9561 -0.2072
vn 0.2724 0.9228 -0.2724
vn 0.3350 0.8806 -0.3350
vn 0.3943 0.8301 -0.3943
vn 0.4499 0.7715 -0.4499
vn 0.5011 0.7056 -0.5011
vn 0.5475 0.6329 -0.5475
vn 0.5886 0.5542 -0.5886
vn 0.6241 0.4701 -0.6241
vn 0.6536 0.3816 -0.6536
vn 0.6768 0.2894 -0.6768
vn 0.6936 0.1945 -0.6936
vn 0.7037 0.0977 -0.7037
vn 0.7071 -0.0000 -0.7071
vn 0.7037 -0.0977 -0.7037
vn 0.6936 -0.1945 -0.6936
vn 0.6768 -0.2894 -0.6768
vn 0.6536 -0.3816 -0.6536
vn 0.6241 -0.4701 -0.6241
vn 0.5886 -0.5542 -0.5886
vn 0.5475 -0.6329 -0.5475
vn 0.5011 -0.7056 -0.5011
vn 0.4499 -0.7715 -0.4499
vn 0.3943 -0.8301 -0.3943
vn 0.3350 -0.8806 -0.3350
vn 0.2724 -0.9228 -0.2724
vn 0.2072 -0.9561 -0.2072
vn 0.1400 -0.9802 -0.1400
vn 0.0715 -0.9949 -0.0715
vn 0.0840 0.9949 -0.0561
vn 0.1647 0.9802 -0.1100
vn 0.2437 0.9561 -0.1628
vn 0.3204 0.9228 -0.2141
vn 0.3939 0.8806 -0.2632
vn 0.4637 0.8301 -0.3098
vn 0.5290 0.7715 -0.3535
vn 0.5892 0.7056 -0.3937
vn 0.6438 0.6329 -0.4301
vn 0.6921 0.5542 -0.4625
vn 0.7339 0.4701 -0.4903
vn 0.7685 0.3816 -0.5135
vn 0.7959 0.2894 -0.5318
vn 0.8156 0.1945 -0.5450
vn 0.8275 0.0977 -0.5529
vn 0.8315 -0.0000 -0.5556
vn 0.8275 -0.0977 -0.5529
vn 0.8156 -0.1945 -0.5450
vn 0.7959 -0.2894 -0.5318
vn 0.7685 -0.3816 -0.5135
vn 0.7339 -0.4701 -0.4903
vn 0.6921 -0.5542 -0.4625
vn 0.6438 -0.6329 -0.4301
vn 0.5892 -0.7056 -0.3937
vn 0.5290 -0.7715 -0.3535
vn 0.4637 -0.8301 -0.3098
vn 0.3939 -0.8806 -0.2632
vn 0.3204 -0.9228 -0.2141
vn 0.2437 -0.9561 -0.1628
vn 0.1647 -0.9802 -0.1100
vn 0.0840 -0.9949 -0.0561
vn 0.0934 0.9949 -0.0387
vn 0.1830 0.9802 -0.0758
vn 0.2708 0.9561 -0.1122
vn 0.3560 0.9228 -0.1474
vn 0.4377 0.8806 -0.1813
vn 0.5152 0.8301 -0.2134
vn 0.5878 0.7715 -0.2435
vn 0.6547 0.7056 -0.2712
vn 0.7153 0.6329 -0.2963
vn 0.7690 0.5542 -0.3185
vn 0.8154 0.4701 -0.3378
vn 0.8540 0.3816 -0.3537
vn 0.8843 0.2894 -0.3663
vn 0.9062 0.1945 -0.3754
vn 0.9195 0.0977 -0.3809
vn 0.9239 -0.0000 -0.3827
vn 0.9195 -0.0977 -0.3809
vn 0.9062 -0.1945 -0.3754
vn 0.8843 -0.2894 -0.3663
vn 0.8540 -0.3816 -0.3537
vn 0.8154 -0.4701 -0.3378
vn 0.7690 -0.5542 -0.3185
vn 0.7153 -0.6329 -0.2963
vn 0.6547 -0.7056 -0.2712
vn 0.5878 -0.7715 -0.2435
vn 0.5152 -0.8301 -0.2134
vn 0.4377 -0.8806 -0.1813
vn 0.3560 -0.9228 -0.1474
vn 0.2708 -0.9561 -0.1122
vn 0.1830 -0.9802 -0.0758
vn 0.0934 -0.9949 -0.0387
vn 0.0991 0.9949 -0.0197
vn 0.1942 0.9802 -0.0386
vn 0.2875 0.9561 -0.0572
vn 0.3779 0.9228 -0.0752
vn 0.4647 0.8806 -0.0924
vn 0.5470 0.8301 -0.1088
vn 0.6240 0.7715 -0.1241
vn 0.6950 0.7056 -0.1382
vn 0.7594 0.6329 -0.1510
vn 0.8164 0.5542 -0.1624
vn 0.8656 0.4701 -0.1722
vn 0.9066 0.3816 -0.1803
vn 0.9388 0.2894 -0.1867
vn 0.9621 0.1945 -0.1914
vn 0.9761 0.0977 -0.1942
vn 0.9808 -0.0000 -0.1951
vn 0.9761 -0.0977 -0.1942
vn 0.9621 -0.1945 -0.1914
vn 0.9388 -0.2894 -0.1867
vn 0.9066 -0.3816 -0.1803
vn 0.8656 -0.4701 -0.1722
vn 0.8164 -0.5542 -0.1624
vn 0.7594 -0.6329 -0.1510
vn 0.6950 -0.7056 -0.1382
vn 0.6240 -0.7715 -0.1241
vn 0.5470 -0.8301 -0.1088
vn 0.4647 -0.8806 -0.0924
vn 0.3779 -0.9228 -0.0752
vn 0.2875 -0.9561 -0.0572
vn 0.1942 -0.9802 -0.0386
vn 0.0991 -0.9949 -0.0197
vn 0.1011 0.9949 -0.0000
vn 0.1980 0.9802 -0.0000
vn 0.2931 0.9561 -0.0000
vn 0.3853 0.9228 -0.0000
vn 0.4738 0.8806 -0.0000
vn 0.5577 0.8301 -0.0000
vn 0.6362 0.7715 -0.0000
vn 0.7086 0.7056 -0.0000
vn 0.7742 0.6329 -0.0000
vn 0.8324 0.5542 -0.0000
vn 0.8826 0.4701 -0.0000
vn 0.9243 0.3816 -0.0000
vn 0.9572 0.2894 -0.0000
vn 0.9809 0.1945 -0.0000
vn 0.9952 0.0977 -0.0000
vn 1.0000 -0.0000 -0.0000
vn 0.9952 -0.0977 -0.0000
vn 0.9809 -0.1945 -0.0000
vn 0.9572 -0.2894 -0.0000
vn 0.9243 -0.3816 -0.0000
vn 0.8826 -0.4701 -0.0000
vn 0.8324 -0.5542 -0.0000
vn 0.7742 -0.6329 -0.0000
vn 0.7086 -0.7056 -0.0000
vn 0.6362 -0.7715 -0.0000
vn 0.5577 -0.8301 -0.0000
vn 0.4738 -0.8806 -0.0000
vn 0.3853 -0.9228 -0.0000
vn 0.2931 -0.9561 -0.0000
vn 0.1980 -0.9802 -0.0000
vn 0.1011 -0.9949 -0.0000
vn 0.0991 0.9949 0.0197
vn 0.1942 0.9802 0.0386
vn 0.2875 0.9561 0.0572
vn 0.3779 0.9228 0.0752
vn 0.4647 0.8806 0.0924
vn 0.5470 0.8301 0.1088
vn 0.6240 0.7715 0.1241
vn 0.6950 0.7056 0.1382
vn 0.7594 0.6329 0.1510
vn 0.8164 0.5542 0.1624
vn 0.8656 0.4701 0.1722
vn 0.9066 0.3816 0.1803
vn 0.9388 0.2894 0.1867
vn 0.9621 0.1945 0.1914
vn 0.9761 0.0977 0.1942
vn 0.9808 -0.0000 0.1951
vn 0.9761 -0.0977 0.1942
vn 0.9621 -0.1945 0.1914
vn 0.9388 -0.2894 0.1867
vn 0.9066 -0.3816 0.1803
vn 0.8656 -0.4701 0.1722
vn 0.8164 -0.5542 0.1624
vn 0.7594 -0.6329 0.1510
vn 0.6950 -0.7056 0.1382
vn 0.6240 -0.7715 0.1241
vn 0.5470 -0.8301 0.1088
vn 0.4647 -0.8806 0.0924
vn 0.3779 -0.9228 0.0752
vn 0.2875 -0.9561 0.0572
vn 0.1942 -0.9802 0.0386
vn 0.0991 -0.9949 0.0197
vn 0.0934 0.9949 0.0387
vn 0.1830 0.9802 0.0758
vn 0.2708 0.9561 0.1122
vn 0.3560 0.9228 0.1474
vn 0.4377 0.8806 0.1813
vn 0.5152 0.8301 0.2134
vn 0.5878 0.7715 0.2435
vn 0.6547 0.7056 0.2712
vn 0.7153 0.6329 0.2963
vn 0.7690 0.5542 0.3185
vn 0.8154 0.4701 0.3378
vn 0.8540 0.3816 0.3537
vn 0.8843 0.2894 0.3663
vn 0.9062 0.1945 0.3754
vn 0.9195 0.0977 0.3809
vn 0.9239 -0.0000 0.3827
vn 0.9195 -0.0977 0.3809
vn 0.9062 -0.1945 0.3754
vn 0.8843 -0.2894 0.3663
vn 0.8540 -0.3816 0.3537
vn 0.8154 -0.4701 0.3378
vn 0.7690 -0.5542 0.3185
vn 0.7153 -0.6329 0.2963
vn 0.6547 -0.7056 0.2712
vn 0.5878 -0.7715 0.2435
vn 0.5152 -0.8301 0.2134
vn 0.4377 -0.8806 0.1813
vn 0.3560 -0.9228 0.1474
vn 0.2708 -0.9561 0.1122
vn 0.1830 -0.9802 0.0758
vn 0.0934 -0.9949 0.0387
vn 0.0840 0.9949 0.0561
vn 0.1647 0.9802 0.1100
vn 0.2437 0.9561 0.1628
vn 0.3204 0.9228 0.2141
vn 0.3939 0.8806 0.2632
vn 0.4637 0.8301 0.3098
vn 0.5290 0.7715 0.3535
vn 0.5892 0.7056 0.3937
vn 0.6438 0.6329 0.4301
vn 0.6921 0.5542 0.4625
vn 0.7339 0.4701 0.4903
vn 0.7685 0.3816 0.5135
vn 0.7959 0.2894 0.5318
vn 0.8156 0.1945 0.5450
vn 0.8275 0.0977 0.5529
vn 0.8315 -0.0000 0.5556
vn 0.8275 -0.0977 0.5529
vn 0.8156 -0.1945 0.5450
vn 0.7959 -0.2894 0.5318
vn 0.7685 -0.3816 0.5135
vn 0.7339 -0.4701 0.4903
vn 0.6921 -0.5542 0.4625
vn 0.6438 -0.6329 0.4301
vn 0.5892 -0.7056 0.3937
vn 0.5290 -0.7715 0.3535
vn 0.4637 -0.8301 0.3098
vn 0.3939 -0.8806 0.2632
vn 0.3204 -0.9228 0.2141
vn 0.2437 -0.9561 0.1628
vn 0.1647 -0.9802 0.1100
vn 0.0840 -0.9949 0.0561
vn 0.0715 0.9949 0.0715
vn 0.1400 0.9802 0.1400
vn 0.2072 0.9561 0.2072
vn 0.2724 0.9228 0.2724
vn 0.3350 0.8806 0.3350
vn 0.3943 0.8301 0.3943
vn 0.4499 0.7715 0.4499
vn 0.5011 0.7056 0.5011
vn 0.5475 0.6329 0.5475
vn 0.5886 0.5542 0.5886
vn 0.6241 0.4701 0.6241
vn 0.6536 0.3816 0.6536
vn 0.6768 0.2894 0.6768
vn 0.6936 0.1945 0.6936
vn 0.7037 0.0977 0.7037
vn 0.7071 -0.0000 0.7071
vn 0.7037 -0.0977 0.7037
vn 0.6936 -0.1945 0.6936
vn 0.6768 -0.2894 0.6768
vn 0.6536 -0.3816 0.6536
vn 0.6241 -0.4701 0.6241
vn 0.5886 -0.5542 0.5886
vn 0.5475 -0.6329 0.5475
vn 0.5011 -0.7056 0.5011
vn 0.4499 -0.7715 0.4499
vn 0.3943 -0.8301 0.3943
vn 0.3350 -0.8806 0.3350
vn 0.2724 -0.9228 0.2724
vn 0.2072 -0.9561 0.2072
vn 0.1400 -0.9802 0.1400
vn 0.0715 -0.9949 0.0715
vn 0.0561 0.9949 0.0840
vn 0.1100 0.9802 0.1647
vn 0.1628 0.9561 0.2437
vn 0.2141 0.9228 0.3204
vn 0.2632 0.8806 0.3939
vn 0.3098 0.8301 0.4637
vn 0.3535 0.7715 0.5290
vn 0.3937 0.7056 0.5892
vn 0.4301 0.6329 0.6438
vn 0.4625 0.5542 0.6921
vn 0.4903 0.4701 0.7339
vn 0.5135 0.3816 0.7685
vn 0.5318 0.2894 0.7959
vn 0.5450 0.1945 0.8156
vn 0.5529 0.0977 0.8275
vn 0.5556 -0.0000 0.8315
vn 0.5529 -0.0977 0.8275
vn 0.5450 -0.1945 0.8156
vn 0.5318 -0.2894 0.7959
vn 0.5135 -0.3816 0.7685
vn 0.4903 -0.4701 0.7339
vn 0.4625 -0.5542 0.6921
vn 0.4301 -0.6329 0.6438
vn 0.3937 -0.7056 0.5892
vn 0.3535 -0.7715 0.5290
vn 0.3098 -0.8301 0.4637
vn 0.2632 -0.8806 0.3939
vn 0.2141 -0.9228 0.3204
vn 0.1628 -0.9561 0.2437
vn 0.1100 -0.9802 0.1647
vn 0.0561 -0.9949 0.0840
vn 0.0387 0.9949 0.0934
vn 0.0758 0.9802 0.1830
vn 0.1122 0.9561 0.2708
vn 0.1474 0.9228 0.3560
vn 0.1813 0.8806 0.4377
vn 0.2134 0.8301 0.5152
vn 0.2435 0.7715 0.5878
vn 0.2712 0.7056 0.6547
vn 0.2963 0.6329 0.7153
vn 0.3185 0.5542 0.7690
vn 0.3378 0.4701 0.8154
vn 0.3537 0.3816 0.8540
vn 0.3663 0.2894 0.8843
vn 0.3754 0.1945 0.9062
vn 0.3809 0.0977 0.9195
vn 0.3827 -0.0000 0.9239
vn 0.3809 -0.0977 0.9195
vn 0.3754 -0.1945 0.9062
vn 0.3663 -0.2894 0.8843
vn 0.3537 -0.3816 0.8540
vn 0.3378 -0.4701 0.8154
vn 0.3185 -0.5542 0.7690
vn 0.2963 -0.6329 0.7153
vn 0.2712 -0.7056 0.6547
vn 0.2435 -0.7715 0.5878
vn 0.2134 -0.8301 0.5152
vn 0.1813 -0.8806 0.4377
vn 0.1474 -0.9228 0.3560
vn 0.1122 -0.9561 0.2708
vn 0.0758 -0.9802 0.1830
vn 0.0387 -0.9949 0.0934
vn 0.0197 0.9949 0.0991
vn 0.0386 0.9802 0.1942
vn 0.0572 0.9561 0.2875
vn 0.0752 0.9228 0.3779
vn 0.0924 0.8806 0.4647
vn 0.1088 0.8301 0.5470
vn 0.1241 0.7715 0.6240
vn 0.1382 0.7056 0.6950
vn 0.1510 0.6329 0.7594
vn 0.1624 0.5542 0.8164
vn 0.1722 0.4701 0.8656
vn 0.1803 0.3816 0.9066
vn 0.1867 0.2894 0.9388
vn 0.1914 0.1945 0.9621
vn 0.1942 0.0977 0.9761
vn 0.1951 -0.0000 0.9808
vn 0.1942 -0.0977 0.9761
vn 0.1914 -0.1945 0.9621
vn 0.1867 -0.2894 0.9388
vn 0.1803 -0.3816 0.9066
vn 0.1722 -0.4701 0.8656
vn 0.1624 -0.5542 0.8164
vn 0.1510 -0.6329 0.7594
vn 0.1382 -0.7056 0.6950
vn 0.1241 -0.7715 0.6240
vn 0.1088 -0.8301 0.5470
vn 0.0924 -0.8806 0.4647
vn 0.0752 -0.9228 0.3779
vn 0.0572 -0.9561 0.2875
vn 0.0386 -0.9802 0.1942
vn 0.0197 -0.9949 0.0991
vn -0.0000 0.9949 0.1011
vn -0.0000 0.9802 0.1980
vn -0.0000 0.9561 0.2931
vn -0.0000 0.9228 0.3853
vn -0.0000 0.8806 0.4738
vn -0.0000 0.8301 0.5577
vn -0.0000 0.7715 0.6362
vn -0.0000 0.7056 0.7086
vn -0.0000 0.6329 0.7742
vn -0.0000 0.5542 0.8324
vn -0.0000 0.4701 0.8826
vn -0.0000 0.3816 0.9243
vn -0.0000 0.2894 0.9572
vn -0.0000 0.1945 0.9809
vn -0.0000 0.0977 0.9952
vn -0.0000 -0.0000 1.0000
vn -0.0000 -0.0977 0.9952
vn -0.0000 -0.1945 0.9809
vn -0.0000 -0.2894 0.9572
vn -0.0000 -0.3816 0.9243
vn -0.0000 -0.4701 0.8826
vn -0.0000 -0.5542 0.8324
vn -0.0000 -0.6329 0.7742
vn -0.0000 -0.7056 0.7086
vn -0.0000 -0.7715 0.6362
vn -0.0000 -0.8301 0.5577
vn -0.0000 -0.8806 0.4738
vn -0.0000 -0.9228 0.3853
vn -0.0000 -0.9561 0.2931
vn -0.0000 -0.9802 0.1980
vn -0.0000 -0.9949 0.1011
vn -0.0000 -1.0000 -0.0000
vn -0.0000 1.0000 -0.0000
vn -0.0197 0.9949 0.0991
vn -0.0386 0.9802 0.1942
vn -0.0572 0.9561 0.2875
vn -0.0752 0.9228 0.3779
vn -0.0924 0.8806 0.4647
vn -0.1088 0.8301 0.5470
vn -0.1241 0.7715 0.6240
vn -0.1382 0.7056 0.6950
vn -0.1510 0.6329 0.7594
vn -0.1624 0.5542 0.8164
vn -0.1722 0.4701 0.8656
vn -0.1803 0.3816 0.9066
vn -0.1867 0.2894 0.9388
vn -0.1914 0.1945 0.9621
vn -0.1942 0.0977 0.9761
vn -0.1951 -0.0000 0.9808
vn -0.1942 -0.0977 0.9761
vn -0.1914 -0.1945 0.9621
vn -0.1867 -0.2894 0.9388
vn -0.1803 -0.3816 0.9066
vn -0.1722 -0.4701 0.8656
vn -0.1624 -0.5542 0.8164
vn -0.1510 -0.6329 0.7594
vn -0.1382 -0.7056 0.6950
vn -0.1241 -0.7715 0.6240
vn -0.1088 -0.8301 0.5470
vn -0.0924 -0.8806 0.4647
vn -0.0752 -0.9228 0.3779
vn -0.0572 -0.9561 0.2875
vn -0.0386 -0.9802 0.1942
vn -0.0197 -0.9949 0.0991
vn -0.0387 0.9949 0.0934
vn -0.0758 0.9802 0.1830
vn -0.1122 0.9561 0.2708
vn -0.1474 0.9228 0.3560
vn -0.1813 0.8806 0.4377
vn -0.2134 0.8301 0.5152
vn -0.2435 0.7715 0.5878
vn -0.2712 0.7056 0.6547
vn -0.2963 0.6329 0.7153
vn -0.3185 0.5542 0.7690
vn -0.3378 0.4701 0.8154
vn -0.3537 0.3816 0.8540
vn -0.3663 0.2894 0.8843
vn -0.3754 0.1945 0.9062
vn -0.3809 0.0977 0.9195
vn -0.3827 -0.0000 0.9239
vn -0.3809 -0.0977 0.9195
vn -0.3754 -0.1945 0.9062
vn -0.3663 -0.2894 0.8843
vn -0.3537 -0.3816 0.8540
vn -0.3378 -0.4701 0.8154
vn -0.3185 -0.5542 0.7690
vn -0.2963 -0.6329 0.7153
vn -0.2712 -0.7056 0.6547
vn -0.2435 -0.7715 0.5878
vn -0.2134 -0.8301 0.5152
vn -0.1813 -0.8806 0.4377
vn -0.1474 -0.9228 0.3560
vn -0.1122 -0.9561 0.2708
vn -0.0758 -0.9802 0.1830
vn -0.0387 -0.9949 0.0934
vn -0.0561 0.9949 0.0840
vn -0.1100 0.9802 0.1647
vn -0.1628 0.9561 0.2437
vn -0.2141 0.9228 0.3204
vn -0.2632 0.8806 0.3939
vn -0.3098 0.8301 0.4637
vn -0.3535 0.7715 0.5290
vn -0.3937 0.7056 0.5892
vn -0.4301 0.6329 0.6438
vn -0.4625 0.5542 0.6921
vn -0.4903 0.4701 0.7339
vn -0.5135 0.3816 0.7685
vn -0.5318 0.2894 0.7959
vn -0.5450 0.1945 0.8156
vn -0.5529 0.0977 0.8275
vn -0.5556 -0.0000 0.8315
vn -0.5529 -0.0977 0.8275
vn -0.5450 -0.1945 0.8156
vn -0.5318 -0.2894 0.7959
vn -0.5135 -0.3816 0.7685
vn -0.4903 -0.4701 0.7339
vn -0.4625 -0.5542 0.6921
vn -0.4301 -0.6329 0.6438
vn -0.3937 -0.7056 0.5892
vn -0.3535 -0.7715 0.5290
vn -0.3098 -0.8301 0.4637
vn -0.2632 -0.8806 0.3939
vn -0.2141 -0.9228 0.3204
vn -0.1628 -0.9561 0.2437
vn -0.1100 -0.9802 0.1647
vn -0.0561 -0.9949 0.0840
vn -0.0715 0.9949 0.0715
vn -0.1400 0.9802 0.1400
vn -0.2072 0.9561 0.2072
vn -0.2724 0.9228 0.2724
vn -0.3350 0.8806 0.3350
vn -0.3943 0.8301 0.3943
vn -0.4499 0.7715 0.4499
vn -0.5011 0.7056 0.5011
vn -0.5475 0.6329 0.5475
vn -0.5886 0.5542 0.5886
vn -0.6241 0.4701 0.6241
vn -0.6536 0.3816 0.6536
vn -0.6768 0.2894 0.6768
vn -0.6936 0.1945 0.6936
vn -0.7037 0.0977 0.7037
vn -0.7071 -0.0000 0.7071
vn -0.7037 -0.0977 0.7037
vn -0.6936 -0.1945 0.6936
vn -0.6768 -0.2894 0.6768
vn -0.6536 -0.3816 0.6536
vn -0.6241 -0.4701 0.6241
vn -0.5886 -0.5542 0.5886
vn -0.5475 -0.6329 0.5475
vn -0.5011 -0.7056 0.5011
vn -0.4499 -0.7715 0.4499
vn -0.3943 -0.8301 0.3943
vn -0.3350 -0.8806 0.3350
vn -0.2724 -0.9228 0.2724
vn -0.2072 -0.9561 0.2072
vn -0.1400 -0.9802 0.1400
vn -0.0715 -0.9949 0.0715
vn -0.0840 0.9949 0.0561
vn -0.1647 0.9802 0.1100
vn -0.2437 0.9561 0.1628
vn -0.3204 0.9228 0.2141
vn -0.3939 0.8806 0.2632
vn -0.4637 0.8301 0.3098
vn -0.5290 0.7715 0.3535
vn -0.5892 0.7056 0.3937
vn -0.6438 0.6329 0.4301
vn -0.6921 0.5542 0.4625
vn -0.7339 0.4701 0.4903
vn -0.7685 0.3816 0.5135
vn -0.7959 0.2894 0.5318
vn -0.8156 0.1945 0.5450
vn -0.8275 0.0977 0.5529
vn -0.8315 -0.0000 0.5556
vn -0.8275 -0.0977 0.5529
vn -0.8156 -0.1945 0.5450
vn -0.7959 -0.2894 0.5318
vn -0.7685 -0.3816 0.5135
vn -0.7339 -0.4701 0.4903
vn -0.6921 -0.5542 0.4625
vn -0.6438 -0.6329 0.4301
vn -0.5892 -0.7056 0.3937
vn -0.5290 -0.7715 0.3535
vn -0.4637 -0.8301 0.3098
vn -0.3939 -0.8806 0.2632
vn -0.3204 -0.9228 0.2141
vn -0.2437 -0.9561 0.1628
vn -0.1647 -0.9802 0.1100
vn -0.0840 -0.9949 0.0561
vn -0.0934 0.9949 0.0387
vn -0.1830 0.9802 0.0758
vn -0.2708 0.9561 0.1122
vn -0.3560 0.9228 0.1474
vn -0.4377 0.8806 0.1813
vn -0.5152 0.8301 0.2134
vn -0.5878 0.7715 0.2435
vn -0.6547 0.7056 0.2712
vn -0.7153 0.6329 0.2963
vn -0.7690 0.5542 0.3185
vn -0.8154 0.4701 0.3378
vn -0.8540 0.3816 0.3537
vn -0.8843 0.2894 0.3663
vn -0.9062 0.1945 0.3754
vn -0.9195 0.0977 0.3809
vn -0.9239 -0.0000 0.3827
vn -0.9195 -0.0977 0.3809
vn -0.9062 -0.1945 0.3754
vn -0.8843 -0.2894 0.3663
vn -0.8540 -0.3816 0.3537
vn -0.8154 -0.4701 0.3378
vn -0.7690 -0.5542 0.3185
vn -0.7153 -0.6329 0.2963
vn -0.6547 -0.7056 0.2712
vn -0.5878 -0.7715 0.2435
vn -0.5152 -0.8301 0.2134
vn -0.4377 -0.8806 0.1813
vn -0.3560 -0.9228 0.1474
vn -0.2708 -0.9561 0.1122
vn -0.1830 -0.9802 0.0758
vn -0.0934 -0.9949 0.0387
vn -0.0991 0.9949 0.0197
vn -0.1942 0.9802 0.0386
vn -0.2875 0.9561 0.0572
vn -0.3779 0.9228 0.0752
vn -0.4647 0.8806 0.0924
vn -0.5470 0.8301 0.1088
vn -0.6240 0.7715 0.1241
vn -0.6950 0.7056 0.1382
vn -0.7594 0.6329 0.1510
vn -0.8164 0.5542 0.1624
vn -0.8656 0.4701 0.1722
vn -0.9066 0.3816 0.1803
vn -0.9388 0.2894 0.1867
vn -0.9621 0.1945 0.1914
vn -0.9761 0.0977 0.1942
vn -0.9808 -0.0000 0.1951
vn -0.9761 -0.0977 0.1942
vn -0.9621 -0.1945 0.1914
vn -0.9388 -0.2894 0.1867
vn -0.9066 -0.3816 0.1803
vn -0.8656 -0.4701 0.1722
vn -0.8164 -0.5542 0.1624
vn -0.7594 -0.6329 0.1510
vn -0.6950 -0.7056 0.1382
vn -0.6240 -0.7715 0.1241
vn -0.5470 -0.8301 0.1088
vn -0.4647 -0.8806 0.0924
vn -0.3779 -0.9228 0.0752
vn -0.2875 -0.9561 0.0572
vn -0.1942 -0.9802 0.0386
vn -0.0991 -0.9949 0.0197
vn -0.1011 0.9949 -0.0000
vn -0.1980 0.9802 -0.0000
vn -0.2931 0.9561 -0.0000
vn -0.3853 0.9228 -0.0000
vn -0.4738 0.8806 -0.0000
vn -0.5577 0.8301 -0.0000
vn -0.6362 0.7715 -0.0000
vn -0.7086 0.7056 -0.0000
vn -0.7742 0.6329 -0.0000
vn -0.8324 0.5542 -0.0000
vn -0.8826 0.4701 -0.0000
vn -0.9243 0.3816 -0.0000
vn -0.9572 0.2894 -0.0000
vn -0.9809 0.1945 -0.0000
vn -0.9952 0.0977 -0.0000
vn -1.0000 -0.0000 -0.0000
vn -0.9952 -0.0977 -0.0000
vn -0.9809 -0.1945 -0.0000
vn -0.9572 -0.2894 -0.0000
vn -0.9243 -0.3816 -0.0000
vn -0.8826 -0.4701 -0.0000
vn -0.8324 -0.5542 -0.0000
vn -0.7742 -0.6329 -0.0000
vn -0.7086 -0.7056 -0.0000
vn -0.6362 -0.7715 -0.0000
vn -0.5577 -0.8301 -0.0000
vn -0.4738 -0.8806 -0.0000
vn -0.3853 -0.9228 -0.0000
vn -0.2931 -0.9561 -0.0000
vn -0.1980 -0.9802 -0.0000
vn -0.1011 -0.9949 -0.0000
vn -0.0991 0.9949 -0.0197
vn -0.1942 0.9802 -0.0386
vn -0.2875 0.9561 -0.0572
vn -0.3779 0.9228 -0.0752
vn -0.4647 0.8806 -0.0924
vn -0.5470 0.8301 -0.1088
vn -0.6240 0.7715 -0.1241
vn -0.6950 0.7056 -0.1382
vn -0.7594 0.6329 -0.1510
vn -0.8164 0.5542 -0.1624
vn -0.8656 0.4701 -0.1722
vn -0.9066 0.3816 -0.1803
vn -0.9388 0.2894 -0.1867
vn -0.9621 0.1945 -0.1914
vn -0.9761 0.0977 -0.1942
vn -0.9808 -0.0000 -0.1951
vn -0.9761 -0.0977 -0.1942
vn -0.9621 -0.1945 -0.1914
vn -0.9388 -0.2894 -0.1867
vn -0.9066 -0.3816 -0.1803
vn -0.8656 -0.4701 -0.1722
vn -0.8164 -0.5542 -0.1624
vn -0.7594 -0.6329 -0.1510
vn -0.6950 -0.7056 -0.1382
vn -0.6240 -0.7715 -0.1241
vn -0.5470 -0.8301 -0.1088
vn -0.4647 -0.8806 -0.0924
vn -0.3779 -0.9228 -0.0752
vn -0.2875 -0.9561 -0.0572
vn -0.1942 -0.9802 -0.0386
vn -0.0991 -0.9949 -0.0197
vn -0.0934 0.9949 -0.0387
vn -0.1830 0.9802 -0.0758
vn -0.2708 0.9561 -0.1122
vn -0.3560 0.9228 -0.1474
vn -0.4377 0.8806 -0.1813
vn -0.5152 0.8301 -0.2134
vn -0.5878 0.7715 -0.2435
vn -0.6547 0.7056 -0.2712
vn -0.7153 0.6329 -0.2963
vn -0.7690 0.5542 -0.3186
vn -0.8154 0.4701 -0.3378
vn -0.8540 0.3816 -0.3537
vn -0.8843 0.2894 -0.3663
vn -0.9062 0.1945 -0.3754
vn -0.9195 0.0977 -0.3809
vn -0.9239 -0.0000 -0.3827
vn -0.9195 -0.0977 -0.3809
vn -0.9062 -0.1945 -0.3754
vn -0.8843 -0.2894 -0.3663
vn -0.8540 -0.3816 -0.3537
vn -0.8154 -0.4701 -0.3378
vn -0.7690 -0.5542 -0.3186
vn -0.7153 -0.6329 -0.2963
vn -0.6547 -0.7056 -0.2712
vn -0.5878 -0.7715 -0.2435
vn -0.5152 -0.8301 -0.2134
vn -0.4377 -0.8806 -0.1813
vn -0.3560 -0.9228 -0.1474
vn -0.2708 -0.9561 -0.1122
vn -0.1830 -0.9802 -0.0758
vn -0.0934 -0.9949 -0.0387
vn -0.0840 0.9949 -0.0561
vn -0.1647 0.9802 -0.1100
vn -0.2437 0.9561 -0.1628
vn -0.3204 0.9228 -0.2141
vn -0.3939 0.8806 -0.2632
vn -0.4637 0.8301 -0.3098
vn -0.5290 0.7715 -0.3535
vn -0.5892 0.7056 -0.3937
vn -0.6438 0.6329 -0.4301
vn -0.6921 0.5542 -0.4625
vn -0.7339 0.4701 -0.4903
vn -0.7685 0.3816 -0.5135
vn -0.7959 0.2894 -0.5318
vn -0.8156 0.1945 -0.5450
vn -0.8275 0.0977 -0.5529
vn -0.8315 -0.0000 -0.5556
vn -0.8275 -0.0977 -0.5529
vn -0.8156 -0.1945 -0.5450
vn -0.7959 -0.2894 -0.5318
vn -0.7685 -0.3816 -0.5135
vn -0.7339 -0.4701 -0.4903
vn -0.6921 -0.5542 -0.4625
vn -0.6438 -0.6329 -0.4301
vn -0.5892 -0.7056 -0.3937
vn -0.5290 -0.7715 -0.3535
vn -0.4637 -0.8301 -0.3098
vn -0.3939 -0.8806 -0.2632
vn -0.3204 -0.9228 -0.2141
vn -0.2437 -0.9561 -0.1628
vn -0.1647 -0.9802 -0.1100
vn -0.0840 -0.9949 -0.0561
vn -0.0715 0.9949 -0.0715
vn -0.1400 0.9802 -0.1400
vn -0.2072 0.9561 -0.2072
vn -0.2724 0.9228 -0.2724
vn -0.3350 0.8806 -0.3350
vn -0.3943 0.8301 -0.3943
vn -0.4499 0.7715 -0.4499
vn -0.5011 0.7056 -0.5011
vn -0.5475 0.6329 -0.5475
vn -0.5886 0.5542 -0.5886
vn -0.6241 0.4701 -0.6241
vn -0.6536 0.3816 -0.6536
vn -0.6768 0.2894 -0.6768
vn -0.6936 0.1945 -0.6936
vn -0.7037 0.0977 -0.7037
vn -0.7071 -0.0000 -0.7071
vn -0.7037 -0.0977 -0.7037
vn -0.6936 -0.1945 -0.6936
vn -0.6768 -0.2894 -0.6768
vn -0.6536 -0.3816 -0.6536
vn -0.6241 -0.4701 -0.6241
vn -0.5886 -0.5542 -0.5886
vn -0.5475 -0.6329 -0.5475
vn -0.5011 -0.7056 -0.5011
vn -0.4499 -0.7715 -0.4499
vn -0.3943 -0.8301 -0.3943
vn -0.3350 -0.8806 -0.3350
vn -0.2724 -0.9228 -0.2724
vn -0.2072 -0.9561 -0.2072
vn -0.1400 -0.9802 -0.1400
vn -0.0715 -0.9949 -0.0715
vn -0.0561 0.9949 -0.0840
vn -0.1100 0.9802 -0.1647
vn -0.1628 0.9561 -0.2437
vn -0.2141 0.9228 -0.3204
vn -0.2632 0.8806 -0.3939
vn -0.3098 0.8301 -0.4637
vn -0.3535 0.7715 -0.5290
vn -0.3937 0.7056 -0.5892
vn -0.4301 0.6329 -0.6438
vn -0.4625 0.5542 -0.6921
vn -0.4903 0.4701 -0.7339
vn -0.5135 0.3816 -0.7685
vn -0.5318 0.2894 -0.7959
vn -0.5450 0.1945 -0.8156
vn -0.5529 0.0977 -0.8275
vn -0.5556 -0.0000 -0.8315
vn -0.5529 -0.0977 -0.8275
vn -0.5450 -0.1945 -0.8156
vn -0.5318 -0.2894 -0.7959
vn -0.5135 -0.3816 -0.7685
vn -0.4903 -0.4701 -0.7339
vn -0.4625 -0.5542 -0.6921
vn -0.4301 -0.6329 -0.6438
vn -0.3937 -0.7056 -0.5892
vn -0.3535 -0.7715 -0.5290
vn -0.3098 -0.8301 -0.4637
vn -0.2632 -0.8806 -0.3939
vn -0.2141 -0.9228 -0.3204
vn -0.1628 -0.9561 -0.2437
vn -0.1100 -0.9802 -0.1647
vn -0.0561 -0.9949 -0.0840
vn -0.0387 0.9949 -0.0934
vn -0.0758 0.9802 -0.1830
vn -0.1122 0.9561 -0.2708
vn -0.1474 0.9228 -0.3560
vn -0.1813 0.8806 -0.4377
vn -0.2134 0.8301 -0.5152
vn -0.2435 0.7715 -0.5878
vn -0.2712 0.7056 -0.6547
vn -0.2963 0.6329 -0.7153
vn -0.3185 0.5542 -0.7690
vn -0.3378 0.4701 -0.8154
vn -0.3537 0.3816 -0.8540
vn -0.3663 0.2894 -0.8843
vn -0.3754 0.1945 -0.9062
vn -0.3809 0.0977 -0.9195
vn -0.3827 -0.0000 -0.9239
vn -0.3809 -0.0977 -0.9195
vn -0.3754 -0.1945 -0.9062
vn -0.3663 -0.2894 -0.8843
vn -0.3537 -0.3816 -0.8540
vn -0.3378 -0.4701 -0.8154
vn -0.3185 -0.5542 -0.7690
vn -0.2963 -0.6329 -0.7153
vn -0.2712 -0.7056 -0.6547
vn -0.2435 -0.7715 -0.5878
vn -0.2134 -0.8301 -0.5152
vn -0.1813 -0.8806 -0.4377
vn -0.1474 -0.9228 -0.3560
vn -0.1122 -0.9561 -0.2708
vn -0.0758 -0.9802 -0.1830
vn -0.0387 -0.9949 -0.0934
vn -0.0197 0.9949 -0.0991
vn -0.0386 0.9802 -0.1942
vn -0.0572 0.9561 -0.2875
vn -0.0752 0.9228 -0.3779
vn -0.0924 0.8806 -0.4647
vn -0.1088 0.8301 -0.5470
vn -0.1241 0.7715 -0.6240
vn -0.1382 0.7056 -0.6950
vn -0.1510 0.6329 -0.7594
vn -0.1624 0.5542 -0.8164
vn -0.1722 0.4701 -0.8656
vn -0.1803 0.3816 -0.9066
vn -0.1867 0.2894 -0.9388
vn -0.1914 0.1945 -0.9621
vn -0.1942 0.0977 -0.9761
vn -0.1951 -0.0000 -0.9808
vn -0.1942 -0.0977 -0.9761
vn -0.1914 -0.1945 -0.9621
vn -0.1867 -0.2894 -0.9388
vn -0.1803 -0.3816 -0.9066
vn -0.1722 -0.4701 -0.8656
vn -0.1624 -0.5542 -0.8164
vn -0.1510 -0.6329 -0.7594
vn -0.1382 -0.7056 -0.6950
vn -0.1241 -0.7715 -0.6240
vn -0.1088 -0.8301 -0.5470
vn -0.0924 -0.8806 -0.4647
vn -0.0752 -0.9228 -0.3779
vn -0.0572 -0.9561 -0.2875
vn -0.0386 -0.9802 -0.1942
vn -0.0197 -0.9949 -0.0991
vn -0.0000 0.9949 -0.1011
vn -0.0000 0.9802 -0.1980
vn -0.0000 0.9561 -0.2931
vn -0.0000 0.9228 -0.3853
vn -0.0000 0.8806 -0.4738
vn -0.0000 0.8301 -0.5577
vn -0.0000 0.7056 -0.7086
vn -0.0000 0.5542 -0.8324
vn -0.0000 0.4701 -0.8826
vn -0.0000 -0.0000 -1.0000
vn -0.0000 -0.2894 -0.9572
vn -0.0000 -0.3816 -0.9243
vn -0.0000 -0.7056 -0.7086
vn -0.0000 -0.9228 -0.3853
vn -0.0000 -0.9561 -0.2931
vt 0.319981 0.957982
vt 0.321819 0.962164
vt 0.309985 0.963826
vt 0.309365 0.959473
vt 0.148788 0.719977
vt 0.149848 0.714655
vt 0.164607 0.714550
vt 0.164249 0.719867
vt 0.317990 0.953430
vt 0.308692 0.954736
vt 0.147952 0.725552
vt 0.163967 0.725438
vt 0.315863 0.948552
vt 0.307974 0.949660
vt 0.147350 0.731326
vt 0.163763 0.731210
vt 0.166757 0.923604
vt 0.169234 0.917832
vt 0.168398 0.923835
vt 0.313621 0.943395
vt 0.307217 0.944295
vt 0.146986 0.737244
vt 0.163641 0.737125
vt 0.164305 0.929335
vt 0.167569 0.929793
vt 0.311287 0.938008
vt 0.306429 0.938690
vt 0.146864 0.743248
vt 0.163599 0.743129
vt 0.161899 0.934968
vt 0.166757 0.935651
vt 0.308882 0.932443
vt 0.305617 0.932902
vt 0.146986 0.749281
vt 0.163641 0.749162
vt 0.159565 0.940451
vt 0.165969 0.941350
vt 0.306429 0.926755
vt 0.304789 0.926985
vt 0.147350 0.755284
vt 0.163763 0.755167
vt 0.157323 0.945729
vt 0.165212 0.946837
vt 0.303952 0.920996
vt 0.147952 0.761200
vt 0.163967 0.761086
vt 0.155196 0.950753
vt 0.164494 0.952058
vt 0.148788 0.766972
vt 0.164249 0.766862
vt 0.153205 0.955473
vt 0.163822 0.956964
vt 0.149848 0.772545
vt 0.164607 0.772439
vt 0.151368 0.959845
vt 0.163201 0.961507
vt 0.151123 0.777863
vt 0.165037 0.777764
vt 0.152600 0.704972
vt 0.154265 0.700703
vt 0.166098 0.700619
vt 0.165536 0.704879
vt 0.152600 0.782877
vt 0.165536 0.782785
vt 0.151123 0.709637
vt 0.165037 0.709538
vt 0.154265 0.787539
vt 0.166098 0.787454
vt 0.180295 0.761086
vt 0.180013 0.766862
vt 0.173974 0.952058
vt 0.174646 0.956964
vt 0.179655 0.772439
vt 0.175267 0.961507
vt 0.179225 0.777764
vt 0.178164 0.700619
vt 0.178726 0.704879
vt 0.178726 0.782785
vt 0.179225 0.709538
vt 0.178164 0.787454
vt 0.179655 0.714550
vt 0.297920 0.963826
vt 0.298540 0.959473
vt 0.180013 0.719867
vt 0.299213 0.954736
vt 0.180295 0.725438
vt 0.299931 0.949660
vt 0.180499 0.731210
vt 0.170070 0.923835
vt 0.300687 0.944295
vt 0.180621 0.737125
vt 0.170898 0.929793
vt 0.301476 0.938690
vt 0.180662 0.743129
vt 0.171710 0.935651
vt 0.302288 0.932902
vt 0.180621 0.749162
vt 0.172499 0.941350
vt 0.303116 0.926985
vt 0.180499 0.755167
vt 0.173256 0.946837
vt 0.194414 0.772545
vt 0.193139 0.777863
vt 0.189997 0.700703
vt 0.191662 0.704971
vt 0.191662 0.782877
vt 0.193139 0.709637
vt 0.189997 0.787539
vt 0.194414 0.714655
vt 0.286086 0.962164
vt 0.287923 0.957982
vt 0.195474 0.719977
vt 0.289915 0.953430
vt 0.196310 0.725552
vt 0.292042 0.948552
vt 0.196912 0.731326
vt 0.171710 0.923604
vt 0.294283 0.943395
vt 0.197276 0.737244
vt 0.174163 0.929335
vt 0.296618 0.938008
vt 0.197398 0.743248
vt 0.176568 0.934968
vt 0.299023 0.932443
vt 0.197276 0.749281
vt 0.178903 0.940451
vt 0.301476 0.926755
vt 0.196912 0.755284
vt 0.181144 0.945729
vt 0.196310 0.761200
vt 0.183271 0.950753
vt 0.195474 0.766972
vt 0.185263 0.955473
vt 0.187100 0.959845
vt 0.203848 0.783058
vt 0.201144 0.787704
vt 0.206247 0.709831
vt 0.208317 0.714861
vt 0.274939 0.958904
vt 0.277923 0.955057
vt 0.210038 0.720193
vt 0.281157 0.950869
vt 0.211395 0.725776
vt 0.284611 0.946379
vt 0.212373 0.731556
vt 0.173256 0.923153
vt 0.288251 0.941630
vt 0.212964 0.737476
vt 0.177239 0.928435
vt 0.292042 0.936670
vt 0.213162 0.743482
vt 0.181144 0.933630
vt 0.295948 0.931544
vt 0.212964 0.749513
vt 0.184936 0.938686
vt 0.299931 0.926303
vt 0.212373 0.755513
vt 0.188576 0.943555
vt 0.211395 0.761424
vt 0.192029 0.948191
vt 0.210038 0.767188
vt 0.195263 0.952548
vt 0.208317 0.772750
vt 0.198247 0.956584
vt 0.206247 0.778057
vt 0.188765 0.963826
vt 0.200951 0.960262
vt 0.203848 0.705152
vt 0.268922 0.950810
vt 0.273275 0.947150
vt 0.223146 0.720507
vt 0.224971 0.726100
vt 0.277923 0.943223
vt 0.226288 0.731888
vt 0.174646 0.922496
vt 0.282821 0.939069
vt 0.227083 0.737814
vt 0.180006 0.927129
vt 0.287923 0.934726
vt 0.227349 0.743821
vt 0.185263 0.931687
vt 0.293180 0.930238
vt 0.227083 0.749851
vt 0.190365 0.936124
vt 0.298540 0.925646
vt 0.226288 0.755846
vt 0.195263 0.940400
vt 0.224971 0.761748
vt 0.199911 0.944472
vt 0.223146 0.767501
vt 0.204264 0.948301
vt 0.220829 0.773050
vt 0.208279 0.951851
vt 0.218043 0.778340
vt 0.211918 0.955087
vt 0.214815 0.783320
vt 0.214815 0.705414
vt 0.218043 0.710113
vt 0.272235 0.962371
vt 0.261268 0.957197
vt 0.264907 0.954170
vt 0.220829 0.715160
vt 0.175829 0.921661
vt 0.272235 0.939207
vt 0.278204 0.935808
vt 0.239890 0.738042
vt 0.240859 0.732053
vt 0.252692 0.732477
vt 0.251897 0.738472
vt 0.182360 0.925467
vt 0.284421 0.932253
vt 0.239566 0.744070
vt 0.251631 0.744502
vt 0.188765 0.929213
vt 0.290826 0.928576
vt 0.239414 0.744252
vt 0.239090 0.750280
vt 0.194982 0.932864
vt 0.297357 0.924811
vt 0.238122 0.756269
vt 0.200951 0.936383
vt 0.236517 0.762161
vt 0.206615 0.939738
vt 0.234293 0.767900
vt 0.211918 0.942896
vt 0.231470 0.773430
vt 0.216810 0.945826
vt 0.228075 0.778698
vt 0.221245 0.948501
vt 0.224142 0.783654
vt 0.215146 0.957978
vt 0.225178 0.950894
vt 0.251942 0.950611
vt 0.256376 0.948146
vt 0.247511 0.714892
vt 0.250905 0.709624
vt 0.260937 0.709983
vt 0.258152 0.715273
vt 0.261268 0.945405
vt 0.244688 0.720422
vt 0.255835 0.720821
vt 0.266572 0.942416
vt 0.242463 0.726161
vt 0.254009 0.726574
vt 0.184210 0.923513
vt 0.191517 0.926305
vt 0.281669 0.929345
vt 0.288977 0.926621
vt 0.251897 0.750509
vt 0.265819 0.744841
vt 0.266016 0.750846
vt 0.198610 0.929030
vt 0.296428 0.923829
vt 0.252692 0.756435
vt 0.266607 0.756767
vt 0.205420 0.931661
vt 0.254009 0.762222
vt 0.267586 0.762547
vt 0.211881 0.934172
vt 0.255835 0.767816
vt 0.268942 0.768129
vt 0.217932 0.936541
vt 0.258152 0.773162
vt 0.270664 0.773461
vt 0.223514 0.938742
vt 0.260937 0.778209
vt 0.272734 0.778491
vt 0.228573 0.940757
vt 0.264165 0.782908
vt 0.275132 0.783171
vt 0.264165 0.705003
vt 0.275132 0.705265
vt 0.272734 0.710265
vt 0.244614 0.942866
vt 0.249673 0.941062
vt 0.270664 0.715572
vt 0.255254 0.939050
vt 0.268942 0.721135
vt 0.261305 0.936850
vt 0.267586 0.726899
vt 0.267766 0.934484
vt 0.266607 0.732809
vt 0.176758 0.920679
vt 0.274576 0.931975
vt 0.266016 0.738809
vt 0.201109 0.924770
vt 0.208498 0.926413
vt 0.295788 0.922738
vt 0.282068 0.756996
vt 0.282671 0.762770
vt 0.215509 0.927988
vt 0.283506 0.768345
vt 0.222074 0.929479
vt 0.284566 0.773668
vt 0.228131 0.930871
vt 0.285841 0.778685
vt 0.277836 0.700619
vt 0.288983 0.700784
vt 0.287318 0.705445
vt 0.287318 0.783351
vt 0.285841 0.710460
vt 0.239566 0.934261
vt 0.245055 0.933190
vt 0.284566 0.715778
vt 0.251112 0.931988
vt 0.283506 0.721350
vt 0.257677 0.930666
vt 0.282671 0.727122
vt 0.264688 0.929237
vt 0.282068 0.733039
vt 0.177398 0.919588
vt 0.272078 0.927714
vt 0.281705 0.739042
vt 0.185483 0.921341
vt 0.279774 0.926114
vt 0.281583 0.745075
vt 0.193412 0.923074
vt 0.287703 0.924450
vt 0.281705 0.751079
vt 0.217358 0.921422
vt 0.224186 0.921982
vt 0.298967 0.768455
vt 0.299325 0.773773
vt 0.230485 0.922515
vt 0.299756 0.778785
vt 0.300817 0.700868
vt 0.300255 0.705537
vt 0.300255 0.783443
vt 0.299756 0.710559
vt 0.288983 0.787620
vt 0.300817 0.787704
vt 0.299325 0.715883
vt 0.242702 0.924834
vt 0.249000 0.924491
vt 0.298967 0.721461
vt 0.255828 0.924100
vt 0.298685 0.727236
vt 0.263119 0.923666
vt 0.298482 0.733155
vt 0.177724 0.918430
vt 0.270804 0.923192
vt 0.298359 0.739161
vt 0.186133 0.919035
vt 0.278807 0.922683
vt 0.298318 0.745194
vt 0.194379 0.919643
vt 0.287053 0.922144
vt 0.298359 0.751197
vt 0.202383 0.920248
vt 0.295462 0.921580
vt 0.298482 0.757113
vt 0.210067 0.920843
vt 0.298685 0.762884
vt 0.312882 0.700868
vt 0.313444 0.705537
vt 0.313943 0.778785
vt 0.313444 0.783443
vt 0.313943 0.710559
vt 0.312882 0.787704
vt 0.314374 0.715883
vt 0.242702 0.916314
vt 0.249000 0.916847
vt 0.314732 0.721461
vt 0.255828 0.917406
vt 0.315014 0.727236
vt 0.263119 0.917986
vt 0.315217 0.733155
vt 0.177724 0.917249
vt 0.270804 0.918581
vt 0.315340 0.739161
vt 0.186133 0.916685
vt 0.278807 0.919186
vt 0.315381 0.745194
vt 0.194379 0.916146
vt 0.287053 0.919793
vt 0.315340 0.751197
vt 0.202383 0.915637
vt 0.295462 0.920399
vt 0.315217 0.757113
vt 0.210067 0.915163
vt 0.315014 0.762884
vt 0.217358 0.914728
vt 0.314732 0.768455
vt 0.224186 0.914338
vt 0.314374 0.773773
vt 0.230485 0.913995
vt 0.327858 0.710460
vt 0.329133 0.715778
vt 0.245055 0.907958
vt 0.251112 0.909350
vt 0.330193 0.721350
vt 0.257677 0.910841
vt 0.331028 0.727122
vt 0.264688 0.912415
vt 0.331631 0.733039
vt 0.177398 0.916090
vt 0.272078 0.914059
vt 0.331994 0.739042
vt 0.185483 0.914379
vt 0.279774 0.915755
vt 0.332116 0.745075
vt 0.193412 0.912715
vt 0.287703 0.917488
vt 0.331994 0.751079
vt 0.201109 0.911114
vt 0.295788 0.919241
vt 0.331631 0.756996
vt 0.208498 0.909592
vt 0.331028 0.762770
vt 0.215509 0.908163
vt 0.330193 0.768345
vt 0.222074 0.906841
vt 0.329133 0.773668
vt 0.228131 0.905639
vt 0.327858 0.778685
vt 0.324716 0.700784
vt 0.326381 0.705445
vt 0.326381 0.783351
vt 0.324716 0.787620
vt 0.344757 0.721135
vt 0.346114 0.726899
vt 0.261305 0.904656
vt 0.267766 0.907168
vt 0.347092 0.732809
vt 0.176758 0.914999
vt 0.274576 0.909799
vt 0.347683 0.738809
vt 0.184210 0.912208
vt 0.281669 0.912524
vt 0.347880 0.744841
vt 0.191517 0.909484
vt 0.288977 0.915316
vt 0.347683 0.750846
vt 0.198610 0.906854
vt 0.296428 0.918150
vt 0.347092 0.756767
vt 0.205420 0.904344
vt 0.346114 0.762547
vt 0.211881 0.901978
vt 0.344757 0.768129
vt 0.217932 0.899779
vt 0.343035 0.773461
vt 0.223514 0.897767
vt 0.340965 0.778491
vt 0.335863 0.700619
vt 0.338567 0.705265
vt 0.338567 0.783171
vt 0.340965 0.710265
vt 0.239566 0.906677
vt 0.244614 0.898072
vt 0.249673 0.900086
vt 0.343035 0.715572
vt 0.255254 0.902288
vt 0.361007 0.732477
vt 0.361802 0.738472
vt 0.175829 0.914017
vt 0.182360 0.910253
vt 0.278204 0.905965
vt 0.284421 0.909615
vt 0.362068 0.744502
vt 0.188765 0.906576
vt 0.290826 0.913362
vt 0.361802 0.750509
vt 0.194982 0.903020
vt 0.297357 0.917168
vt 0.361007 0.756435
vt 0.200951 0.899622
vt 0.359690 0.762222
vt 0.206615 0.896413
vt 0.357864 0.767816
vt 0.211918 0.893423
vt 0.355548 0.773162
vt 0.216810 0.890683
vt 0.352762 0.778209
vt 0.228573 0.895963
vt 0.221245 0.888218
vt 0.349534 0.782908
vt 0.349534 0.705003
vt 0.352762 0.709983
vt 0.251942 0.890328
vt 0.256376 0.893002
vt 0.355548 0.715273
vt 0.261268 0.895933
vt 0.357864 0.720821
vt 0.266572 0.899090
vt 0.359690 0.726574
vt 0.272235 0.902445
vt 0.105172 0.837271
vt 0.104848 0.831262
vt 0.116913 0.831694
vt 0.117179 0.837701
vt 0.185263 0.904102
vt 0.190365 0.899760
vt 0.293180 0.911700
vt 0.298540 0.916332
vt 0.106140 0.843203
vt 0.117974 0.843626
vt 0.195263 0.895606
vt 0.107745 0.849001
vt 0.119291 0.849414
vt 0.199911 0.891679
vt 0.109969 0.854609
vt 0.121116 0.855008
vt 0.204264 0.888018
vt 0.369011 0.767417
vt 0.366188 0.772781
vt 0.208279 0.884659
vt 0.116187 0.865042
vt 0.112792 0.859973
vt 0.123433 0.860354
vt 0.126219 0.865401
vt 0.211918 0.881632
vt 0.248008 0.887935
vt 0.258040 0.880850
vt 0.261268 0.883742
vt 0.116187 0.796816
vt 0.120120 0.791861
vt 0.129447 0.792194
vt 0.126219 0.797175
vt 0.264907 0.886978
vt 0.112792 0.802084
vt 0.123433 0.802465
vt 0.268922 0.890528
vt 0.366188 0.714892
vt 0.369011 0.720422
vt 0.273275 0.894357
vt 0.107745 0.813353
vt 0.109969 0.807614
vt 0.121116 0.808013
vt 0.119291 0.813766
vt 0.277923 0.898429
vt 0.106140 0.819245
vt 0.117974 0.819669
vt 0.174646 0.913182
vt 0.282821 0.902705
vt 0.105172 0.825234
vt 0.117179 0.825664
vt 0.180006 0.908591
vt 0.287923 0.907142
vt 0.131889 0.843959
vt 0.132867 0.849739
vt 0.188576 0.892450
vt 0.192029 0.887960
vt 0.134224 0.855321
vt 0.195263 0.883772
vt 0.135945 0.860653
vt 0.198247 0.879925
vt 0.138015 0.865683
vt 0.200951 0.876458
vt 0.129447 0.870100
vt 0.140414 0.870362
vt 0.140414 0.792457
vt 0.138015 0.797457
vt 0.272235 0.878567
vt 0.274939 0.882244
vt 0.135945 0.802764
vt 0.277923 0.886281
vt 0.134224 0.808326
vt 0.281157 0.890638
vt 0.132867 0.814091
vt 0.284611 0.895273
vt 0.131889 0.820001
vt 0.173256 0.912526
vt 0.288251 0.900143
vt 0.131298 0.826001
vt 0.177239 0.907285
vt 0.292042 0.905199
vt 0.131100 0.832033
vt 0.181144 0.902159
vt 0.295948 0.910394
vt 0.131298 0.838038
vt 0.184936 0.897198
vt 0.299931 0.915676
vt 0.148788 0.855537
vt 0.149848 0.860859
vt 0.185263 0.880847
vt 0.187100 0.876665
vt 0.151123 0.865877
vt 0.143118 0.787811
vt 0.154265 0.787976
vt 0.152600 0.792637
vt 0.152600 0.870543
vt 0.151123 0.797651
vt 0.284421 0.875003
vt 0.286086 0.878984
vt 0.149848 0.802970
vt 0.287923 0.883356
vt 0.148788 0.808542
vt 0.289915 0.888076
vt 0.147952 0.814314
vt 0.292042 0.893100
vt 0.147350 0.820230
vt 0.171710 0.912074
vt 0.294283 0.898378
vt 0.146986 0.826234
vt 0.174163 0.906385
vt 0.296618 0.903861
vt 0.146864 0.832267
vt 0.176568 0.900821
vt 0.299023 0.909494
vt 0.146986 0.838271
vt 0.178903 0.895434
vt 0.301476 0.915224
vt 0.147350 0.844188
vt 0.181144 0.890276
vt 0.147952 0.849962
vt 0.183271 0.885398
vt 0.165037 0.865976
vt 0.165536 0.870635
vt 0.165536 0.792729
vt 0.165037 0.797750
vt 0.154265 0.874811
vt 0.166098 0.874896
vt 0.164607 0.803075
vt 0.297920 0.877322
vt 0.298540 0.881864
vt 0.164249 0.808652
vt 0.299212 0.886770
vt 0.163967 0.814428
vt 0.299931 0.891992
vt 0.163763 0.820347
vt 0.170070 0.911844
vt 0.300687 0.897479
vt 0.163641 0.826352
vt 0.170898 0.905927
vt 0.301476 0.903178
vt 0.163600 0.832386
vt 0.171710 0.900138
vt 0.302288 0.909036
vt 0.163641 0.838389
vt 0.172499 0.894534
vt 0.303116 0.914994
vt 0.163763 0.844305
vt 0.173256 0.889168
vt 0.163967 0.850076
vt 0.173974 0.884092
vt 0.164249 0.855647
vt 0.174646 0.879355
vt 0.164607 0.860964
vt 0.175267 0.875003
vt 0.166098 0.788060
vt 0.309985 0.877322
vt 0.309365 0.881864
vt 0.179655 0.803075
vt 0.180013 0.808652
vt 0.308692 0.886770
vt 0.180295 0.814428
vt 0.307974 0.891992
vt 0.180499 0.820347
vt 0.168398 0.911844
vt 0.307217 0.897479
vt 0.180621 0.826352
vt 0.167569 0.905927
vt 0.306429 0.903178
vt 0.180663 0.832386
vt 0.166757 0.900138
vt 0.305617 0.909036
vt 0.180621 0.838389
vt 0.165969 0.894534
vt 0.304789 0.914994
vt 0.180499 0.844305
vt 0.165212 0.889168
vt 0.180295 0.850076
vt 0.164494 0.884093
vt 0.180013 0.855647
vt 0.163822 0.879355
vt 0.179655 0.860964
vt 0.163201 0.875003
vt 0.179225 0.865976
vt 0.178164 0.788060
vt 0.178726 0.792729
vt 0.178726 0.870635
vt 0.179225 0.797750
vt 0.178164 0.874896
vt 0.317990 0.888076
vt 0.315863 0.893100
vt 0.196310 0.814314
vt 0.196912 0.820230
vt 0.166757 0.912074
vt 0.313621 0.898378
vt 0.197276 0.826234
vt 0.164305 0.906385
vt 0.311287 0.903861
vt 0.197398 0.832267
vt 0.161899 0.900821
vt 0.308882 0.909494
vt 0.197276 0.838271
vt 0.159565 0.895434
vt 0.306429 0.915224
vt 0.196912 0.844188
vt 0.157323 0.890277
vt 0.196310 0.849962
vt 0.155196 0.885398
vt 0.195474 0.855537
vt 0.153205 0.880847
vt 0.194414 0.860859
vt 0.151368 0.876665
vt 0.193139 0.865877
vt 0.189997 0.787976
vt 0.191662 0.792637
vt 0.191662 0.870543
vt 0.193139 0.797651
vt 0.189997 0.874811
vt 0.194414 0.802970
vt 0.321819 0.878984
vt 0.319981 0.883356
vt 0.195474 0.808542
vt 0.319654 0.900143
vt 0.315863 0.905199
vt 0.212964 0.826001
vt 0.213162 0.832033
vt 0.161229 0.907285
vt 0.157323 0.902159
vt 0.311957 0.910394
vt 0.212964 0.838038
vt 0.153532 0.897198
vt 0.307974 0.915676
vt 0.212373 0.843959
vt 0.149892 0.892450
vt 0.211395 0.849739
vt 0.146438 0.887960
vt 0.210038 0.855321
vt 0.143204 0.883772
vt 0.208317 0.860653
vt 0.140221 0.879925
vt 0.206247 0.865683
vt 0.201144 0.787811
vt 0.203848 0.792457
vt 0.203848 0.870362
vt 0.206247 0.797457
vt 0.323484 0.875003
vt 0.335670 0.878567
vt 0.332965 0.882244
vt 0.208317 0.802764
vt 0.329982 0.886281
vt 0.210038 0.808326
vt 0.326748 0.890638
vt 0.211395 0.814091
vt 0.323294 0.895273
vt 0.212373 0.820001
vt 0.165212 0.912526
vt 0.314725 0.911700
vt 0.309365 0.916332
vt 0.227083 0.837701
vt 0.226288 0.843626
vt 0.148103 0.899760
vt 0.143204 0.895606
vt 0.224971 0.849414
vt 0.138556 0.891679
vt 0.223146 0.855008
vt 0.134204 0.888018
vt 0.220829 0.860354
vt 0.130189 0.884659
vt 0.218043 0.865401
vt 0.137517 0.876458
vt 0.126550 0.881632
vt 0.214815 0.870100
vt 0.214815 0.792194
vt 0.218043 0.797175
vt 0.346636 0.883742
vt 0.342997 0.886978
vt 0.220829 0.802465
vt 0.338982 0.890527
vt 0.223146 0.808013
vt 0.334630 0.894357
vt 0.224971 0.813766
vt 0.329982 0.898429
vt 0.226288 0.819669
vt 0.163822 0.913182
vt 0.325083 0.902705
vt 0.227083 0.825664
vt 0.158461 0.908591
vt 0.319981 0.907142
vt 0.227349 0.831694
vt 0.153205 0.904102
vt 0.244688 0.855092
vt 0.242463 0.849353
vt 0.254009 0.848940
vt 0.255835 0.854693
vt 0.131853 0.896413
vt 0.126550 0.893423
vt 0.247511 0.860622
vt 0.258151 0.860241
vt 0.121657 0.890683
vt 0.250905 0.865890
vt 0.260937 0.865531
vt 0.117223 0.888218
vt 0.349864 0.880850
vt 0.359896 0.887934
vt 0.355963 0.890328
vt 0.224142 0.791861
vt 0.228075 0.796816
vt 0.351529 0.893002
vt 0.231470 0.802084
vt 0.346636 0.895932
vt 0.234293 0.807614
vt 0.341333 0.899090
vt 0.236517 0.813353
vt 0.335670 0.902445
vt 0.238122 0.819245
vt 0.162639 0.914017
vt 0.329701 0.905965
vt 0.239090 0.825234
vt 0.156107 0.910253
vt 0.323484 0.909615
vt 0.239414 0.831262
vt 0.149702 0.906576
vt 0.317079 0.913362
vt 0.239890 0.837472
vt 0.239566 0.831444
vt 0.251631 0.831013
vt 0.251897 0.837043
vt 0.143486 0.903021
vt 0.310547 0.917168
vt 0.240859 0.843461
vt 0.252692 0.843038
vt 0.137517 0.899622
vt 0.270664 0.859942
vt 0.272734 0.865249
vt 0.114954 0.897767
vt 0.109895 0.895963
vt 0.264165 0.870512
vt 0.275132 0.870250
vt 0.260937 0.797305
vt 0.264165 0.792606
vt 0.275132 0.792344
vt 0.272734 0.797023
vt 0.363291 0.898072
vt 0.358232 0.900086
vt 0.258151 0.802352
vt 0.270664 0.802053
vt 0.352650 0.902288
vt 0.255835 0.807698
vt 0.268942 0.807385
vt 0.346600 0.904656
vt 0.254009 0.813292
vt 0.267585 0.812968
vt 0.340138 0.907168
vt 0.252692 0.819080
vt 0.266607 0.818747
vt 0.161710 0.914999
vt 0.333328 0.909799
vt 0.251897 0.825006
vt 0.266016 0.824668
vt 0.154258 0.912208
vt 0.326235 0.912524
vt 0.265819 0.830673
vt 0.146951 0.909484
vt 0.318928 0.915316
vt 0.266016 0.836705
vt 0.139858 0.906854
vt 0.311476 0.918150
vt 0.266607 0.842705
vt 0.133048 0.904345
vt 0.267585 0.848616
vt 0.126587 0.901979
vt 0.268942 0.854380
vt 0.120536 0.899779
vt 0.277836 0.874896
vt 0.287318 0.870069
vt 0.288983 0.874730
vt 0.285841 0.796829
vt 0.284566 0.801847
vt 0.362849 0.907958
vt 0.356793 0.909350
vt 0.283506 0.807169
vt 0.350227 0.910841
vt 0.282671 0.812744
vt 0.343216 0.912415
vt 0.282068 0.818518
vt 0.161070 0.916090
vt 0.335827 0.914059
vt 0.281705 0.824436
vt 0.152984 0.914379
vt 0.328131 0.915755
vt 0.281583 0.830440
vt 0.145055 0.912715
vt 0.320202 0.917488
vt 0.281705 0.836473
vt 0.137359 0.911114
vt 0.312116 0.919241
vt 0.282068 0.842476
vt 0.129970 0.909592
vt 0.282671 0.848392
vt 0.122959 0.908163
vt 0.283506 0.854164
vt 0.116393 0.906841
vt 0.284566 0.859736
vt 0.110337 0.905639
vt 0.285841 0.865055
vt 0.104848 0.904568
vt 0.287318 0.792163
vt 0.358905 0.916847
vt 0.352077 0.917406
vt 0.298967 0.807059
vt 0.298685 0.812630
vt 0.344785 0.917986
vt 0.298482 0.818401
vt 0.160743 0.917249
vt 0.337101 0.918581
vt 0.298359 0.824317
vt 0.152335 0.916685
vt 0.329097 0.919186
vt 0.298318 0.830321
vt 0.144089 0.916146
vt 0.320851 0.919793
vt 0.298359 0.836354
vt 0.136085 0.915637
vt 0.312443 0.920399
vt 0.298482 0.842359
vt 0.128401 0.915163
vt 0.298685 0.848278
vt 0.121109 0.914729
vt 0.298967 0.854054
vt 0.114282 0.914338
vt 0.299325 0.859631
vt 0.107983 0.913995
vt 0.299756 0.864956
vt 0.288983 0.787895
vt 0.300817 0.787811
vt 0.300254 0.792071
vt 0.300254 0.869977
vt 0.299756 0.796730
vt 0.300817 0.874646
vt 0.299325 0.801742
vt 0.365203 0.916314
vt 0.160743 0.918430
vt 0.344785 0.923666
vt 0.337101 0.923192
vt 0.315217 0.818401
vt 0.315340 0.824317
vt 0.152335 0.919035
vt 0.329097 0.922683
vt 0.315381 0.830321
vt 0.144089 0.919643
vt 0.320851 0.922144
vt 0.315340 0.836354
vt 0.136085 0.920248
vt 0.312443 0.921580
vt 0.315217 0.842359
vt 0.128401 0.920843
vt 0.315014 0.848278
vt 0.121109 0.921423
vt 0.314731 0.854054
vt 0.114282 0.921982
vt 0.314374 0.859631
vt 0.107983 0.922515
vt 0.313943 0.864956
vt 0.312882 0.787811
vt 0.313444 0.792071
vt 0.313444 0.869977
vt 0.313943 0.796730
vt 0.312882 0.874646
vt 0.314374 0.801742
vt 0.365203 0.924834
vt 0.358905 0.924491
vt 0.314731 0.807059
vt 0.352077 0.924100
vt 0.315014 0.812630
vt 0.350227 0.930666
vt 0.343216 0.929237
vt 0.331028 0.812744
vt 0.331631 0.818518
vt 0.161070 0.919588
vt 0.335827 0.927714
vt 0.331994 0.824436
vt 0.152984 0.921341
vt 0.328131 0.926114
vt 0.332116 0.830440
vt 0.145055 0.923074
vt 0.320202 0.924450
vt 0.331994 0.836473
vt 0.137359 0.924770
vt 0.312116 0.922738
vt 0.331631 0.842476
vt 0.129970 0.926413
vt 0.331028 0.848392
vt 0.122959 0.927988
vt 0.330193 0.854164
vt 0.116393 0.929479
vt 0.329133 0.859736
vt 0.110337 0.930871
vt 0.327858 0.865055
vt 0.324716 0.787895
vt 0.326381 0.792163
vt 0.326381 0.870069
vt 0.327858 0.796829
vt 0.324716 0.874730
vt 0.329133 0.801847
vt 0.362849 0.933190
vt 0.356793 0.931988
vt 0.330193 0.807169
vt 0.161710 0.920679
vt 0.154258 0.923513
vt 0.333328 0.931974
vt 0.326235 0.929345
vt 0.347683 0.824668
vt 0.347880 0.830673
vt 0.146951 0.926305
vt 0.318928 0.926621
vt 0.347683 0.836705
vt 0.139858 0.929030
vt 0.311476 0.923829
vt 0.347092 0.842705
vt 0.133048 0.931661
vt 0.346113 0.848616
vt 0.126587 0.934173
vt 0.344757 0.854380
vt 0.120536 0.936541
vt 0.343035 0.859942
vt 0.114954 0.938743
vt 0.340965 0.865249
vt 0.104848 0.932152
vt 0.109895 0.940757
vt 0.338567 0.870250
vt 0.338567 0.792344
vt 0.340965 0.797023
vt 0.335863 0.874896
vt 0.343035 0.802053
vt 0.358232 0.941061
vt 0.352650 0.939050
vt 0.344757 0.807385
vt 0.346600 0.936850
vt 0.346113 0.812968
vt 0.340138 0.934484
vt 0.347092 0.818747
vt 0.149702 0.929213
vt 0.143486 0.932864
vt 0.317079 0.928576
vt 0.310547 0.924811
vt 0.361802 0.837043
vt 0.361007 0.843038
vt 0.137517 0.936384
vt 0.359690 0.848940
vt 0.131853 0.939738
vt 0.357864 0.854693
vt 0.126550 0.942896
vt 0.355547 0.860241
vt 0.121657 0.945827
vt 0.352762 0.865531
vt 0.117223 0.948501
vt 0.349534 0.870512
vt 0.349534 0.792606
vt 0.352762 0.797305
vt 0.363291 0.942866
vt 0.355963 0.950610
vt 0.351529 0.948146
vt 0.355547 0.802352
vt 0.346636 0.945405
vt 0.357864 0.807698
vt 0.341333 0.942416
vt 0.359690 0.813292
vt 0.335670 0.939207
vt 0.361007 0.819080
vt 0.162639 0.921661
vt 0.329701 0.935808
vt 0.361802 0.825006
vt 0.156107 0.925467
vt 0.323484 0.932253
vt 0.362068 0.831013
vt 0.143204 0.940400
vt 0.138556 0.944472
vt 0.109969 0.767900
vt 0.107745 0.762162
vt 0.119291 0.761748
vt 0.121116 0.767501
vt 0.134204 0.948301
vt 0.112792 0.773430
vt 0.123433 0.773050
vt 0.130189 0.951851
vt 0.116187 0.778699
vt 0.126219 0.778340
vt 0.126550 0.955087
vt 0.120120 0.783654
vt 0.129447 0.783320
vt 0.113290 0.950894
vt 0.123322 0.957978
vt 0.346636 0.957196
vt 0.342997 0.954170
vt 0.112792 0.715541
vt 0.116187 0.710472
vt 0.126219 0.710114
vt 0.123433 0.715160
vt 0.338982 0.950810
vt 0.109969 0.720905
vt 0.121116 0.720507
vt 0.334630 0.947150
vt 0.107745 0.726514
vt 0.119291 0.726101
vt 0.329982 0.943223
vt 0.106140 0.732312
vt 0.117974 0.731888
vt 0.163822 0.922496
vt 0.325083 0.939069
vt 0.105172 0.738244
vt 0.117179 0.737814
vt 0.158461 0.927129
vt 0.319981 0.934726
vt 0.104848 0.744252
vt 0.116913 0.743821
vt 0.153205 0.931687
vt 0.314725 0.930238
vt 0.105172 0.750280
vt 0.117179 0.749851
vt 0.148103 0.936124
vt 0.309365 0.925646
vt 0.106140 0.756269
vt 0.117974 0.755846
vt 0.143204 0.952548
vt 0.140221 0.956585
vt 0.135945 0.772750
vt 0.138015 0.778057
vt 0.137517 0.960262
vt 0.140414 0.783058
vt 0.129447 0.705414
vt 0.140414 0.705152
vt 0.138015 0.709832
vt 0.335670 0.962371
vt 0.332965 0.958903
vt 0.135945 0.714861
vt 0.329982 0.955057
vt 0.134223 0.720193
vt 0.326748 0.950869
vt 0.132867 0.725776
vt 0.323294 0.946379
vt 0.131889 0.731556
vt 0.165212 0.923153
vt 0.319654 0.941630
vt 0.131298 0.737476
vt 0.161229 0.928435
vt 0.315863 0.936670
vt 0.131100 0.743482
vt 0.157323 0.933630
vt 0.311957 0.931544
vt 0.131298 0.749513
vt 0.153532 0.938686
vt 0.307974 0.926302
vt 0.131889 0.755513
vt 0.149892 0.943555
vt 0.132867 0.761424
vt 0.146438 0.948191
vt 0.134224 0.767188
vt 0.143118 0.787704
vt 0.149702 0.963826
s 1
usemtl Carbon.002
f 2003/2289/2000 2983/2290/2980 2031/2291/2028 2032/2292/2029
f 1994/2293/1991 2979/2294/2976 2018/2295/2015 2019/2296/2016
f 2004/2297/2001 2003/2289/2000 2032/2292/2029 2033/2298/2030
f 1995/2299/1992 1994/2293/1991 2019/2296/2016 2020/2300/2017
f 2005/2301/2002 2004/2297/2001 2033/2298/2030 2034/2302/2031
f 1996/2303/1993 1995/2299/1992 2020/2300/2017 2021/2304/2018
f 2971/2305/2968 2505/2306/2502 2008/2307/2005
f 2984/2308/2981 2005/2301/2002 2034/2302/2031 2035/2309/2032
f 1997/2310/1994 1996/2303/1993 2021/2304/2018 2022/2311/2019
f 2972/2312/2969 2971/2305/2968 2008/2307/2005 2009/2313/2006
f 2985/2314/2982 2984/2308/2981 2035/2309/2032 2036/2315/2033
f 2980/2316/2977 1997/2310/1994 2022/2311/2019 2023/2317/2020
f 2973/2318/2970 2972/2312/2969 2009/2313/2006 2010/2319/2007
f 2006/2320/2003 2985/2314/2982 2036/2315/2033 2037/2321/2034
f 1998/2322/1995 2980/2316/2977 2023/2317/2020 2024/2323/2021
f 2974/2324/2971 2973/2318/2970 2010/2319/2007 2011/2325/2008
f 2007/2326/2004 2006/2320/2003 2037/2321/2034 2038/2327/2035
f 1999/2328/1996 1998/2322/1995 2024/2323/2021 2025/2329/2022
f 2975/2330/2972 2974/2324/2971 2011/2325/2008 2012/2331/2009
f 2504/2332/2501 2007/2326/2004 2038/2327/2035
f 2981/2333/2978 1999/2328/1996 2025/2329/2022 2026/2334/2023
f 2976/2335/2973 2975/2330/2972 2012/2331/2009 2013/2336/2010
f 2982/2337/2979 2981/2333/2978 2026/2334/2023 2027/2338/2024
f 1992/2339/1989 2976/2335/2973 2013/2336/2010 2014/2340/2011
f 2000/2341/1997 2982/2337/2979 2027/2338/2024 2028/2342/2025
f 2977/2343/2974 1992/2339/1989 2014/2340/2011 2015/2344/2012
f 2001/2345/1998 2000/2341/1997 2028/2342/2025 2029/2346/2026
f 1993/2347/1990 2977/2348/2974 2015/2349/2012 2016/2350/2013
f 2002/2351/1999 2001/2345/1998 2029/2346/2026 2030/2352/2027
f 2978/2353/2975 1993/2347/1990 2016/2350/2013 2017/2354/2014
f 2983/2355/2980 2002/2351/1999 2030/2352/2027 2031/2356/2028
f 2979/2294/2976 2978/2353/2975 2017/2354/2014 2018/2295/2015
f 2027/2338/2024 2026/2334/2023 2057/2357/2054 2058/2358/2055
f 2014/2340/2011 2013/2336/2010 2044/2359/2041 2045/2360/2042
f 2028/2342/2025 2027/2338/2024 2058/2358/2055 2059/2361/2056
f 2015/2344/2012 2014/2340/2011 2045/2360/2042 2046/2362/2043
f 2029/2346/2026 2028/2342/2025 2059/2361/2056 2060/2363/2057
f 2016/2350/2013 2015/2349/2012 2046/2364/2043 2047/2365/2044
f 2030/2352/2027 2029/2346/2026 2060/2363/2057 2061/2366/2058
f 2017/2354/2014 2016/2350/2013 2047/2365/2044 2048/2367/2045
f 2031/2356/2028 2030/2352/2027 2061/2366/2058 2062/2368/2059
f 2018/2295/2015 2017/2354/2014 2048/2367/2045 2049/2369/2046
f 2032/2292/2029 2031/2291/2028 2062/2370/2059 2063/2371/2060
f 2019/2296/2016 2018/2295/2015 2049/2369/2046 2050/2372/2047
f 2033/2298/2030 2032/2292/2029 2063/2371/2060 2064/2373/2061
f 2020/2300/2017 2019/2296/2016 2050/2372/2047 2051/2374/2048
f 2034/2302/2031 2033/2298/2030 2064/2373/2061 2065/2375/2062
f 2021/2304/2018 2020/2300/2017 2051/2374/2048 2052/2376/2049
f 2008/2307/2005 2505/2306/2502 2039/2377/2036
f 2035/2309/2032 2034/2302/2031 2065/2375/2062 2066/2378/2063
f 2022/2311/2019 2021/2304/2018 2052/2376/2049 2053/2379/2050
f 2009/2313/2006 2008/2307/2005 2039/2377/2036 2040/2380/2037
f 2036/2315/2033 2035/2309/2032 2066/2378/2063 2067/2381/2064
f 2023/2317/2020 2022/2311/2019 2053/2379/2050 2054/2382/2051
f 2010/2319/2007 2009/2313/2006 2040/2380/2037 2041/2383/2038
f 2037/2321/2034 2036/2315/2033 2067/2381/2064 2068/2384/2065
f 2024/2323/2021 2023/2317/2020 2054/2382/2051 2055/2385/2052
f 2011/2325/2008 2010/2319/2007 2041/2383/2038 2042/2386/2039
f 2038/2327/2035 2037/2321/2034 2068/2384/2065 2069/2387/2066
f 2025/2329/2022 2024/2323/2021 2055/2385/2052 2056/2388/2053
f 2012/2331/2009 2011/2325/2008 2042/2386/2039 2043/2389/2040
f 2504/2332/2501 2038/2327/2035 2069/2387/2066
f 2026/2334/2023 2025/2329/2022 2056/2388/2053 2057/2357/2054
f 2013/2336/2010 2012/2331/2009 2043/2389/2040 2044/2359/2041
f 2060/2363/2057 2059/2361/2056 2090/2390/2087 2091/2391/2088
f 2047/2365/2044 2046/2364/2043 2077/2392/2074 2078/2393/2075
f 2061/2366/2058 2060/2363/2057 2091/2391/2088 2092/2394/2089
f 2048/2367/2045 2047/2365/2044 2078/2393/2075 2079/2395/2076
f 2062/2368/2059 2061/2366/2058 2092/2394/2089 2093/2396/2090
f 2049/2369/2046 2048/2367/2045 2079/2395/2076 2080/2397/2077
f 2063/2371/2060 2062/2370/2059 2093/2398/2090 2094/2399/2091
f 2050/2372/2047 2049/2369/2046 2080/2397/2077 2081/2400/2078
f 2064/2373/2061 2063/2371/2060 2094/2399/2091 2095/2401/2092
f 2051/2374/2048 2050/2372/2047 2081/2400/2078 2082/2402/2079
f 2065/2375/2062 2064/2373/2061 2095/2401/2092 2096/2403/2093
f 2052/2376/2049 2051/2374/2048 2082/2402/2079 2083/2404/2080
f 2039/2377/2036 2505/2306/2502 2070/2405/2067
f 2066/2378/2063 2065/2375/2062 2096/2403/2093 2097/2406/2094
f 2053/2379/2050 2052/2376/2049 2083/2404/2080 2084/2407/2081
f 2040/2380/2037 2039/2377/2036 2070/2405/2067 2071/2408/2068
f 2067/2381/2064 2066/2378/2063 2097/2406/2094 2098/2409/2095
f 2054/2382/2051 2053/2379/2050 2084/2407/2081 2085/2410/2082
f 2041/2383/2038 2040/2380/2037 2071/2408/2068 2072/2411/2069
f 2068/2384/2065 2067/2381/2064 2098/2409/2095 2099/2412/2096
f 2055/2385/2052 2054/2382/2051 2085/2410/2082 2086/2413/2083
f 2042/2386/2039 2041/2383/2038 2072/2411/2069 2073/2414/2070
f 2069/2387/2066 2068/2384/2065 2099/2412/2096 2100/2415/2097
f 2056/2388/2053 2055/2385/2052 2086/2413/2083 2087/2416/2084
f 2043/2389/2040 2042/2386/2039 2073/2414/2070 2074/2417/2071
f 2504/2332/2501 2069/2387/2066 2100/2415/2097
f 2057/2357/2054 2056/2388/2053 2087/2416/2084 2088/2418/2085
f 2044/2359/2041 2043/2389/2040 2074/2417/2071 2075/2419/2072
f 2058/2358/2055 2057/2357/2054 2088/2418/2085 2089/2420/2086
f 2045/2360/2042 2044/2359/2041 2075/2419/2072 2076/2421/2073
f 2059/2361/2056 2058/2358/2055 2089/2420/2086 2090/2390/2087
f 2046/2362/2043 2045/2360/2042 2076/2421/2073 2077/2422/2074
f 2093/2396/2090 2092/2394/2089 2123/2423/2120 2124/2424/2121
f 2080/2397/2077 2079/2395/2076 2110/2425/2107 2111/2426/2108
f 2094/2399/2091 2093/2398/2090 2124/2427/2121 2125/2428/2122
f 2081/2400/2078 2080/2397/2077 2111/2426/2108 2112/2429/2109
f 2095/2401/2092 2094/2399/2091 2125/2428/2122 2126/2430/2123
f 2082/2402/2079 2081/2400/2078 2112/2429/2109 2113/2431/2110
f 2096/2403/2093 2095/2401/2092 2126/2430/2123 2127/2432/2124
f 2083/2404/2080 2082/2402/2079 2113/2431/2110 2114/2433/2111
f 2070/2405/2067 2505/2306/2502 2101/2434/2098
f 2097/2406/2094 2096/2403/2093 2127/2432/2124 2128/2435/2125
f 2084/2407/2081 2083/2404/2080 2114/2433/2111 2115/2436/2112
f 2071/2408/2068 2070/2405/2067 2101/2434/2098 2102/2437/2099
f 2098/2409/2095 2097/2406/2094 2128/2435/2125 2129/2438/2126
f 2085/2410/2082 2084/2407/2081 2115/2436/2112 2116/2439/2113
f 2072/2411/2069 2071/2408/2068 2102/2437/2099 2103/2440/2100
f 2099/2412/2096 2098/2409/2095 2129/2438/2126 2130/2441/2127
f 2086/2413/2083 2085/2410/2082 2116/2439/2113 2117/2442/2114
f 2073/2414/2070 2072/2411/2069 2103/2440/2100 2104/2443/2101
f 2100/2415/2097 2099/2412/2096 2130/2441/2127 2131/2444/2128
f 2087/2416/2084 2086/2413/2083 2117/2442/2114 2118/2445/2115
f 2074/2417/2071 2073/2414/2070 2104/2443/2101 2105/2446/2102
f 2504/2332/2501 2100/2415/2097 2131/2444/2128
f 2088/2418/2085 2087/2416/2084 2118/2445/2115 2119/2447/2116
f 2075/2419/2072 2074/2417/2071 2105/2446/2102 2106/2448/2103
f 2089/2420/2086 2088/2418/2085 2119/2447/2116 2120/2449/2117
f 2076/2421/2073 2075/2419/2072 2106/2448/2103 2107/2450/2104
f 2090/2390/2087 2089/2420/2086 2120/2449/2117 2121/2451/2118
f 2077/2422/2074 2076/2421/2073 2107/2450/2104 2108/2452/2105
f 2091/2391/2088 2090/2390/2087 2121/2451/2118 2122/2453/2119
f 2078/2454/2075 2077/2422/2074 2108/2452/2105 2109/2455/2106
f 2092/2394/2089 2091/2391/2088 2122/2453/2119 2123/2423/2120
f 2079/2395/2076 2078/2393/2075 2109/2456/2106 2110/2425/2107
f 2126/2430/2123 2125/2428/2122 2156/2457/2153 2157/2458/2154
f 2113/2431/2110 2112/2429/2109 2143/2459/2140 2144/2460/2141
f 2127/2432/2124 2126/2430/2123 2157/2458/2154 2158/2461/2155
f 2114/2433/2111 2113/2431/2110 2144/2460/2141 2145/2462/2142
f 2101/2434/2098 2505/2306/2502 2132/2463/2129
f 2128/2435/2125 2127/2432/2124 2158/2461/2155 2159/2464/2156
f 2115/2436/2112 2114/2433/2111 2145/2462/2142 2146/2465/2143
f 2102/2437/2099 2101/2434/2098 2132/2463/2129 2133/2466/2130
f 2129/2438/2126 2128/2435/2125 2159/2464/2156 2160/2467/2157
f 2116/2439/2113 2115/2436/2112 2146/2465/2143 2147/2468/2144
f 2103/2440/2100 2102/2437/2099 2133/2466/2130 2134/2469/2131
f 2130/2441/2127 2129/2438/2126 2160/2467/2157 2161/2470/2158
f 2117/2442/2114 2116/2439/2113 2147/2468/2144 2148/2471/2145
f 2104/2443/2101 2103/2440/2100 2134/2469/2131 2135/2472/2132
f 2131/2444/2128 2130/2441/2127 2161/2470/2158 2162/2473/2159
f 2118/2445/2115 2117/2442/2114 2148/2471/2145 2149/2474/2146
f 2105/2446/2102 2104/2443/2101 2135/2472/2132 2136/2475/2133
f 2504/2332/2501 2131/2444/2128 2162/2473/2159
f 2119/2447/2116 2118/2445/2115 2149/2474/2146 2150/2476/2147
f 2106/2448/2103 2105/2446/2102 2136/2475/2133 2137/2477/2134
f 2120/2449/2117 2119/2447/2116 2150/2476/2147 2151/2478/2148
f 2107/2450/2104 2106/2448/2103 2137/2477/2134 2138/2479/2135
f 2121/2451/2118 2120/2449/2117 2151/2478/2148 2152/2480/2149
f 2108/2452/2105 2107/2450/2104 2138/2479/2135 2139/2481/2136
f 2122/2453/2119 2121/2451/2118 2152/2480/2149 2153/2482/2150
f 2109/2455/2106 2108/2452/2105 2139/2481/2136 2140/2483/2137
f 2123/2423/2120 2122/2453/2119 2153/2482/2150 2154/2484/2151
f 2110/2425/2107 2109/2456/2106 2140/2485/2137 2141/2486/2138
f 2124/2427/2121 2123/2487/2120 2154/2488/2151 2155/2489/2152
f 2111/2426/2108 2110/2425/2107 2141/2486/2138 2142/2490/2139
f 2125/2428/2122 2124/2427/2121 2155/2489/2152 2156/2457/2153
f 2112/2429/2109 2111/2426/2108 2142/2490/2139 2143/2459/2140
f 2132/2463/2129 2505/2306/2502 2163/2491/2160
f 2159/2464/2156 2158/2461/2155 2189/2492/2186 2190/2493/2187
f 2146/2494/2143 2145/2495/2142 2176/2496/2173 2177/2497/2174
f 2133/2466/2130 2132/2463/2129 2163/2491/2160 2164/2498/2161
f 2160/2467/2157 2159/2464/2156 2190/2493/2187 2191/2499/2188
f 2147/2500/2144 2146/2494/2143 2177/2497/2174 2178/2501/2175
f 2134/2469/2131 2133/2466/2130 2164/2498/2161 2165/2502/2162
f 2161/2470/2158 2160/2467/2157 2191/2499/2188 2192/2503/2189
f 2148/2471/2145 2147/2468/2144 2178/2504/2175 2179/2505/2176
f 2135/2472/2132 2134/2469/2131 2165/2502/2162 2166/2506/2163
f 2162/2473/2159 2161/2470/2158 2192/2503/2189 2193/2507/2190
f 2149/2474/2146 2148/2471/2145 2179/2505/2176 2180/2508/2177
f 2136/2475/2133 2135/2472/2132 2166/2506/2163 2167/2509/2164
f 2504/2332/2501 2162/2473/2159 2193/2507/2190
f 2150/2476/2147 2149/2474/2146 2180/2508/2177 2181/2510/2178
f 2137/2477/2134 2136/2475/2133 2167/2509/2164 2168/2511/2165
f 2151/2478/2148 2150/2476/2147 2181/2510/2178 2182/2512/2179
f 2138/2479/2135 2137/2477/2134 2168/2511/2165 2169/2513/2166
f 2152/2480/2149 2151/2478/2148 2182/2512/2179 2183/2514/2180
f 2139/2481/2136 2138/2479/2135 2169/2513/2166 2170/2515/2167
f 2153/2482/2150 2152/2480/2149 2183/2514/2180 2184/2516/2181
f 2140/2483/2137 2139/2481/2136 2170/2515/2167 2171/2517/2168
f 2154/2484/2151 2153/2482/2150 2184/2516/2181 2185/2518/2182
f 2141/2519/2138 2140/2483/2137 2171/2517/2168 2172/2520/2169
f 2155/2489/2152 2154/2488/2151 2185/2521/2182 2186/2522/2183
f 2142/2523/2139 2141/2524/2138 2172/2525/2169 2173/2526/2170
f 2156/2457/2153 2155/2489/2152 2186/2522/2183 2187/2527/2184
f 2143/2528/2140 2142/2523/2139 2173/2526/2170 2174/2529/2171
f 2157/2458/2154 2156/2457/2153 2187/2527/2184 2188/2530/2185
f 2144/2531/2141 2143/2528/2140 2174/2529/2171 2175/2532/2172
f 2158/2461/2155 2157/2458/2154 2188/2530/2185 2189/2492/2186
f 2145/2495/2142 2144/2531/2141 2175/2532/2172 2176/2496/2173
f 2165/2502/2162 2164/2498/2161 2195/2533/2192 2196/2534/2193
f 2192/2503/2189 2191/2499/2188 2222/2535/2219 2223/2536/2220
f 2179/2537/2176 2178/2501/2175 2209/2538/2206 2210/2539/2207
f 2166/2506/2163 2165/2502/2162 2196/2534/2193 2197/2540/2194
f 2193/2507/2190 2192/2503/2189 2223/2536/2220 2224/2541/2221
f 2180/2542/2177 2179/2537/2176 2210/2539/2207 2211/2543/2208
f 2167/2509/2164 2166/2506/2163 2197/2540/2194 2198/2544/2195
f 2504/2332/2501 2193/2507/2190 2224/2541/2221
f 2181/2545/2178 2180/2542/2177 2211/2543/2208 2212/2546/2209
f 2168/2511/2165 2167/2509/2164 2198/2544/2195 2199/2547/2196
f 2182/2548/2179 2181/2545/2178 2212/2546/2209 2213/2549/2210
f 2169/2513/2166 2168/2511/2165 2199/2547/2196 2200/2550/2197
f 2183/2551/2180 2182/2548/2179 2213/2549/2210 2214/2552/2211
f 2170/2515/2167 2169/2513/2166 2200/2550/2197 2201/2553/2198
f 2184/2554/2181 2183/2551/2180 2214/2552/2211 2215/2555/2212
f 2171/2517/2168 2170/2515/2167 2201/2553/2198 2202/2556/2199
f 2185/2557/2182 2184/2554/2181 2215/2555/2212 2216/2558/2213
f 2172/2525/2169 2171/2559/2168 2202/2560/2199 2203/2561/2200
f 2186/2522/2183 2185/2521/2182 2216/2562/2213 2217/2563/2214
f 2173/2526/2170 2172/2525/2169 2203/2561/2200 2204/2564/2201
f 2187/2527/2184 2186/2522/2183 2217/2563/2214 2218/2565/2215
f 2174/2529/2171 2173/2526/2170 2204/2564/2201 2205/2566/2202
f 2188/2530/2185 2187/2527/2184 2218/2565/2215 2219/2567/2216
f 2175/2532/2172 2174/2529/2171 2205/2566/2202 2206/2568/2203
f 2189/2492/2186 2188/2530/2185 2219/2567/2216 2220/2569/2217
f 2176/2496/2173 2175/2532/2172 2206/2568/2203 2207/2570/2204
f 2163/2491/2160 2505/2306/2502 2194/2571/2191
f 2190/2493/2187 2189/2492/2186 2220/2569/2217 2221/2572/2218
f 2177/2497/2174 2176/2496/2173 2207/2570/2204 2208/2573/2205
f 2164/2498/2161 2163/2491/2160 2194/2571/2191 2195/2533/2192
f 2191/2499/2188 2190/2493/2187 2221/2572/2218 2222/2535/2219
f 2178/2501/2175 2177/2497/2174 2208/2573/2205 2209/2538/2206
f 2198/2544/2195 2197/2540/2194 2228/2574/2225 2229/2575/2226
f 2504/2332/2501 2224/2541/2221 2255/2576/2252
f 2212/2546/2209 2211/2543/2208 2242/2577/2239 2243/2578/2240
f 2199/2547/2196 2198/2544/2195 2229/2575/2226 2230/2579/2227
f 2213/2549/2210 2212/2546/2209 2243/2578/2240 2244/2580/2241
f 2200/2550/2197 2199/2547/2196 2230/2579/2227 2231/2581/2228
f 2214/2552/2211 2213/2549/2210 2244/2580/2241 2245/2582/2242
f 2201/2553/2198 2200/2550/2197 2231/2581/2228 2232/2583/2229
f 2215/2555/2212 2214/2552/2211 2245/2582/2242 2246/2584/2243
f 2202/2560/2199 2201/2585/2198 2232/2586/2229 2233/2587/2230
f 2216/2558/2213 2215/2555/2212 2246/2584/2243 2247/2588/2244
f 2203/2561/2200 2202/2560/2199 2233/2587/2230 2234/2589/2231
f 2217/2563/2214 2216/2562/2213 2247/2590/2244 2248/2591/2245
f 2204/2564/2201 2203/2561/2200 2234/2589/2231 2235/2592/2232
f 2218/2565/2215 2217/2563/2214 2248/2591/2245 2249/2593/2246
f 2205/2566/2202 2204/2564/2201 2235/2592/2232 2236/2594/2233
f 2219/2567/2216 2218/2565/2215 2249/2593/2246 2250/2595/2247
f 2206/2568/2203 2205/2566/2202 2236/2594/2233 2237/2596/2234
f 2220/2569/2217 2219/2567/2216 2250/2595/2247 2251/2597/2248
f 2207/2570/2204 2206/2568/2203 2237/2596/2234 2238/2598/2235
f 2194/2571/2191 2505/2306/2502 2225/2599/2222
f 2221/2572/2218 2220/2569/2217 2251/2597/2248 2252/2600/2249
f 2208/2573/2205 2207/2570/2204 2238/2598/2235 2239/2601/2236
f 2195/2533/2192 2194/2571/2191 2225/2599/2222 2226/2602/2223
f 2222/2535/2219 2221/2572/2218 2252/2600/2249 2253/2603/2250
f 2209/2538/2206 2208/2573/2205 2239/2601/2236 2240/2604/2237
f 2196/2534/2193 2195/2533/2192 2226/2602/2223 2227/2605/2224
f 2223/2536/2220 2222/2535/2219 2253/2603/2250 2254/2606/2251
f 2210/2539/2207 2209/2538/2206 2240/2604/2237 2241/2607/2238
f 2197/2540/2194 2196/2534/2193 2227/2605/2224 2228/2574/2225
f 2224/2541/2221 2223/2536/2220 2254/2606/2251 2255/2576/2252
f 2211/2543/2208 2210/2539/2207 2241/2607/2238 2242/2577/2239
f 2231/2581/2228 2230/2579/2227 2261/2608/2258 2262/2609/2259
f 2245/2582/2242 2244/2580/2241 2275/2610/2272 2276/2611/2273
f 2232/2583/2229 2231/2581/2228 2262/2609/2259 2263/2612/2260
f 2246/2584/2243 2245/2582/2242 2276/2611/2273 2277/2613/2274
f 2233/2587/2230 2232/2586/2229 2263/2614/2260 2264/2615/2261
f 2247/2588/2244 2246/2584/2243 2277/2613/2274 2278/2616/2275
f 2234/2589/2231 2233/2587/2230 2264/2615/2261 2265/2617/2262
f 2248/2618/2245 2247/2588/2244 2278/2616/2275 2279/2619/2276
f 2235/2592/2232 2234/2589/2231 2265/2617/2262 2266/2620/2263
f 2249/2593/2246 2248/2591/2245 2279/2621/2276 2280/2622/2277
f 2236/2594/2233 2235/2592/2232 2266/2620/2263 2267/2623/2264
f 2250/2595/2247 2249/2593/2246 2280/2622/2277 2281/2624/2278
f 2237/2596/2234 2236/2594/2233 2267/2623/2264 2268/2625/2265
f 2251/2597/2248 2250/2595/2247 2281/2624/2278 2282/2626/2279
f 2238/2598/2235 2237/2596/2234 2268/2625/2265 2269/2627/2266
f 2225/2599/2222 2505/2306/2502 2256/2628/2253
f 2252/2600/2249 2251/2597/2248 2282/2626/2279 2283/2629/2280
f 2239/2601/2236 2238/2598/2235 2269/2627/2266 2270/2630/2267
f 2226/2602/2223 2225/2599/2222 2256/2628/2253 2257/2631/2254
f 2253/2603/2250 2252/2600/2249 2283/2629/2280 2284/2632/2281
f 2240/2604/2237 2239/2601/2236 2270/2630/2267 2271/2633/2268
f 2227/2605/2224 2226/2602/2223 2257/2631/2254 2258/2634/2255
f 2254/2606/2251 2253/2603/2250 2284/2632/2281 2285/2635/2282
f 2241/2607/2238 2240/2604/2237 2271/2633/2268 2272/2636/2269
f 2228/2574/2225 2227/2605/2224 2258/2634/2255 2259/2637/2256
f 2255/2576/2252 2254/2606/2251 2285/2635/2282 2286/2638/2283
f 2242/2577/2239 2241/2607/2238 2272/2636/2269 2273/2639/2270
f 2229/2575/2226 2228/2574/2225 2259/2637/2256 2260/2640/2257
f 2504/2332/2501 2255/2576/2252 2286/2638/2283
f 2243/2578/2240 2242/2577/2239 2273/2639/2270 2274/2641/2271
f 2230/2579/2227 2229/2575/2226 2260/2640/2257 2261/2608/2258
f 2244/2580/2241 2243/2578/2240 2274/2641/2271 2275/2610/2272
f 2264/2615/2261 2263/2614/2260 2294/2642/2291 2295/2643/2292
f 2278/2616/2275 2277/2613/2274 2308/2644/2305 2309/2645/2306
f 2265/2617/2262 2264/2615/2261 2295/2643/2292 2296/2646/2293
f 2279/2619/2276 2278/2616/2275 2309/2645/2306 2310/2647/2307
f 2266/2620/2263 2265/2617/2262 2296/2646/2293 2297/2648/2294
f 2280/2622/2277 2279/2621/2276 2310/2649/2307 2311/2650/2308
f 2267/2623/2264 2266/2620/2263 2297/2648/2294 2298/2651/2295
f 2281/2624/2278 2280/2622/2277 2311/2650/2308 2312/2652/2309
f 2268/2625/2265 2267/2623/2264 2298/2651/2295 2299/2653/2296
f 2282/2626/2279 2281/2624/2278 2312/2652/2309 2313/2654/2310
f 2269/2627/2266 2268/2625/2265 2299/2653/2296 2300/2655/2297
f 2256/2628/2253 2505/2306/2502 2287/2656/2284
f 2283/2629/2280 2282/2626/2279 2313/2654/2310 2314/2657/2311
f 2270/2630/2267 2269/2627/2266 2300/2655/2297 2301/2658/2298
f 2257/2631/2254 2256/2628/2253 2287/2656/2284 2288/2659/2285
f 2284/2632/2281 2283/2629/2280 2314/2657/2311 2315/2660/2312
f 2271/2633/2268 2270/2630/2267 2301/2658/2298 2302/2661/2299
f 2258/2634/2255 2257/2631/2254 2288/2659/2285 2289/2662/2286
f 2285/2635/2282 2284/2632/2281 2315/2660/2312 2316/2663/2313
f 2272/2636/2269 2271/2633/2268 2302/2661/2299 2303/2664/2300
f 2259/2637/2256 2258/2634/2255 2289/2662/2286 2290/2665/2287
f 2286/2638/2283 2285/2635/2282 2316/2663/2313 2317/2666/2314
f 2273/2639/2270 2272/2636/2269 2303/2664/2300 2304/2667/2301
f 2260/2640/2257 2259/2637/2256 2290/2665/2287 2291/2668/2288
f 2504/2332/2501 2286/2638/2283 2317/2666/2314
f 2274/2641/2271 2273/2639/2270 2304/2667/2301 2305/2669/2302
f 2261/2608/2258 2260/2640/2257 2291/2668/2288 2292/2670/2289
f 2275/2610/2272 2274/2641/2271 2305/2669/2302 2306/2671/2303
f 2262/2609/2259 2261/2608/2258 2292/2670/2289 2293/2672/2290
f 2276/2611/2273 2275/2610/2272 2306/2671/2303 2307/2673/2304
f 2263/2612/2260 2262/2609/2259 2293/2672/2290 2294/2674/2291
f 2277/2613/2274 2276/2611/2273 2307/2673/2304 2308/2644/2305
f 2297/2648/2294 2296/2646/2293 2327/2675/2324 2328/2676/2325
f 2311/2650/2308 2310/2649/2307 2341/2677/2338 2342/2678/2339
f 2298/2651/2295 2297/2648/2294 2328/2676/2325 2329/2679/2326
f 2312/2652/2309 2311/2650/2308 2342/2678/2339 2343/2680/2340
f 2299/2653/2296 2298/2651/2295 2329/2679/2326 2330/2681/2327
f 2313/2654/2310 2312/2652/2309 2343/2680/2340 2344/2682/2341
f 2300/2655/2297 2299/2653/2296 2330/2681/2327 2331/2683/2328
f 2287/2656/2284 2505/2306/2502 2318/2684/2315
f 2314/2657/2311 2313/2654/2310 2344/2682/2341 2345/2685/2342
f 2301/2658/2298 2300/2655/2297 2331/2683/2328 2332/2686/2329
f 2288/2659/2285 2287/2656/2284 2318/2684/2315 2319/2687/2316
f 2315/2660/2312 2314/2657/2311 2345/2685/2342 2346/2688/2343
f 2302/2661/2299 2301/2658/2298 2332/2686/2329 2333/2689/2330
f 2289/2662/2286 2288/2659/2285 2319/2687/2316 2320/2690/2317
f 2316/2663/2313 2315/2660/2312 2346/2688/2343 2347/2691/2344
f 2303/2664/2300 2302/2661/2299 2333/2689/2330 2334/2692/2331
f 2290/2665/2287 2289/2662/2286 2320/2690/2317 2321/2693/2318
f 2317/2666/2314 2316/2663/2313 2347/2691/2344 2348/2694/2345
f 2304/2667/2301 2303/2664/2300 2334/2692/2331 2335/2695/2332
f 2291/2668/2288 2290/2665/2287 2321/2693/2318 2322/2696/2319
f 2504/2332/2501 2317/2666/2314 2348/2694/2345
f 2305/2669/2302 2304/2667/2301 2335/2695/2332 2336/2697/2333
f 2292/2670/2289 2291/2668/2288 2322/2696/2319 2323/2698/2320
f 2306/2671/2303 2305/2669/2302 2336/2697/2333 2337/2699/2334
f 2293/2672/2290 2292/2670/2289 2323/2698/2320 2324/2700/2321
f 2307/2673/2304 2306/2671/2303 2337/2699/2334 2338/2701/2335
f 2294/2674/2291 2293/2672/2290 2324/2700/2321 2325/2702/2322
f 2308/2644/2305 2307/2673/2304 2338/2701/2335 2339/2703/2336
f 2295/2643/2292 2294/2642/2291 2325/2704/2322 2326/2705/2323
f 2309/2645/2306 2308/2644/2305 2339/2703/2336 2340/2706/2337
f 2296/2646/2293 2295/2643/2292 2326/2705/2323 2327/2675/2324
f 2310/2647/2307 2309/2645/2306 2340/2706/2337 2341/2707/2338
f 2330/2681/2327 2329/2679/2326 2360/2708/2357 2361/2709/2358
f 2344/2682/2341 2343/2680/2340 2374/2710/2371 2375/2711/2372
f 2331/2683/2328 2330/2681/2327 2361/2709/2358 2362/2712/2359
f 2318/2684/2315 2505/2306/2502 2349/2713/2346
f 2345/2685/2342 2344/2682/2341 2375/2711/2372 2376/2714/2373
f 2332/2686/2329 2331/2683/2328 2362/2712/2359 2363/2715/2360
f 2319/2687/2316 2318/2684/2315 2349/2713/2346 2350/2716/2347
f 2346/2688/2343 2345/2685/2342 2376/2714/2373 2377/2717/2374
f 2333/2689/2330 2332/2686/2329 2363/2715/2360 2364/2718/2361
f 2320/2690/2317 2319/2687/2316 2350/2716/2347 2351/2719/2348
f 2347/2691/2344 2346/2688/2343 2377/2717/2374 2378/2720/2375
f 2334/2692/2331 2333/2689/2330 2364/2718/2361 2365/2721/2362
f 2321/2693/2318 2320/2690/2317 2351/2719/2348 2352/2722/2349
f 2348/2694/2345 2347/2691/2344 2378/2720/2375 2379/2723/2376
f 2335/2695/2332 2334/2692/2331 2365/2721/2362 2366/2724/2363
f 2322/2696/2319 2321/2693/2318 2352/2722/2349 2353/2725/2350
f 2504/2332/2501 2348/2694/2345 2379/2723/2376
f 2336/2697/2333 2335/2695/2332 2366/2724/2363 2367/2726/2364
f 2323/2698/2320 2322/2696/2319 2353/2725/2350 2354/2727/2351
f 2337/2699/2334 2336/2697/2333 2367/2726/2364 2368/2728/2365
f 2324/2700/2321 2323/2698/2320 2354/2727/2351 2355/2729/2352
f 2338/2701/2335 2337/2699/2334 2368/2728/2365 2369/2730/2366
f 2325/2702/2322 2324/2700/2321 2355/2729/2352 2356/2731/2353
f 2339/2703/2336 2338/2701/2335 2369/2730/2366 2370/2732/2367
f 2326/2705/2323 2325/2704/2322 2356/2733/2353 2357/2734/2354
f 2340/2706/2337 2339/2703/2336 2370/2732/2367 2371/2735/2368
f 2327/2675/2324 2326/2705/2323 2357/2734/2354 2358/2736/2355
f 2341/2677/2338 2340/2737/2337 2371/2738/2368 2372/2739/2369
f 2328/2676/2325 2327/2675/2324 2358/2736/2355 2359/2740/2356
f 2342/2678/2339 2341/2677/2338 2372/2739/2369 2373/2741/2370
f 2329/2679/2326 2328/2676/2325 2359/2740/2356 2360/2708/2357
f 2343/2680/2340 2342/2678/2339 2373/2741/2370 2374/2710/2371
f 2363/2715/2360 2362/2712/2359 2393/2742/2390 2394/2743/2391
f 2350/2716/2347 2349/2713/2346 2380/2744/2377 2381/2745/2378
f 2377/2717/2374 2376/2714/2373 2407/2746/2404 2408/2747/2405
f 2364/2718/2361 2363/2715/2360 2394/2743/2391 2395/2748/2392
f 2351/2719/2348 2350/2716/2347 2381/2745/2378 2382/2749/2379
f 2378/2720/2375 2377/2717/2374 2408/2747/2405 2409/2750/2406
f 2365/2721/2362 2364/2718/2361 2395/2748/2392 2396/2751/2393
f 2352/2722/2349 2351/2719/2348 2382/2749/2379 2383/2752/2380
f 2379/2723/2376 2378/2720/2375 2409/2750/2406 2410/2753/2407
f 2366/2724/2363 2365/2721/2362 2396/2751/2393 2397/2754/2394
f 2353/2725/2350 2352/2722/2349 2383/2752/2380 2384/2755/2381
f 2504/2332/2501 2379/2723/2376 2410/2753/2407
f 2367/2726/2364 2366/2724/2363 2397/2754/2394 2398/2756/2395
f 2354/2727/2351 2353/2725/2350 2384/2755/2381 2385/2757/2382
f 2368/2728/2365 2367/2726/2364 2398/2756/2395 2399/2758/2396
f 2355/2729/2352 2354/2727/2351 2385/2757/2382 2386/2759/2383
f 2369/2730/2366 2368/2728/2365 2399/2758/2396 2400/2760/2397
f 2356/2731/2353 2355/2729/2352 2386/2759/2383 2387/2761/2384
f 2370/2732/2367 2369/2730/2366 2400/2760/2397 2401/2762/2398
f 2357/2763/2354 2356/2731/2353 2387/2761/2384 2388/2764/2385
f 2371/2735/2368 2370/2732/2367 2401/2762/2398 2402/2765/2399
f 2358/2736/2355 2357/2734/2354 2388/2766/2385 2389/2767/2386
f 2372/2739/2369 2371/2738/2368 2402/2768/2399 2403/2769/2400
f 2359/2740/2356 2358/2736/2355 2389/2767/2386 2390/2770/2387
f 2373/2741/2370 2372/2739/2369 2403/2769/2400 2404/2771/2401
f 2360/2708/2357 2359/2740/2356 2390/2770/2387 2391/2772/2388
f 2374/2710/2371 2373/2741/2370 2404/2771/2401 2405/2773/2402
f 2361/2709/2358 2360/2708/2357 2391/2772/2388 2392/2774/2389
f 2375/2711/2372 2374/2710/2371 2405/2773/2402 2406/2775/2403
f 2362/2712/2359 2361/2709/2358 2392/2774/2389 2393/2742/2390
f 2349/2713/2346 2505/2306/2502 2380/2744/2377
f 2376/2714/2373 2375/2711/2372 2406/2775/2403 2407/2746/2404
f 2396/2776/2393 2395/2777/2392 2426/2778/2423 2427/2779/2424
f 2383/2752/2380 2382/2749/2379 2413/2780/2410 2414/2781/2411
f 2410/2753/2407 2409/2750/2406 2440/2782/2437 2441/2783/2438
f 2397/2784/2394 2396/2776/2393 2427/2779/2424 2428/2785/2425
f 2384/2755/2381 2383/2752/2380 2414/2781/2411 2415/2786/2412
f 2504/2332/2501 2410/2753/2407 2441/2783/2438
f 2398/2787/2395 2397/2784/2394 2428/2785/2425 2429/2788/2426
f 2385/2757/2382 2384/2755/2381 2415/2786/2412 2416/2789/2413
f 2399/2790/2396 2398/2787/2395 2429/2788/2426 2430/2791/2427
f 2386/2759/2383 2385/2757/2382 2416/2789/2413 2417/2792/2414
f 2400/2760/2397 2399/2758/2396 2430/2793/2427 2431/2794/2428
f 2387/2761/2384 2386/2759/2383 2417/2792/2414 2418/2795/2415
f 2401/2796/2398 2400/2797/2397 2431/2798/2428 2432/2799/2429
f 2388/2764/2385 2387/2761/2384 2418/2795/2415 2419/2800/2416
f 2402/2768/2399 2401/2801/2398 2432/2802/2429 2433/2803/2430
f 2389/2804/2386 2388/2805/2385 2419/2806/2416 2420/2807/2417
f 2403/2769/2400 2402/2768/2399 2433/2803/2430 2434/2808/2431
f 2390/2809/2387 2389/2804/2386 2420/2807/2417 2421/2810/2418
f 2404/2771/2401 2403/2769/2400 2434/2808/2431 2435/2811/2432
f 2391/2772/2388 2390/2770/2387 2421/2812/2418 2422/2813/2419
f 2405/2773/2402 2404/2771/2401 2435/2811/2432 2436/2814/2433
f 2392/2815/2389 2391/2816/2388 2422/2817/2419 2423/2818/2420
f 2406/2775/2403 2405/2773/2402 2436/2814/2433 2437/2819/2434
f 2393/2820/2390 2392/2815/2389 2423/2818/2420 2424/2821/2421
f 2380/2744/2377 2505/2306/2502 2411/2822/2408
f 2407/2746/2404 2406/2775/2403 2437/2819/2434 2438/2823/2435
f 2394/2824/2391 2393/2820/2390 2424/2821/2421 2425/2825/2422
f 2381/2745/2378 2380/2744/2377 2411/2822/2408 2412/2826/2409
f 2408/2747/2405 2407/2746/2404 2438/2823/2435 2439/2827/2436
f 2395/2777/2392 2394/2824/2391 2425/2825/2422 2426/2778/2423
f 2382/2749/2379 2381/2745/2378 2412/2826/2409 2413/2780/2410
f 2409/2750/2406 2408/2747/2405 2439/2827/2436 2440/2782/2437
f 2429/2788/2426 2428/2785/2425 2459/2828/2456 2460/2829/2457
f 2416/2789/2413 2415/2786/2412 2446/2830/2443 2447/2831/2444
f 2430/2791/2427 2429/2788/2426 2460/2829/2457 2461/2832/2458
f 2417/2792/2414 2416/2789/2413 2447/2831/2444 2448/2833/2445
f 2431/2798/2428 2430/2791/2427 2461/2832/2458 2462/2834/2459
f 2418/2795/2415 2417/2792/2414 2448/2833/2445 2449/2835/2446
f 2432/2799/2429 2431/2798/2428 2462/2834/2459 2463/2836/2460
f 2419/2800/2416 2418/2795/2415 2449/2835/2446 2450/2837/2447
f 2433/2838/2430 2432/2799/2429 2463/2836/2460 2464/2839/2461
f 2420/2807/2417 2419/2806/2416 2450/2840/2447 2451/2841/2448
f 2434/2808/2431 2433/2803/2430 2464/2842/2461 2465/2843/2462
f 2421/2810/2418 2420/2807/2417 2451/2841/2448 2452/2844/2449
f 2435/2811/2432 2434/2808/2431 2465/2843/2462 2466/2845/2463
f 2422/2817/2419 2421/2810/2418 2452/2844/2449 2453/2846/2450
f 2436/2814/2433 2435/2811/2432 2466/2845/2463 2467/2847/2464
f 2423/2818/2420 2422/2817/2419 2453/2846/2450 2454/2848/2451
f 2437/2819/2434 2436/2814/2433 2467/2847/2464 2468/2849/2465
f 2424/2821/2421 2423/2818/2420 2454/2848/2451 2455/2850/2452
f 2411/2822/2408 2505/2306/2502 2442/2851/2439
f 2438/2823/2435 2437/2819/2434 2468/2849/2465 2469/2852/2466
f 2425/2825/2422 2424/2821/2421 2455/2850/2452 2456/2853/2453
f 2412/2826/2409 2411/2822/2408 2442/2851/2439 2443/2854/2440
f 2439/2827/2436 2438/2823/2435 2469/2852/2466 2470/2855/2467
f 2426/2778/2423 2425/2825/2422 2456/2853/2453 2457/2856/2454
f 2413/2780/2410 2412/2826/2409 2443/2854/2440 2444/2857/2441
f 2440/2782/2437 2439/2827/2436 2470/2855/2467 2471/2858/2468
f 2427/2779/2424 2426/2778/2423 2457/2856/2454 2458/2859/2455
f 2414/2781/2411 2413/2780/2410 2444/2857/2441 2445/2860/2442
f 2441/2783/2438 2440/2782/2437 2471/2858/2468 2472/2861/2469
f 2428/2785/2425 2427/2779/2424 2458/2859/2455 2459/2828/2456
f 2415/2786/2412 2414/2781/2411 2445/2860/2442 2446/2830/2443
f 2504/2332/2501 2441/2783/2438 2472/2861/2469
f 2462/2834/2459 2461/2832/2458 2492/2862/2489 2493/2863/2490
f 2449/2835/2446 2448/2833/2445 2479/2864/2476 2480/2865/2477
f 2463/2836/2460 2462/2834/2459 2493/2863/2490 2494/2866/2491
f 2450/2840/2447 2449/2867/2446 2480/2868/2477 2481/2869/2478
f 2464/2839/2461 2463/2836/2460 2494/2866/2491 2495/2870/2492
f 2451/2841/2448 2450/2840/2447 2481/2869/2478 2482/2871/2479
f 2465/2843/2462 2464/2842/2461 2495/2872/2492 2496/2873/2493
f 2452/2844/2449 2451/2841/2448 2482/2871/2479 2483/2874/2480
f 2466/2845/2463 2465/2843/2462 2496/2873/2493 2497/2875/2494
f 2453/2846/2450 2452/2844/2449 2483/2874/2480 2484/2876/2481
f 2467/2847/2464 2466/2845/2463 2497/2875/2494 2498/2877/2495
f 2454/2848/2451 2453/2846/2450 2484/2876/2481 2485/2878/2482
f 2468/2849/2465 2467/2847/2464 2498/2877/2495 2499/2879/2496
f 2455/2850/2452 2454/2848/2451 2485/2878/2482 2486/2880/2483
f 2442/2851/2439 2505/2306/2502 2473/2881/2470
f 2469/2852/2466 2468/2849/2465 2499/2879/2496 2500/2882/2497
f 2456/2853/2453 2455/2850/2452 2486/2880/2483 2487/2883/2484
f 2443/2854/2440 2442/2851/2439 2473/2881/2470 2474/2884/2471
f 2470/2855/2467 2469/2852/2466 2500/2882/2497 2501/2885/2498
f 2457/2856/2454 2456/2853/2453 2487/2883/2484 2488/2886/2485
f 2444/2857/2441 2443/2854/2440 2474/2884/2471 2475/2887/2472
f 2471/2858/2468 2470/2855/2467 2501/2885/2498 2502/2888/2499
f 2458/2859/2455 2457/2856/2454 2488/2886/2485 2489/2889/2486
f 2445/2860/2442 2444/2857/2441 2475/2887/2472 2476/2890/2473
f 2472/2861/2469 2471/2858/2468 2502/2888/2499 2503/2891/2500
f 2459/2828/2456 2458/2859/2455 2489/2889/2486 2490/2892/2487
f 2446/2830/2443 2445/2860/2442 2476/2890/2473 2477/2893/2474
f 2504/2332/2501 2472/2861/2469 2503/2891/2500
f 2460/2829/2457 2459/2828/2456 2490/2892/2487 2491/2894/2488
f 2447/2831/2444 2446/2830/2443 2477/2893/2474 2478/2895/2475
f 2461/2832/2458 2460/2829/2457 2491/2894/2488 2492/2862/2489
f 2448/2833/2445 2447/2831/2444 2478/2895/2475 2479/2864/2476
f 2495/2870/2492 2494/2866/2491 2527/2896/2524 2528/2897/2525
f 2482/2871/2479 2481/2869/2478 2514/2898/2511 2515/2899/2512
f 2496/2900/2493 2495/2870/2492 2528/2897/2525 2529/2901/2526
f 2483/2874/2480 2482/2871/2479 2515/2899/2512 2516/2902/2513
f 2497/2875/2494 2496/2873/2493 2529/2903/2526 2530/2904/2527
f 2484/2876/2481 2483/2874/2480 2516/2902/2513 2517/2905/2514
f 2498/2877/2495 2497/2875/2494 2530/2904/2527 2531/2906/2528
f 2485/2878/2482 2484/2876/2481 2517/2905/2514 2518/2907/2515
f 2499/2879/2496 2498/2877/2495 2531/2906/2528 2532/2908/2529
f 2486/2880/2483 2485/2878/2482 2518/2907/2515 2519/2909/2516
f 2473/2881/2470 2505/2306/2502 2506/2910/2503
f 2500/2882/2497 2499/2879/2496 2532/2908/2529 2533/2911/2530
f 2487/2883/2484 2486/2880/2483 2519/2909/2516 2520/2912/2517
f 2474/2884/2471 2473/2881/2470 2506/2910/2503 2507/2913/2504
f 2501/2885/2498 2500/2882/2497 2533/2911/2530 2534/2914/2531
f 2488/2886/2485 2487/2883/2484 2520/2912/2517 2521/2915/2518
f 2475/2887/2472 2474/2884/2471 2507/2913/2504 2508/2916/2505
f 2502/2888/2499 2501/2885/2498 2534/2914/2531 2535/2917/2532
f 2489/2889/2486 2488/2886/2485 2521/2915/2518 2522/2918/2519
f 2476/2890/2473 2475/2887/2472 2508/2916/2505 2509/2919/2506
f 2503/2891/2500 2502/2888/2499 2535/2917/2532 2536/2920/2533
f 2490/2892/2487 2489/2889/2486 2522/2918/2519 2523/2921/2520
f 2477/2893/2474 2476/2890/2473 2509/2919/2506 2510/2922/2507
f 2504/2332/2501 2503/2891/2500 2536/2920/2533
f 2491/2894/2488 2490/2892/2487 2523/2921/2520 2524/2923/2521
f 2478/2895/2475 2477/2893/2474 2510/2922/2507 2511/2924/2508
f 2492/2862/2489 2491/2894/2488 2524/2923/2521 2525/2925/2522
f 2479/2864/2476 2478/2895/2475 2511/2924/2508 2512/2926/2509
f 2493/2863/2490 2492/2862/2489 2525/2925/2522 2526/2927/2523
f 2480/2865/2477 2479/2864/2476 2512/2926/2509 2513/2928/2510
f 2494/2866/2491 2493/2863/2490 2526/2927/2523 2527/2896/2524
f 2481/2869/2478 2480/2868/2477 2513/2929/2510 2514/2898/2511
f 2530/2904/2527 2529/2903/2526 2560/2930/2557 2561/2931/2558
f 2517/2905/2514 2516/2902/2513 2547/2932/2544 2548/2933/2545
f 2531/2906/2528 2530/2904/2527 2561/2931/2558 2562/2934/2559
f 2518/2907/2515 2517/2905/2514 2548/2933/2545 2549/2935/2546
f 2532/2908/2529 2531/2906/2528 2562/2934/2559 2563/2936/2560
f 2519/2909/2516 2518/2907/2515 2549/2935/2546 2550/2937/2547
f 2506/2910/2503 2505/2306/2502 2537/2938/2534
f 2533/2911/2530 2532/2908/2529 2563/2936/2560 2564/2939/2561
f 2520/2912/2517 2519/2909/2516 2550/2937/2547 2551/2940/2548
f 2507/2913/2504 2506/2910/2503 2537/2938/2534 2538/2941/2535
f 2534/2914/2531 2533/2911/2530 2564/2939/2561 2565/2942/2562
f 2521/2915/2518 2520/2912/2517 2551/2940/2548 2552/2943/2549
f 2508/2916/2505 2507/2913/2504 2538/2941/2535 2539/2944/2536
f 2535/2917/2532 2534/2914/2531 2565/2942/2562 2566/2945/2563
f 2522/2918/2519 2521/2915/2518 2552/2943/2549 2553/2946/2550
f 2509/2919/2506 2508/2916/2505 2539/2944/2536 2540/2947/2537
f 2536/2920/2533 2535/2917/2532 2566/2945/2563 2567/2948/2564
f 2523/2921/2520 2522/2918/2519 2553/2946/2550 2554/2949/2551
f 2510/2922/2507 2509/2919/2506 2540/2947/2537 2541/2950/2538
f 2504/2332/2501 2536/2920/2533 2567/2948/2564
f 2524/2923/2521 2523/2921/2520 2554/2949/2551 2555/2951/2552
f 2511/2924/2508 2510/2922/2507 2541/2950/2538 2542/2952/2539
f 2525/2925/2522 2524/2923/2521 2555/2951/2552 2556/2953/2553
f 2512/2926/2509 2511/2924/2508 2542/2952/2539 2543/2954/2540
f 2526/2927/2523 2525/2925/2522 2556/2953/2553 2557/2955/2554
f 2513/2928/2510 2512/2926/2509 2543/2954/2540 2544/2956/2541
f 2527/2896/2524 2526/2927/2523 2557/2955/2554 2558/2957/2555
f 2514/2898/2511 2513/2929/2510 2544/2958/2541 2545/2959/2542
f 2528/2897/2525 2527/2896/2524 2558/2957/2555 2559/2960/2556
f 2515/2899/2512 2514/2898/2511 2545/2959/2542 2546/2961/2543
f 2529/2901/2526 2528/2897/2525 2559/2960/2556 2560/2962/2557
f 2516/2902/2513 2515/2899/2512 2546/2961/2543 2547/2932/2544
f 2563/2936/2560 2562/2934/2559 2593/2963/2590 2594/2964/2591
f 2550/2937/2547 2549/2935/2546 2580/2965/2577 2581/2966/2578
f 2537/2938/2534 2505/2306/2502 2568/2967/2565
f 2564/2939/2561 2563/2936/2560 2594/2964/2591 2595/2968/2592
f 2551/2940/2548 2550/2937/2547 2581/2966/2578 2582/2969/2579
f 2538/2941/2535 2537/2938/2534 2568/2967/2565 2569/2970/2566
f 2565/2942/2562 2564/2939/2561 2595/2968/2592 2596/2971/2593
f 2552/2943/2549 2551/2940/2548 2582/2969/2579 2583/2972/2580
f 2539/2944/2536 2538/2941/2535 2569/2970/2566 2570/2973/2567
f 2566/2945/2563 2565/2942/2562 2596/2971/2593 2597/2974/2594
f 2553/2946/2550 2552/2943/2549 2583/2972/2580 2584/2975/2581
f 2540/2947/2537 2539/2944/2536 2570/2973/2567 2571/2976/2568
f 2567/2948/2564 2566/2945/2563 2597/2974/2594 2598/2977/2595
f 2554/2949/2551 2553/2946/2550 2584/2975/2581 2585/2978/2582
f 2541/2950/2538 2540/2947/2537 2571/2976/2568 2572/2979/2569
f 2504/2332/2501 2567/2948/2564 2598/2977/2595
f 2555/2951/2552 2554/2949/2551 2585/2978/2582 2586/2980/2583
f 2542/2952/2539 2541/2950/2538 2572/2979/2569 2573/2981/2570
f 2556/2953/2553 2555/2951/2552 2586/2980/2583 2587/2982/2584
f 2543/2954/2540 2542/2952/2539 2573/2981/2570 2574/2983/2571
f 2557/2955/2554 2556/2953/2553 2587/2982/2584 2588/2984/2585
f 2544/2956/2541 2543/2954/2540 2574/2983/2571 2575/2985/2572
f 2558/2957/2555 2557/2955/2554 2588/2984/2585 2589/2986/2586
f 2545/2959/2542 2544/2958/2541 2575/2987/2572 2576/2988/2573
f 2559/2960/2556 2558/2957/2555 2589/2986/2586 2590/2989/2587
f 2546/2961/2543 2545/2959/2542 2576/2988/2573 2577/2990/2574
f 2560/2962/2557 2559/2960/2556 2590/2989/2587 2591/2991/2588
f 2547/2932/2544 2546/2961/2543 2577/2990/2574 2578/2992/2575
f 2561/2931/2558 2560/2930/2557 2591/2993/2588 2592/2994/2589
f 2548/2933/2545 2547/2932/2544 2578/2992/2575 2579/2995/2576
f 2562/2934/2559 2561/2931/2558 2592/2994/2589 2593/2963/2590
f 2549/2935/2546 2548/2933/2545 2579/2995/2576 2580/2965/2577
f 2596/2971/2593 2595/2968/2592 2626/2996/2623 2627/2997/2624
f 2583/2972/2580 2582/2969/2579 2613/2998/2610 2614/2999/2611
f 2570/2973/2567 2569/2970/2566 2600/3000/2597 2601/3001/2598
f 2597/2974/2594 2596/2971/2593 2627/2997/2624 2628/3002/2625
f 2584/2975/2581 2583/2972/2580 2614/2999/2611 2615/3003/2612
f 2571/2976/2568 2570/2973/2567 2601/3001/2598 2602/3004/2599
f 2598/2977/2595 2597/2974/2594 2628/3002/2625 2629/3005/2626
f 2585/2978/2582 2584/2975/2581 2615/3003/2612 2616/3006/2613
f 2572/2979/2569 2571/2976/2568 2602/3004/2599 2603/3007/2600
f 2504/2332/2501 2598/2977/2595 2629/3005/2626
f 2586/2980/2583 2585/2978/2582 2616/3006/2613 2617/3008/2614
f 2573/2981/2570 2572/2979/2569 2603/3007/2600 2604/3009/2601
f 2587/2982/2584 2586/2980/2583 2617/3008/2614 2618/3010/2615
f 2574/2983/2571 2573/2981/2570 2604/3009/2601 2605/3011/2602
f 2588/2984/2585 2587/2982/2584 2618/3010/2615 2619/3012/2616
f 2575/2985/2572 2574/2983/2571 2605/3011/2602 2606/3013/2603
f 2589/2986/2586 2588/2984/2585 2619/3012/2616 2620/3014/2617
f 2576/2988/2573 2575/2987/2572 2606/3015/2603 2607/3016/2604
f 2590/2989/2587 2589/2986/2586 2620/3014/2617 2621/3017/2618
f 2577/2990/2574 2576/2988/2573 2607/3016/2604 2608/3018/2605
f 2591/2993/2588 2590/3019/2587 2621/3020/2618 2622/3021/2619
f 2578/2992/2575 2577/2990/2574 2608/3018/2605 2609/3022/2606
f 2592/2994/2589 2591/2993/2588 2622/3021/2619 2623/3023/2620
f 2579/2995/2576 2578/2992/2575 2609/3022/2606 2610/3024/2607
f 2593/2963/2590 2592/2994/2589 2623/3023/2620 2624/3025/2621
f 2580/2965/2577 2579/2995/2576 2610/3024/2607 2611/3026/2608
f 2594/2964/2591 2593/2963/2590 2624/3025/2621 2625/3027/2622
f 2581/2966/2578 2580/2965/2577 2611/3026/2608 2612/3028/2609
f 2568/2967/2565 2505/2306/2502 2599/3029/2596
f 2595/2968/2592 2594/2964/2591 2625/3027/2622 2626/2996/2623
f 2582/2969/2579 2581/2966/2578 2612/3028/2609 2613/2998/2610
f 2569/2970/2566 2568/2967/2565 2599/3029/2596 2600/3000/2597
f 2629/3005/2626 2628/3002/2625 2659/3030/2656 2660/3031/2657
f 2616/3006/2613 2615/3003/2612 2646/3032/2643 2647/3033/2644
f 2603/3007/2600 2602/3004/2599 2633/3034/2630 2634/3035/2631
f 2504/2332/2501 2629/3005/2626 2660/3031/2657
f 2617/3008/2614 2616/3006/2613 2647/3033/2644 2648/3036/2645
f 2604/3009/2601 2603/3007/2600 2634/3035/2631 2635/3037/2632
f 2618/3010/2615 2617/3008/2614 2648/3036/2645 2649/3038/2646
f 2605/3011/2602 2604/3009/2601 2635/3037/2632 2636/3039/2633
f 2619/3012/2616 2618/3010/2615 2649/3038/2646 2650/3040/2647
f 2606/3013/2603 2605/3011/2602 2636/3039/2633 2637/3041/2634
f 2620/3014/2617 2619/3012/2616 2650/3040/2647 2651/3042/2648
f 2607/3043/2604 2606/3013/2603 2637/3041/2634 2638/3044/2635
f 2621/3017/2618 2620/3014/2617 2651/3042/2648 2652/3045/2649
f 2608/3018/2605 2607/3016/2604 2638/3046/2635 2639/3047/2636
f 2622/3021/2619 2621/3020/2618 2652/3048/2649 2653/3049/2650
f 2609/3022/2606 2608/3018/2605 2639/3047/2636 2640/3050/2637
f 2623/3023/2620 2622/3021/2619 2653/3049/2650 2654/3051/2651
f 2610/3024/2607 2609/3022/2606 2640/3050/2637 2641/3052/2638
f 2624/3025/2621 2623/3023/2620 2654/3051/2651 2655/3053/2652
f 2611/3026/2608 2610/3024/2607 2641/3052/2638 2642/3054/2639
f 2625/3027/2622 2624/3025/2621 2655/3053/2652 2656/3055/2653
f 2612/3028/2609 2611/3026/2608 2642/3054/2639 2643/3056/2640
f 2599/3029/2596 2505/2306/2502 2630/3057/2627
f 2626/2996/2623 2625/3027/2622 2656/3055/2653 2657/3058/2654
f 2613/2998/2610 2612/3028/2609 2643/3056/2640 2644/3059/2641
f 2600/3000/2597 2599/3029/2596 2630/3057/2627 2631/3060/2628
f 2627/2997/2624 2626/2996/2623 2657/3058/2654 2658/3061/2655
f 2614/2999/2611 2613/2998/2610 2644/3059/2641 2645/3062/2642
f 2601/3001/2598 2600/3000/2597 2631/3060/2628 2632/3063/2629
f 2628/3002/2625 2627/2997/2624 2658/3061/2655 2659/3030/2656
f 2615/3003/2612 2614/2999/2611 2645/3062/2642 2646/3032/2643
f 2602/3004/2599 2601/3001/2598 2632/3063/2629 2633/3034/2630
f 2649/3064/2646 2648/3065/2645 2679/3066/2676 2680/3067/2677
f 2636/3039/2633 2635/3037/2632 2666/3068/2663 2667/3069/2664
f 2650/3070/2647 2649/3064/2646 2680/3067/2677 2681/3071/2678
f 2637/3041/2634 2636/3039/2633 2667/3069/2664 2668/3072/2665
f 2651/3073/2648 2650/3070/2647 2681/3071/2678 2682/3074/2679
f 2638/3044/2635 2637/3041/2634 2668/3072/2665 2669/3075/2666
f 2652/3048/2649 2651/3076/2648 2682/3077/2679 2683/3078/2680
f 2639/3047/2636 2638/3046/2635 2669/3079/2666 2670/3080/2667
f 2653/3049/2650 2652/3048/2649 2683/3078/2680 2684/3081/2681
f 2640/3050/2637 2639/3047/2636 2670/3080/2667 2671/3082/2668
f 2654/3051/2651 2653/3049/2650 2684/3081/2681 2685/3083/2682
f 2641/3052/2638 2640/3050/2637 2671/3082/2668 2672/3084/2669
f 2655/3053/2652 2654/3051/2651 2685/3083/2682 2686/3085/2683
f 2642/3054/2639 2641/3052/2638 2672/3084/2669 2673/3086/2670
f 2656/3055/2653 2655/3053/2652 2686/3085/2683 2687/3087/2684
f 2643/3056/2640 2642/3054/2639 2673/3086/2670 2674/3088/2671
f 2630/3057/2627 2505/2306/2502 2661/3089/2658
f 2657/3058/2654 2656/3055/2653 2687/3087/2684 2688/3090/2685
f 2644/3059/2641 2643/3056/2640 2674/3088/2671 2675/3091/2672
f 2631/3060/2628 2630/3057/2627 2661/3089/2658 2662/3092/2659
f 2658/3061/2655 2657/3058/2654 2688/3090/2685 2689/3093/2686
f 2645/3062/2642 2644/3059/2641 2675/3091/2672 2676/3094/2673
f 2632/3063/2629 2631/3060/2628 2662/3092/2659 2663/3095/2660
f 2659/3030/2656 2658/3061/2655 2689/3093/2686 2690/3096/2687
f 2646/3097/2643 2645/3098/2642 2676/3099/2673 2677/3100/2674
f 2633/3034/2630 2632/3063/2629 2663/3095/2660 2664/3101/2661
f 2660/3031/2657 2659/3030/2656 2690/3096/2687 2691/3102/2688
f 2647/3103/2644 2646/3097/2643 2677/3100/2674 2678/3104/2675
f 2634/3035/2631 2633/3034/2630 2664/3101/2661 2665/3105/2662
f 2504/2332/2501 2660/3031/2657 2691/3102/2688
f 2648/3065/2645 2647/3103/2644 2678/3104/2675 2679/3066/2676
f 2635/3037/2632 2634/3035/2631 2665/3105/2662 2666/3068/2663
f 2682/3074/2679 2681/3071/2678 2712/3106/2709 2713/3107/2710
f 2669/3075/2666 2668/3072/2665 2699/3108/2696 2700/3109/2697
f 2683/3110/2680 2682/3074/2679 2713/3107/2710 2714/3111/2711
f 2670/3112/2667 2669/3113/2666 2700/3114/2697 2701/3115/2698
f 2684/3081/2681 2683/3078/2680 2714/3116/2711 2715/3117/2712
f 2671/3118/2668 2670/3112/2667 2701/3115/2698 2702/3119/2699
f 2685/3083/2682 2684/3081/2681 2715/3117/2712 2716/3120/2713
f 2672/3121/2669 2671/3118/2668 2702/3119/2699 2703/3122/2700
f 2686/3085/2683 2685/3083/2682 2716/3120/2713 2717/3123/2714
f 2673/3124/2670 2672/3121/2669 2703/3122/2700 2704/3125/2701
f 2687/3087/2684 2686/3085/2683 2717/3123/2714 2718/3126/2715
f 2674/3127/2671 2673/3124/2670 2704/3125/2701 2705/3128/2702
f 2661/3089/2658 2505/2306/2502 2692/3129/2689
f 2688/3090/2685 2687/3087/2684 2718/3126/2715 2719/3130/2716
f 2675/3131/2672 2674/3127/2671 2705/3128/2702 2706/3132/2703
f 2662/3092/2659 2661/3089/2658 2692/3129/2689 2693/3133/2690
f 2689/3093/2686 2688/3090/2685 2719/3130/2716 2720/3134/2717
f 2676/3099/2673 2675/3131/2672 2706/3132/2703 2707/3135/2704
f 2663/3095/2660 2662/3092/2659 2693/3133/2690 2694/3136/2691
f 2690/3096/2687 2689/3093/2686 2720/3134/2717 2721/3137/2718
f 2677/3100/2674 2676/3099/2673 2707/3135/2704 2708/3138/2705
f 2664/3101/2661 2663/3095/2660 2694/3136/2691 2695/3139/2692
f 2691/3102/2688 2690/3096/2687 2721/3137/2718 2722/3140/2719
f 2678/3104/2675 2677/3100/2674 2708/3138/2705 2709/3141/2706
f 2665/3105/2662 2664/3101/2661 2695/3139/2692 2696/3142/2693
f 2504/2332/2501 2691/3102/2688 2722/3140/2719
f 2679/3066/2676 2678/3104/2675 2709/3141/2706 2710/3143/2707
f 2666/3068/2663 2665/3105/2662 2696/3142/2693 2697/3144/2694
f 2680/3067/2677 2679/3066/2676 2710/3143/2707 2711/3145/2708
f 2667/3069/2664 2666/3068/2663 2697/3144/2694 2698/3146/2695
f 2681/3071/2678 2680/3067/2677 2711/3145/2708 2712/3106/2709
f 2668/3072/2665 2667/3069/2664 2698/3146/2695 2699/3108/2696
f 2715/3147/2712 2714/3111/2711 2745/3148/2742 2746/3149/2743
f 2702/3119/2699 2701/3115/2698 2732/3150/2729 2733/3151/2730
f 2716/3120/2713 2715/3117/2712 2746/3152/2743 2747/3153/2744
f 2703/3122/2700 2702/3119/2699 2733/3151/2730 2734/3154/2731
f 2717/3123/2714 2716/3120/2713 2747/3153/2744 2748/3155/2745
f 2704/3125/2701 2703/3122/2700 2734/3154/2731 2735/3156/2732
f 2718/3126/2715 2717/3123/2714 2748/3155/2745 2749/3157/2746
f 2705/3128/2702 2704/3125/2701 2735/3156/2732 2736/3158/2733
f 2692/3129/2689 2505/2306/2502 2723/3159/2720
f 2719/3130/2716 2718/3126/2715 2749/3157/2746 2750/3160/2747
f 2706/3132/2703 2705/3128/2702 2736/3158/2733 2737/3161/2734
f 2693/3133/2690 2692/3129/2689 2723/3159/2720 2724/3162/2721
f 2720/3134/2717 2719/3130/2716 2750/3160/2747 2751/3163/2748
f 2707/3135/2704 2706/3132/2703 2737/3161/2734 2738/3164/2735
f 2694/3136/2691 2693/3133/2690 2724/3162/2721 2725/3165/2722
f 2721/3137/2718 2720/3134/2717 2751/3163/2748 2752/3166/2749
f 2708/3138/2705 2707/3135/2704 2738/3164/2735 2739/3167/2736
f 2695/3139/2692 2694/3136/2691 2725/3165/2722 2726/3168/2723
f 2722/3140/2719 2721/3137/2718 2752/3166/2749 2753/3169/2750
f 2709/3141/2706 2708/3138/2705 2739/3167/2736 2740/3170/2737
f 2696/3142/2693 2695/3139/2692 2726/3168/2723 2727/3171/2724
f 2504/2332/2501 2722/3140/2719 2753/3169/2750
f 2710/3143/2707 2709/3141/2706 2740/3170/2737 2741/3172/2738
f 2697/3144/2694 2696/3142/2693 2727/3171/2724 2728/3173/2725
f 2711/3145/2708 2710/3143/2707 2741/3172/2738 2742/3174/2739
f 2698/3146/2695 2697/3144/2694 2728/3173/2725 2729/3175/2726
f 2712/3106/2709 2711/3145/2708 2742/3174/2739 2743/3176/2740
f 2699/3108/2696 2698/3146/2695 2729/3175/2726 2730/3177/2727
f 2713/3107/2710 2712/3106/2709 2743/3176/2740 2744/3178/2741
f 2700/3109/2697 2699/3108/2696 2730/3177/2727 2731/3179/2728
f 2714/3111/2711 2713/3107/2710 2744/3178/2741 2745/3148/2742
f 2701/3115/2698 2700/3114/2697 2731/3180/2728 2732/3150/2729
f 2748/3155/2745 2747/3153/2744 2778/3181/2775 2779/3182/2776
f 2735/3156/2732 2734/3154/2731 2765/3183/2762 2766/3184/2763
f 2749/3157/2746 2748/3155/2745 2779/3182/2776 2780/3185/2777
f 2736/3158/2733 2735/3156/2732 2766/3184/2763 2767/3186/2764
f 2723/3159/2720 2505/2306/2502 2754/3187/2751
f 2750/3160/2747 2749/3157/2746 2780/3185/2777 2781/3188/2778
f 2737/3161/2734 2736/3158/2733 2767/3186/2764 2768/3189/2765
f 2724/3162/2721 2723/3159/2720 2754/3187/2751 2755/3190/2752
f 2751/3163/2748 2750/3160/2747 2781/3188/2778 2782/3191/2779
f 2738/3164/2735 2737/3161/2734 2768/3189/2765 2769/3192/2766
f 2725/3165/2722 2724/3162/2721 2755/3190/2752 2756/3193/2753
f 2752/3166/2749 2751/3163/2748 2782/3191/2779 2783/3194/2780
f 2739/3167/2736 2738/3164/2735 2769/3192/2766 2770/3195/2767
f 2726/3168/2723 2725/3165/2722 2756/3193/2753 2757/3196/2754
f 2753/3169/2750 2752/3166/2749 2783/3194/2780 2784/3197/2781
f 2740/3170/2737 2739/3167/2736 2770/3195/2767 2771/3198/2768
f 2727/3171/2724 2726/3168/2723 2757/3196/2754 2758/3199/2755
f 2504/2332/2501 2753/3169/2750 2784/3197/2781
f 2741/3172/2738 2740/3170/2737 2771/3198/2768 2772/3200/2769
f 2728/3173/2725 2727/3171/2724 2758/3199/2755 2759/3201/2756
f 2742/3174/2739 2741/3172/2738 2772/3200/2769 2773/3202/2770
f 2729/3175/2726 2728/3173/2725 2759/3201/2756 2760/3203/2757
f 2743/3176/2740 2742/3174/2739 2773/3202/2770 2774/3204/2771
f 2730/3177/2727 2729/3175/2726 2760/3203/2757 2761/3205/2758
f 2744/3178/2741 2743/3176/2740 2774/3204/2771 2775/3206/2772
f 2731/3180/2728 2730/3207/2727 2761/3208/2758 2762/3209/2759
f 2745/3148/2742 2744/3178/2741 2775/3206/2772 2776/3210/2773
f 2732/3150/2729 2731/3180/2728 2762/3209/2759 2763/3211/2760
f 2746/3149/2743 2745/3148/2742 2776/3210/2773 2777/3212/2774
f 2733/3151/2730 2732/3150/2729 2763/3211/2760 2764/3213/2761
f 2747/3153/2744 2746/3152/2743 2777/3214/2774 2778/3181/2775
f 2734/3154/2731 2733/3151/2730 2764/3213/2761 2765/3183/2762
f 2754/3187/2751 2505/2306/2502 2785/3215/2782
f 2781/3188/2778 2780/3185/2777 2811/3216/2808 2812/3217/2809
f 2768/3189/2765 2767/3186/2764 2798/3218/2795 2799/3219/2796
f 2755/3190/2752 2754/3187/2751 2785/3215/2782 2786/3220/2783
f 2782/3191/2779 2781/3188/2778 2812/3217/2809 2813/3221/2810
f 2769/3192/2766 2768/3189/2765 2799/3219/2796 2800/3222/2797
f 2756/3193/2753 2755/3190/2752 2786/3220/2783 2787/3223/2784
f 2783/3194/2780 2782/3191/2779 2813/3221/2810 2814/3224/2811
f 2770/3195/2767 2769/3192/2766 2800/3222/2797 2801/3225/2798
f 2757/3196/2754 2756/3193/2753 2787/3223/2784 2788/3226/2785
f 2784/3197/2781 2783/3194/2780 2814/3224/2811 2815/3227/2812
f 2771/3198/2768 2770/3195/2767 2801/3225/2798 2802/3228/2799
f 2758/3199/2755 2757/3196/2754 2788/3226/2785 2789/3229/2786
f 2504/2332/2501 2784/3197/2781 2815/3227/2812
f 2772/3200/2769 2771/3198/2768 2802/3228/2799 2803/3230/2800
f 2759/3201/2756 2758/3199/2755 2789/3229/2786 2790/3231/2787
f 2773/3202/2770 2772/3200/2769 2803/3230/2800 2804/3232/2801
f 2760/3203/2757 2759/3201/2756 2790/3231/2787 2791/3233/2788
f 2774/3204/2771 2773/3202/2770 2804/3232/2801 2805/3234/2802
f 2761/3205/2758 2760/3203/2757 2791/3233/2788 2792/3235/2789
f 2775/3206/2772 2774/3204/2771 2805/3234/2802 2806/3236/2803
f 2762/3209/2759 2761/3208/2758 2792/3237/2789 2793/3238/2790
f 2776/3210/2773 2775/3206/2772 2806/3236/2803 2807/3239/2804
f 2763/3211/2760 2762/3209/2759 2793/3238/2790 2794/3240/2791
f 2777/3212/2774 2776/3210/2773 2807/3239/2804 2808/3241/2805
f 2764/3213/2761 2763/3211/2760 2794/3240/2791 2795/3242/2792
f 2778/3181/2775 2777/3214/2774 2808/3243/2805 2809/3244/2806
f 2765/3183/2762 2764/3213/2761 2795/3242/2792 2796/3245/2793
f 2779/3182/2776 2778/3181/2775 2809/3244/2806 2810/3246/2807
f 2766/3184/2763 2765/3183/2762 2796/3245/2793 2797/3247/2794
f 2780/3185/2777 2779/3182/2776 2810/3246/2807 2811/3216/2808
f 2767/3186/2764 2766/3184/2763 2797/3247/2794 2798/3218/2795
f 2811/3216/2808 2810/3246/2807 2841/3248/2838 2842/3249/2839
f 2798/3218/2795 2797/3247/2794 2828/3250/2825 2829/3251/2826
f 2785/3215/2782 2505/2306/2502 2816/3252/2813
f 2812/3217/2809 2811/3216/2808 2842/3249/2839 2843/3253/2840
f 2799/3219/2796 2798/3218/2795 2829/3251/2826 2830/3254/2827
f 2786/3220/2783 2785/3215/2782 2816/3252/2813 2817/3255/2814
f 2813/3221/2810 2812/3217/2809 2843/3253/2840 2844/3256/2841
f 2800/3222/2797 2799/3219/2796 2830/3254/2827 2831/3257/2828
f 2787/3223/2784 2786/3220/2783 2817/3255/2814 2818/3258/2815
f 2814/3224/2811 2813/3221/2810 2844/3256/2841 2845/3259/2842
f 2801/3225/2798 2800/3222/2797 2831/3257/2828 2832/3260/2829
f 2788/3226/2785 2787/3223/2784 2818/3258/2815 2819/3261/2816
f 2815/3227/2812 2814/3224/2811 2845/3259/2842 2846/3262/2843
f 2802/3228/2799 2801/3225/2798 2832/3260/2829 2833/3263/2830
f 2789/3229/2786 2788/3226/2785 2819/3261/2816 2820/3264/2817
f 2504/2332/2501 2815/3227/2812 2846/3262/2843
f 2803/3230/2800 2802/3228/2799 2833/3263/2830 2834/3265/2831
f 2790/3231/2787 2789/3229/2786 2820/3264/2817 2821/3266/2818
f 2804/3232/2801 2803/3230/2800 2834/3265/2831 2835/3267/2832
f 2791/3233/2788 2790/3231/2787 2821/3266/2818 2822/3268/2819
f 2805/3234/2802 2804/3232/2801 2835/3267/2832 2836/3269/2833
f 2792/3235/2789 2791/3233/2788 2822/3268/2819 2823/3270/2820
f 2806/3236/2803 2805/3234/2802 2836/3269/2833 2837/3271/2834
f 2793/3238/2790 2792/3237/2789 2823/3272/2820 2824/3273/2821
f 2807/3239/2804 2806/3236/2803 2837/3271/2834 2838/3274/2835
f 2794/3240/2791 2793/3238/2790 2824/3273/2821 2825/3275/2822
f 2808/3241/2805 2807/3239/2804 2838/3274/2835 2839/3276/2836
f 2795/3242/2792 2794/3240/2791 2825/3275/2822 2826/3277/2823
f 2809/3244/2806 2808/3243/2805 2839/3278/2836 2840/3279/2837
f 2796/3245/2793 2795/3242/2792 2826/3277/2823 2827/3280/2824
f 2810/3246/2807 2809/3244/2806 2840/3279/2837 2841/3248/2838
f 2797/3247/2794 2796/3245/2793 2827/3280/2824 2828/3250/2825
f 2817/3255/2814 2816/3252/2813 2847/3281/2844 2848/3282/2845
f 2844/3256/2841 2843/3253/2840 2874/3283/2871 2875/3284/2872
f 2831/3257/2828 2830/3254/2827 2861/3285/2858 2862/3286/2859
f 2818/3258/2815 2817/3255/2814 2848/3282/2845 2849/3287/2846
f 2845/3259/2842 2844/3256/2841 2875/3284/2872 2876/3288/2873
f 2832/3260/2829 2831/3257/2828 2862/3286/2859 2863/3289/2860
f 2819/3261/2816 2818/3258/2815 2849/3287/2846 2850/3290/2847
f 2846/3262/2843 2845/3259/2842 2876/3288/2873 2877/3291/2874
f 2833/3263/2830 2832/3260/2829 2863/3289/2860 2864/3292/2861
f 2820/3264/2817 2819/3261/2816 2850/3290/2847 2851/3293/2848
f 2504/2332/2501 2846/3262/2843 2877/3291/2874
f 2834/3265/2831 2833/3263/2830 2864/3292/2861 2865/3294/2862
f 2821/3266/2818 2820/3264/2817 2851/3293/2848 2852/3295/2849
f 2835/3267/2832 2834/3265/2831 2865/3294/2862 2866/3296/2863
f 2822/3268/2819 2821/3266/2818 2852/3295/2849 2853/3297/2850
f 2836/3269/2833 2835/3267/2832 2866/3296/2863 2867/3298/2864
f 2823/3270/2820 2822/3268/2819 2853/3297/2850 2854/3299/2851
f 2837/3271/2834 2836/3269/2833 2867/3298/2864 2868/3300/2865
f 2824/3301/2821 2823/3270/2820 2854/3299/2851 2855/3302/2852
f 2838/3274/2835 2837/3271/2834 2868/3300/2865 2869/3303/2866
f 2825/3275/2822 2824/3273/2821 2855/3304/2852 2856/3305/2853
f 2839/3276/2836 2838/3274/2835 2869/3303/2866 2870/3306/2867
f 2826/3277/2823 2825/3275/2822 2856/3305/2853 2857/3307/2854
f 2840/3279/2837 2839/3278/2836 2870/3308/2867 2871/3309/2868
f 2827/3280/2824 2826/3277/2823 2857/3307/2854 2858/3310/2855
f 2841/3248/2838 2840/3279/2837 2871/3309/2868 2872/3311/2869
f 2828/3250/2825 2827/3280/2824 2858/3310/2855 2859/3312/2856
f 2842/3249/2839 2841/3248/2838 2872/3311/2869 2873/3313/2870
f 2829/3251/2826 2828/3250/2825 2859/3312/2856 2860/3314/2857
f 2816/3252/2813 2505/2306/2502 2847/3281/2844
f 2843/3253/2840 2842/3249/2839 2873/3313/2870 2874/3283/2871
f 2830/3254/2827 2829/3251/2826 2860/3314/2857 2861/3285/2858
f 2850/3290/2847 2849/3287/2846 2880/3315/2877 2881/3316/2878
f 2877/3291/2874 2876/3288/2873 2907/3317/2904 2908/3318/2905
f 2864/3292/2861 2863/3289/2860 2894/3319/2891 2895/3320/2892
f 2851/3293/2848 2850/3290/2847 2881/3316/2878 2882/3321/2879
f 2504/2332/2501 2877/3291/2874 2908/3318/2905
f 2865/3294/2862 2864/3292/2861 2895/3320/2892 2896/3322/2893
f 2852/3295/2849 2851/3293/2848 2882/3321/2879 2883/3323/2880
f 2866/3296/2863 2865/3294/2862 2896/3322/2893 2897/3324/2894
f 2853/3297/2850 2852/3295/2849 2883/3323/2880 2884/3325/2881
f 2867/3298/2864 2866/3296/2863 2897/3324/2894 2898/3326/2895
f 2854/3299/2851 2853/3297/2850 2884/3325/2881 2885/3327/2882
f 2868/3300/2865 2867/3298/2864 2898/3326/2895 2899/3328/2896
f 2855/3302/2852 2854/3299/2851 2885/3327/2882 2886/3329/2883
f 2869/3303/2866 2868/3300/2865 2899/3328/2896 2900/3330/2897
f 2856/3305/2853 2855/3304/2852 2886/3331/2883 2887/3332/2884
f 2870/3308/2867 2869/3333/2866 2900/3334/2897 2901/3335/2898
f 2857/3307/2854 2856/3305/2853 2887/3332/2884 2888/3336/2885
f 2871/3309/2868 2870/3308/2867 2901/3335/2898 2902/3337/2899
f 2858/3310/2855 2857/3307/2854 2888/3336/2885 2889/3338/2886
f 2872/3311/2869 2871/3309/2868 2902/3337/2899 2903/3339/2900
f 2859/3312/2856 2858/3310/2855 2889/3338/2886 2890/3340/2887
f 2873/3313/2870 2872/3311/2869 2903/3339/2900 2904/3341/2901
f 2860/3314/2857 2859/3312/2856 2890/3340/2887 2891/3342/2888
f 2847/3281/2844 2505/2306/2502 2878/3343/2875
f 2874/3283/2871 2873/3313/2870 2904/3341/2901 2905/3344/2902
f 2861/3285/2858 2860/3314/2857 2891/3342/2888 2892/3345/2889
f 2848/3282/2845 2847/3281/2844 2878/3343/2875 2879/3346/2876
f 2875/3284/2872 2874/3283/2871 2905/3344/2902 2906/3347/2903
f 2862/3286/2859 2861/3285/2858 2892/3345/2889 2893/3348/2890
f 2849/3287/2846 2848/3282/2845 2879/3346/2876 2880/3315/2877
f 2876/3288/2873 2875/3284/2872 2906/3347/2903 2907/3317/2904
f 2863/3289/2860 2862/3286/2859 2893/3348/2890 2894/3319/2891
f 2883/3323/2880 2882/3321/2879 2913/3349/2910 2914/3350/2911
f 2897/3351/2894 2896/3352/2893 2927/3353/2924 2928/3354/2925
f 2884/3325/2881 2883/3323/2880 2914/3350/2911 2915/3355/2912
f 2898/3356/2895 2897/3351/2894 2928/3354/2925 2929/3357/2926
f 2885/3327/2882 2884/3325/2881 2915/3355/2912 2916/3358/2913
f 2899/3359/2896 2898/3356/2895 2929/3357/2926 2930/3360/2927
f 2886/3329/2883 2885/3327/2882 2916/3358/2913 2917/3361/2914
f 2900/3362/2897 2899/3359/2896 2930/3360/2927 2931/3363/2928
f 2887/3364/2884 2886/3329/2883 2917/3361/2914 2918/3365/2915
f 2901/3335/2898 2900/3334/2897 2931/3366/2928 2932/3367/2929
f 2888/3368/2885 2887/3369/2884 2918/3370/2915 2919/3371/2916
f 2902/3337/2899 2901/3335/2898 2932/3367/2929 2933/3372/2930
f 2889/3373/2886 2888/3368/2885 2919/3371/2916 2920/3374/2917
f 2903/3339/2900 2902/3337/2899 2933/3372/2930 2934/3375/2931
f 2890/3376/2887 2889/3373/2886 2920/3374/2917 2921/3377/2918
f 2904/3341/2901 2903/3339/2900 2934/3375/2931 2935/3378/2932
f 2891/3379/2888 2890/3376/2887 2921/3377/2918 2922/3380/2919
f 2878/3343/2875 2505/2306/2502 2909/3381/2906
f 2905/3344/2902 2904/3341/2901 2935/3378/2932 2936/3382/2933
f 2892/3383/2889 2891/3379/2888 2922/3380/2919 2923/3384/2920
f 2879/3346/2876 2878/3343/2875 2909/3381/2906 2910/3385/2907
f 2906/3347/2903 2905/3344/2902 2936/3382/2933 2937/3386/2934
f 2893/3387/2890 2892/3383/2889 2923/3384/2920 2924/3388/2921
f 2880/3315/2877 2879/3346/2876 2910/3385/2907 2911/3389/2908
f 2907/3317/2904 2906/3347/2903 2937/3386/2934 2938/3390/2935
f 2894/3391/2891 2893/3387/2890 2924/3388/2921 2925/3392/2922
f 2881/3316/2878 2880/3315/2877 2911/3389/2908 2912/3393/2909
f 2908/3318/2905 2907/3317/2904 2938/3390/2935 2939/3394/2936
f 2895/3395/2892 2894/3391/2891 2925/3392/2922 2926/3396/2923
f 2882/3321/2879 2881/3316/2878 2912/3393/2909 2913/3349/2910
f 2504/2332/2501 2908/3318/2905 2939/3394/2936
f 2896/3352/2893 2895/3395/2892 2926/3396/2923 2927/3353/2924
f 2916/3358/2913 2915/3355/2912 2946/3397/2943 2947/3398/2944
f 2930/3360/2927 2929/3357/2926 2960/3399/2957 2961/3400/2958
f 2917/3361/2914 2916/3358/2913 2947/3398/2944 2948/3401/2945
f 2931/3363/2928 2930/3360/2927 2961/3400/2958 2962/3402/2959
f 2918/3370/2915 2917/3403/2914 2948/3404/2945 2949/3405/2946
f 2932/3367/2929 2931/3366/2928 2962/3406/2959 2963/3407/2960
f 2919/3371/2916 2918/3370/2915 2949/3405/2946 2950/3408/2947
f 2933/3372/2930 2932/3367/2929 2963/3407/2960 2964/3409/2961
f 2920/3374/2917 2919/3371/2916 2950/3408/2947 2951/3410/2948
f 2934/3375/2931 2933/3372/2930 2964/3409/2961 2965/3411/2962
f 2921/3377/2918 2920/3374/2917 2951/3410/2948 2952/3412/2949
f 2935/3378/2932 2934/3375/2931 2965/3411/2962 2966/3413/2963
f 2922/3380/2919 2921/3377/2918 2952/3412/2949 2953/3414/2950
f 2909/3381/2906 2505/2306/2502 2940/3415/2937
f 2936/3382/2933 2935/3378/2932 2966/3413/2963 2967/3416/2964
f 2923/3384/2920 2922/3380/2919 2953/3414/2950 2954/3417/2951
f 2910/3385/2907 2909/3381/2906 2940/3415/2937 2941/3418/2938
f 2937/3386/2934 2936/3382/2933 2967/3416/2964 2968/3419/2965
f 2924/3388/2921 2923/3384/2920 2954/3417/2951 2955/3420/2952
f 2911/3389/2908 2910/3385/2907 2941/3418/2938 2942/3421/2939
f 2938/3390/2935 2937/3386/2934 2968/3419/2965 2969/3422/2966
f 2925/3392/2922 2924/3388/2921 2955/3420/2952 2956/3423/2953
f 2912/3393/2909 2911/3389/2908 2942/3421/2939 2943/3424/2940
f 2939/3394/2936 2938/3390/2935 2969/3422/2966 2970/3425/2967
f 2926/3396/2923 2925/3392/2922 2956/3423/2953 2957/3426/2954
f 2913/3349/2910 2912/3393/2909 2943/3424/2940 2944/3427/2941
f 2504/2332/2501 2939/3394/2936 2970/3425/2967
f 2927/3353/2924 2926/3396/2923 2957/3426/2954 2958/3428/2955
f 2914/3350/2911 2913/3349/2910 2944/3427/2941 2945/3429/2942
f 2928/3354/2925 2927/3353/2924 2958/3428/2955 2959/3430/2956
f 2915/3355/2912 2914/3350/2911 2945/3429/2942 2946/3397/2943
f 2929/3357/2926 2928/3354/2925 2959/3430/2956 2960/3399/2957
f 2949/3405/2946 2948/3404/2945 1993/2347/1990 2978/2353/2975
f 2963/3431/2960 2962/3402/2959 2002/2351/1999 2983/2355/2980
f 2950/3408/2947 2949/3405/2946 2978/2353/2975 2979/2294/2976
f 2964/3409/2961 2963/3407/2960 2983/2290/2980 2003/2289/2000
f 2951/3410/2948 2950/3408/2947 2979/2294/2976 1994/2293/1991
f 2965/3411/2962 2964/3409/2961 2003/2289/2000 2004/2297/2001
f 2952/3412/2949 2951/3410/2948 1994/2293/1991 1995/2299/1992
f 2966/3413/2963 2965/3411/2962 2004/2297/2001 2005/2301/2002
f 2953/3414/2950 2952/3412/2949 1995/2299/1992 1996/2303/1993
f 2940/3415/2937 2505/2306/2502 2971/2305/2968
f 2967/3416/2964 2966/3413/2963 2005/2301/2002 2984/2308/2981
f 2954/3417/2951 2953/3414/2950 1996/2303/1993 1997/2310/1994
f 2941/3418/2938 2940/3415/2937 2971/2305/2968 2972/2312/2969
f 2968/3419/2965 2967/3416/2964 2984/2308/2981 2985/2314/2982
f 2955/3420/2952 2954/3417/2951 1997/2310/1994 2980/2316/2977
f 2942/3421/2939 2941/3418/2938 2972/2312/2969 2973/2318/2970
f 2969/3422/2966 2968/3419/2965 2985/2314/2982 2006/2320/2003
f 2956/3423/2953 2955/3420/2952 2980/2316/2977 1998/2322/1995
f 2943/3424/2940 2942/3421/2939 2973/2318/2970 2974/2324/2971
f 2970/3425/2967 2969/3422/2966 2006/2320/2003 2007/2326/2004
f 2957/3426/2954 2956/3423/2953 1998/2322/1995 1999/2328/1996
f 2944/3427/2941 2943/3424/2940 2974/2324/2971 2975/2330/2972
f 2504/2332/2501 2970/3425/2967 2007/2326/2004
f 2958/3428/2955 2957/3426/2954 1999/2328/1996 2981/2333/2978
f 2945/3429/2942 2944/3427/2941 2975/2330/2972 2976/2335/2973
f 2959/3430/2956 2958/3428/2955 2981/2333/2978 2982/2337/2979
f 2946/3397/2943 2945/3429/2942 2976/2335/2973 1992/2339/1989
f 2960/3399/2957 2959/3430/2956 2982/2337/2979 2000/2341/1997
f 2947/3398/2944 2946/3397/2943 1992/2339/1989 2977/2343/2974
f 2961/3400/2958 2960/3399/2957 2000/2341/1997 2001/2345/1998
f 2948/3401/2945 2947/3398/2944 2977/2343/2974 1993/3432/1990
f 2962/3402/2959 2961/3400/2958 2001/2345/1998 2002/2351/1999
o Hydrogen_mesh
v -0.709291 -0.078198 0.164301
v -0.186355 0.335737 -0.706375
v 0.533839 0.169369 -0.355545
v 0.458377 -0.269720 0.567645
o Hydrogen_ball
v -0.709291 0.460781 -0.278028
v -0.709291 0.364131 -0.374678
v -0.709291 0.188627 -0.479871
v -0.709291 0.124202 -0.502923
v -0.709291 0.057828 -0.519548
v -0.709291 -0.009856 -0.529589
v -0.709291 -0.146540 -0.529589
v -0.709291 -0.214224 -0.519548
v -0.709291 -0.406878 -0.450616
v -0.709291 -0.465568 -0.415439
v -0.709291 -0.520527 -0.374678
v -0.709291 -0.617177 -0.278028
v -0.709291 -0.657938 -0.223069
v -0.709291 -0.693115 -0.164379
v -0.709291 -0.762048 0.028275
v -0.709291 -0.772088 0.095959
v -0.695958 0.615691 0.097272
v -0.682753 0.605651 0.030889
v -0.669804 0.589026 -0.034210
v -0.657236 0.565974 -0.097397
v -0.645168 0.536719 -0.158063
v -0.633719 0.501541 -0.215625
v -0.622997 0.460781 -0.269529
v -0.613106 0.414830 -0.319254
v -0.604141 0.364131 -0.364322
v -0.596189 0.309171 -0.404299
v -0.589326 0.250482 -0.438800
v -0.583619 0.188627 -0.467494
v -0.579122 0.124202 -0.490102
v -0.575878 0.057828 -0.506409
v -0.573920 -0.009856 -0.516256
v -0.573265 -0.078198 -0.519548
v -0.573920 -0.146540 -0.516256
v -0.575878 -0.214224 -0.506409
v -0.579122 -0.280598 -0.490102
v -0.583619 -0.345023 -0.467494
v -0.589326 -0.406878 -0.438800
v -0.596189 -0.465568 -0.404299
v -0.604141 -0.520527 -0.364322
v -0.613106 -0.571226 -0.319254
v -0.622997 -0.617177 -0.269529
v -0.633719 -0.657938 -0.215625
v -0.645168 -0.693115 -0.158063
v -0.657236 -0.722370 -0.097397
v -0.669804 -0.745422 -0.034210
v -0.682753 -0.762048 0.030889
v -0.695958 -0.772088 0.097272
v -0.683137 0.615691 0.101161
v -0.657236 0.605651 0.038629
v -0.631836 0.589026 -0.022692
v -0.607181 0.565974 -0.082213
v -0.583510 0.536719 -0.139360
v -0.561051 0.501541 -0.193582
v -0.540019 0.460781 -0.244357
v -0.520617 0.414830 -0.291197
v -0.503032 0.364131 -0.333651
v -0.487434 0.309171 -0.371309
v -0.473972 0.250482 -0.403808
v -0.462777 0.188627 -0.430836
v -0.453955 0.124202 -0.452133
v -0.447593 0.057828 -0.467494
v -0.443751 -0.009856 -0.476769
v -0.442466 -0.078198 -0.479871
v -0.443751 -0.146540 -0.476769
v -0.447593 -0.214224 -0.467494
v -0.453955 -0.280598 -0.452133
v -0.462777 -0.345023 -0.430836
v -0.473972 -0.406878 -0.403808
v -0.487434 -0.465568 -0.371309
v -0.503032 -0.520527 -0.333651
v -0.520617 -0.571226 -0.291197
v -0.540019 -0.617177 -0.244357
v -0.561051 -0.657938 -0.193582
v -0.583510 -0.693115 -0.139360
v -0.607181 -0.722370 -0.082213
v -0.631836 -0.745422 -0.022692
v -0.657236 -0.762048 0.038629
v -0.683137 -0.772088 0.101161
v -0.671322 0.615691 0.107477
v -0.633719 0.605651 0.051199
v -0.596843 0.589026 -0.003988
v -0.561051 0.565974 -0.057556
v -0.526686 0.536719 -0.108986
v -0.494080 0.501541 -0.157785
v -0.463546 0.460781 -0.203482
v -0.435379 0.414830 -0.245637
v -0.409850 0.364131 -0.283844
v -0.387205 0.309171 -0.317735
v -0.367661 0.250482 -0.346984
v -0.351408 0.188627 -0.371309
v -0.338601 0.124202 -0.390475
v -0.329364 0.057828 -0.404299
v -0.323786 -0.009856 -0.412647
v -0.321921 -0.078198 -0.415439
v -0.323786 -0.146540 -0.412647
v -0.329364 -0.214224 -0.404299
v -0.338601 -0.280598 -0.390475
v -0.351408 -0.345023 -0.371309
v -0.367661 -0.406878 -0.346984
v -0.387205 -0.465568 -0.317735
v -0.409850 -0.520527 -0.283844
v -0.435379 -0.571226 -0.245637
v -0.463546 -0.617177 -0.203482
v -0.494080 -0.657938 -0.157785
v -0.526686 -0.693115 -0.108986
v -0.561051 -0.722370 -0.057556
v -0.596843 -0.745422 -0.003988
v -0.633719 -0.762048 0.051199
v -0.671322 -0.772088 0.107477
v -0.660966 0.615691 0.115976
v -0.613106 0.605651 0.068116
v -0.566172 0.589026 0.021183
v -0.520617 0.565974 -0.024373
v -0.476879 0.536719 -0.068111
v -0.435379 0.501541 -0.109611
v -0.396517 0.460781 -0.148473
v -0.360667 0.414830 -0.184322
v -0.328175 0.364131 -0.216815
v -0.299353 0.309171 -0.245637
v -0.274479 0.250482 -0.270511
v -0.253792 0.188627 -0.291197
v -0.237492 0.124202 -0.307497
v -0.225736 0.057828 -0.319254
v -0.218637 -0.009856 -0.326353
v -0.216263 -0.078198 -0.328727
v -0.218637 -0.146540 -0.326353
v -0.225736 -0.214224 -0.319254
v -0.237492 -0.280598 -0.307497
v -0.253792 -0.345023 -0.291197
v -0.274479 -0.406878 -0.270511
v -0.299353 -0.465568 -0.245637
v -0.328175 -0.520527 -0.216815
v -0.360667 -0.571226 -0.184322
v -0.396517 -0.617177 -0.148473
v -0.435379 -0.657938 -0.109611
v -0.476879 -0.693115 -0.068111
v -0.520617 -0.722370 -0.024373
v -0.566172 -0.745422 0.021183
v -0.613106 -0.762048 0.068116
v -0.660966 -0.772088 0.115976
v -0.652466 0.615691 0.126332
v -0.596189 0.605651 0.088729
v -0.541001 0.589026 0.051854
v -0.487434 0.565974 0.016061
v -0.436003 0.536719 -0.018304
v -0.387205 0.501541 -0.050910
v -0.341508 0.460781 -0.081444
v -0.299353 0.414830 -0.109611
v -0.261146 0.364131 -0.135140
v -0.227255 0.309171 -0.157785
v -0.198006 0.250482 -0.177328
v -0.173681 0.188627 -0.193582
v -0.154514 0.124202 -0.206389
v -0.140691 0.057828 -0.215625
v -0.132343 -0.009856 -0.221203
v -0.129551 -0.078198 -0.223068
v -0.132343 -0.146540 -0.221203
v -0.140691 -0.214224 -0.215625
v -0.154514 -0.280598 -0.206389
v -0.173681 -0.345023 -0.193582
v -0.198006 -0.406878 -0.177328
v -0.227255 -0.465568 -0.157785
v -0.261146 -0.520527 -0.135140
v -0.299353 -0.571226 -0.109611
v -0.341508 -0.617177 -0.081444
v -0.387205 -0.657938 -0.050910
v -0.436003 -0.693115 -0.018304
v -0.487434 -0.722370 0.016061
v -0.541001 -0.745422 0.051854
v -0.596189 -0.762048 0.088729
v -0.652466 -0.772088 0.126332
v -0.646151 0.615691 0.138148
v -0.583619 0.605651 0.112246
v -0.522297 0.589026 0.086846
v -0.462777 0.565974 0.062192
v -0.405630 0.536719 0.038521
v -0.351408 0.501541 0.016061
v -0.300632 0.460781 -0.004971
v -0.253792 0.414830 -0.024373
v -0.211339 0.364131 -0.041957
v -0.173681 0.309171 -0.057556
v -0.141182 0.250482 -0.071017
v -0.114153 0.188627 -0.082213
v -0.092856 0.124202 -0.091034
v -0.077496 0.057828 -0.097397
v -0.068220 -0.009856 -0.101239
v -0.065119 -0.078198 -0.102524
v -0.068220 -0.146540 -0.101239
v -0.077496 -0.214224 -0.097397
v -0.092856 -0.280598 -0.091034
v -0.114153 -0.345023 -0.082213
v -0.141182 -0.406878 -0.071017
v -0.173681 -0.465568 -0.057556
v -0.211339 -0.520527 -0.041957
v -0.253792 -0.571226 -0.024373
v -0.300632 -0.617177 -0.004971
v -0.351408 -0.657938 0.016061
v -0.405630 -0.693115 0.038521
v -0.462777 -0.722370 0.062192
v -0.522297 -0.745422 0.086846
v -0.583619 -0.762048 0.112246
v -0.646151 -0.772088 0.138148
v -0.642262 0.615691 0.150968
v -0.575878 0.605651 0.137764
v -0.510780 0.589026 0.124815
v -0.447593 0.565974 0.112246
v -0.386926 0.536719 0.100179
v -0.329364 0.501541 0.088729
v -0.275461 0.460781 0.078007
v -0.225736 0.414830 0.068116
v -0.180668 0.364131 0.059151
v -0.140691 0.309171 0.051200
v -0.106189 0.250482 0.044337
v -0.077496 0.188627 0.038629
v -0.054888 0.124202 0.034132
v -0.038581 0.057828 0.030889
v -0.028734 -0.009856 0.028930
v -0.025441 -0.078198 0.028275
v -0.028734 -0.146540 0.028930
v -0.038581 -0.214224 0.030889
v -0.054888 -0.280598 0.034132
v -0.077496 -0.345023 0.038629
v -0.106189 -0.406878 0.044337
v -0.140691 -0.465568 0.051200
v -0.180668 -0.520527 0.059151
v -0.225736 -0.571226 0.068116
v -0.275461 -0.617177 0.078007
v -0.329364 -0.657938 0.088729
v -0.386926 -0.693115 0.100179
v -0.447593 -0.722370 0.112246
v -0.510780 -0.745422 0.124815
v -0.575878 -0.762048 0.137764
v -0.642262 -0.772088 0.150968
v -0.640949 0.615691 0.164301
v -0.573265 0.605651 0.164301
v -0.506891 0.589026 0.164301
v -0.442466 0.565974 0.164301
v -0.380611 0.536719 0.164301
v -0.321921 0.501541 0.164301
v -0.266962 0.460781 0.164301
v -0.216263 0.414830 0.164301
v -0.170312 0.364131 0.164301
v -0.129551 0.309171 0.164301
v -0.094374 0.250482 0.164301
v -0.065119 0.188627 0.164301
v -0.042067 0.124202 0.164301
v -0.025441 0.057828 0.164301
v -0.015401 -0.009856 0.164301
v -0.012044 -0.078198 0.164301
v -0.015401 -0.146540 0.164301
v -0.025441 -0.214224 0.164301
v -0.042067 -0.280598 0.164301
v -0.065119 -0.345023 0.164301
v -0.094374 -0.406878 0.164301
v -0.129551 -0.465568 0.164301
v -0.170312 -0.520527 0.164301
v -0.216263 -0.571226 0.164301
v -0.266962 -0.617177 0.164301
v -0.321921 -0.657938 0.164301
v -0.380611 -0.693115 0.164301
v -0.442466 -0.722370 0.164301
v -0.506891 -0.745422 0.164301
v -0.573265 -0.762048 0.164301
v -0.640949 -0.772088 0.164301
v -0.642262 0.615691 0.177634
v -0.575878 0.605651 0.190838
v -0.510780 0.589026 0.203787
v -0.447593 0.565974 0.216356
v -0.386926 0.536719 0.228423
v -0.329364 0.501541 0.239873
v -0.275461 0.460781 0.250595
v -0.225736 0.414830 0.260486
v -0.180668 0.364131 0.269451
v -0.140691 0.309171 0.277403
v -0.106189 0.250482 0.284265
v -0.077496 0.188627 0.289973
v -0.054888 0.124202 0.294470
v -0.038581 0.057828 0.297714
v -0.028734 -0.009856 0.299672
v -0.025441 -0.078198 0.300327
v -0.028734 -0.146540 0.299672
v -0.038581 -0.214224 0.297714
v -0.054888 -0.280598 0.294470
v -0.077496 -0.345023 0.289973
v -0.106189 -0.406878 0.284265
v -0.140691 -0.465568 0.277403
v -0.180668 -0.520527 0.269451
v -0.225736 -0.571226 0.260486
v -0.275461 -0.617177 0.250595
v -0.329364 -0.657938 0.239873
v -0.386926 -0.693115 0.228423
v -0.447593 -0.722370 0.216356
v -0.510780 -0.745422 0.203787
v -0.575878 -0.762048 0.190838
v -0.642262 -0.772088 0.177634
v -0.646151 0.615691 0.190454
v -0.583619 0.605651 0.216356
v -0.522297 0.589026 0.241756
v -0.462777 0.565974 0.266410
v -0.405630 0.536719 0.290081
v -0.351408 0.501541 0.312541
v -0.300632 0.460781 0.333573
v -0.253792 0.414830 0.352975
v -0.211339 0.364131 0.370559
v -0.173681 0.309171 0.386158
v -0.141182 0.250482 0.399620
v -0.114153 0.188627 0.410815
v -0.092856 0.124202 0.419637
v -0.077496 0.057828 0.425999
v -0.068221 -0.009856 0.429841
v -0.065119 -0.078198 0.431126
v -0.068221 -0.146540 0.429841
v -0.077496 -0.214224 0.425999
v -0.092856 -0.280598 0.419637
v -0.114153 -0.345023 0.410815
v -0.141182 -0.406878 0.399620
v -0.173681 -0.465568 0.386158
v -0.211339 -0.520527 0.370559
v -0.253792 -0.571226 0.352975
v -0.300632 -0.617177 0.333573
v -0.351408 -0.657938 0.312541
v -0.405630 -0.693115 0.290081
v -0.462777 -0.722370 0.266410
v -0.522297 -0.745422 0.241756
v -0.583619 -0.762048 0.216356
v -0.646151 -0.772088 0.190454
v -0.652466 0.615691 0.202270
v -0.596189 0.605651 0.239873
v -0.541001 0.589026 0.276748
v -0.487434 0.565974 0.312541
v -0.436003 0.536719 0.346906
v -0.387205 0.501541 0.379512
v -0.341508 0.460781 0.410046
v -0.299353 0.414830 0.438213
v -0.261146 0.364131 0.463742
v -0.227255 0.309171 0.486387
v -0.198006 0.250482 0.505930
v -0.173681 0.188627 0.522184
v -0.154515 0.124202 0.534991
v -0.140691 0.057828 0.544227
v -0.132343 -0.009856 0.549805
v -0.129551 -0.078198 0.551671
v -0.132343 -0.146540 0.549805
v -0.140691 -0.214224 0.544227
v -0.154515 -0.280598 0.534991
v -0.173681 -0.345023 0.522184
v -0.198006 -0.406878 0.505930
v -0.227255 -0.465568 0.486387
v -0.261146 -0.520527 0.463742
v -0.299353 -0.571226 0.438213
v -0.341508 -0.617177 0.410046
v -0.387205 -0.657938 0.379512
v -0.436003 -0.693115 0.346906
v -0.487434 -0.722370 0.312541
v -0.541001 -0.745422 0.276748
v -0.596189 -0.762048 0.239873
v -0.652466 -0.772088 0.202270
v -0.660966 0.615691 0.212626
v -0.613106 0.605651 0.260486
v -0.566172 0.589026 0.307419
v -0.520617 0.565974 0.352975
v -0.476879 0.536719 0.396713
v -0.435379 0.501541 0.438213
v -0.396517 0.460781 0.477075
v -0.360667 0.414830 0.512924
v -0.328175 0.364131 0.545417
v -0.299353 0.309171 0.574239
v -0.274479 0.250482 0.599113
v -0.253792 0.188627 0.619799
v -0.237492 0.124202 0.636099
v -0.225736 0.057828 0.647856
v -0.218637 -0.009856 0.654955
v -0.216263 -0.078198 0.657329
v -0.218637 -0.146540 0.654955
v -0.225736 -0.214224 0.647856
v -0.237492 -0.280598 0.636099
v -0.253792 -0.345023 0.619799
v -0.274479 -0.406878 0.599113
v -0.299353 -0.465568 0.574239
v -0.328175 -0.520527 0.545417
v -0.360667 -0.571226 0.512924
v -0.396517 -0.617177 0.477075
v -0.435379 -0.657938 0.438213
v -0.476879 -0.693115 0.396713
v -0.520617 -0.722370 0.352975
v -0.566172 -0.745422 0.307419
v -0.613106 -0.762048 0.260486
v -0.660966 -0.772088 0.212626
v -0.671322 0.615691 0.221125
v -0.633719 0.605651 0.277403
v -0.596843 0.589026 0.332591
v -0.561051 0.565974 0.386158
v -0.526686 0.536719 0.437588
v -0.494080 0.501541 0.486387
v -0.463546 0.460781 0.532084
v -0.435379 0.414830 0.574239
v -0.409850 0.364131 0.612446
v -0.387205 0.309171 0.646337
v -0.367661 0.250482 0.675586
v -0.351408 0.188627 0.699911
v -0.338601 0.124202 0.719077
v -0.329364 0.057828 0.732901
v -0.323787 -0.009856 0.741249
v -0.321921 -0.078198 0.744041
v -0.323787 -0.146540 0.741249
v -0.329364 -0.214224 0.732901
v -0.338601 -0.280598 0.719077
v -0.351408 -0.345023 0.699911
v -0.367661 -0.406878 0.675586
v -0.387205 -0.465568 0.646337
v -0.409850 -0.520527 0.612446
v -0.435379 -0.571226 0.574239
v -0.463546 -0.617177 0.532084
v -0.494080 -0.657938 0.486387
v -0.526686 -0.693115 0.437588
v -0.561051 -0.722370 0.386158
v -0.596843 -0.745422 0.332591
v -0.633719 -0.762048 0.277403
v -0.671322 -0.772088 0.221125
v -0.683137 0.615691 0.227441
v -0.657236 0.605651 0.289973
v -0.631836 0.589026 0.351294
v -0.607181 0.565974 0.410815
v -0.583510 0.536719 0.467962
v -0.561051 0.501541 0.522184
v -0.540019 0.460781 0.572959
v -0.520617 0.414830 0.619799
v -0.503032 0.364131 0.662253
v -0.487434 0.309171 0.699910
v -0.473972 0.250482 0.732410
v -0.462777 0.188627 0.759438
v -0.453955 0.124202 0.780735
v -0.447593 0.057828 0.796095
v -0.443751 -0.009856 0.805371
v -0.442466 -0.078198 0.808473
v -0.443751 -0.146540 0.805371
v -0.447593 -0.214224 0.796095
v -0.453955 -0.280598 0.780735
v -0.462777 -0.345023 0.759438
v -0.473972 -0.406878 0.732410
v -0.487434 -0.465568 0.699910
v -0.503032 -0.520527 0.662253
v -0.520617 -0.571226 0.619799
v -0.540019 -0.617177 0.572959
v -0.561051 -0.657938 0.522184
v -0.583510 -0.693115 0.467962
v -0.607181 -0.722370 0.410815
v -0.631836 -0.745422 0.351294
v -0.657236 -0.762048 0.289973
v -0.683137 -0.772088 0.227441
v -0.695958 0.615691 0.231330
v -0.682753 0.605651 0.297713
v -0.669804 0.589026 0.362812
v -0.657236 0.565974 0.425999
v -0.645168 0.536719 0.486665
v -0.633719 0.501541 0.544227
v -0.622997 0.460781 0.598130
v -0.613106 0.414830 0.647856
v -0.604141 0.364131 0.692924
v -0.596189 0.309171 0.732901
v -0.589326 0.250482 0.767402
v -0.583619 0.188627 0.796095
v -0.579122 0.124202 0.818704
v -0.575878 0.057828 0.835010
v -0.573920 -0.009856 0.844857
v -0.573265 -0.078198 0.848150
v -0.573920 -0.146540 0.844857
v -0.575878 -0.214224 0.835010
v -0.579122 -0.280598 0.818704
v -0.583619 -0.345023 0.796095
v -0.589326 -0.406878 0.767402
v -0.596189 -0.465568 0.732901
v -0.604141 -0.520527 0.692924
v -0.613106 -0.571226 0.647856
v -0.622997 -0.617177 0.598130
v -0.633719 -0.657938 0.544227
v -0.645168 -0.693115 0.486665
v -0.657236 -0.722370 0.425999
v -0.669804 -0.745422 0.362812
v -0.682753 -0.762048 0.297713
v -0.695958 -0.772088 0.231330
v -0.709291 0.615691 0.232643
v -0.709291 0.605651 0.300327
v -0.709291 0.589026 0.366701
v -0.709291 0.565974 0.431126
v -0.709291 0.536719 0.492981
v -0.709291 0.501541 0.551670
v -0.709291 0.460781 0.606630
v -0.709291 0.414830 0.657329
v -0.709291 0.364131 0.703280
v -0.709291 0.309171 0.744040
v -0.709291 0.250482 0.779218
v -0.709291 0.188627 0.808473
v -0.709291 0.124202 0.831525
v -0.709291 0.057828 0.848150
v -0.709291 -0.009856 0.858190
v -0.709291 -0.078198 0.861548
v -0.709291 -0.146540 0.858190
v -0.709291 -0.214224 0.848150
v -0.709291 -0.280598 0.831525
v -0.709291 -0.345023 0.808473
v -0.709291 -0.406878 0.779218
v -0.709291 -0.465568 0.744040
v -0.709291 -0.520527 0.703280
v -0.709291 -0.571226 0.657329
v -0.709291 -0.617177 0.606630
v -0.709291 -0.657938 0.551670
v -0.709291 -0.693115 0.492981
v -0.709291 -0.722370 0.431126
v -0.709291 -0.745422 0.366701
v -0.709291 -0.762048 0.300327
v -0.709291 -0.772088 0.232643
v -0.709291 -0.775445 0.164301
v -0.709291 0.619049 0.164301
v -0.722624 0.615691 0.231330
v -0.735828 0.605651 0.297713
v -0.748777 0.589026 0.362812
v -0.761346 0.565974 0.425999
v -0.773413 0.536719 0.486665
v -0.784863 0.501541 0.544227
v -0.795585 0.460781 0.598130
v -0.805476 0.414830 0.647856
v -0.814440 0.364131 0.692924
v -0.822392 0.309171 0.732901
v -0.829255 0.250482 0.767402
v -0.834962 0.188627 0.796095
v -0.839460 0.124202 0.818704
v -0.842703 0.057828 0.835010
v -0.844662 -0.009856 0.844857
v -0.845317 -0.078198 0.848150
v -0.844662 -0.146540 0.844857
v -0.842703 -0.214224 0.835010
v -0.839460 -0.280598 0.818704
v -0.834962 -0.345023 0.796095
v -0.829255 -0.406878 0.767402
v -0.822392 -0.465568 0.732901
v -0.814440 -0.520527 0.692924
v -0.805476 -0.571226 0.647856
v -0.795585 -0.617177 0.598130
v -0.784863 -0.657938 0.544227
v -0.773413 -0.693115 0.486665
v -0.761346 -0.722370 0.425999
v -0.748777 -0.745422 0.362812
v -0.735828 -0.762048 0.297713
v -0.722624 -0.772088 0.231330
v -0.735444 0.615691 0.227441
v -0.761346 0.605651 0.289973
v -0.786746 0.589026 0.351294
v -0.811400 0.565974 0.410815
v -0.835071 0.536719 0.467962
v -0.857531 0.501541 0.522184
v -0.878563 0.460781 0.572959
v -0.897964 0.414830 0.619799
v -0.915549 0.364131 0.662253
v -0.931147 0.309171 0.699910
v -0.944609 0.250482 0.732410
v -0.955805 0.188627 0.759438
v -0.964626 0.124202 0.780735
v -0.970989 0.057828 0.796095
v -0.974831 -0.009856 0.805371
v -0.976116 -0.078198 0.808473
v -0.974831 -0.146540 0.805371
v -0.970989 -0.214224 0.796095
v -0.964626 -0.280598 0.780735
v -0.955805 -0.345023 0.759438
v -0.944609 -0.406878 0.732410
v -0.931147 -0.465568 0.699910
v -0.915549 -0.520527 0.662253
v -0.897964 -0.571226 0.619799
v -0.878563 -0.617177 0.572959
v -0.857531 -0.657938 0.522184
v -0.835071 -0.693115 0.467962
v -0.811400 -0.722370 0.410815
v -0.786746 -0.745422 0.351294
v -0.761346 -0.762048 0.289973
v -0.735444 -0.772088 0.227441
v -0.747260 0.615691 0.221125
v -0.784863 0.605651 0.277403
v -0.821738 0.589026 0.332590
v -0.857531 0.565974 0.386158
v -0.891895 0.536719 0.437588
v -0.924502 0.501541 0.486387
v -0.955035 0.460781 0.532084
v -0.983202 0.414830 0.574239
v -1.008731 0.364131 0.612446
v -1.031377 0.309171 0.646337
v -1.050920 0.250482 0.675586
v -1.067173 0.188627 0.699910
v -1.079980 0.124202 0.719077
v -1.089217 0.057828 0.732901
v -1.094795 -0.009856 0.741249
v -1.096660 -0.078198 0.744040
v -1.094795 -0.146540 0.741249
v -1.089217 -0.214224 0.732901
v -1.079980 -0.280598 0.719077
v -1.067173 -0.345023 0.699910
v -1.050920 -0.406878 0.675586
v -1.031377 -0.465568 0.646337
v -1.008731 -0.520527 0.612446
v -0.983202 -0.571226 0.574239
v -0.955035 -0.617177 0.532084
v -0.924502 -0.657938 0.486387
v -0.891895 -0.693115 0.437588
v -0.857531 -0.722370 0.386158
v -0.821738 -0.745422 0.332590
v -0.784863 -0.762048 0.277403
v -0.747260 -0.772088 0.221125
v -0.757616 0.615691 0.212626
v -0.805476 0.605651 0.260486
v -0.852409 0.589026 0.307419
v -0.897964 0.565974 0.352975
v -0.941702 0.536719 0.396713
v -0.983202 0.501541 0.438213
v -1.022064 0.460781 0.477074
v -1.057914 0.414830 0.512924
v -1.090406 0.364131 0.545417
v -1.119228 0.309171 0.574239
v -1.144102 0.250482 0.599113
v -1.164789 0.188627 0.619799
v -1.181089 0.124202 0.636099
v -1.192845 0.057828 0.647855
v -1.199944 -0.009856 0.654955
v -1.202319 -0.078198 0.657328
v -1.199944 -0.146540 0.654955
v -1.192845 -0.214224 0.647855
v -1.181089 -0.280598 0.636099
v -1.164789 -0.345023 0.619799
v -1.144102 -0.406878 0.599113
v -1.119228 -0.465568 0.574239
v -1.090406 -0.520527 0.545417
v -1.057914 -0.571226 0.512924
v -1.022064 -0.617177 0.477074
v -0.983202 -0.657938 0.438213
v -0.941702 -0.693115 0.396713
v -0.897964 -0.722370 0.352975
v -0.852409 -0.745422 0.307419
v -0.805476 -0.762048 0.260486
v -0.757616 -0.772088 0.212626
v -0.766115 0.615691 0.202270
v -0.822392 0.605651 0.239873
v -0.877580 0.589026 0.276748
v -0.931147 0.565974 0.312541
v -0.982578 0.536719 0.346906
v -1.031377 0.501541 0.379512
v -1.077073 0.460781 0.410046
v -1.119228 0.414830 0.438213
v -1.157435 0.364131 0.463742
v -1.191326 0.309171 0.486387
v -1.220575 0.250482 0.505930
v -1.244900 0.188627 0.522184
v -1.264067 0.124202 0.534990
v -1.277891 0.057828 0.544227
v -1.286238 -0.009856 0.549805
v -1.289030 -0.078198 0.551670
v -1.286238 -0.146540 0.549805
v -1.277891 -0.214224 0.544227
v -1.264067 -0.280598 0.534990
v -1.244900 -0.345023 0.522184
v -1.220575 -0.406878 0.505930
v -1.191326 -0.465568 0.486387
v -1.157435 -0.520527 0.463742
v -1.119228 -0.571226 0.438213
v -1.077073 -0.617177 0.410046
v -1.031377 -0.657938 0.379512
v -0.982578 -0.693115 0.346906
v -0.931147 -0.722370 0.312541
v -0.877580 -0.745422 0.276748
v -0.822392 -0.762048 0.239873
v -0.766115 -0.772088 0.202270
v -0.772431 0.615691 0.190454
v -0.834962 0.605651 0.216356
v -0.896284 0.589026 0.241756
v -0.955805 0.565974 0.266410
v -1.012951 0.536719 0.290081
v -1.067173 0.501541 0.312541
v -1.117949 0.460781 0.333573
v -1.164789 0.414830 0.352975
v -1.207242 0.364131 0.370559
v -1.244900 0.309171 0.386158
v -1.277400 0.250482 0.399619
v -1.304428 0.188627 0.410815
v -1.325725 0.124202 0.419636
v -1.341085 0.057828 0.425999
v -1.350361 -0.009856 0.429841
v -1.353462 -0.078198 0.431125
v -1.350361 -0.146540 0.429841
v -1.341085 -0.214224 0.425999
v -1.325725 -0.280598 0.419636
v -1.304428 -0.345023 0.410815
v -1.277400 -0.406878 0.399619
v -1.244900 -0.465568 0.386158
v -1.207242 -0.520527 0.370559
v -1.164789 -0.571226 0.352975
v -1.117949 -0.617177 0.333573
v -1.067173 -0.657938 0.312541
v -1.012951 -0.693115 0.290081
v -0.955805 -0.722370 0.266410
v -0.896284 -0.745422 0.241756
v -0.834962 -0.762048 0.216356
v -0.772431 -0.772088 0.190454
v -0.776320 0.615691 0.177634
v -0.842703 0.605651 0.190838
v -0.907802 0.589026 0.203787
v -0.970989 0.565974 0.216356
v -1.031655 0.536719 0.228423
v -1.089217 0.501541 0.239873
v -1.143120 0.460781 0.250595
v -1.192845 0.414830 0.260486
v -1.237913 0.364131 0.269451
v -1.277890 0.309171 0.277402
v -1.312392 0.250482 0.284265
v -1.341085 0.188627 0.289973
v -1.363694 0.124202 0.294470
v -1.380000 0.057828 0.297713
v -1.389847 -0.009856 0.299672
v -1.393140 -0.078198 0.300327
v -1.389847 -0.146540 0.299672
v -1.380000 -0.214224 0.297713
v -1.363694 -0.280598 0.294470
v -1.341085 -0.345023 0.289973
v -1.312392 -0.406878 0.284265
v -1.277890 -0.465568 0.277402
v -1.237913 -0.520527 0.269451
v -1.192845 -0.571226 0.260486
v -1.143120 -0.617177 0.250595
v -1.089217 -0.657938 0.239873
v -1.031655 -0.693115 0.228423
v -0.970989 -0.722370 0.216356
v -0.907802 -0.745422 0.203787
v -0.842703 -0.762048 0.190838
v -0.776320 -0.772088 0.177634
v -0.777633 0.615691 0.164301
v -0.845317 0.605651 0.164301
v -0.911691 0.589026 0.164301
v -0.976115 0.565974 0.164301
v -1.037970 0.536719 0.164301
v -1.096660 0.501541 0.164301
v -1.151619 0.460781 0.164301
v -1.202319 0.414830 0.164301
v -1.248270 0.364131 0.164301
v -1.289030 0.309171 0.164301
v -1.324207 0.250482 0.164301
v -1.353463 0.188627 0.164301
v -1.376514 0.124202 0.164301
v -1.393140 0.057828 0.164301
v -1.403180 -0.009856 0.164301
v -1.406537 -0.078198 0.164301
v -1.403180 -0.146540 0.164301
v -1.393140 -0.214224 0.164301
v -1.376514 -0.280598 0.164301
v -1.353463 -0.345023 0.164301
v -1.324207 -0.406878 0.164301
v -1.289030 -0.465568 0.164301
v -1.248270 -0.520527 0.164301
v -1.202319 -0.571226 0.164301
v -1.151619 -0.617177 0.164301
v -1.096660 -0.657938 0.164301
v -1.037970 -0.693115 0.164301
v -0.976115 -0.722370 0.164301
v -0.911691 -0.745422 0.164301
v -0.845317 -0.762048 0.164301
v -0.777633 -0.772088 0.164301
v -0.776320 0.615691 0.150968
v -0.842703 0.605651 0.137764
v -0.907802 0.589026 0.124815
v -0.970988 0.565974 0.112246
v -1.031655 0.536719 0.100179
v -1.089217 0.501541 0.088729
v -1.143120 0.460781 0.078007
v -1.192845 0.414830 0.068116
v -1.237913 0.364131 0.059151
v -1.277890 0.309171 0.051199
v -1.312392 0.250482 0.044337
v -1.341085 0.188627 0.038629
v -1.363693 0.124202 0.034132
v -1.380000 0.057828 0.030888
v -1.389847 -0.009856 0.028930
v -1.393140 -0.078198 0.028275
v -1.389847 -0.146540 0.028930
v -1.380000 -0.214224 0.030888
v -1.363693 -0.280598 0.034132
v -1.341085 -0.345023 0.038629
v -1.312392 -0.406878 0.044337
v -1.277890 -0.465568 0.051199
v -1.237913 -0.520527 0.059151
v -1.192845 -0.571226 0.068116
v -1.143120 -0.617177 0.078007
v -1.089217 -0.657938 0.088729
v -1.031655 -0.693115 0.100179
v -0.970988 -0.722370 0.112246
v -0.907802 -0.745422 0.124815
v -0.842703 -0.762048 0.137764
v -0.776320 -0.772088 0.150968
v -0.772431 0.615691 0.138148
v -0.834962 0.605651 0.112246
v -0.896284 0.589026 0.086846
v -0.955805 0.565974 0.062192
v -1.012951 0.536719 0.038521
v -1.067173 0.501541 0.016061
v -1.117949 0.460781 -0.004971
v -1.164789 0.414830 -0.024373
v -1.207242 0.364131 -0.041957
v -1.244900 0.309171 -0.057556
v -1.277399 0.250482 -0.071017
v -1.304428 0.188627 -0.082213
v -1.325725 0.124202 -0.091034
v -1.341085 0.057828 -0.097397
v -1.350360 -0.009856 -0.101239
v -1.353462 -0.078198 -0.102524
v -1.350360 -0.146540 -0.101239
v -1.341085 -0.214224 -0.097397
v -1.325725 -0.280598 -0.091034
v -1.304428 -0.345023 -0.082213
v -1.277399 -0.406878 -0.071017
v -1.244900 -0.465568 -0.057556
v -1.207242 -0.520527 -0.041957
v -1.164789 -0.571226 -0.024373
v -1.117949 -0.617177 -0.004971
v -1.067173 -0.657938 0.016061
v -1.012951 -0.693115 0.038521
v -0.955805 -0.722370 0.062192
v -0.896284 -0.745422 0.086846
v -0.834962 -0.762048 0.112246
v -0.772431 -0.772088 0.138148
v -0.766115 0.615691 0.126332
v -0.822392 0.605651 0.088729
v -0.877580 0.589026 0.051854
v -0.931147 0.565974 0.016061
v -0.982578 0.536719 -0.018304
v -1.031376 0.501541 -0.050910
v -1.077073 0.460781 -0.081444
v -1.119228 0.414830 -0.109611
v -1.157435 0.364131 -0.135140
v -1.191326 0.309171 -0.157785
v -1.220575 0.250482 -0.177328
v -1.244900 0.188627 -0.193582
v -1.264066 0.124202 -0.206389
v -1.277890 0.057828 -0.215625
v -1.286238 -0.009856 -0.221203
v -1.289030 -0.078198 -0.223069
v -1.286238 -0.146540 -0.221203
v -1.277890 -0.214224 -0.215625
v -1.264066 -0.280598 -0.206389
v -1.244900 -0.345023 -0.193582
v -1.220575 -0.406878 -0.177328
v -1.191326 -0.465568 -0.157785
v -1.157435 -0.520527 -0.135140
v -1.119228 -0.571226 -0.109611
v -1.077073 -0.617177 -0.081444
v -1.031376 -0.657938 -0.050910
v -0.982578 -0.693115 -0.018304
v -0.931147 -0.722370 0.016061
v -0.877580 -0.745422 0.051854
v -0.822392 -0.762048 0.088729
v -0.766115 -0.772088 0.126332
v -0.757616 0.615691 0.115976
v -0.805476 0.605651 0.068116
v -0.852409 0.589026 0.021183
v -0.897964 0.565974 -0.024373
v -0.941702 0.536719 -0.068111
v -0.983202 0.501541 -0.109610
v -1.022064 0.460781 -0.148472
v -1.057914 0.414830 -0.184322
v -1.090406 0.364131 -0.216815
v -1.119228 0.309171 -0.245637
v -1.144102 0.250482 -0.270511
v -1.164789 0.188627 -0.291197
v -1.181089 0.124202 -0.307497
v -1.192845 0.057828 -0.319253
v -1.199944 -0.009856 -0.326353
v -1.202318 -0.078198 -0.328727
v -1.199944 -0.146540 -0.326353
v -1.192845 -0.214224 -0.319253
v -1.181089 -0.280598 -0.307497
v -1.164789 -0.345023 -0.291197
v -1.144102 -0.406878 -0.270511
v -1.119228 -0.465568 -0.245637
v -1.090406 -0.520527 -0.216815
v -1.057914 -0.571226 -0.184322
v -1.022064 -0.617177 -0.148472
v -0.983202 -0.657938 -0.109610
v -0.941702 -0.693115 -0.068111
v -0.897964 -0.722370 -0.024373
v -0.852409 -0.745422 0.021183
v -0.805476 -0.762048 0.068116
v -0.757616 -0.772088 0.115976
v -0.747259 0.615691 0.107477
v -0.784863 0.605651 0.051200
v -0.821738 0.589026 -0.003988
v -0.857531 0.565974 -0.057556
v -0.891895 0.536719 -0.108986
v -0.924501 0.501541 -0.157785
v -0.955035 0.460781 -0.203482
v -0.983202 0.414830 -0.245637
v -1.008731 0.364131 -0.283844
v -1.031376 0.309171 -0.317735
v -1.050920 0.250482 -0.346983
v -1.067173 0.188627 -0.371308
v -1.079980 0.124202 -0.390475
v -1.089217 0.057828 -0.404299
v -1.094795 -0.009856 -0.412646
v -1.096660 -0.078198 -0.415438
v -1.094795 -0.146540 -0.412646
v -1.089217 -0.214224 -0.404299
v -1.079980 -0.280598 -0.390475
v -1.067173 -0.345023 -0.371308
v -1.050920 -0.406878 -0.346983
v -1.031376 -0.465568 -0.317735
v -1.008731 -0.520527 -0.283844
v -0.983202 -0.571226 -0.245637
v -0.955035 -0.617177 -0.203482
v -0.924501 -0.657938 -0.157785
v -0.891895 -0.693115 -0.108986
v -0.857531 -0.722370 -0.057556
v -0.821738 -0.745422 -0.003988
v -0.784863 -0.762048 0.051200
v -0.747259 -0.772088 0.107477
v -0.735444 0.615691 0.101161
v -0.761346 0.605651 0.038629
v -0.786746 0.589026 -0.022692
v -0.811400 0.565974 -0.082213
v -0.835071 0.536719 -0.139359
v -0.857530 0.501541 -0.193582
v -0.878562 0.460781 -0.244357
v -0.897964 0.414830 -0.291197
v -0.915549 0.364131 -0.333651
v -0.931147 0.309171 -0.371308
v -0.944609 0.250482 -0.403808
v -0.955805 0.188627 -0.430836
v -0.964626 0.124202 -0.452133
v -0.970988 0.057828 -0.467493
v -0.974830 -0.009856 -0.476769
v -0.976115 -0.078198 -0.479870
v -0.974830 -0.146540 -0.476769
v -0.970988 -0.214224 -0.467493
v -0.964626 -0.280598 -0.452133
v -0.955805 -0.345023 -0.430836
v -0.944609 -0.406878 -0.403808
v -0.931147 -0.465568 -0.371308
v -0.915549 -0.520527 -0.333651
v -0.897964 -0.571226 -0.291197
v -0.878562 -0.617177 -0.244357
v -0.857530 -0.657938 -0.193582
v -0.835071 -0.693115 -0.139359
v -0.811400 -0.722370 -0.082213
v -0.786746 -0.745422 -0.022692
v -0.761346 -0.762048 0.038629
v -0.735444 -0.772088 0.101161
v -0.722624 0.615691 0.097272
v -0.735828 0.605651 0.030889
v -0.748777 0.589026 -0.034210
v -0.761346 0.565974 -0.097397
v -0.773413 0.536719 -0.158063
v -0.784863 0.501541 -0.215625
v -0.795584 0.460781 -0.269528
v -0.805476 0.414830 -0.319254
v -0.814440 0.364131 -0.364322
v -0.822392 0.309171 -0.404299
v -0.829255 0.250482 -0.438800
v -0.834962 0.188627 -0.467493
v -0.839459 0.124202 -0.490102
v -0.842703 0.057828 -0.506408
v -0.844662 -0.009856 -0.516255
v -0.845316 -0.078198 -0.519548
v -0.844662 -0.146540 -0.516255
v -0.842703 -0.214224 -0.506408
v -0.839459 -0.280598 -0.490102
v -0.834962 -0.345023 -0.467493
v -0.829255 -0.406878 -0.438800
v -0.822392 -0.465568 -0.404299
v -0.814440 -0.520527 -0.364322
v -0.805476 -0.571226 -0.319254
v -0.795584 -0.617177 -0.269528
v -0.784863 -0.657938 -0.215625
v -0.773413 -0.693115 -0.158063
v -0.761346 -0.722370 -0.097397
v -0.748777 -0.745422 -0.034210
v -0.735828 -0.762048 0.030889
v -0.722624 -0.772088 0.097272
v -0.709291 0.615691 0.095959
v -0.709291 0.605651 0.028275
v -0.709291 0.589026 -0.038099
v -0.709291 0.565974 -0.102524
v -0.709291 0.536719 -0.164379
v -0.709291 0.501541 -0.223068
v -0.709291 0.414830 -0.328727
v -0.709291 0.309171 -0.415438
v -0.709291 0.250482 -0.450615
v -0.709290 -0.078198 -0.532945
v -0.709291 -0.280598 -0.502922
v -0.709291 -0.345023 -0.479871
v -0.709291 -0.571226 -0.328727
v -0.709291 -0.722370 -0.102524
v -0.709291 -0.745422 -0.038099
vn -0.0000 0.7715 -0.6362
vn -0.0000 0.6329 -0.7742
vn -0.0000 0.3816 -0.9243
vn -0.0000 0.2894 -0.9572
vn -0.0000 0.1945 -0.9809
vn -0.0000 0.0977 -0.9952
vn -0.0000 -0.0977 -0.9952
vn -0.0000 -0.1945 -0.9809
vn -0.0000 -0.4701 -0.8826
vn -0.0000 -0.5542 -0.8324
vn -0.0000 -0.6329 -0.7742
vn -0.0000 -0.7715 -0.6362
vn -0.0000 -0.8301 -0.5577
vn -0.0000 -0.8806 -0.4738
vn -0.0000 -0.9802 -0.1980
vn -0.0000 -0.9949 -0.1011
vn 0.0197 0.9949 -0.0991
vn 0.0386 0.9802 -0.1942
vn 0.0572 0.9561 -0.2875
vn 0.0752 0.9228 -0.3779
vn 0.0924 0.8806 -0.4647
vn 0.1088 0.8301 -0.5470
vn 0.1241 0.7715 -0.6240
vn 0.1382 0.7056 -0.6950
vn 0.1510 0.6329 -0.7594
vn 0.1624 0.5542 -0.8164
vn 0.1722 0.4701 -0.8656
vn 0.1803 0.3816 -0.9066
vn 0.1867 0.2894 -0.9388
vn 0.1914 0.1945 -0.9621
vn 0.1942 0.0977 -0.9761
vn 0.1951 -0.0000 -0.9808
vn 0.1942 -0.0977 -0.9761
vn 0.1914 -0.1945 -0.9621
vn 0.1867 -0.2894 -0.9388
vn 0.1803 -0.3816 -0.9066
vn 0.1722 -0.4701 -0.8656
vn 0.1624 -0.5542 -0.8164
vn 0.1510 -0.6329 -0.7594
vn 0.1382 -0.7056 -0.6950
vn 0.1241 -0.7715 -0.6240
vn 0.1088 -0.8301 -0.5470
vn 0.0924 -0.8806 -0.4647
vn 0.0752 -0.9228 -0.3779
vn 0.0572 -0.9561 -0.2875
vn 0.0386 -0.9802 -0.1942
vn 0.0197 -0.9949 -0.0991
vn 0.0387 0.9949 -0.0934
vn 0.0758 0.9802 -0.1830
vn 0.1122 0.9561 -0.2708
vn 0.1474 0.9228 -0.3560
vn 0.1813 0.8806 -0.4377
vn 0.2134 0.8301 -0.5152
vn 0.2435 0.7715 -0.5878
vn 0.2712 0.7056 -0.6547
vn 0.2963 0.6329 -0.7153
vn 0.3185 0.5542 -0.7690
vn 0.3378 0.4701 -0.8154
vn 0.3537 0.3816 -0.8540
vn 0.3663 0.2894 -0.8843
vn 0.3754 0.1945 -0.9062
vn 0.3809 0.0977 -0.9195
vn 0.3827 -0.0000 -0.9239
vn 0.3809 -0.0977 -0.9195
vn 0.3754 -0.1945 -0.9062
vn 0.3663 -0.2894 -0.8843
vn 0.3537 -0.3816 -0.8540
vn 0.3378 -0.4701 -0.8154
vn 0.3185 -0.5542 -0.7690
vn 0.2963 -0.6329 -0.7153
vn 0.2712 -0.7056 -0.6547
vn 0.2435 -0.7715 -0.5878
vn 0.2134 -0.8301 -0.5152
vn 0.1813 -0.8806 -0.4377
vn 0.1474 -0.9228 -0.3560
vn 0.1122 -0.9561 -0.2708
vn 0.0758 -0.9802 -0.1830
vn 0.0387 -0.9949 -0.0934
vn 0.0561 0.9949 -0.0840
vn 0.1100 0.9802 -0.1647
vn 0.1628 0.9561 -0.2437
vn 0.2141 0.9228 -0.3204
vn 0.2632 0.8806 -0.3939
vn 0.3098 0.8301 -0.4637
vn 0.3535 0.7715 -0.5290
vn 0.3937 0.7056 -0.5892
vn 0.4301 0.6329 -0.6438
vn 0.4625 0.5542 -0.6921
vn 0.4903 0.4701 -0.7339
vn 0.5135 0.3816 -0.7685
vn 0.5318 0.2894 -0.7959
vn 0.5450 0.1945 -0.8156
vn 0.5529 0.0977 -0.8275
vn 0.5556 -0.0000 -0.8315
vn 0.5529 -0.0977 -0.8275
vn 0.5450 -0.1945 -0.8156
vn 0.5318 -0.2894 -0.7959
vn 0.5135 -0.3816 -0.7685
vn 0.4903 -0.4701 -0.7339
vn 0.4625 -0.5542 -0.6921
vn 0.4301 -0.6329 -0.6438
vn 0.3937 -0.7056 -0.5892
vn 0.3535 -0.7715 -0.5290
vn 0.3098 -0.8301 -0.4637
vn 0.2632 -0.8806 -0.3939
vn 0.2141 -0.9228 -0.3204
vn 0.1628 -0.9561 -0.2437
vn 0.1100 -0.9802 -0.1647
vn 0.0561 -0.9949 -0.0840
vn 0.0715 0.9949 -0.0715
vn 0.1400 0.9802 -0.1400
vn 0.2072 0.9561 -0.2072
vn 0.2724 0.9228 -0.2724
vn 0.3350 0.8806 -0.3350
vn 0.3943 0.8301 -0.3943
vn 0.4499 0.7715 -0.4499
vn 0.5011 0.7056 -0.5011
vn 0.5475 0.6329 -0.5475
vn 0.5886 0.5542 -0.5886
vn 0.6241 0.4701 -0.6241
vn 0.6536 0.3816 -0.6536
vn 0.6768 0.2894 -0.6768
vn 0.6936 0.1945 -0.6936
vn 0.7037 0.0977 -0.7037
vn 0.7071 -0.0000 -0.7071
vn 0.7037 -0.0977 -0.7037
vn 0.6936 -0.1945 -0.6936
vn 0.6768 -0.2894 -0.6768
vn 0.6536 -0.3816 -0.6536
vn 0.6241 -0.4701 -0.6241
vn 0.5886 -0.5542 -0.5886
vn 0.5475 -0.6329 -0.5475
vn 0.5011 -0.7056 -0.5011
vn 0.4499 -0.7715 -0.4499
vn 0.3943 -0.8301 -0.3943
vn 0.3350 -0.8806 -0.3350
vn 0.2724 -0.9228 -0.2724
vn 0.2072 -0.9561 -0.2072
vn 0.1400 -0.9802 -0.1400
vn 0.0715 -0.9949 -0.0715
vn 0.0840 0.9949 -0.0561
vn 0.1647 0.9802 -0.1100
vn 0.2437 0.9561 -0.1628
vn 0.3204 0.9228 -0.2141
vn 0.3939 0.8806 -0.2632
vn 0.4637 0.8301 -0.3098
vn 0.5290 0.7715 -0.3535
vn 0.5892 0.7056 -0.3937
vn 0.6438 0.6329 -0.4301
vn 0.6921 0.5542 -0.4625
vn 0.7339 0.4701 -0.4903
vn 0.7685 0.3816 -0.5135
vn 0.7959 0.2894 -0.5318
vn 0.8156 0.1945 -0.5450
vn 0.8275 0.0977 -0.5529
vn 0.8315 -0.0000 -0.5556
vn 0.8275 -0.0977 -0.5529
vn 0.8156 -0.1945 -0.5450
vn 0.7959 -0.2894 -0.5318
vn 0.7685 -0.3816 -0.5135
vn 0.7339 -0.4701 -0.4903
vn 0.6921 -0.5542 -0.4625
vn 0.6438 -0.6329 -0.4301
vn 0.5892 -0.7056 -0.3937
vn 0.5290 -0.7715 -0.3535
vn 0.4637 -0.8301 -0.3098
vn 0.3939 -0.8806 -0.2632
vn 0.3204 -0.9228 -0.2141
vn 0.2437 -0.9561 -0.1628
vn 0.1647 -0.9802 -0.1100
vn 0.0840 -0.9949 -0.0561
vn 0.0934 0.9949 -0.0387
vn 0.1830 0.9802 -0.0758
vn 0.2708 0.9561 -0.1122
vn 0.3560 0.9228 -0.1474
vn 0.4377 0.8806 -0.1813
vn 0.5152 0.8301 -0.2134
vn 0.5878 0.7715 -0.2435
vn 0.6547 0.7056 -0.2712
vn 0.7153 0.6329 -0.2963
vn 0.7690 0.5542 -0.3185
vn 0.8154 0.4701 -0.3378
vn 0.8540 0.3816 -0.3537
vn 0.8843 0.2894 -0.3663
vn 0.9062 0.1945 -0.3754
vn 0.9195 0.0977 -0.3809
vn 0.9239 -0.0000 -0.3827
vn 0.9195 -0.0977 -0.3809
vn 0.9062 -0.1945 -0.3754
vn 0.8843 -0.2894 -0.3663
vn 0.8540 -0.3816 -0.3537
vn 0.8154 -0.4701 -0.3378
vn 0.7690 -0.5542 -0.3185
vn 0.7153 -0.6329 -0.2963
vn 0.6547 -0.7056 -0.2712
vn 0.5878 -0.7715 -0.2435
vn 0.5152 -0.8301 -0.2134
vn 0.4377 -0.8806 -0.1813
vn 0.3560 -0.9228 -0.1474
vn 0.2708 -0.9561 -0.1122
vn 0.1830 -0.9802 -0.0758
vn 0.0934 -0.9949 -0.0387
vn 0.0991 0.9949 -0.0197
vn 0.1942 0.9802 -0.0386
vn 0.2875 0.9561 -0.0572
vn 0.3779 0.9228 -0.0752
vn 0.4647 0.8806 -0.0924
vn 0.5470 0.8301 -0.1088
vn 0.6240 0.7715 -0.1241
vn 0.6950 0.7056 -0.1382
vn 0.7594 0.6329 -0.1510
vn 0.8164 0.5542 -0.1624
vn 0.8656 0.4701 -0.1722
vn 0.9066 0.3816 -0.1803
vn 0.9388 0.2894 -0.1867
vn 0.9621 0.1945 -0.1914
vn 0.9761 0.0977 -0.1942
vn 0.9808 -0.0000 -0.1951
vn 0.9761 -0.0977 -0.1942
vn 0.9621 -0.1945 -0.1914
vn 0.9388 -0.2894 -0.1867
vn 0.9066 -0.3816 -0.1803
vn 0.8656 -0.4701 -0.1722
vn 0.8164 -0.5542 -0.1624
vn 0.7594 -0.6329 -0.1510
vn 0.6950 -0.7056 -0.1382
vn 0.6240 -0.7715 -0.1241
vn 0.5470 -0.8301 -0.1088
vn 0.4647 -0.8806 -0.0924
vn 0.3779 -0.9228 -0.0752
vn 0.2875 -0.9561 -0.0572
vn 0.1942 -0.9802 -0.0386
vn 0.0991 -0.9949 -0.0197
vn 0.1011 0.9949 -0.0000
vn 0.1980 0.9802 -0.0000
vn 0.2931 0.9561 -0.0000
vn 0.3853 0.9228 -0.0000
vn 0.4738 0.8806 -0.0000
vn 0.5577 0.8301 -0.0000
vn 0.6362 0.7715 -0.0000
vn 0.7086 0.7056 -0.0000
vn 0.7742 0.6329 -0.0000
vn 0.8324 0.5542 -0.0000
vn 0.8826 0.4701 -0.0000
vn 0.9243 0.3816 -0.0000
vn 0.9572 0.2894 -0.0000
vn 0.9809 0.1945 -0.0000
vn 0.9952 0.0977 -0.0000
vn 1.0000 -0.0000 -0.0000
vn 0.9952 -0.0977 -0.0000
vn 0.9809 -0.1945 -0.0000
vn 0.9572 -0.2894 -0.0000
vn 0.9243 -0.3816 -0.0000
vn 0.8826 -0.4701 -0.0000
vn 0.8324 -0.5542 -0.0000
vn 0.7742 -0.6329 -0.0000
vn 0.7086 -0.7056 -0.0000
vn 0.6362 -0.7715 -0.0000
vn 0.5577 -0.8301 -0.0000
vn 0.4738 -0.8806 -0.0000
vn 0.3853 -0.9228 -0.0000
vn 0.2931 -0.9561 -0.0000
vn 0.1980 -0.9802 -0.0000
vn 0.1011 -0.9949 -0.0000
vn 0.0991 0.9949 0.0197
vn 0.1942 0.9802 0.0386
vn 0.2875 0.9561 0.0572
vn 0.3779 0.9228 0.0752
vn 0.4647 0.8806 0.0924
vn 0.5470 0.8301 0.1088
vn 0.6240 0.7715 0.1241
vn 0.6950 0.7056 0.1382
vn 0.7594 0.6329 0.1510
vn 0.8164 0.5542 0.1624
vn 0.8656 0.4701 0.1722
vn 0.9066 0.3816 0.1803
vn 0.9388 0.2894 0.1867
vn 0.9621 0.1945 0.1914
vn 0.9761 0.0977 0.1942
vn 0.9808 -0.0000 0.1951
vn 0.9761 -0.0977 0.1942
vn 0.9621 -0.1945 0.1914
vn 0.9388 -0.2894 0.1867
vn 0.9066 -0.3816 0.1803
vn 0.8656 -0.4701 0.1722
vn 0.8164 -0.5542 0.1624
vn 0.7594 -0.6329 0.1510
vn 0.6950 -0.7056 0.1382
vn 0.6240 -0.7715 0.1241
vn 0.5470 -0.8301 0.1088
vn 0.4647 -0.8806 0.0924
vn 0.3779 -0.9228 0.0752
vn 0.2875 -0.9561 0.0572
vn 0.1942 -0.9802 0.0386
vn 0.0991 -0.9949 0.0197
vn 0.0934 0.9949 0.0387
vn 0.1830 0.9802 0.0758
vn 0.2708 0.9561 0.1122
vn 0.3560 0.9228 0.1474
vn 0.4377 0.8806 0.1813
vn 0.5152 0.8301 0.2134
vn 0.5878 0.7715 0.2435
vn 0.6547 0.7056 0.2712
vn 0.7153 0.6329 0.2963
vn 0.7690 0.5542 0.3185
vn 0.8154 0.4701 0.3378
vn 0.8540 0.3816 0.3537
vn 0.8843 0.2894 0.3663
vn 0.9062 0.1945 0.3754
vn 0.9195 0.0977 0.3809
vn 0.9239 -0.0000 0.3827
vn 0.9195 -0.0977 0.3809
vn 0.9062 -0.1945 0.3754
vn 0.8843 -0.2894 0.3663
vn 0.8540 -0.3816 0.3537
vn 0.8154 -0.4701 0.3378
vn 0.7690 -0.5542 0.3185
vn 0.7153 -0.6329 0.2963
vn 0.6547 -0.7056 0.2712
vn 0.5878 -0.7715 0.2435
vn 0.5152 -0.8301 0.2134
vn 0.4377 -0.8806 0.1813
vn 0.3560 -0.9228 0.1474
vn 0.2708 -0.9561 0.1122
vn 0.1830 -0.9802 0.0758
vn 0.0934 -0.9949 0.0387
vn 0.0840 0.9949 0.0561
vn 0.1647 0.9802 0.1100
vn 0.2437 0.9561 0.1628
vn 0.3204 0.9228 0.2141
vn 0.3939 0.8806 0.2632
vn 0.4637 0.8301 0.3098
vn 0.5290 0.7715 0.3535
vn 0.5892 0.7056 0.3937
vn 0.6438 0.6329 0.4301
vn 0.6921 0.5542 0.4625
vn 0.7339 0.4701 0.4903
vn 0.7685 0.3816 0.5135
vn 0.7959 0.2894 0.5318
vn 0.8156 0.1945 0.5450
vn 0.8275 0.0977 0.5529
vn 0.8315 -0.0000 0.5556
vn 0.8275 -0.0977 0.5529
vn 0.8156 -0.1945 0.5450
vn 0.7959 -0.2894 0.5318
vn 0.7685 -0.3816 0.5135
vn 0.7339 -0.4701 0.4903
vn 0.6921 -0.5542 0.4625
vn 0.6438 -0.6329 0.4301
vn 0.5892 -0.7056 0.3937
vn 0.5290 -0.7715 0.3535
vn 0.4637 -0.8301 0.3098
vn 0.3939 -0.8806 0.2632
vn 0.3204 -0.9228 0.2141
vn 0.2437 -0.9561 0.1628
vn 0.1647 -0.9802 0.1100
vn 0.0840 -0.9949 0.0561
vn 0.0715 0.9949 0.0715
vn 0.1400 0.9802 0.1400
vn 0.2072 0.9561 0.2072
vn 0.2724 0.9228 0.2724
vn 0.3350 0.8806 0.3350
vn 0.3943 0.8301 0.3943
vn 0.4499 0.7715 0.4499
vn 0.5011 0.7056 0.5011
vn 0.5475 0.6329 0.5475
vn 0.5886 0.5542 0.5886
vn 0.6241 0.4701 0.6241
vn 0.6536 0.3816 0.6536
vn 0.6768 0.2894 0.6768
vn 0.6936 0.1945 0.6936
vn 0.7037 0.0977 0.7037
vn 0.7071 -0.0000 0.7071
vn 0.7037 -0.0977 0.7037
vn 0.6936 -0.1945 0.6936
vn 0.6768 -0.2894 0.6768
vn 0.6536 -0.3816 0.6536
vn 0.6241 -0.4701 0.6241
vn 0.5886 -0.5542 0.5886
vn 0.5475 -0.6329 0.5475
vn 0.5011 -0.7056 0.5011
vn 0.4499 -0.7715 0.4499
vn 0.3943 -0.8301 0.3943
vn 0.3350 -0.8806 0.3350
vn 0.2724 -0.9228 0.2724
vn 0.2072 -0.9561 0.2072
vn 0.1400 -0.9802 0.1400
vn 0.0715 -0.9949 0.0715
vn 0.0561 0.9949 0.0840
vn 0.1100 0.9802 0.1647
vn 0.1628 0.9561 0.2437
vn 0.2141 0.9228 0.3204
vn 0.2632 0.8806 0.3939
vn 0.3098 0.8301 0.4637
vn 0.3535 0.7715 0.5290
vn 0.3937 0.7056 0.5892
vn 0.4301 0.6329 0.6438
vn 0.4625 0.5542 0.6921
vn 0.4903 0.4701 0.7339
vn 0.5135 0.3816 0.7685
vn 0.5318 0.2894 0.7959
vn 0.5450 0.1945 0.8156
vn 0.5529 0.0977 0.8275
vn 0.5556 -0.0000 0.8315
vn 0.5529 -0.0977 0.8275
vn 0.5450 -0.1945 0.8156
vn 0.5318 -0.2894 0.7959
vn 0.5135 -0.3816 0.7685
vn 0.4903 -0.4701 0.7339
vn 0.4625 -0.5542 0.6921
vn 0.4301 -0.6329 0.6438
vn 0.3937 -0.7056 0.5892
vn 0.3535 -0.7715 0.5290
vn 0.3098 -0.8301 0.4637
vn 0.2632 -0.8806 0.3939
vn 0.2141 -0.9228 0.3204
vn 0.1628 -0.9561 0.2437
vn 0.1100 -0.9802 0.1647
vn 0.0561 -0.9949 0.0840
vn 0.0387 0.9949 0.0934
vn 0.0758 0.9802 0.1830
vn 0.1122 0.9561 0.2708
vn 0.1474 0.9228 0.3560
vn 0.1813 0.8806 0.4377
vn 0.2134 0.8301 0.5152
vn 0.2435 0.7715 0.5878
vn 0.2712 0.7056 0.6547
vn 0.2963 0.6329 0.7153
vn 0.3185 0.5542 0.7690
vn 0.3378 0.4701 0.8154
vn 0.3537 0.3816 0.8540
vn 0.3663 0.2894 0.8843
vn 0.3754 0.1945 0.9062
vn 0.3809 0.0977 0.9195
vn 0.3827 -0.0000 0.9239
vn 0.3809 -0.0977 0.9195
vn 0.3754 -0.1945 0.9062
vn 0.3663 -0.2894 0.8843
vn 0.3537 -0.3816 0.8540
vn 0.3378 -0.4701 0.8154
vn 0.3185 -0.5542 0.7690
vn 0.2963 -0.6329 0.7153
vn 0.2712 -0.7056 0.6547
vn 0.2435 -0.7715 0.5878
vn 0.2134 -0.8301 0.5152
vn 0.1813 -0.8806 0.4377
vn 0.1474 -0.9228 0.3560
vn 0.1122 -0.9561 0.2708
vn 0.0758 -0.9802 0.1830
vn 0.0387 -0.9949 0.0934
vn 0.0197 0.9949 0.0991
vn 0.0386 0.9802 0.1942
vn 0.0572 0.9561 0.2875
vn 0.0752 0.9228 0.3779
vn 0.0924 0.8806 0.4647
vn 0.1088 0.8301 0.5470
vn 0.1241 0.7715 0.6240
vn 0.1382 0.7056 0.6950
vn 0.1510 0.6329 0.7594
vn 0.1624 0.5542 0.8164
vn 0.1722 0.4701 0.8656
vn 0.1803 0.3816 0.9066
vn 0.1867 0.2894 0.9388
vn 0.1914 0.1945 0.9621
vn 0.1942 0.0977 0.9761
vn 0.1951 -0.0000 0.9808
vn 0.1942 -0.0977 0.9761
vn 0.1914 -0.1945 0.9621
vn 0.1867 -0.2894 0.9388
vn 0.1803 -0.3816 0.9066
vn 0.1722 -0.4701 0.8656
vn 0.1624 -0.5542 0.8164
vn 0.1510 -0.6329 0.7594
vn 0.1382 -0.7056 0.6950
vn 0.1241 -0.7715 0.6240
vn 0.1088 -0.8301 0.5470
vn 0.0924 -0.8806 0.4647
vn 0.0752 -0.9228 0.3779
vn 0.0572 -0.9561 0.2875
vn 0.0386 -0.9802 0.1942
vn 0.0197 -0.9949 0.0991
vn -0.0000 0.9949 0.1011
vn -0.0000 0.9802 0.1980
vn -0.0000 0.9561 0.2931
vn -0.0000 0.9228 0.3853
vn -0.0000 0.8806 0.4738
vn -0.0000 0.8301 0.5577
vn -0.0000 0.7715 0.6362
vn -0.0000 0.7056 0.7086
vn -0.0000 0.6329 0.7742
vn -0.0000 0.5542 0.8324
vn -0.0000 0.4701 0.8826
vn -0.0000 0.3816 0.9243
vn -0.0000 0.2894 0.9572
vn -0.0000 0.1945 0.9809
vn -0.0000 0.0977 0.9952
vn -0.0000 -0.0000 1.0000
vn -0.0000 -0.0977 0.9952
vn -0.0000 -0.1945 0.9809
vn -0.0000 -0.2894 0.9572
vn -0.0000 -0.3816 0.9243
vn -0.0000 -0.4701 0.8826
vn -0.0000 -0.5542 0.8324
vn -0.0000 -0.6329 0.7742
vn -0.0000 -0.7056 0.7086
vn -0.0000 -0.7715 0.6362
vn -0.0000 -0.8301 0.5577
vn -0.0000 -0.8806 0.4738
vn -0.0000 -0.9228 0.3853
vn -0.0000 -0.9561 0.2931
vn -0.0000 -0.9802 0.1980
vn -0.0000 -0.9949 0.1011
vn -0.0000 -1.0000 -0.0000
vn -0.0000 1.0000 -0.0000
vn -0.0197 0.9949 0.0991
vn -0.0386 0.9802 0.1942
vn -0.0572 0.9561 0.2875
vn -0.0752 0.9228 0.3779
vn -0.0924 0.8806 0.4647
vn -0.1088 0.8301 0.5470
vn -0.1241 0.7715 0.6240
vn -0.1382 0.7056 0.6950
vn -0.1510 0.6329 0.7594
vn -0.1624 0.5542 0.8164
vn -0.1722 0.4701 0.8656
vn -0.1803 0.3816 0.9066
vn -0.1867 0.2894 0.9388
vn -0.1914 0.1945 0.9621
vn -0.1942 0.0977 0.9761
vn -0.1951 -0.0000 0.9808
vn -0.1942 -0.0977 0.9761
vn -0.1914 -0.1945 0.9621
vn -0.1867 -0.2894 0.9388
vn -0.1803 -0.3816 0.9066
vn -0.1722 -0.4701 0.8656
vn -0.1624 -0.5542 0.8164
vn -0.1510 -0.6329 0.7594
vn -0.1382 -0.7056 0.6950
vn -0.1241 -0.7715 0.6240
vn -0.1088 -0.8301 0.5470
vn -0.0924 -0.8806 0.4647
vn -0.0752 -0.9228 0.3779
vn -0.0572 -0.9561 0.2875
vn -0.0386 -0.9802 0.1942
vn -0.0197 -0.9949 0.0991
vn -0.0387 0.9949 0.0934
vn -0.0758 0.9802 0.1830
vn -0.1122 0.9561 0.2708
vn -0.1474 0.9228 0.3560
vn -0.1813 0.8806 0.4377
vn -0.2134 0.8301 0.5152
vn -0.2435 0.7715 0.5878
vn -0.2712 0.7056 0.6547
vn -0.2963 0.6329 0.7153
vn -0.3185 0.5542 0.7690
vn -0.3378 0.4701 0.8154
vn -0.3537 0.3816 0.8540
vn -0.3663 0.2894 0.8843
vn -0.3754 0.1945 0.9062
vn -0.3809 0.0977 0.9195
vn -0.3827 -0.0000 0.9239
vn -0.3809 -0.0977 0.9195
vn -0.3754 -0.1945 0.9062
vn -0.3663 -0.2894 0.8843
vn -0.3537 -0.3816 0.8540
vn -0.3378 -0.4701 0.8154
vn -0.3185 -0.5542 0.7690
vn -0.2963 -0.6329 0.7153
vn -0.2712 -0.7056 0.6547
vn -0.2435 -0.7715 0.5878
vn -0.2134 -0.8301 0.5152
vn -0.1813 -0.8806 0.4377
vn -0.1474 -0.9228 0.3560
vn -0.1122 -0.9561 0.2708
vn -0.0758 -0.9802 0.1830
vn -0.0387 -0.9949 0.0934
vn -0.0561 0.9949 0.0840
vn -0.1100 0.9802 0.1647
vn -0.1628 0.9561 0.2437
vn -0.2141 0.9228 0.3204
vn -0.2632 0.8806 0.3939
vn -0.3098 0.8301 0.4637
vn -0.3535 0.7715 0.5290
vn -0.3937 0.7056 0.5892
vn -0.4301 0.6329 0.6438
vn -0.4625 0.5542 0.6921
vn -0.4903 0.4701 0.7339
vn -0.5135 0.3816 0.7685
vn -0.5318 0.2894 0.7959
vn -0.5450 0.1945 0.8156
vn -0.5529 0.0977 0.8275
vn -0.5556 -0.0000 0.8315
vn -0.5529 -0.0977 0.8275
vn -0.5450 -0.1945 0.8156
vn -0.5318 -0.2894 0.7959
vn -0.5135 -0.3816 0.7685
vn -0.4903 -0.4701 0.7339
vn -0.4625 -0.5542 0.6921
vn -0.4301 -0.6329 0.6438
vn -0.3937 -0.7056 0.5892
vn -0.3535 -0.7715 0.5290
vn -0.3098 -0.8301 0.4637
vn -0.2632 -0.8806 0.3939
vn -0.2141 -0.9228 0.3204
vn -0.1628 -0.9561 0.2437
vn -0.1100 -0.9802 0.1647
vn -0.0561 -0.9949 0.0840
vn -0.0715 0.9949 0.0715
vn -0.1400 0.9802 0.1400
vn -0.2072 0.9561 0.2072
vn -0.2724 0.9228 0.2724
vn -0.3350 0.8806 0.3350
vn -0.3943 0.8301 0.3943
vn -0.4499 0.7715 0.4499
vn -0.5011 0.7056 0.5011
vn -0.5475 0.6329 0.5475
vn -0.5886 0.5542 0.5886
vn -0.6241 0.4701 0.6241
vn -0.6536 0.3816 0.6536
vn -0.6768 0.2894 0.6768
vn -0.6936 0.1945 0.6936
vn -0.7037 0.0977 0.7037
vn -0.7071 -0.0000 0.7071
vn -0.7037 -0.0977 0.7037
vn -0.6936 -0.1945 0.6936
vn -0.6768 -0.2894 0.6768
vn -0.6536 -0.3816 0.6536
vn -0.6241 -0.4701 0.6241
vn -0.5886 -0.5542 0.5886
vn -0.5475 -0.6329 0.5475
vn -0.5011 -0.7056 0.5011
vn -0.4499 -0.7715 0.4499
vn -0.3943 -0.8301 0.3943
vn -0.3350 -0.8806 0.3350
vn -0.2724 -0.9228 0.2724
vn -0.2072 -0.9561 0.2072
vn -0.1400 -0.9802 0.1400
vn -0.0715 -0.9949 0.0715
vn -0.0840 0.9949 0.0561
vn -0.1647 0.9802 0.1100
vn -0.2437 0.9561 0.1628
vn -0.3204 0.9228 0.2141
vn -0.3939 0.8806 0.2632
vn -0.4637 0.8301 0.3098
vn -0.5290 0.7715 0.3535
vn -0.5892 0.7056 0.3937
vn -0.6438 0.6329 0.4301
vn -0.6921 0.5542 0.4625
vn -0.7339 0.4701 0.4903
vn -0.7685 0.3816 0.5135
vn -0.7959 0.2894 0.5318
vn -0.8156 0.1945 0.5450
vn -0.8275 0.0977 0.5529
vn -0.8315 -0.0000 0.5556
vn -0.8275 -0.0977 0.5529
vn -0.8156 -0.1945 0.5450
vn -0.7959 -0.2894 0.5318
vn -0.7685 -0.3816 0.5135
vn -0.7339 -0.4701 0.4903
vn -0.6921 -0.5542 0.4625
vn -0.6438 -0.6329 0.4301
vn -0.5892 -0.7056 0.3937
vn -0.5290 -0.7715 0.3535
vn -0.4637 -0.8301 0.3098
vn -0.3939 -0.8806 0.2632
vn -0.3204 -0.9228 0.2141
vn -0.2437 -0.9561 0.1628
vn -0.1647 -0.9802 0.1100
vn -0.0840 -0.9949 0.0561
vn -0.0934 0.9949 0.0387
vn -0.1830 0.9802 0.0758
vn -0.2708 0.9561 0.1122
vn -0.3560 0.9228 0.1474
vn -0.4377 0.8806 0.1813
vn -0.5152 0.8301 0.2134
vn -0.5878 0.7715 0.2435
vn -0.6547 0.7056 0.2712
vn -0.7153 0.6329 0.2963
vn -0.7690 0.5542 0.3185
vn -0.8154 0.4701 0.3378
vn -0.8540 0.3816 0.3537
vn -0.8843 0.2894 0.3663
vn -0.9062 0.1945 0.3754
vn -0.9195 0.0977 0.3809
vn -0.9239 -0.0000 0.3827
vn -0.9195 -0.0977 0.3809
vn -0.9062 -0.1945 0.3754
vn -0.8843 -0.2894 0.3663
vn -0.8540 -0.3816 0.3537
vn -0.8154 -0.4701 0.3378
vn -0.7690 -0.5542 0.3185
vn -0.7153 -0.6329 0.2963
vn -0.6547 -0.7056 0.2712
vn -0.5878 -0.7715 0.2435
vn -0.5152 -0.8301 0.2134
vn -0.4377 -0.8806 0.1813
vn -0.3560 -0.9228 0.1474
vn -0.2708 -0.9561 0.1122
vn -0.1830 -0.9802 0.0758
vn -0.0934 -0.9949 0.0387
vn -0.0991 0.9949 0.0197
vn -0.1942 0.9802 0.0386
vn -0.2875 0.9561 0.0572
vn -0.3779 0.9228 0.0752
vn -0.4647 0.8806 0.0924
vn -0.5470 0.8301 0.1088
vn -0.6240 0.7715 0.1241
vn -0.6950 0.7056 0.1382
vn -0.7594 0.6329 0.1510
vn -0.8164 0.5542 0.1624
vn -0.8656 0.4701 0.1722
vn -0.9066 0.3816 0.1803
vn -0.9388 0.2894 0.1867
vn -0.9621 0.1945 0.1914
vn -0.9761 0.0977 0.1942
vn -0.9808 -0.0000 0.1951
vn -0.9761 -0.0977 0.1942
vn -0.9621 -0.1945 0.1914
vn -0.9388 -0.2894 0.1867
vn -0.9066 -0.3816 0.1803
vn -0.8656 -0.4701 0.1722
vn -0.8164 -0.5542 0.1624
vn -0.7594 -0.6329 0.1510
vn -0.6950 -0.7056 0.1382
vn -0.6240 -0.7715 0.1241
vn -0.5470 -0.8301 0.1088
vn -0.4647 -0.8806 0.0924
vn -0.3779 -0.9228 0.0752
vn -0.2875 -0.9561 0.0572
vn -0.1942 -0.9802 0.0386
vn -0.0991 -0.9949 0.0197
vn -0.1011 0.9949 -0.0000
vn -0.1980 0.9802 -0.0000
vn -0.2931 0.9561 -0.0000
vn -0.3853 0.9228 -0.0000
vn -0.4738 0.8806 -0.0000
vn -0.5577 0.8301 -0.0000
vn -0.6362 0.7715 -0.0000
vn -0.7086 0.7056 -0.0000
vn -0.7742 0.6329 -0.0000
vn -0.8324 0.5542 -0.0000
vn -0.8826 0.4701 -0.0000
vn -0.9243 0.3816 -0.0000
vn -0.9572 0.2894 -0.0000
vn -0.9809 0.1945 -0.0000
vn -0.9952 0.0977 -0.0000
vn -1.0000 -0.0000 -0.0000
vn -0.9952 -0.0977 -0.0000
vn -0.9809 -0.1945 -0.0000
vn -0.9572 -0.2894 -0.0000
vn -0.9243 -0.3816 -0.0000
vn -0.8826 -0.4701 -0.0000
vn -0.8324 -0.5542 -0.0000
vn -0.7742 -0.6329 -0.0000
vn -0.7086 -0.7056 -0.0000
vn -0.6362 -0.7715 -0.0000
vn -0.5577 -0.8301 -0.0000
vn -0.4738 -0.8806 -0.0000
vn -0.3853 -0.9228 -0.0000
vn -0.2931 -0.9561 -0.0000
vn -0.1980 -0.9802 -0.0000
vn -0.1011 -0.9949 -0.0000
vn -0.0991 0.9949 -0.0197
vn -0.1942 0.9802 -0.0386
vn -0.2875 0.9561 -0.0572
vn -0.3779 0.9228 -0.0752
vn -0.4647 0.8806 -0.0924
vn -0.5470 0.8301 -0.1088
vn -0.6240 0.7715 -0.1241
vn -0.6950 0.7056 -0.1382
vn -0.7594 0.6329 -0.1510
vn -0.8164 0.5542 -0.1624
vn -0.8656 0.4701 -0.1722
vn -0.9066 0.3816 -0.1803
vn -0.9388 0.2894 -0.1867
vn -0.9621 0.1945 -0.1914
vn -0.9761 0.0977 -0.1942
vn -0.9808 -0.0000 -0.1951
vn -0.9761 -0.0977 -0.1942
vn -0.9621 -0.1945 -0.1914
vn -0.9388 -0.2894 -0.1867
vn -0.9066 -0.3816 -0.1803
vn -0.8656 -0.4701 -0.1722
vn -0.8164 -0.5542 -0.1624
vn -0.7594 -0.6329 -0.1510
vn -0.6950 -0.7056 -0.1382
vn -0.6240 -0.7715 -0.1241
vn -0.5470 -0.8301 -0.1088
vn -0.4647 -0.8806 -0.0924
vn -0.3779 -0.9228 -0.0752
vn -0.2875 -0.9561 -0.0572
vn -0.1942 -0.9802 -0.0386
vn -0.0991 -0.9949 -0.0197
vn -0.0934 0.9949 -0.0387
vn -0.1830 0.9802 -0.0758
vn -0.2708 0.9561 -0.1122
vn -0.3560 0.9228 -0.1474
vn -0.4377 0.8806 -0.1813
vn -0.5152 0.8301 -0.2134
vn -0.5878 0.7715 -0.2435
vn -0.6547 0.7056 -0.2712
vn -0.7153 0.6329 -0.2963
vn -0.7690 0.5542 -0.3186
vn -0.8154 0.4701 -0.3378
vn -0.8540 0.3816 -0.3537
vn -0.8843 0.2894 -0.3663
vn -0.9062 0.1945 -0.3754
vn -0.9195 0.0977 -0.3809
vn -0.9239 -0.0000 -0.3827
vn -0.9195 -0.0977 -0.3809
vn -0.9062 -0.1945 -0.3754
vn -0.8843 -0.2894 -0.3663
vn -0.8540 -0.3816 -0.3537
vn -0.8154 -0.4701 -0.3378
vn -0.7690 -0.5542 -0.3186
vn -0.7153 -0.6329 -0.2963
vn -0.6547 -0.7056 -0.2712
vn -0.5878 -0.7715 -0.2435
vn -0.5152 -0.8301 -0.2134
vn -0.4377 -0.8806 -0.1813
vn -0.3560 -0.9228 -0.1474
vn -0.2708 -0.9561 -0.1122
vn -0.1830 -0.9802 -0.0758
vn -0.0934 -0.9949 -0.0387
vn -0.0840 0.9949 -0.0561
vn -0.1647 0.9802 -0.1100
vn -0.2437 0.9561 -0.1628
vn -0.3204 0.9228 -0.2141
vn -0.3939 0.8806 -0.2632
vn -0.4637 0.8301 -0.3098
vn -0.5290 0.7715 -0.3535
vn -0.5892 0.7056 -0.3937
vn -0.6438 0.6329 -0.4301
vn -0.6921 0.5542 -0.4625
vn -0.7339 0.4701 -0.4903
vn -0.7685 0.3816 -0.5135
vn -0.7959 0.2894 -0.5318
vn -0.8156 0.1945 -0.5450
vn -0.8275 0.0977 -0.5529
vn -0.8315 -0.0000 -0.5556
vn -0.8275 -0.0977 -0.5529
vn -0.8156 -0.1945 -0.5450
vn -0.7959 -0.2894 -0.5318
vn -0.7685 -0.3816 -0.5135
vn -0.7339 -0.4701 -0.4903
vn -0.6921 -0.5542 -0.4625
vn -0.6438 -0.6329 -0.4301
vn -0.5892 -0.7056 -0.3937
vn -0.5290 -0.7715 -0.3535
vn -0.4637 -0.8301 -0.3098
vn -0.3939 -0.8806 -0.2632
vn -0.3204 -0.9228 -0.2141
vn -0.2437 -0.9561 -0.1628
vn -0.1647 -0.9802 -0.1100
vn -0.0840 -0.9949 -0.0561
vn -0.0715 0.9949 -0.0715
vn -0.1400 0.9802 -0.1400
vn -0.2072 0.9561 -0.2072
vn -0.2724 0.9228 -0.2724
vn -0.3350 0.8806 -0.3350
vn -0.3943 0.8301 -0.3943
vn -0.4499 0.7715 -0.4499
vn -0.5011 0.7056 -0.5011
vn -0.5475 0.6329 -0.5475
vn -0.5886 0.5542 -0.5886
vn -0.6241 0.4701 -0.6241
vn -0.6536 0.3816 -0.6536
vn -0.6768 0.2894 -0.6768
vn -0.6936 0.1945 -0.6936
vn -0.7037 0.0977 -0.7037
vn -0.7071 -0.0000 -0.7071
vn -0.7037 -0.0977 -0.7037
vn -0.6936 -0.1945 -0.6936
vn -0.6768 -0.2894 -0.6768
vn -0.6536 -0.3816 -0.6536
vn -0.6241 -0.4701 -0.6241
vn -0.5886 -0.5542 -0.5886
vn -0.5475 -0.6329 -0.5475
vn -0.5011 -0.7056 -0.5011
vn -0.4499 -0.7715 -0.4499
vn -0.3943 -0.8301 -0.3943
vn -0.3350 -0.8806 -0.3350
vn -0.2724 -0.9228 -0.2724
vn -0.2072 -0.9561 -0.2072
vn -0.1400 -0.9802 -0.1400
vn -0.0715 -0.9949 -0.0715
vn -0.0561 0.9949 -0.0840
vn -0.1100 0.9802 -0.1647
vn -0.1628 0.9561 -0.2437
vn -0.2141 0.9228 -0.3204
vn -0.2632 0.8806 -0.3939
vn -0.3098 0.8301 -0.4637
vn -0.3535 0.7715 -0.5290
vn -0.3937 0.7056 -0.5892
vn -0.4301 0.6329 -0.6438
vn -0.4625 0.5542 -0.6921
vn -0.4903 0.4701 -0.7339
vn -0.5135 0.3816 -0.7685
vn -0.5318 0.2894 -0.7959
vn -0.5450 0.1945 -0.8156
vn -0.5529 0.0977 -0.8275
vn -0.5556 -0.0000 -0.8315
vn -0.5529 -0.0977 -0.8275
vn -0.5450 -0.1945 -0.8156
vn -0.5318 -0.2894 -0.7959
vn -0.5135 -0.3816 -0.7685
vn -0.4903 -0.4701 -0.7339
vn -0.4625 -0.5542 -0.6921
vn -0.4301 -0.6329 -0.6438
vn -0.3937 -0.7056 -0.5892
vn -0.3535 -0.7715 -0.5290
vn -0.3098 -0.8301 -0.4637
vn -0.2632 -0.8806 -0.3939
vn -0.2141 -0.9228 -0.3204
vn -0.1628 -0.9561 -0.2437
vn -0.1100 -0.9802 -0.1647
vn -0.0561 -0.9949 -0.0840
vn -0.0387 0.9949 -0.0934
vn -0.0758 0.9802 -0.1830
vn -0.1122 0.9561 -0.2708
vn -0.1474 0.9228 -0.3560
vn -0.1813 0.8806 -0.4377
vn -0.2134 0.8301 -0.5152
vn -0.2435 0.7715 -0.5878
vn -0.2712 0.7056 -0.6547
vn -0.2963 0.6329 -0.7153
vn -0.3185 0.5542 -0.7690
vn -0.3378 0.4701 -0.8154
vn -0.3537 0.3816 -0.8540
vn -0.3663 0.2894 -0.8843
vn -0.3754 0.1945 -0.9062
vn -0.3809 0.0977 -0.9195
vn -0.3827 -0.0000 -0.9239
vn -0.3809 -0.0977 -0.9195
vn -0.3754 -0.1945 -0.9062
vn -0.3663 -0.2894 -0.8843
vn -0.3537 -0.3816 -0.8540
vn -0.3378 -0.4701 -0.8154
vn -0.3185 -0.5542 -0.7690
vn -0.2963 -0.6329 -0.7153
vn -0.2712 -0.7056 -0.6547
vn -0.2435 -0.7715 -0.5878
vn -0.2134 -0.8301 -0.5152
vn -0.1813 -0.8806 -0.4377
vn -0.1474 -0.9228 -0.3560
vn -0.1122 -0.9561 -0.2708
vn -0.0758 -0.9802 -0.1830
vn -0.0387 -0.9949 -0.0934
vn -0.0197 0.9949 -0.0991
vn -0.0386 0.9802 -0.1942
vn -0.0572 0.9561 -0.2875
vn -0.0752 0.9228 -0.3779
vn -0.0924 0.8806 -0.4647
vn -0.1088 0.8301 -0.5470
vn -0.1241 0.7715 -0.6240
vn -0.1382 0.7056 -0.6950
vn -0.1510 0.6329 -0.7594
vn -0.1624 0.5542 -0.8164
vn -0.1722 0.4701 -0.8656
vn -0.1803 0.3816 -0.9066
vn -0.1867 0.2894 -0.9388
vn -0.1914 0.1945 -0.9621
vn -0.1942 0.0977 -0.9761
vn -0.1951 -0.0000 -0.9808
vn -0.1942 -0.0977 -0.9761
vn -0.1914 -0.1945 -0.9621
vn -0.1867 -0.2894 -0.9388
vn -0.1803 -0.3816 -0.9066
vn -0.1722 -0.4701 -0.8656
vn -0.1624 -0.5542 -0.8164
vn -0.1510 -0.6329 -0.7594
vn -0.1382 -0.7056 -0.6950
vn -0.1241 -0.7715 -0.6240
vn -0.1088 -0.8301 -0.5470
vn -0.0924 -0.8806 -0.4647
vn -0.0752 -0.9228 -0.3779
vn -0.0572 -0.9561 -0.2875
vn -0.0386 -0.9802 -0.1942
vn -0.0197 -0.9949 -0.0991
vn -0.0000 0.9949 -0.1011
vn -0.0000 0.9802 -0.1980
vn -0.0000 0.9561 -0.2931
vn -0.0000 0.9228 -0.3853
vn -0.0000 0.8806 -0.4738
vn -0.0000 0.8301 -0.5577
vn -0.0000 0.7056 -0.7086
vn -0.0000 0.5542 -0.8324
vn -0.0000 0.4701 -0.8826
vn -0.0000 -0.0000 -1.0000
vn -0.0000 -0.2894 -0.9572
vn -0.0000 -0.3816 -0.9243
vn -0.0000 -0.7056 -0.7086
vn -0.0000 -0.9228 -0.3853
vn -0.0000 -0.9561 -0.2931
vt 0.262325 0.516543
vt 0.261699 0.510393
vt 0.278761 0.510272
vt 0.278973 0.516425
vt 0.269856 0.622954
vt 0.272067 0.617731
vt 0.280267 0.618883
vt 0.279521 0.624311
vt 0.263193 0.522544
vt 0.279266 0.522429
vt 0.267785 0.627861
vt 0.278822 0.629411
vt 0.264295 0.528336
vt 0.279638 0.528227
vt 0.265875 0.632406
vt 0.278177 0.634134
vt 0.265621 0.533866
vt 0.280086 0.533763
vt 0.267156 0.458090
vt 0.268887 0.453653
vt 0.281189 0.453565
vt 0.280604 0.457994
vt 0.267156 0.539078
vt 0.280604 0.538982
vt 0.265620 0.462940
vt 0.280086 0.462837
vt 0.268887 0.543924
vt 0.281189 0.543836
vt 0.264295 0.468157
vt 0.279638 0.468048
vt 0.441160 0.540360
vt 0.443070 0.544707
vt 0.430768 0.546435
vt 0.430124 0.541910
vt 0.263193 0.473690
vt 0.279266 0.473575
vt 0.439090 0.535628
vt 0.429424 0.536985
vt 0.262325 0.479485
vt 0.278973 0.479367
vt 0.436879 0.530557
vt 0.428678 0.531709
vt 0.261698 0.485488
vt 0.278761 0.485366
vt 0.281874 0.594732
vt 0.284448 0.588731
vt 0.283579 0.594971
vt 0.434549 0.525195
vt 0.427891 0.526130
vt 0.261320 0.491639
vt 0.278634 0.491516
vt 0.279324 0.600689
vt 0.282718 0.601165
vt 0.432122 0.519595
vt 0.427072 0.520305
vt 0.261194 0.497881
vt 0.278591 0.497757
vt 0.276824 0.606545
vt 0.281874 0.607254
vt 0.429621 0.513810
vt 0.426227 0.514287
vt 0.261320 0.504152
vt 0.278634 0.504029
vt 0.274397 0.612244
vt 0.281054 0.613179
vt 0.427072 0.507896
vt 0.425366 0.508136
vt 0.424497 0.501910
vt 0.419570 0.536985
vt 0.420316 0.531709
vt 0.295947 0.479367
vt 0.296159 0.485366
vt 0.285318 0.594971
vt 0.421103 0.526130
vt 0.296286 0.491516
vt 0.286179 0.601165
vt 0.421923 0.520305
vt 0.296329 0.497757
vt 0.287023 0.607254
vt 0.422767 0.514287
vt 0.296286 0.504029
vt 0.287842 0.613179
vt 0.423628 0.508136
vt 0.296159 0.510272
vt 0.288629 0.618883
vt 0.295947 0.516425
vt 0.289376 0.624311
vt 0.295654 0.522429
vt 0.290075 0.629411
vt 0.295282 0.528227
vt 0.290720 0.634134
vt 0.294834 0.533763
vt 0.293731 0.453565
vt 0.294316 0.457994
vt 0.294316 0.538982
vt 0.294834 0.462837
vt 0.293731 0.543836
vt 0.295282 0.468048
vt 0.418226 0.546435
vt 0.418871 0.541910
vt 0.295654 0.473575
vt 0.414445 0.525195
vt 0.416872 0.519595
vt 0.313600 0.491639
vt 0.313726 0.497881
vt 0.289573 0.600689
vt 0.292073 0.606545
vt 0.419373 0.513810
vt 0.313600 0.504152
vt 0.294500 0.612244
vt 0.421923 0.507896
vt 0.313222 0.510393
vt 0.296830 0.617731
vt 0.312595 0.516543
vt 0.299041 0.622954
vt 0.311727 0.522544
vt 0.301111 0.627861
vt 0.310625 0.528336
vt 0.303021 0.632406
vt 0.309300 0.533866
vt 0.306033 0.453653
vt 0.307764 0.458090
vt 0.307764 0.539078
vt 0.309300 0.462940
vt 0.306033 0.543924
vt 0.310625 0.468157
vt 0.405924 0.544707
vt 0.407834 0.540360
vt 0.311727 0.473690
vt 0.409904 0.535628
vt 0.312595 0.479485
vt 0.412115 0.530557
vt 0.313222 0.485488
vt 0.287023 0.594732
vt 0.416176 0.512875
vt 0.420316 0.507427
vt 0.329909 0.504394
vt 0.329295 0.510631
vt 0.300771 0.610410
vt 0.304555 0.615472
vt 0.328278 0.516776
vt 0.308146 0.620291
vt 0.326867 0.522768
vt 0.311508 0.624820
vt 0.325078 0.528551
vt 0.314609 0.629016
vt 0.322926 0.534068
vt 0.304752 0.636545
vt 0.317420 0.632839
vt 0.320432 0.539266
vt 0.320432 0.458278
vt 0.322926 0.463142
vt 0.317621 0.544095
vt 0.325078 0.468371
vt 0.394336 0.541317
vt 0.397438 0.537319
vt 0.326867 0.473914
vt 0.400800 0.532965
vt 0.328277 0.479717
vt 0.404390 0.528297
vt 0.329295 0.485726
vt 0.288629 0.594262
vt 0.408174 0.523361
vt 0.329909 0.491881
vt 0.292770 0.599753
vt 0.412115 0.518204
vt 0.330114 0.498124
vt 0.296830 0.605154
vt 0.342391 0.517113
vt 0.340493 0.523094
vt 0.316340 0.616425
vt 0.320864 0.620405
vt 0.338085 0.528862
vt 0.325038 0.624096
vt 0.335189 0.534361
vt 0.328821 0.627460
vt 0.331833 0.539538
vt 0.331833 0.458550
vt 0.335189 0.463435
vt 0.391525 0.544922
vt 0.380124 0.539543
vt 0.383907 0.536397
vt 0.338085 0.468682
vt 0.388081 0.532904
vt 0.340493 0.474240
vt 0.392606 0.529098
vt 0.342391 0.480055
vt 0.397438 0.525017
vt 0.343760 0.486072
vt 0.290075 0.593580
vt 0.402530 0.520698
vt 0.344586 0.492232
vt 0.295647 0.598396
vt 0.407834 0.516184
vt 0.344863 0.498476
vt 0.301111 0.603133
vt 0.413298 0.511518
vt 0.344586 0.504745
vt 0.306415 0.607747
vt 0.418871 0.506744
vt 0.343760 0.510977
vt 0.311508 0.612191
vt 0.349146 0.529257
vt 0.345618 0.534734
vt 0.333907 0.617833
vt 0.338517 0.620613
vt 0.341529 0.539885
vt 0.332177 0.630466
vt 0.342606 0.623101
vt 0.370429 0.532696
vt 0.375038 0.530134
vt 0.364190 0.378985
vt 0.367423 0.373463
vt 0.377868 0.373696
vt 0.375269 0.379232
vt 0.380124 0.527285
vt 0.361565 0.384771
vt 0.373171 0.385030
vt 0.385637 0.524178
vt 0.359574 0.390765
vt 0.371595 0.391034
vt 0.391525 0.520841
vt 0.358236 0.396911
vt 0.370557 0.397186
vt 0.291304 0.592712
vt 0.397730 0.517308
vt 0.357563 0.403148
vt 0.370065 0.403427
vt 0.298094 0.596668
vt 0.404193 0.513613
vt 0.357563 0.409416
vt 0.370126 0.409697
vt 0.304752 0.600562
vt 0.410851 0.509790
vt 0.357406 0.498925
vt 0.357069 0.505192
vt 0.311215 0.604357
vt 0.417641 0.505876
vt 0.356062 0.511417
vt 0.317420 0.608016
vt 0.354394 0.517543
vt 0.323308 0.611504
vt 0.352081 0.523509
vt 0.328821 0.614787
vt 0.362811 0.524645
vt 0.368070 0.522769
vt 0.390143 0.373826
vt 0.388288 0.379369
vt 0.373872 0.520678
vt 0.386810 0.385174
vt 0.380162 0.518392
vt 0.385722 0.391183
vt 0.386880 0.515932
vt 0.385035 0.397339
vt 0.292270 0.591691
vt 0.393959 0.513323
vt 0.384756 0.403582
vt 0.300017 0.594636
vt 0.401332 0.510589
vt 0.384888 0.409853
vt 0.307613 0.597539
vt 0.408929 0.507758
vt 0.370738 0.415936
vt 0.385429 0.416090
vt 0.314987 0.600372
vt 0.416675 0.504856
vt 0.371895 0.422083
vt 0.386373 0.422235
vt 0.322066 0.603107
vt 0.373586 0.428079
vt 0.387713 0.428228
vt 0.328783 0.605718
vt 0.375796 0.433867
vt 0.389434 0.434010
vt 0.335073 0.608180
vt 0.378502 0.439390
vt 0.391521 0.439527
vt 0.340876 0.610469
vt 0.381679 0.444596
vt 0.393953 0.444725
vt 0.346135 0.612563
vt 0.385296 0.449435
vt 0.396707 0.449555
vt 0.380945 0.368476
vt 0.392356 0.368596
vt 0.369566 0.513337
vt 0.376391 0.511962
vt 0.401957 0.385195
vt 0.401411 0.391205
vt 0.383680 0.510477
vt 0.401115 0.397362
vt 0.292935 0.590556
vt 0.391361 0.508894
vt 0.401073 0.403605
vt 0.301341 0.592378
vt 0.399362 0.507230
vt 0.401283 0.409876
vt 0.309584 0.594180
vt 0.407605 0.505500
vt 0.401745 0.416114
vt 0.317584 0.595943
vt 0.416010 0.503721
vt 0.402453 0.422258
vt 0.325266 0.597652
vt 0.403402 0.428250
vt 0.332554 0.599288
vt 0.404581 0.434032
vt 0.339379 0.600838
vt 0.405980 0.439548
vt 0.345675 0.602286
vt 0.407585 0.444745
vt 0.394907 0.363730
vt 0.406500 0.363747
vt 0.405030 0.368614
vt 0.409381 0.449573
vt 0.403775 0.373845
vt 0.357563 0.515700
vt 0.363270 0.514587
vt 0.402747 0.379390
vt 0.293275 0.589352
vt 0.382048 0.504686
vt 0.390037 0.504193
vt 0.418179 0.397255
vt 0.418386 0.403497
vt 0.302016 0.589982
vt 0.398357 0.503664
vt 0.418681 0.409767
vt 0.310588 0.590614
vt 0.406929 0.503103
vt 0.419059 0.416006
vt 0.318909 0.591242
vt 0.415671 0.502517
vt 0.419517 0.422152
vt 0.326897 0.591860
vt 0.420050 0.428146
vt 0.334477 0.592463
vt 0.420655 0.433932
vt 0.341575 0.593045
vt 0.421324 0.439452
vt 0.348122 0.593599
vt 0.422051 0.444655
vt 0.418802 0.363670
vt 0.418478 0.368530
vt 0.422829 0.449489
vt 0.418240 0.373755
vt 0.411350 0.453985
vt 0.423652 0.453909
vt 0.418091 0.379294
vt 0.360823 0.505900
vt 0.367371 0.505543
vt 0.418030 0.385095
vt 0.374469 0.505137
vt 0.418059 0.391101
vt 0.302016 0.587538
vt 0.310588 0.586978
vt 0.398357 0.500028
vt 0.406929 0.500660
vt 0.436412 0.409530
vt 0.436705 0.415770
vt 0.318909 0.586449
vt 0.415671 0.501289
vt 0.436908 0.421919
vt 0.326897 0.585956
vt 0.437019 0.427919
vt 0.334477 0.585504
vt 0.437037 0.433712
vt 0.341575 0.585098
vt 0.436962 0.439243
vt 0.348122 0.584742
vt 0.436794 0.444457
vt 0.431340 0.363502
vt 0.432185 0.368347
vt 0.436536 0.449306
vt 0.432984 0.373557
vt 0.436190 0.453741
vt 0.433728 0.379085
vt 0.360823 0.497043
vt 0.367371 0.497597
vt 0.434412 0.384876
vt 0.374469 0.498178
vt 0.435028 0.390874
vt 0.382048 0.498781
vt 0.435570 0.397022
vt 0.293275 0.588125
vt 0.390037 0.499400
vt 0.436033 0.403261
vt 0.317584 0.581747
vt 0.325266 0.580165
vt 0.416010 0.500085
vt 0.453958 0.421569
vt 0.453654 0.427578
vt 0.332554 0.578679
vt 0.453098 0.433383
vt 0.339379 0.577305
vt 0.452293 0.438929
vt 0.345675 0.576055
vt 0.451249 0.444161
vt 0.443633 0.363250
vt 0.445623 0.368071
vt 0.449974 0.449030
vt 0.447438 0.373261
vt 0.448482 0.453489
vt 0.449060 0.378771
vt 0.363270 0.488356
vt 0.369566 0.489803
vt 0.450473 0.384546
vt 0.376391 0.491353
vt 0.451663 0.390533
vt 0.383680 0.492990
vt 0.452620 0.396673
vt 0.292935 0.586920
vt 0.391361 0.494698
vt 0.453333 0.402906
vt 0.301341 0.585141
vt 0.399362 0.496462
vt 0.453797 0.409174
vt 0.309584 0.583412
vt 0.407605 0.498263
vt 0.454006 0.415415
vt 0.328783 0.572250
vt 0.335073 0.569963
vt 0.468221 0.432956
vt 0.466729 0.438521
vt 0.340876 0.567872
vt 0.464859 0.443777
vt 0.455207 0.362924
vt 0.458277 0.367714
vt 0.462628 0.448673
vt 0.461049 0.372877
vt 0.357563 0.487025
vt 0.362811 0.478079
vt 0.368070 0.480173
vt 0.463496 0.378363
vt 0.373872 0.482462
vt 0.465596 0.384120
vt 0.380162 0.484924
vt 0.467327 0.390091
vt 0.386880 0.487535
vt 0.468674 0.396220
vt 0.292270 0.585786
vt 0.393959 0.490270
vt 0.469623 0.402447
vt 0.300017 0.582884
vt 0.401332 0.493102
vt 0.470166 0.408712
vt 0.307613 0.580052
vt 0.408929 0.496006
vt 0.470296 0.414955
vt 0.314987 0.577319
vt 0.416675 0.498951
vt 0.470012 0.421116
vt 0.322066 0.574710
vt 0.469318 0.427136
vt 0.346135 0.565996
vt 0.333907 0.560508
vt 0.338517 0.557945
vt 0.477102 0.443320
vt 0.474010 0.448248
vt 0.469659 0.367289
vt 0.473291 0.372420
vt 0.370429 0.470028
vt 0.375038 0.472809
vt 0.476482 0.377878
vt 0.380124 0.475855
vt 0.479199 0.383612
vt 0.385637 0.479138
vt 0.481418 0.389565
vt 0.391525 0.482625
vt 0.483116 0.395680
vt 0.291304 0.584765
vt 0.397730 0.486284
vt 0.484277 0.401899
vt 0.298094 0.580852
vt 0.404193 0.490079
vt 0.484890 0.408162
vt 0.304752 0.577029
vt 0.410851 0.493974
vt 0.484949 0.414408
vt 0.311215 0.573333
vt 0.417641 0.497930
vt 0.484454 0.420577
vt 0.317420 0.569800
vt 0.483409 0.426610
vt 0.323308 0.566464
vt 0.481824 0.432448
vt 0.328821 0.563356
vt 0.479715 0.438036
vt 0.225774 0.377762
vt 0.229303 0.372285
vt 0.239731 0.372658
vt 0.236835 0.378157
vt 0.383907 0.466546
vt 0.388081 0.470236
vt 0.487518 0.377335
vt 0.490761 0.383042
vt 0.392606 0.474217
vt 0.493393 0.388975
vt 0.397438 0.478450
vt 0.218859 0.395602
vt 0.220527 0.389476
vt 0.232529 0.389906
vt 0.231160 0.396042
vt 0.290075 0.583897
vt 0.402530 0.482895
vt 0.217851 0.401828
vt 0.230334 0.402274
vt 0.295647 0.579124
vt 0.407834 0.487508
vt 0.217515 0.408094
vt 0.230057 0.408543
vt 0.301111 0.574458
vt 0.413298 0.492246
vt 0.217851 0.414341
vt 0.230334 0.414787
vt 0.306415 0.569944
vt 0.418871 0.497062
vt 0.218859 0.420507
vt 0.231160 0.420948
vt 0.311508 0.565625
vt 0.220527 0.426535
vt 0.232529 0.426964
vt 0.316340 0.561543
vt 0.222839 0.432365
vt 0.234427 0.432779
vt 0.320864 0.557738
vt 0.493386 0.431879
vt 0.490752 0.437493
vt 0.325038 0.554245
vt 0.229303 0.443211
vt 0.225774 0.437941
vt 0.236835 0.438337
vt 0.239731 0.443584
vt 0.328821 0.551099
vt 0.366340 0.467540
vt 0.376768 0.460176
vt 0.380124 0.463182
vt 0.233392 0.367134
vt 0.243087 0.367481
vt 0.234427 0.383925
vt 0.248053 0.384251
vt 0.246643 0.390243
vt 0.400800 0.470351
vt 0.404390 0.475170
vt 0.245626 0.396388
vt 0.288629 0.583215
vt 0.408174 0.480232
vt 0.245011 0.402625
vt 0.292770 0.577766
vt 0.412115 0.485488
vt 0.244806 0.408895
vt 0.296830 0.572438
vt 0.416176 0.490888
vt 0.245011 0.415138
vt 0.300771 0.567281
vt 0.420316 0.496380
vt 0.245626 0.421293
vt 0.304555 0.562345
vt 0.246643 0.427302
vt 0.308146 0.557677
vt 0.248053 0.433105
vt 0.311508 0.553323
vt 0.249843 0.438648
vt 0.314609 0.549324
vt 0.251995 0.443877
vt 0.317420 0.545720
vt 0.243087 0.448469
vt 0.254488 0.448741
vt 0.254488 0.367753
vt 0.251995 0.372951
vt 0.391525 0.457802
vt 0.394336 0.461625
vt 0.249843 0.378468
vt 0.397438 0.465821
vt 0.261699 0.396626
vt 0.261320 0.402867
vt 0.287023 0.582745
vt 0.289573 0.576831
vt 0.414445 0.478397
vt 0.416872 0.484097
vt 0.261194 0.409138
vt 0.292073 0.571046
vt 0.419373 0.489953
vt 0.261320 0.415380
vt 0.294500 0.565446
vt 0.421923 0.495910
vt 0.261699 0.421532
vt 0.296830 0.560085
vt 0.262325 0.427534
vt 0.299041 0.555014
vt 0.263193 0.433330
vt 0.301111 0.550282
vt 0.264295 0.438862
vt 0.303021 0.545935
vt 0.265621 0.444079
vt 0.257299 0.362924
vt 0.268887 0.363095
vt 0.267156 0.367941
vt 0.267156 0.448929
vt 0.265621 0.373153
vt 0.404193 0.454097
vt 0.405924 0.458236
vt 0.264295 0.378683
vt 0.407834 0.462781
vt 0.263193 0.384475
vt 0.409904 0.467688
vt 0.262325 0.390476
vt 0.412115 0.472910
vt 0.278591 0.409262
vt 0.278634 0.415503
vt 0.287023 0.570337
vt 0.287842 0.564511
vt 0.422767 0.489476
vt 0.423628 0.495671
vt 0.278762 0.421653
vt 0.288629 0.558933
vt 0.278973 0.427653
vt 0.289376 0.553656
vt 0.279266 0.433444
vt 0.290075 0.548732
vt 0.279638 0.438971
vt 0.290720 0.544207
vt 0.280086 0.444182
vt 0.281189 0.363183
vt 0.280604 0.368037
vt 0.280604 0.449025
vt 0.280086 0.373256
vt 0.268887 0.453366
vt 0.281189 0.453454
vt 0.279638 0.378792
vt 0.418226 0.456508
vt 0.418871 0.461230
vt 0.279266 0.384590
vt 0.419570 0.466330
vt 0.278973 0.390594
vt 0.420316 0.471758
vt 0.278762 0.396747
vt 0.285318 0.582506
vt 0.421103 0.477462
vt 0.278634 0.402990
vt 0.286179 0.576355
vt 0.421923 0.483387
vt 0.296159 0.421653
vt 0.295947 0.427653
vt 0.280268 0.558933
vt 0.279521 0.553656
vt 0.295654 0.433444
vt 0.278822 0.548732
vt 0.295282 0.438971
vt 0.278177 0.544207
vt 0.294834 0.444182
vt 0.293731 0.363183
vt 0.294316 0.368037
vt 0.294316 0.449025
vt 0.294834 0.373256
vt 0.293731 0.453454
vt 0.295282 0.378792
vt 0.430768 0.456508
vt 0.430124 0.461230
vt 0.295654 0.384590
vt 0.429424 0.466330
vt 0.295947 0.390594
vt 0.428678 0.471758
vt 0.296159 0.396747
vt 0.283579 0.582506
vt 0.427891 0.477462
vt 0.296286 0.402990
vt 0.282718 0.576355
vt 0.427072 0.483387
vt 0.296329 0.409262
vt 0.281874 0.570337
vt 0.426227 0.489476
vt 0.296286 0.415503
vt 0.281054 0.564511
vt 0.425366 0.495671
vt 0.311727 0.433330
vt 0.310625 0.438862
vt 0.267785 0.550282
vt 0.265875 0.545935
vt 0.309300 0.444079
vt 0.306033 0.363095
vt 0.307764 0.367941
vt 0.307764 0.448929
vt 0.309300 0.373153
vt 0.306033 0.453366
vt 0.310625 0.378683
vt 0.443070 0.458236
vt 0.441160 0.462781
vt 0.311727 0.384475
vt 0.439090 0.467688
vt 0.312595 0.390476
vt 0.436879 0.472910
vt 0.313222 0.396626
vt 0.281874 0.582745
vt 0.434549 0.478397
vt 0.313600 0.402867
vt 0.279324 0.576831
vt 0.432122 0.484097
vt 0.313726 0.409138
vt 0.276824 0.571046
vt 0.429621 0.489953
vt 0.313600 0.415380
vt 0.274397 0.565446
vt 0.427072 0.495910
vt 0.313222 0.421532
vt 0.272067 0.560085
vt 0.312595 0.427534
vt 0.269856 0.555014
vt 0.322926 0.443877
vt 0.320432 0.448741
vt 0.320432 0.367753
vt 0.322926 0.372951
vt 0.444801 0.454097
vt 0.457469 0.457802
vt 0.454658 0.461625
vt 0.325078 0.378468
vt 0.451557 0.465821
vt 0.326867 0.384251
vt 0.448194 0.470351
vt 0.328278 0.390243
vt 0.444604 0.475170
vt 0.329295 0.396388
vt 0.280268 0.583215
vt 0.440820 0.480232
vt 0.329909 0.402625
vt 0.276127 0.577767
vt 0.436879 0.485488
vt 0.330114 0.408895
vt 0.272067 0.572438
vt 0.432818 0.490888
vt 0.329909 0.415138
vt 0.268125 0.567281
vt 0.428678 0.496380
vt 0.329295 0.421293
vt 0.264341 0.562345
vt 0.328278 0.427302
vt 0.260751 0.557677
vt 0.326867 0.433105
vt 0.257389 0.553323
vt 0.325078 0.438648
vt 0.254287 0.549324
vt 0.317621 0.362924
vt 0.465087 0.466546
vt 0.460913 0.470236
vt 0.338085 0.378157
vt 0.340493 0.383925
vt 0.456388 0.474217
vt 0.342391 0.389906
vt 0.451557 0.478450
vt 0.343760 0.396042
vt 0.278822 0.583897
vt 0.446464 0.482895
vt 0.344586 0.402274
vt 0.273250 0.579124
vt 0.441160 0.487508
vt 0.344863 0.408543
vt 0.267785 0.574458
vt 0.435696 0.492246
vt 0.344586 0.414787
vt 0.262481 0.569944
vt 0.430124 0.497062
vt 0.343760 0.420948
vt 0.257389 0.565625
vt 0.342391 0.426964
vt 0.252557 0.561543
vt 0.340493 0.432779
vt 0.248032 0.557738
vt 0.338085 0.438337
vt 0.243858 0.554245
vt 0.335189 0.443584
vt 0.251476 0.545720
vt 0.240075 0.551099
vt 0.331833 0.448469
vt 0.331833 0.367481
vt 0.335189 0.372658
vt 0.468870 0.463182
vt 0.463357 0.479138
vt 0.457469 0.482625
vt 0.354394 0.389476
vt 0.356062 0.395602
vt 0.277592 0.584765
vt 0.451264 0.486284
vt 0.357069 0.401828
vt 0.270803 0.580852
vt 0.444801 0.490079
vt 0.357406 0.408094
vt 0.264144 0.577029
vt 0.438143 0.493974
vt 0.357900 0.598172
vt 0.357563 0.591906
vt 0.370106 0.591457
vt 0.370382 0.597726
vt 0.257681 0.573333
vt 0.431353 0.497930
vt 0.358907 0.604398
vt 0.371209 0.603958
vt 0.251476 0.569800
vt 0.360575 0.610524
vt 0.372578 0.610094
vt 0.245589 0.566464
vt 0.362888 0.616489
vt 0.374476 0.616075
vt 0.240075 0.563357
vt 0.365822 0.622238
vt 0.376884 0.621843
vt 0.234989 0.560508
vt 0.369351 0.627715
vt 0.379780 0.627342
vt 0.230380 0.557946
vt 0.472226 0.460176
vt 0.482655 0.467540
vt 0.478566 0.470028
vt 0.341529 0.367134
vt 0.345618 0.372285
vt 0.473956 0.472809
vt 0.349147 0.377762
vt 0.468870 0.475855
vt 0.352081 0.383511
vt 0.276627 0.585786
vt 0.268880 0.582884
vt 0.455035 0.490270
vt 0.447662 0.493102
vt 0.370382 0.585213
vt 0.385060 0.584862
vt 0.384855 0.591105
vt 0.261284 0.580052
vt 0.440065 0.496005
vt 0.385060 0.597375
vt 0.253910 0.577319
vt 0.432319 0.498951
vt 0.385674 0.603612
vt 0.246831 0.574710
vt 0.386691 0.609757
vt 0.240114 0.572250
vt 0.388102 0.615749
vt 0.233824 0.569964
vt 0.389891 0.621532
vt 0.228021 0.567872
vt 0.392043 0.627048
vt 0.222762 0.565996
vt 0.383136 0.632519
vt 0.394537 0.632247
vt 0.379780 0.556416
vt 0.383136 0.551531
vt 0.394537 0.551259
vt 0.392043 0.556123
vt 0.486183 0.478079
vt 0.480924 0.480173
vt 0.376884 0.561663
vt 0.389891 0.561352
vt 0.475122 0.482462
vt 0.374476 0.567221
vt 0.388102 0.566895
vt 0.468832 0.484924
vt 0.372578 0.573036
vt 0.386691 0.572698
vt 0.462115 0.487535
vt 0.371209 0.579052
vt 0.385674 0.578707
vt 0.259313 0.583412
vt 0.251312 0.581747
vt 0.441390 0.498263
vt 0.432984 0.500085
vt 0.401369 0.597133
vt 0.401747 0.603374
vt 0.243631 0.580165
vt 0.402374 0.609524
vt 0.236343 0.578679
vt 0.403242 0.615525
vt 0.229517 0.577305
vt 0.404344 0.621317
vt 0.223221 0.576055
vt 0.405669 0.626846
vt 0.217515 0.574942
vt 0.407205 0.632059
vt 0.407205 0.551071
vt 0.405669 0.555921
vt 0.397348 0.637076
vt 0.408936 0.636905
vt 0.404344 0.561138
vt 0.485724 0.488356
vt 0.479428 0.489803
vt 0.403242 0.566670
vt 0.472603 0.491353
vt 0.402374 0.572466
vt 0.465315 0.492990
vt 0.401747 0.578468
vt 0.275961 0.586920
vt 0.457633 0.494698
vt 0.401369 0.584620
vt 0.267556 0.585141
vt 0.449632 0.496462
vt 0.401243 0.590862
vt 0.242000 0.585956
vt 0.234420 0.585505
vt 0.419022 0.609406
vt 0.419315 0.615410
vt 0.227322 0.585099
vt 0.419687 0.621208
vt 0.220774 0.584742
vt 0.420134 0.626744
vt 0.408936 0.546634
vt 0.421237 0.546546
vt 0.420653 0.550975
vt 0.420653 0.631963
vt 0.420134 0.555818
vt 0.421237 0.636817
vt 0.419687 0.561029
vt 0.488171 0.497043
vt 0.481623 0.497597
vt 0.419315 0.566556
vt 0.474525 0.498178
vt 0.419022 0.572347
vt 0.466946 0.498781
vt 0.418810 0.578347
vt 0.275622 0.588125
vt 0.458957 0.499400
vt 0.418682 0.584497
vt 0.266881 0.587538
vt 0.450637 0.500028
vt 0.418640 0.590738
vt 0.258309 0.586978
vt 0.442065 0.500660
vt 0.418682 0.597010
vt 0.249988 0.586449
vt 0.433323 0.501289
vt 0.418810 0.603253
vt 0.227322 0.593045
vt 0.220774 0.593599
vt 0.435331 0.621208
vt 0.434883 0.626744
vt 0.433780 0.546546
vt 0.434365 0.550975
vt 0.434365 0.631963
vt 0.434883 0.555818
vt 0.433780 0.636817
vt 0.435331 0.561029
vt 0.488171 0.505900
vt 0.481623 0.505543
vt 0.435703 0.566556
vt 0.474525 0.505137
vt 0.435996 0.572347
vt 0.466946 0.504686
vt 0.436207 0.578347
vt 0.275622 0.589352
vt 0.458957 0.504193
vt 0.436335 0.584497
vt 0.266881 0.589982
vt 0.450637 0.503664
vt 0.436378 0.590738
vt 0.258309 0.590614
vt 0.442065 0.503103
vt 0.436335 0.597010
vt 0.249988 0.591242
vt 0.433323 0.502517
vt 0.436207 0.603253
vt 0.242000 0.591861
vt 0.435996 0.609406
vt 0.234420 0.592463
vt 0.435703 0.615410
vt 0.243631 0.597652
vt 0.236343 0.599289
vt 0.452644 0.609524
vt 0.451776 0.615525
vt 0.229517 0.600838
vt 0.450674 0.621317
vt 0.223221 0.602286
vt 0.449348 0.626846
vt 0.446082 0.546634
vt 0.447813 0.551071
vt 0.447813 0.632059
vt 0.449348 0.555921
vt 0.446082 0.636905
vt 0.450674 0.561138
vt 0.485724 0.514586
vt 0.479428 0.513337
vt 0.451776 0.566670
vt 0.472603 0.511962
vt 0.452644 0.572466
vt 0.465314 0.510477
vt 0.453270 0.578468
vt 0.275961 0.590556
vt 0.457633 0.508894
vt 0.453649 0.584620
vt 0.267556 0.592378
vt 0.449632 0.507230
vt 0.453775 0.590862
vt 0.259313 0.594180
vt 0.441390 0.505500
vt 0.453649 0.597133
vt 0.251312 0.595943
vt 0.432984 0.503721
vt 0.453270 0.603374
vt 0.233824 0.608180
vt 0.228021 0.610469
vt 0.465126 0.621532
vt 0.462974 0.627048
vt 0.217515 0.603617
vt 0.222762 0.612563
vt 0.460481 0.632247
vt 0.460481 0.551259
vt 0.462974 0.556123
vt 0.457670 0.637076
vt 0.465126 0.561352
vt 0.480924 0.522769
vt 0.475122 0.520678
vt 0.466916 0.566895
vt 0.468832 0.518391
vt 0.468326 0.572698
vt 0.462115 0.515932
vt 0.469343 0.578707
vt 0.276627 0.591691
vt 0.455035 0.513323
vt 0.469957 0.584862
vt 0.268880 0.594636
vt 0.447662 0.510589
vt 0.470163 0.591105
vt 0.261284 0.597539
vt 0.440065 0.507758
vt 0.469957 0.597375
vt 0.253910 0.600372
vt 0.432319 0.504856
vt 0.469343 0.603612
vt 0.246831 0.603107
vt 0.468326 0.609757
vt 0.240114 0.605718
vt 0.466916 0.615749
vt 0.471882 0.551531
vt 0.475237 0.556416
vt 0.486183 0.524645
vt 0.478566 0.532696
vt 0.473956 0.530134
vt 0.478133 0.561663
vt 0.468870 0.527285
vt 0.480542 0.567221
vt 0.463357 0.524178
vt 0.482440 0.573036
vt 0.457469 0.520841
vt 0.483809 0.579052
vt 0.277592 0.592712
vt 0.451264 0.517308
vt 0.484635 0.585213
vt 0.270803 0.596668
vt 0.444801 0.513613
vt 0.484912 0.591457
vt 0.264144 0.600562
vt 0.438143 0.509790
vt 0.484635 0.597726
vt 0.257681 0.604357
vt 0.431353 0.505876
vt 0.483809 0.603958
vt 0.251476 0.608016
vt 0.482440 0.610094
vt 0.245589 0.611504
vt 0.480542 0.616075
vt 0.240075 0.614787
vt 0.478133 0.621843
vt 0.234989 0.617833
vt 0.475237 0.627342
vt 0.230380 0.620613
vt 0.471882 0.632519
vt 0.222839 0.474654
vt 0.225774 0.469078
vt 0.236835 0.468682
vt 0.234427 0.474240
vt 0.460913 0.532904
vt 0.456388 0.529098
vt 0.220526 0.480484
vt 0.232529 0.480055
vt 0.451557 0.525017
vt 0.218859 0.486512
vt 0.231160 0.486072
vt 0.278822 0.593580
vt 0.446464 0.520698
vt 0.217851 0.492678
vt 0.230334 0.492232
vt 0.273250 0.598396
vt 0.441160 0.516184
vt 0.217515 0.498925
vt 0.230057 0.498476
vt 0.267785 0.603133
vt 0.435696 0.511518
vt 0.217851 0.505192
vt 0.230334 0.504745
vt 0.262481 0.607747
vt 0.430124 0.506744
vt 0.218859 0.511417
vt 0.231160 0.510977
vt 0.257389 0.612191
vt 0.220527 0.517543
vt 0.232529 0.517113
vt 0.252557 0.616425
vt 0.222839 0.523509
vt 0.234427 0.523094
vt 0.248032 0.620406
vt 0.225774 0.529257
vt 0.236835 0.528862
vt 0.243858 0.624096
vt 0.229303 0.534734
vt 0.239732 0.534361
vt 0.240075 0.627460
vt 0.233392 0.539885
vt 0.243087 0.539538
vt 0.226291 0.623101
vt 0.236720 0.630466
vt 0.468870 0.539543
vt 0.465087 0.536397
vt 0.229303 0.463809
vt 0.239731 0.463435
vt 0.246643 0.479717
vt 0.245626 0.485726
vt 0.280268 0.594262
vt 0.444604 0.528297
vt 0.440820 0.523361
vt 0.245011 0.491881
vt 0.276127 0.599753
vt 0.436879 0.518204
vt 0.244806 0.498124
vt 0.272067 0.605154
vt 0.432818 0.512875
vt 0.245011 0.504394
vt 0.268125 0.610410
vt 0.428678 0.507427
vt 0.245626 0.510631
vt 0.264341 0.615472
vt 0.246643 0.516776
vt 0.260751 0.620291
vt 0.248053 0.522768
vt 0.257389 0.624820
vt 0.249843 0.528551
vt 0.254287 0.629017
vt 0.251995 0.534068
vt 0.251476 0.632839
vt 0.254488 0.539266
vt 0.243087 0.458550
vt 0.254488 0.458278
vt 0.251994 0.463142
vt 0.457469 0.544922
vt 0.454658 0.541317
vt 0.249843 0.468371
vt 0.451557 0.537319
vt 0.248053 0.473914
vt 0.448194 0.532965
vt 0.264144 0.636545
vt 0.257299 0.544095
s 1
usemtl Hydrogen.002
f 3979/3433/3972 2997/3434/2990 3023/3435/3016 3024/3436/3017
f 3974/3437/3967 3973/3438/3966 3010/3439/3003 3011/3440/3004
f 3980/3441/3973 3979/3433/3972 3024/3436/3017 3025/3442/3018
f 2990/3443/2983 3974/3437/3967 3011/3440/3004 3012/3444/3005
f 2998/3445/2991 3980/3441/3973 3025/3442/3018 3026/3446/3019
f 3975/3447/3968 2990/3443/2983 3012/3444/3005 3013/3448/3006
f 2999/3449/2992 2998/3445/2991 3026/3446/3019 3027/3450/3020
f 2991/3451/2984 3975/3452/3968 3013/3453/3006 3014/3454/3007
f 3000/3455/2993 2999/3449/2992 3027/3450/3020 3028/3456/3021
f 3976/3457/3969 2991/3451/2984 3014/3454/3007 3015/3458/3008
f 3981/3459/3974 3000/3455/2993 3028/3456/3021 3029/3460/3022
f 3977/3461/3970 3976/3457/3969 3015/3458/3008 3016/3462/3009
f 3001/3463/2994 3981/3464/3974 3029/3465/3022 3030/3466/3023
f 2992/3467/2985 3977/3461/3970 3016/3462/3009 3017/3468/3010
f 3002/3469/2995 3001/3463/2994 3030/3466/3023 3031/3470/3024
f 2993/3471/2986 2992/3467/2985 3017/3468/3010 3018/3472/3011
f 3003/3473/2996 3002/3469/2995 3031/3470/3024 3032/3474/3025
f 2994/3475/2987 2993/3471/2986 3018/3472/3011 3019/3476/3012
f 3969/3477/3962 3503/3478/3496 3006/3479/2999
f 3982/3480/3975 3003/3473/2996 3032/3474/3025 3033/3481/3026
f 2995/3482/2988 2994/3475/2987 3019/3476/3012 3020/3483/3013
f 3970/3484/3963 3969/3477/3962 3006/3479/2999 3007/3485/3000
f 3983/3486/3976 3982/3480/3975 3033/3481/3026 3034/3487/3027
f 3978/3488/3971 2995/3482/2988 3020/3483/3013 3021/3489/3014
f 3971/3490/3964 3970/3484/3963 3007/3485/3000 3008/3491/3001
f 3004/3492/2997 3983/3486/3976 3034/3487/3027 3035/3493/3028
f 2996/3494/2989 3978/3488/3971 3021/3489/3014 3022/3495/3015
f 3972/3496/3965 3971/3490/3964 3008/3491/3001 3009/3497/3002
f 3005/3498/2998 3004/3492/2997 3035/3493/3028 3036/3499/3029
f 2997/3434/2990 2996/3494/2989 3022/3495/3015 3023/3435/3016
f 3973/3438/3966 3972/3496/3965 3009/3497/3002 3010/3439/3003
f 3502/3500/3495 3005/3498/2998 3036/3499/3029
f 3032/3474/3025 3031/3470/3024 3062/3501/3055 3063/3502/3056
f 3019/3476/3012 3018/3472/3011 3049/3503/3042 3050/3504/3043
f 3006/3479/2999 3503/3478/3496 3037/3505/3030
f 3033/3481/3026 3032/3474/3025 3063/3502/3056 3064/3506/3057
f 3020/3483/3013 3019/3476/3012 3050/3504/3043 3051/3507/3044
f 3007/3485/3000 3006/3479/2999 3037/3505/3030 3038/3508/3031
f 3034/3487/3027 3033/3481/3026 3064/3506/3057 3065/3509/3058
f 3021/3489/3014 3020/3483/3013 3051/3507/3044 3052/3510/3045
f 3008/3491/3001 3007/3485/3000 3038/3508/3031 3039/3511/3032
f 3035/3493/3028 3034/3487/3027 3065/3509/3058 3066/3512/3059
f 3022/3495/3015 3021/3489/3014 3052/3510/3045 3053/3513/3046
f 3009/3497/3002 3008/3491/3001 3039/3511/3032 3040/3514/3033
f 3036/3499/3029 3035/3493/3028 3066/3512/3059 3067/3515/3060
f 3023/3435/3016 3022/3495/3015 3053/3513/3046 3054/3516/3047
f 3010/3439/3003 3009/3497/3002 3040/3514/3033 3041/3517/3034
f 3502/3500/3495 3036/3499/3029 3067/3515/3060
f 3024/3436/3017 3023/3435/3016 3054/3516/3047 3055/3518/3048
f 3011/3440/3004 3010/3439/3003 3041/3517/3034 3042/3519/3035
f 3025/3442/3018 3024/3436/3017 3055/3518/3048 3056/3520/3049
f 3012/3444/3005 3011/3440/3004 3042/3519/3035 3043/3521/3036
f 3026/3446/3019 3025/3442/3018 3056/3520/3049 3057/3522/3050
f 3013/3448/3006 3012/3444/3005 3043/3521/3036 3044/3523/3037
f 3027/3450/3020 3026/3446/3019 3057/3522/3050 3058/3524/3051
f 3014/3454/3007 3013/3453/3006 3044/3525/3037 3045/3526/3038
f 3028/3456/3021 3027/3450/3020 3058/3524/3051 3059/3527/3052
f 3015/3458/3008 3014/3454/3007 3045/3526/3038 3046/3528/3039
f 3029/3460/3022 3028/3456/3021 3059/3527/3052 3060/3529/3053
f 3016/3462/3009 3015/3458/3008 3046/3528/3039 3047/3530/3040
f 3030/3466/3023 3029/3465/3022 3060/3531/3053 3061/3532/3054
f 3017/3468/3010 3016/3462/3009 3047/3530/3040 3048/3533/3041
f 3031/3470/3024 3030/3466/3023 3061/3532/3054 3062/3501/3055
f 3018/3472/3011 3017/3468/3010 3048/3533/3041 3049/3503/3042
f 3065/3509/3058 3064/3506/3057 3095/3534/3088 3096/3535/3089
f 3052/3510/3045 3051/3507/3044 3082/3536/3075 3083/3537/3076
f 3039/3511/3032 3038/3508/3031 3069/3538/3062 3070/3539/3063
f 3066/3512/3059 3065/3509/3058 3096/3535/3089 3097/3540/3090
f 3053/3513/3046 3052/3510/3045 3083/3537/3076 3084/3541/3077
f 3040/3514/3033 3039/3511/3032 3070/3539/3063 3071/3542/3064
f 3067/3515/3060 3066/3512/3059 3097/3540/3090 3098/3543/3091
f 3054/3516/3047 3053/3513/3046 3084/3541/3077 3085/3544/3078
f 3041/3517/3034 3040/3514/3033 3071/3542/3064 3072/3545/3065
f 3502/3500/3495 3067/3515/3060 3098/3543/3091
f 3055/3518/3048 3054/3516/3047 3085/3544/3078 3086/3546/3079
f 3042/3519/3035 3041/3517/3034 3072/3545/3065 3073/3547/3066
f 3056/3520/3049 3055/3518/3048 3086/3546/3079 3087/3548/3080
f 3043/3521/3036 3042/3519/3035 3073/3547/3066 3074/3549/3067
f 3057/3522/3050 3056/3520/3049 3087/3548/3080 3088/3550/3081
f 3044/3523/3037 3043/3521/3036 3074/3549/3067 3075/3551/3068
f 3058/3524/3051 3057/3522/3050 3088/3550/3081 3089/3552/3082
f 3045/3526/3038 3044/3525/3037 3075/3553/3068 3076/3554/3069
f 3059/3527/3052 3058/3524/3051 3089/3552/3082 3090/3555/3083
f 3046/3528/3039 3045/3526/3038 3076/3554/3069 3077/3556/3070
f 3060/3529/3053 3059/3527/3052 3090/3555/3083 3091/3557/3084
f 3047/3530/3040 3046/3528/3039 3077/3556/3070 3078/3558/3071
f 3061/3532/3054 3060/3531/3053 3091/3559/3084 3092/3560/3085
f 3048/3533/3041 3047/3530/3040 3078/3558/3071 3079/3561/3072
f 3062/3501/3055 3061/3532/3054 3092/3560/3085 3093/3562/3086
f 3049/3503/3042 3048/3533/3041 3079/3561/3072 3080/3563/3073
f 3063/3502/3056 3062/3501/3055 3093/3562/3086 3094/3564/3087
f 3050/3504/3043 3049/3503/3042 3080/3563/3073 3081/3565/3074
f 3037/3505/3030 3503/3478/3496 3068/3566/3061
f 3064/3506/3057 3063/3502/3056 3094/3564/3087 3095/3534/3088
f 3051/3507/3044 3050/3504/3043 3081/3565/3074 3082/3536/3075
f 3038/3508/3031 3037/3505/3030 3068/3566/3061 3069/3538/3062
f 3098/3543/3091 3097/3540/3090 3128/3567/3121 3129/3568/3122
f 3085/3544/3078 3084/3541/3077 3115/3569/3108 3116/3570/3109
f 3072/3545/3065 3071/3542/3064 3102/3571/3095 3103/3572/3096
f 3502/3500/3495 3098/3543/3091 3129/3568/3122
f 3086/3546/3079 3085/3544/3078 3116/3570/3109 3117/3573/3110
f 3073/3547/3066 3072/3545/3065 3103/3572/3096 3104/3574/3097
f 3087/3548/3080 3086/3546/3079 3117/3573/3110 3118/3575/3111
f 3074/3549/3067 3073/3547/3066 3104/3574/3097 3105/3576/3098
f 3088/3550/3081 3087/3548/3080 3118/3575/3111 3119/3577/3112
f 3075/3551/3068 3074/3549/3067 3105/3576/3098 3106/3578/3099
f 3089/3552/3082 3088/3550/3081 3119/3577/3112 3120/3579/3113
f 3076/3580/3069 3075/3551/3068 3106/3578/3099 3107/3581/3100
f 3090/3555/3083 3089/3552/3082 3120/3579/3113 3121/3582/3114
f 3077/3556/3070 3076/3554/3069 3107/3583/3100 3108/3584/3101
f 3091/3557/3084 3090/3555/3083 3121/3582/3114 3122/3585/3115
f 3078/3558/3071 3077/3556/3070 3108/3584/3101 3109/3586/3102
f 3092/3560/3085 3091/3559/3084 3122/3587/3115 3123/3588/3116
f 3079/3561/3072 3078/3558/3071 3109/3586/3102 3110/3589/3103
f 3093/3562/3086 3092/3560/3085 3123/3588/3116 3124/3590/3117
f 3080/3563/3073 3079/3561/3072 3110/3589/3103 3111/3591/3104
f 3094/3564/3087 3093/3562/3086 3124/3590/3117 3125/3592/3118
f 3081/3565/3074 3080/3563/3073 3111/3591/3104 3112/3593/3105
f 3068/3566/3061 3503/3478/3496 3099/3594/3092
f 3095/3534/3088 3094/3564/3087 3125/3592/3118 3126/3595/3119
f 3082/3536/3075 3081/3565/3074 3112/3593/3105 3113/3596/3106
f 3069/3538/3062 3068/3566/3061 3099/3594/3092 3100/3597/3093
f 3096/3535/3089 3095/3534/3088 3126/3595/3119 3127/3598/3120
f 3083/3537/3076 3082/3536/3075 3113/3596/3106 3114/3599/3107
f 3070/3539/3063 3069/3538/3062 3100/3597/3093 3101/3600/3094
f 3097/3540/3090 3096/3535/3089 3127/3598/3120 3128/3567/3121
f 3084/3541/3077 3083/3537/3076 3114/3599/3107 3115/3569/3108
f 3071/3542/3064 3070/3539/3063 3101/3600/3094 3102/3571/3095
f 3118/3575/3111 3117/3573/3110 3148/3601/3141 3149/3602/3142
f 3105/3576/3098 3104/3574/3097 3135/3603/3128 3136/3604/3129
f 3119/3577/3112 3118/3575/3111 3149/3602/3142 3150/3605/3143
f 3106/3578/3099 3105/3576/3098 3136/3604/3129 3137/3606/3130
f 3120/3579/3113 3119/3577/3112 3150/3605/3143 3151/3607/3144
f 3107/3581/3100 3106/3578/3099 3137/3606/3130 3138/3608/3131
f 3121/3582/3114 3120/3579/3113 3151/3607/3144 3152/3609/3145
f 3108/3584/3101 3107/3583/3100 3138/3610/3131 3139/3611/3132
f 3122/3587/3115 3121/3612/3114 3152/3613/3145 3153/3614/3146
f 3109/3586/3102 3108/3584/3101 3139/3611/3132 3140/3615/3133
f 3123/3588/3116 3122/3587/3115 3153/3614/3146 3154/3616/3147
f 3110/3589/3103 3109/3586/3102 3140/3615/3133 3141/3617/3134
f 3124/3590/3117 3123/3588/3116 3154/3616/3147 3155/3618/3148
f 3111/3591/3104 3110/3589/3103 3141/3617/3134 3142/3619/3135
f 3125/3592/3118 3124/3590/3117 3155/3618/3148 3156/3620/3149
f 3112/3593/3105 3111/3591/3104 3142/3619/3135 3143/3621/3136
f 3099/3594/3092 3503/3478/3496 3130/3622/3123
f 3126/3595/3119 3125/3592/3118 3156/3620/3149 3157/3623/3150
f 3113/3596/3106 3112/3593/3105 3143/3621/3136 3144/3624/3137
f 3100/3597/3093 3099/3594/3092 3130/3622/3123 3131/3625/3124
f 3127/3598/3120 3126/3595/3119 3157/3623/3150 3158/3626/3151
f 3114/3599/3107 3113/3596/3106 3144/3624/3137 3145/3627/3138
f 3101/3600/3094 3100/3597/3093 3131/3625/3124 3132/3628/3125
f 3128/3567/3121 3127/3598/3120 3158/3626/3151 3159/3629/3152
f 3115/3569/3108 3114/3599/3107 3145/3627/3138 3146/3630/3139
f 3102/3571/3095 3101/3600/3094 3132/3628/3125 3133/3631/3126
f 3129/3568/3122 3128/3567/3121 3159/3629/3152 3160/3632/3153
f 3116/3570/3109 3115/3569/3108 3146/3630/3139 3147/3633/3140
f 3103/3572/3096 3102/3571/3095 3133/3631/3126 3134/3634/3127
f 3502/3500/3495 3129/3568/3122 3160/3632/3153
f 3117/3573/3110 3116/3570/3109 3147/3633/3140 3148/3601/3141
f 3104/3574/3097 3103/3572/3096 3134/3634/3127 3135/3603/3128
f 3151/3607/3144 3150/3605/3143 3181/3635/3174 3182/3636/3175
f 3138/3608/3131 3137/3606/3130 3168/3637/3161 3169/3638/3162
f 3152/3609/3145 3151/3607/3144 3182/3636/3175 3183/3639/3176
f 3139/3640/3132 3138/3608/3131 3169/3638/3162 3170/3641/3163
f 3153/3614/3146 3152/3613/3145 3183/3642/3176 3184/3643/3177
f 3140/3644/3133 3139/3645/3132 3170/3646/3163 3171/3647/3164
f 3154/3616/3147 3153/3614/3146 3184/3643/3177 3185/3648/3178
f 3141/3649/3134 3140/3644/3133 3171/3647/3164 3172/3650/3165
f 3155/3618/3148 3154/3616/3147 3185/3648/3178 3186/3651/3179
f 3142/3652/3135 3141/3649/3134 3172/3650/3165 3173/3653/3166
f 3156/3620/3149 3155/3618/3148 3186/3651/3179 3187/3654/3180
f 3143/3655/3136 3142/3652/3135 3173/3653/3166 3174/3656/3167
f 3130/3622/3123 3503/3478/3496 3161/3657/3154
f 3157/3623/3150 3156/3620/3149 3187/3654/3180 3188/3658/3181
f 3144/3659/3137 3143/3655/3136 3174/3656/3167 3175/3660/3168
f 3131/3625/3124 3130/3622/3123 3161/3657/3154 3162/3661/3155
f 3158/3626/3151 3157/3623/3150 3188/3658/3181 3189/3662/3182
f 3145/3663/3138 3144/3659/3137 3175/3660/3168 3176/3664/3169
f 3132/3628/3125 3131/3625/3124 3162/3661/3155 3163/3665/3156
f 3159/3629/3152 3158/3626/3151 3189/3662/3182 3190/3666/3183
f 3146/3630/3139 3145/3627/3138 3176/3667/3169 3177/3668/3170
f 3133/3631/3126 3132/3628/3125 3163/3665/3156 3164/3669/3157
f 3160/3632/3153 3159/3629/3152 3190/3666/3183 3191/3670/3184
f 3147/3633/3140 3146/3630/3139 3177/3668/3170 3178/3671/3171
f 3134/3634/3127 3133/3631/3126 3164/3669/3157 3165/3672/3158
f 3502/3500/3495 3160/3632/3153 3191/3670/3184
f 3148/3601/3141 3147/3633/3140 3178/3671/3171 3179/3673/3172
f 3135/3603/3128 3134/3634/3127 3165/3672/3158 3166/3674/3159
f 3149/3602/3142 3148/3601/3141 3179/3673/3172 3180/3675/3173
f 3136/3604/3129 3135/3603/3128 3166/3674/3159 3167/3676/3160
f 3150/3605/3143 3149/3602/3142 3180/3675/3173 3181/3635/3174
f 3137/3606/3130 3136/3604/3129 3167/3676/3160 3168/3637/3161
f 3184/3643/3177 3183/3642/3176 3214/3677/3207 3215/3678/3208
f 3171/3647/3164 3170/3646/3163 3201/3679/3194 3202/3680/3195
f 3185/3648/3178 3184/3643/3177 3215/3678/3208 3216/3681/3209
f 3172/3650/3165 3171/3647/3164 3202/3680/3195 3203/3682/3196
f 3186/3651/3179 3185/3648/3178 3216/3681/3209 3217/3683/3210
f 3173/3653/3166 3172/3650/3165 3203/3682/3196 3204/3684/3197
f 3187/3654/3180 3186/3651/3179 3217/3683/3210 3218/3685/3211
f 3174/3656/3167 3173/3653/3166 3204/3684/3197 3205/3686/3198
f 3161/3657/3154 3503/3478/3496 3192/3687/3185
f 3188/3658/3181 3187/3654/3180 3218/3685/3211 3219/3688/3212
f 3175/3660/3168 3174/3656/3167 3205/3686/3198 3206/3689/3199
f 3162/3661/3155 3161/3657/3154 3192/3687/3185 3193/3690/3186
f 3189/3662/3182 3188/3658/3181 3219/3688/3212 3220/3691/3213
f 3176/3664/3169 3175/3660/3168 3206/3689/3199 3207/3692/3200
f 3163/3665/3156 3162/3661/3155 3193/3690/3186 3194/3693/3187
f 3190/3666/3183 3189/3662/3182 3220/3691/3213 3221/3694/3214
f 3177/3695/3170 3176/3664/3169 3207/3692/3200 3208/3696/3201
f 3164/3669/3157 3163/3665/3156 3194/3693/3187 3195/3697/3188
f 3191/3670/3184 3190/3666/3183 3221/3694/3214 3222/3698/3215
f 3178/3699/3171 3177/3695/3170 3208/3696/3201 3209/3700/3202
f 3165/3672/3158 3164/3669/3157 3195/3697/3188 3196/3701/3189
f 3502/3500/3495 3191/3670/3184 3222/3698/3215
f 3179/3702/3172 3178/3699/3171 3209/3700/3202 3210/3703/3203
f 3166/3674/3159 3165/3672/3158 3196/3701/3189 3197/3704/3190
f 3180/3705/3173 3179/3702/3172 3210/3703/3203 3211/3706/3204
f 3167/3676/3160 3166/3674/3159 3197/3704/3190 3198/3707/3191
f 3181/3708/3174 3180/3705/3173 3211/3706/3204 3212/3709/3205
f 3168/3637/3161 3167/3676/3160 3198/3707/3191 3199/3710/3192
f 3182/3711/3175 3181/3708/3174 3212/3709/3205 3213/3712/3206
f 3169/3638/3162 3168/3637/3161 3199/3710/3192 3200/3713/3193
f 3183/3714/3176 3182/3711/3175 3213/3712/3206 3214/3715/3207
f 3170/3646/3163 3169/3716/3162 3200/3717/3193 3201/3679/3194
f 3217/3683/3210 3216/3681/3209 3247/3718/3240 3248/3719/3241
f 3204/3684/3197 3203/3682/3196 3234/3720/3227 3235/3721/3228
f 3218/3685/3211 3217/3683/3210 3248/3719/3241 3249/3722/3242
f 3205/3686/3198 3204/3684/3197 3235/3721/3228 3236/3723/3229
f 3192/3687/3185 3503/3478/3496 3223/3724/3216
f 3219/3688/3212 3218/3685/3211 3249/3722/3242 3250/3725/3243
f 3206/3689/3199 3205/3686/3198 3236/3723/3229 3237/3726/3230
f 3193/3690/3186 3192/3687/3185 3223/3724/3216 3224/3727/3217
f 3220/3691/3213 3219/3688/3212 3250/3725/3243 3251/3728/3244
f 3207/3692/3200 3206/3689/3199 3237/3726/3230 3238/3729/3231
f 3194/3693/3187 3193/3690/3186 3224/3727/3217 3225/3730/3218
f 3221/3694/3214 3220/3691/3213 3251/3728/3244 3252/3731/3245
f 3208/3696/3201 3207/3692/3200 3238/3729/3231 3239/3732/3232
f 3195/3697/3188 3194/3693/3187 3225/3730/3218 3226/3733/3219
f 3222/3698/3215 3221/3694/3214 3252/3731/3245 3253/3734/3246
f 3209/3700/3202 3208/3696/3201 3239/3732/3232 3240/3735/3233
f 3196/3701/3189 3195/3697/3188 3226/3733/3219 3227/3736/3220
f 3502/3500/3495 3222/3698/3215 3253/3734/3246
f 3210/3703/3203 3209/3700/3202 3240/3735/3233 3241/3737/3234
f 3197/3704/3190 3196/3701/3189 3227/3736/3220 3228/3738/3221
f 3211/3706/3204 3210/3703/3203 3241/3737/3234 3242/3739/3235
f 3198/3707/3191 3197/3704/3190 3228/3738/3221 3229/3740/3222
f 3212/3709/3205 3211/3706/3204 3242/3739/3235 3243/3741/3236
f 3199/3710/3192 3198/3707/3191 3229/3740/3222 3230/3742/3223
f 3213/3712/3206 3212/3709/3205 3243/3741/3236 3244/3743/3237
f 3200/3717/3193 3199/3744/3192 3230/3745/3223 3231/3746/3224
f 3214/3715/3207 3213/3712/3206 3244/3743/3237 3245/3747/3238
f 3201/3679/3194 3200/3717/3193 3231/3746/3224 3232/3748/3225
f 3215/3678/3208 3214/3677/3207 3245/3749/3238 3246/3750/3239
f 3202/3680/3195 3201/3679/3194 3232/3748/3225 3233/3751/3226
f 3216/3681/3209 3215/3678/3208 3246/3750/3239 3247/3718/3240
f 3203/3682/3196 3202/3680/3195 3233/3751/3226 3234/3720/3227
f 3223/3724/3216 3503/3478/3496 3254/3752/3247
f 3250/3725/3243 3249/3722/3242 3280/3753/3273 3281/3754/3274
f 3237/3726/3230 3236/3723/3229 3267/3755/3260 3268/3756/3261
f 3224/3727/3217 3223/3724/3216 3254/3752/3247 3255/3757/3248
f 3251/3728/3244 3250/3725/3243 3281/3754/3274 3282/3758/3275
f 3238/3729/3231 3237/3726/3230 3268/3756/3261 3269/3759/3262
f 3225/3730/3218 3224/3727/3217 3255/3757/3248 3256/3760/3249
f 3252/3731/3245 3251/3728/3244 3282/3758/3275 3283/3761/3276
f 3239/3732/3232 3238/3729/3231 3269/3759/3262 3270/3762/3263
f 3226/3733/3219 3225/3730/3218 3256/3760/3249 3257/3763/3250
f 3253/3734/3246 3252/3731/3245 3283/3761/3276 3284/3764/3277
f 3240/3735/3233 3239/3732/3232 3270/3762/3263 3271/3765/3264
f 3227/3736/3220 3226/3733/3219 3257/3763/3250 3258/3766/3251
f 3502/3500/3495 3253/3734/3246 3284/3764/3277
f 3241/3737/3234 3240/3735/3233 3271/3765/3264 3272/3767/3265
f 3228/3738/3221 3227/3736/3220 3258/3766/3251 3259/3768/3252
f 3242/3739/3235 3241/3737/3234 3272/3767/3265 3273/3769/3266
f 3229/3740/3222 3228/3738/3221 3259/3768/3252 3260/3770/3253
f 3243/3741/3236 3242/3739/3235 3273/3769/3266 3274/3771/3267
f 3230/3742/3223 3229/3740/3222 3260/3770/3253 3261/3772/3254
f 3244/3743/3237 3243/3741/3236 3274/3771/3267 3275/3773/3268
f 3231/3746/3224 3230/3745/3223 3261/3774/3254 3262/3775/3255
f 3245/3747/3238 3244/3743/3237 3275/3773/3268 3276/3776/3269
f 3232/3748/3225 3231/3746/3224 3262/3775/3255 3263/3777/3256
f 3246/3778/3239 3245/3747/3238 3276/3776/3269 3277/3779/3270
f 3233/3751/3226 3232/3748/3225 3263/3777/3256 3264/3780/3257
f 3247/3718/3240 3246/3750/3239 3277/3781/3270 3278/3782/3271
f 3234/3720/3227 3233/3751/3226 3264/3780/3257 3265/3783/3258
f 3248/3719/3241 3247/3718/3240 3278/3782/3271 3279/3784/3272
f 3235/3721/3228 3234/3720/3227 3265/3783/3258 3266/3785/3259
f 3249/3722/3242 3248/3719/3241 3279/3784/3272 3280/3753/3273
f 3236/3723/3229 3235/3721/3228 3266/3785/3259 3267/3755/3260
f 3256/3760/3249 3255/3757/3248 3286/3786/3279 3287/3787/3280
f 3283/3761/3276 3282/3758/3275 3313/3788/3306 3314/3789/3307
f 3270/3762/3263 3269/3759/3262 3300/3790/3293 3301/3791/3294
f 3257/3763/3250 3256/3760/3249 3287/3787/3280 3288/3792/3281
f 3284/3764/3277 3283/3761/3276 3314/3789/3307 3315/3793/3308
f 3271/3765/3264 3270/3762/3263 3301/3791/3294 3302/3794/3295
f 3258/3766/3251 3257/3763/3250 3288/3792/3281 3289/3795/3282
f 3502/3500/3495 3284/3764/3277 3315/3793/3308
f 3272/3767/3265 3271/3765/3264 3302/3794/3295 3303/3796/3296
f 3259/3768/3252 3258/3766/3251 3289/3795/3282 3290/3797/3283
f 3273/3769/3266 3272/3767/3265 3303/3796/3296 3304/3798/3297
f 3260/3770/3253 3259/3768/3252 3290/3797/3283 3291/3799/3284
f 3274/3771/3267 3273/3769/3266 3304/3798/3297 3305/3800/3298
f 3261/3772/3254 3260/3770/3253 3291/3799/3284 3292/3801/3285
f 3275/3773/3268 3274/3771/3267 3305/3800/3298 3306/3802/3299
f 3262/3775/3255 3261/3774/3254 3292/3803/3285 3293/3804/3286
f 3276/3776/3269 3275/3773/3268 3306/3802/3299 3307/3805/3300
f 3263/3777/3256 3262/3775/3255 3293/3804/3286 3294/3806/3287
f 3277/3779/3270 3276/3776/3269 3307/3805/3300 3308/3807/3301
f 3264/3780/3257 3263/3777/3256 3294/3806/3287 3295/3808/3288
f 3278/3782/3271 3277/3781/3270 3308/3809/3301 3309/3810/3302
f 3265/3783/3258 3264/3780/3257 3295/3808/3288 3296/3811/3289
f 3279/3784/3272 3278/3782/3271 3309/3810/3302 3310/3812/3303
f 3266/3785/3259 3265/3783/3258 3296/3811/3289 3297/3813/3290
f 3280/3753/3273 3279/3784/3272 3310/3812/3303 3311/3814/3304
f 3267/3755/3260 3266/3785/3259 3297/3813/3290 3298/3815/3291
f 3254/3752/3247 3503/3478/3496 3285/3816/3278
f 3281/3754/3274 3280/3753/3273 3311/3814/3304 3312/3817/3305
f 3268/3756/3261 3267/3755/3260 3298/3815/3291 3299/3818/3292
f 3255/3757/3248 3254/3752/3247 3285/3816/3278 3286/3786/3279
f 3282/3758/3275 3281/3754/3274 3312/3817/3305 3313/3788/3306
f 3269/3759/3262 3268/3756/3261 3299/3818/3292 3300/3790/3293
f 3289/3795/3282 3288/3792/3281 3319/3819/3312 3320/3820/3313
f 3502/3500/3495 3315/3793/3308 3346/3821/3339
f 3303/3796/3296 3302/3794/3295 3333/3822/3326 3334/3823/3327
f 3290/3797/3283 3289/3795/3282 3320/3820/3313 3321/3824/3314
f 3304/3798/3297 3303/3796/3296 3334/3823/3327 3335/3825/3328
f 3291/3799/3284 3290/3797/3283 3321/3824/3314 3322/3826/3315
f 3305/3800/3298 3304/3798/3297 3335/3825/3328 3336/3827/3329
f 3292/3801/3285 3291/3799/3284 3322/3826/3315 3323/3828/3316
f 3306/3802/3299 3305/3800/3298 3336/3827/3329 3337/3829/3330
f 3293/3804/3286 3292/3803/3285 3323/3830/3316 3324/3831/3317
f 3307/3805/3300 3306/3802/3299 3337/3829/3330 3338/3832/3331
f 3294/3806/3287 3293/3804/3286 3324/3831/3317 3325/3833/3318
f 3308/3807/3301 3307/3805/3300 3338/3832/3331 3339/3834/3332
f 3295/3808/3288 3294/3806/3287 3325/3833/3318 3326/3835/3319
f 3309/3810/3302 3308/3809/3301 3339/3836/3332 3340/3837/3333
f 3296/3811/3289 3295/3808/3288 3326/3835/3319 3327/3838/3320
f 3310/3812/3303 3309/3810/3302 3340/3837/3333 3341/3839/3334
f 3297/3813/3290 3296/3811/3289 3327/3838/3320 3328/3840/3321
f 3311/3814/3304 3310/3812/3303 3341/3839/3334 3342/3841/3335
f 3298/3815/3291 3297/3813/3290 3328/3840/3321 3329/3842/3322
f 3285/3816/3278 3503/3478/3496 3316/3843/3309
f 3312/3817/3305 3311/3814/3304 3342/3841/3335 3343/3844/3336
f 3299/3818/3292 3298/3815/3291 3329/3842/3322 3330/3845/3323
f 3286/3786/3279 3285/3816/3278 3316/3843/3309 3317/3846/3310
f 3313/3788/3306 3312/3817/3305 3343/3844/3336 3344/3847/3337
f 3300/3790/3293 3299/3818/3292 3330/3845/3323 3331/3848/3324
f 3287/3787/3280 3286/3786/3279 3317/3846/3310 3318/3849/3311
f 3314/3789/3307 3313/3788/3306 3344/3847/3337 3345/3850/3338
f 3301/3791/3294 3300/3790/3293 3331/3848/3324 3332/3851/3325
f 3288/3792/3281 3287/3787/3280 3318/3849/3311 3319/3819/3312
f 3315/3793/3308 3314/3789/3307 3345/3850/3338 3346/3821/3339
f 3302/3794/3295 3301/3791/3294 3332/3851/3325 3333/3822/3326
f 3322/3826/3315 3321/3824/3314 3352/3852/3345 3353/3853/3346
f 3336/3827/3329 3335/3825/3328 3366/3854/3359 3367/3855/3360
f 3323/3828/3316 3322/3826/3315 3353/3853/3346 3354/3856/3347
f 3337/3829/3330 3336/3827/3329 3367/3855/3360 3368/3857/3361
f 3324/3831/3317 3323/3830/3316 3354/3858/3347 3355/3859/3348
f 3338/3832/3331 3337/3829/3330 3368/3857/3361 3369/3860/3362
f 3325/3833/3318 3324/3831/3317 3355/3859/3348 3356/3861/3349
f 3339/3836/3332 3338/3862/3331 3369/3863/3362 3370/3864/3363
f 3326/3835/3319 3325/3833/3318 3356/3861/3349 3357/3865/3350
f 3340/3837/3333 3339/3836/3332 3370/3864/3363 3371/3866/3364
f 3327/3838/3320 3326/3835/3319 3357/3865/3350 3358/3867/3351
f 3341/3839/3334 3340/3837/3333 3371/3866/3364 3372/3868/3365
f 3328/3840/3321 3327/3838/3320 3358/3867/3351 3359/3869/3352
f 3342/3841/3335 3341/3839/3334 3372/3868/3365 3373/3870/3366
f 3329/3842/3322 3328/3840/3321 3359/3869/3352 3360/3871/3353
f 3316/3843/3309 3503/3478/3496 3347/3872/3340
f 3343/3844/3336 3342/3841/3335 3373/3870/3366 3374/3873/3367
f 3330/3845/3323 3329/3842/3322 3360/3871/3353 3361/3874/3354
f 3317/3846/3310 3316/3843/3309 3347/3872/3340 3348/3875/3341
f 3344/3847/3337 3343/3844/3336 3374/3873/3367 3375/3876/3368
f 3331/3848/3324 3330/3845/3323 3361/3874/3354 3362/3877/3355
f 3318/3849/3311 3317/3846/3310 3348/3875/3341 3349/3878/3342
f 3345/3850/3338 3344/3847/3337 3375/3876/3368 3376/3879/3369
f 3332/3851/3325 3331/3848/3324 3362/3877/3355 3363/3880/3356
f 3319/3819/3312 3318/3849/3311 3349/3878/3342 3350/3881/3343
f 3346/3821/3339 3345/3850/3338 3376/3879/3369 3377/3882/3370
f 3333/3822/3326 3332/3851/3325 3363/3880/3356 3364/3883/3357
f 3320/3820/3313 3319/3819/3312 3350/3881/3343 3351/3884/3344
f 3502/3500/3495 3346/3821/3339 3377/3882/3370
f 3334/3823/3327 3333/3822/3326 3364/3883/3357 3365/3885/3358
f 3321/3824/3314 3320/3820/3313 3351/3884/3344 3352/3852/3345
f 3335/3825/3328 3334/3823/3327 3365/3885/3358 3366/3854/3359
f 3355/3886/3348 3354/3856/3347 3385/3887/3378 3386/3888/3379
f 3369/3860/3362 3368/3857/3361 3399/3889/3392 3400/3890/3393
f 3356/3861/3349 3355/3859/3348 3386/3891/3379 3387/3892/3380
f 3370/3864/3363 3369/3863/3362 3400/3893/3393 3401/3894/3394
f 3357/3865/3350 3356/3861/3349 3387/3892/3380 3388/3895/3381
f 3371/3866/3364 3370/3864/3363 3401/3894/3394 3402/3896/3395
f 3358/3867/3351 3357/3865/3350 3388/3895/3381 3389/3897/3382
f 3372/3868/3365 3371/3866/3364 3402/3896/3395 3403/3898/3396
f 3359/3869/3352 3358/3867/3351 3389/3897/3382 3390/3899/3383
f 3373/3870/3366 3372/3868/3365 3403/3898/3396 3404/3900/3397
f 3360/3871/3353 3359/3869/3352 3390/3899/3383 3391/3901/3384
f 3347/3872/3340 3503/3478/3496 3378/3902/3371
f 3374/3873/3367 3373/3870/3366 3404/3900/3397 3405/3903/3398
f 3361/3874/3354 3360/3871/3353 3391/3901/3384 3392/3904/3385
f 3348/3875/3341 3347/3872/3340 3378/3902/3371 3379/3905/3372
f 3375/3876/3368 3374/3873/3367 3405/3903/3398 3406/3906/3399
f 3362/3877/3355 3361/3874/3354 3392/3904/3385 3393/3907/3386
f 3349/3878/3342 3348/3875/3341 3379/3905/3372 3380/3908/3373
f 3376/3879/3369 3375/3876/3368 3406/3906/3399 3407/3909/3400
f 3363/3880/3356 3362/3877/3355 3393/3907/3386 3394/3910/3387
f 3350/3881/3343 3349/3878/3342 3380/3908/3373 3381/3911/3374
f 3377/3882/3370 3376/3879/3369 3407/3909/3400 3408/3912/3401
f 3364/3883/3357 3363/3880/3356 3394/3910/3387 3395/3913/3388
f 3351/3884/3344 3350/3881/3343 3381/3911/3374 3382/3914/3375
f 3502/3500/3495 3377/3882/3370 3408/3912/3401
f 3365/3885/3358 3364/3883/3357 3395/3913/3388 3396/3915/3389
f 3352/3852/3345 3351/3884/3344 3382/3914/3375 3383/3916/3376
f 3366/3854/3359 3365/3885/3358 3396/3915/3389 3397/3917/3390
f 3353/3853/3346 3352/3852/3345 3383/3916/3376 3384/3918/3377
f 3367/3855/3360 3366/3854/3359 3397/3917/3390 3398/3919/3391
f 3354/3856/3347 3353/3853/3346 3384/3918/3377 3385/3887/3378
f 3368/3857/3361 3367/3855/3360 3398/3919/3391 3399/3889/3392
f 3388/3920/3381 3387/3921/3380 3418/3922/3411 3419/3923/3412
f 3402/3896/3395 3401/3894/3394 3432/3924/3425 3433/3925/3426
f 3389/3897/3382 3388/3895/3381 3419/3926/3412 3420/3927/3413
f 3403/3898/3396 3402/3896/3395 3433/3925/3426 3434/3928/3427
f 3390/3899/3383 3389/3897/3382 3420/3927/3413 3421/3929/3414
f 3404/3900/3397 3403/3898/3396 3434/3928/3427 3435/3930/3428
f 3391/3931/3384 3390/3932/3383 3421/3933/3414 3422/3934/3415
f 3378/3902/3371 3503/3478/3496 3409/3935/3402
f 3405/3903/3398 3404/3900/3397 3435/3930/3428 3436/3936/3429
f 3392/3937/3385 3391/3931/3384 3422/3934/3415 3423/3938/3416
f 3379/3905/3372 3378/3902/3371 3409/3935/3402 3410/3939/3403
f 3406/3906/3399 3405/3903/3398 3436/3936/3429 3437/3940/3430
f 3393/3941/3386 3392/3937/3385 3423/3938/3416 3424/3942/3417
f 3380/3908/3373 3379/3905/3372 3410/3939/3403 3411/3943/3404
f 3407/3909/3400 3406/3906/3399 3437/3940/3430 3438/3944/3431
f 3394/3945/3387 3393/3941/3386 3424/3942/3417 3425/3946/3418
f 3381/3911/3374 3380/3908/3373 3411/3943/3404 3412/3947/3405
f 3408/3912/3401 3407/3909/3400 3438/3944/3431 3439/3948/3432
f 3395/3949/3388 3394/3945/3387 3425/3946/3418 3426/3950/3419
f 3382/3914/3375 3381/3911/3374 3412/3947/3405 3413/3951/3406
f 3502/3500/3495 3408/3912/3401 3439/3948/3432
f 3396/3952/3389 3395/3949/3388 3426/3950/3419 3427/3953/3420
f 3383/3916/3376 3382/3914/3375 3413/3951/3406 3414/3954/3407
f 3397/3955/3390 3396/3952/3389 3427/3953/3420 3428/3956/3421
f 3384/3918/3377 3383/3916/3376 3414/3954/3407 3415/3957/3408
f 3398/3919/3391 3397/3917/3390 3428/3958/3421 3429/3959/3422
f 3385/3887/3378 3384/3918/3377 3415/3957/3408 3416/3960/3409
f 3399/3961/3392 3398/3962/3391 3429/3963/3422 3430/3964/3423
f 3386/3888/3379 3385/3887/3378 3416/3960/3409 3417/3965/3410
f 3400/3893/3393 3399/3966/3392 3430/3967/3423 3431/3968/3424
f 3387/3921/3380 3386/3969/3379 3417/3970/3410 3418/3922/3411
f 3401/3894/3394 3400/3893/3393 3431/3968/3424 3432/3924/3425
f 3421/3933/3414 3420/3971/3413 3451/3972/3444 3452/3973/3445
f 3435/3930/3428 3434/3928/3427 3465/3974/3458 3466/3975/3459
f 3422/3934/3415 3421/3933/3414 3452/3973/3445 3453/3976/3446
f 3409/3935/3402 3503/3478/3496 3440/3977/3433
f 3436/3936/3429 3435/3930/3428 3466/3975/3459 3467/3978/3460
f 3423/3938/3416 3422/3934/3415 3453/3976/3446 3454/3979/3447
f 3410/3939/3403 3409/3935/3402 3440/3977/3433 3441/3980/3434
f 3437/3940/3430 3436/3936/3429 3467/3978/3460 3468/3981/3461
f 3424/3942/3417 3423/3938/3416 3454/3979/3447 3455/3982/3448
f 3411/3943/3404 3410/3939/3403 3441/3980/3434 3442/3983/3435
f 3438/3944/3431 3437/3940/3430 3468/3981/3461 3469/3984/3462
f 3425/3946/3418 3424/3942/3417 3455/3982/3448 3456/3985/3449
f 3412/3947/3405 3411/3943/3404 3442/3983/3435 3443/3986/3436
f 3439/3948/3432 3438/3944/3431 3469/3984/3462 3470/3987/3463
f 3426/3950/3419 3425/3946/3418 3456/3985/3449 3457/3988/3450
f 3413/3951/3406 3412/3947/3405 3443/3986/3436 3444/3989/3437
f 3502/3500/3495 3439/3948/3432 3470/3987/3463
f 3427/3953/3420 3426/3950/3419 3457/3988/3450 3458/3990/3451
f 3414/3954/3407 3413/3951/3406 3444/3989/3437 3445/3991/3438
f 3428/3956/3421 3427/3953/3420 3458/3990/3451 3459/3992/3452
f 3415/3957/3408 3414/3954/3407 3445/3991/3438 3446/3993/3439
f 3429/3963/3422 3428/3956/3421 3459/3992/3452 3460/3994/3453
f 3416/3960/3409 3415/3957/3408 3446/3993/3439 3447/3995/3440
f 3430/3964/3423 3429/3963/3422 3460/3994/3453 3461/3996/3454
f 3417/3965/3410 3416/3960/3409 3447/3995/3440 3448/3997/3441
f 3431/3998/3424 3430/3964/3423 3461/3996/3454 3462/3999/3455
f 3418/3922/3411 3417/3970/3410 3448/4000/3441 3449/4001/3442
f 3432/3924/3425 3431/3968/3424 3462/4002/3455 3463/4003/3456
f 3419/3923/3412 3418/3922/3411 3449/4001/3442 3450/4004/3443
f 3433/3925/3426 3432/3924/3425 3463/4003/3456 3464/4005/3457
f 3420/3971/3413 3419/3923/3412 3450/4004/3443 3451/3972/3444
f 3434/3928/3427 3433/3925/3426 3464/4005/3457 3465/3974/3458
f 3454/3979/3447 3453/3976/3446 3484/4006/3477 3485/4007/3478
f 3441/3980/3434 3440/3977/3433 3471/4008/3464 3472/4009/3465
f 3468/3981/3461 3467/3978/3460 3498/4010/3491 3499/4011/3492
f 3455/3982/3448 3454/3979/3447 3485/4007/3478 3486/4012/3479
f 3442/3983/3435 3441/3980/3434 3472/4009/3465 3473/4013/3466
f 3469/3984/3462 3468/3981/3461 3499/4011/3492 3500/4014/3493
f 3456/3985/3449 3455/3982/3448 3486/4012/3479 3487/4015/3480
f 3443/3986/3436 3442/3983/3435 3473/4013/3466 3474/4016/3467
f 3470/3987/3463 3469/3984/3462 3500/4014/3493 3501/4017/3494
f 3457/3988/3450 3456/3985/3449 3487/4015/3480 3488/4018/3481
f 3444/3989/3437 3443/3986/3436 3474/4016/3467 3475/4019/3468
f 3502/3500/3495 3470/3987/3463 3501/4017/3494
f 3458/3990/3451 3457/3988/3450 3488/4018/3481 3489/4020/3482
f 3445/3991/3438 3444/3989/3437 3475/4019/3468 3476/4021/3469
f 3459/3992/3452 3458/3990/3451 3489/4020/3482 3490/4022/3483
f 3446/3993/3439 3445/3991/3438 3476/4021/3469 3477/4023/3470
f 3460/3994/3453 3459/3992/3452 3490/4022/3483 3491/4024/3484
f 3447/3995/3440 3446/3993/3439 3477/4023/3470 3478/4025/3471
f 3461/3996/3454 3460/3994/3453 3491/4024/3484 3492/4026/3485
f 3448/4000/3441 3447/4027/3440 3478/4028/3471 3479/4029/3472
f 3462/3999/3455 3461/3996/3454 3492/4026/3485 3493/4030/3486
f 3449/4001/3442 3448/4000/3441 3479/4029/3472 3480/4031/3473
f 3463/4003/3456 3462/4002/3455 3493/4032/3486 3494/4033/3487
f 3450/4004/3443 3449/4001/3442 3480/4031/3473 3481/4034/3474
f 3464/4005/3457 3463/4003/3456 3494/4033/3487 3495/4035/3488
f 3451/3972/3444 3450/4004/3443 3481/4034/3474 3482/4036/3475
f 3465/3974/3458 3464/4005/3457 3495/4035/3488 3496/4037/3489
f 3452/3973/3445 3451/3972/3444 3482/4036/3475 3483/4038/3476
f 3466/3975/3459 3465/3974/3458 3496/4037/3489 3497/4039/3490
f 3453/3976/3446 3452/3973/3445 3483/4038/3476 3484/4006/3477
f 3440/3977/3433 3503/3478/3496 3471/4008/3464
f 3467/3978/3460 3466/3975/3459 3497/4039/3490 3498/4010/3491
f 3487/4015/3480 3486/4012/3479 3519/4040/3512 3520/4041/3513
f 3474/4016/3467 3473/4013/3466 3506/4042/3499 3507/4043/3500
f 3501/4017/3494 3500/4014/3493 3533/4044/3526 3534/4045/3527
f 3488/4018/3481 3487/4015/3480 3520/4041/3513 3521/4046/3514
f 3475/4019/3468 3474/4016/3467 3507/4043/3500 3508/4047/3501
f 3502/3500/3495 3501/4017/3494 3534/4045/3527
f 3489/4020/3482 3488/4018/3481 3521/4046/3514 3522/4048/3515
f 3476/4021/3469 3475/4019/3468 3508/4047/3501 3509/4049/3502
f 3490/4022/3483 3489/4020/3482 3522/4048/3515 3523/4050/3516
f 3477/4023/3470 3476/4021/3469 3509/4049/3502 3510/4051/3503
f 3491/4024/3484 3490/4022/3483 3523/4050/3516 3524/4052/3517
f 3478/4025/3471 3477/4023/3470 3510/4051/3503 3511/4053/3504
f 3492/4026/3485 3491/4024/3484 3524/4052/3517 3525/4054/3518
f 3479/4029/3472 3478/4028/3471 3511/4055/3504 3512/4056/3505
f 3493/4030/3486 3492/4026/3485 3525/4054/3518 3526/4057/3519
f 3480/4031/3473 3479/4029/3472 3512/4056/3505 3513/4058/3506
f 3494/4059/3487 3493/4030/3486 3526/4057/3519 3527/4060/3520
f 3481/4034/3474 3480/4031/3473 3513/4058/3506 3514/4061/3507
f 3495/4035/3488 3494/4033/3487 3527/4062/3520 3528/4063/3521
f 3482/4036/3475 3481/4034/3474 3514/4061/3507 3515/4064/3508
f 3496/4037/3489 3495/4035/3488 3528/4063/3521 3529/4065/3522
f 3483/4038/3476 3482/4036/3475 3515/4064/3508 3516/4066/3509
f 3497/4039/3490 3496/4037/3489 3529/4065/3522 3530/4067/3523
f 3484/4006/3477 3483/4038/3476 3516/4066/3509 3517/4068/3510
f 3471/4008/3464 3503/3478/3496 3504/4069/3497
f 3498/4010/3491 3497/4039/3490 3530/4067/3523 3531/4070/3524
f 3485/4007/3478 3484/4006/3477 3517/4068/3510 3518/4071/3511
f 3472/4009/3465 3471/4008/3464 3504/4069/3497 3505/4072/3498
f 3499/4011/3492 3498/4010/3491 3531/4070/3524 3532/4073/3525
f 3486/4012/3479 3485/4007/3478 3518/4071/3511 3519/4040/3512
f 3473/4013/3466 3472/4009/3465 3505/4072/3498 3506/4042/3499
f 3500/4014/3493 3499/4011/3492 3532/4073/3525 3533/4044/3526
f 3522/4048/3515 3521/4046/3514 3552/4074/3545 3553/4075/3546
f 3509/4049/3502 3508/4047/3501 3539/4076/3532 3540/4077/3533
f 3523/4050/3516 3522/4048/3515 3553/4075/3546 3554/4078/3547
f 3510/4051/3503 3509/4049/3502 3540/4077/3533 3541/4079/3534
f 3524/4052/3517 3523/4050/3516 3554/4078/3547 3555/4080/3548
f 3511/4053/3504 3510/4051/3503 3541/4079/3534 3542/4081/3535
f 3525/4054/3518 3524/4052/3517 3555/4080/3548 3556/4082/3549
f 3512/4056/3505 3511/4055/3504 3542/4083/3535 3543/4084/3536
f 3526/4057/3519 3525/4054/3518 3556/4082/3549 3557/4085/3550
f 3513/4058/3506 3512/4056/3505 3543/4084/3536 3544/4086/3537
f 3527/4060/3520 3526/4057/3519 3557/4085/3550 3558/4087/3551
f 3514/4061/3507 3513/4058/3506 3544/4086/3537 3545/4088/3538
f 3528/4063/3521 3527/4062/3520 3558/4089/3551 3559/4090/3552
f 3515/4064/3508 3514/4061/3507 3545/4088/3538 3546/4091/3539
f 3529/4065/3522 3528/4063/3521 3559/4090/3552 3560/4092/3553
f 3516/4066/3509 3515/4064/3508 3546/4091/3539 3547/4093/3540
f 3530/4067/3523 3529/4065/3522 3560/4092/3553 3561/4094/3554
f 3517/4068/3510 3516/4066/3509 3547/4093/3540 3548/4095/3541
f 3504/4069/3497 3503/3478/3496 3535/4096/3528
f 3531/4070/3524 3530/4067/3523 3561/4094/3554 3562/4097/3555
f 3518/4071/3511 3517/4068/3510 3548/4095/3541 3549/4098/3542
f 3505/4072/3498 3504/4069/3497 3535/4096/3528 3536/4099/3529
f 3532/4073/3525 3531/4070/3524 3562/4097/3555 3563/4100/3556
f 3519/4040/3512 3518/4071/3511 3549/4098/3542 3550/4101/3543
f 3506/4042/3499 3505/4072/3498 3536/4099/3529 3537/4102/3530
f 3533/4044/3526 3532/4073/3525 3563/4100/3556 3564/4103/3557
f 3520/4041/3513 3519/4040/3512 3550/4101/3543 3551/4104/3544
f 3507/4043/3500 3506/4042/3499 3537/4102/3530 3538/4105/3531
f 3534/4045/3527 3533/4044/3526 3564/4103/3557 3565/4106/3558
f 3521/4046/3514 3520/4041/3513 3551/4104/3544 3552/4074/3545
f 3508/4047/3501 3507/4043/3500 3538/4105/3531 3539/4076/3532
f 3502/3500/3495 3534/4045/3527 3565/4106/3558
f 3555/4080/3548 3554/4078/3547 3585/4107/3578 3586/4108/3579
f 3542/4081/3535 3541/4079/3534 3572/4109/3565 3573/4110/3566
f 3556/4082/3549 3555/4080/3548 3586/4108/3579 3587/4111/3580
f 3543/4084/3536 3542/4083/3535 3573/4112/3566 3574/4113/3567
f 3557/4085/3550 3556/4082/3549 3587/4111/3580 3588/4114/3581
f 3544/4086/3537 3543/4084/3536 3574/4113/3567 3575/4115/3568
f 3558/4087/3551 3557/4085/3550 3588/4114/3581 3589/4116/3582
f 3545/4088/3538 3544/4086/3537 3575/4115/3568 3576/4117/3569
f 3559/4090/3552 3558/4089/3551 3589/4118/3582 3590/4119/3583
f 3546/4091/3539 3545/4088/3538 3576/4117/3569 3577/4120/3570
f 3560/4092/3553 3559/4090/3552 3590/4119/3583 3591/4121/3584
f 3547/4093/3540 3546/4091/3539 3577/4120/3570 3578/4122/3571
f 3561/4094/3554 3560/4092/3553 3591/4121/3584 3592/4123/3585
f 3548/4095/3541 3547/4093/3540 3578/4122/3571 3579/4124/3572
f 3535/4096/3528 3503/3478/3496 3566/4125/3559
f 3562/4097/3555 3561/4094/3554 3592/4123/3585 3593/4126/3586
f 3549/4098/3542 3548/4095/3541 3579/4124/3572 3580/4127/3573
f 3536/4099/3529 3535/4096/3528 3566/4125/3559 3567/4128/3560
f 3563/4100/3556 3562/4097/3555 3593/4126/3586 3594/4129/3587
f 3550/4101/3543 3549/4098/3542 3580/4127/3573 3581/4130/3574
f 3537/4102/3530 3536/4099/3529 3567/4128/3560 3568/4131/3561
f 3564/4103/3557 3563/4100/3556 3594/4129/3587 3595/4132/3588
f 3551/4104/3544 3550/4101/3543 3581/4130/3574 3582/4133/3575
f 3538/4105/3531 3537/4102/3530 3568/4131/3561 3569/4134/3562
f 3565/4106/3558 3564/4103/3557 3595/4132/3588 3596/4135/3589
f 3552/4074/3545 3551/4104/3544 3582/4133/3575 3583/4136/3576
f 3539/4076/3532 3538/4105/3531 3569/4134/3562 3570/4137/3563
f 3502/3500/3495 3565/4106/3558 3596/4135/3589
f 3553/4075/3546 3552/4074/3545 3583/4136/3576 3584/4138/3577
f 3540/4077/3533 3539/4076/3532 3570/4137/3563 3571/4139/3564
f 3554/4078/3547 3553/4075/3546 3584/4138/3577 3585/4107/3578
f 3541/4079/3534 3540/4077/3533 3571/4139/3564 3572/4109/3565
f 3588/4114/3581 3587/4111/3580 3618/4140/3611 3619/4141/3612
f 3575/4115/3568 3574/4113/3567 3605/4142/3598 3606/4143/3599
f 3589/4118/3582 3588/4144/3581 3619/4145/3612 3620/4146/3613
f 3576/4117/3569 3575/4115/3568 3606/4143/3599 3607/4147/3600
f 3590/4119/3583 3589/4118/3582 3620/4146/3613 3621/4148/3614
f 3577/4120/3570 3576/4117/3569 3607/4147/3600 3608/4149/3601
f 3591/4121/3584 3590/4119/3583 3621/4148/3614 3622/4150/3615
f 3578/4122/3571 3577/4120/3570 3608/4149/3601 3609/4151/3602
f 3592/4123/3585 3591/4121/3584 3622/4150/3615 3623/4152/3616
f 3579/4124/3572 3578/4122/3571 3609/4151/3602 3610/4153/3603
f 3566/4125/3559 3503/3478/3496 3597/4154/3590
f 3593/4126/3586 3592/4123/3585 3623/4152/3616 3624/4155/3617
f 3580/4127/3573 3579/4124/3572 3610/4153/3603 3611/4156/3604
f 3567/4128/3560 3566/4125/3559 3597/4154/3590 3598/4157/3591
f 3594/4129/3587 3593/4126/3586 3624/4155/3617 3625/4158/3618
f 3581/4130/3574 3580/4127/3573 3611/4156/3604 3612/4159/3605
f 3568/4131/3561 3567/4128/3560 3598/4157/3591 3599/4160/3592
f 3595/4132/3588 3594/4129/3587 3625/4158/3618 3626/4161/3619
f 3582/4133/3575 3581/4130/3574 3612/4159/3605 3613/4162/3606
f 3569/4134/3562 3568/4131/3561 3599/4160/3592 3600/4163/3593
f 3596/4135/3589 3595/4132/3588 3626/4161/3619 3627/4164/3620
f 3583/4136/3576 3582/4133/3575 3613/4162/3606 3614/4165/3607
f 3570/4137/3563 3569/4134/3562 3600/4163/3593 3601/4166/3594
f 3502/3500/3495 3596/4135/3589 3627/4164/3620
f 3584/4138/3577 3583/4136/3576 3614/4165/3607 3615/4167/3608
f 3571/4139/3564 3570/4137/3563 3601/4166/3594 3602/4168/3595
f 3585/4107/3578 3584/4138/3577 3615/4167/3608 3616/4169/3609
f 3572/4109/3565 3571/4139/3564 3602/4168/3595 3603/4170/3596
f 3586/4108/3579 3585/4107/3578 3616/4169/3609 3617/4171/3610
f 3573/4110/3566 3572/4109/3565 3603/4170/3596 3604/4172/3597
f 3587/4111/3580 3586/4108/3579 3617/4171/3610 3618/4140/3611
f 3574/4113/3567 3573/4112/3566 3604/4173/3597 3605/4142/3598
f 3621/4148/3614 3620/4146/3613 3651/4174/3644 3652/4175/3645
f 3608/4149/3601 3607/4147/3600 3638/4176/3631 3639/4177/3632
f 3622/4150/3615 3621/4148/3614 3652/4175/3645 3653/4178/3646
f 3609/4151/3602 3608/4149/3601 3639/4177/3632 3640/4179/3633
f 3623/4152/3616 3622/4150/3615 3653/4178/3646 3654/4180/3647
f 3610/4153/3603 3609/4151/3602 3640/4179/3633 3641/4181/3634
f 3597/4154/3590 3503/3478/3496 3628/4182/3621
f 3624/4155/3617 3623/4152/3616 3654/4180/3647 3655/4183/3648
f 3611/4156/3604 3610/4153/3603 3641/4181/3634 3642/4184/3635
f 3598/4157/3591 3597/4154/3590 3628/4182/3621 3629/4185/3622
f 3625/4158/3618 3624/4155/3617 3655/4183/3648 3656/4186/3649
f 3612/4159/3605 3611/4156/3604 3642/4184/3635 3643/4187/3636
f 3599/4160/3592 3598/4157/3591 3629/4185/3622 3630/4188/3623
f 3626/4161/3619 3625/4158/3618 3656/4186/3649 3657/4189/3650
f 3613/4162/3606 3612/4159/3605 3643/4187/3636 3644/4190/3637
f 3600/4163/3593 3599/4160/3592 3630/4188/3623 3631/4191/3624
f 3627/4164/3620 3626/4161/3619 3657/4189/3650 3658/4192/3651
f 3614/4165/3607 3613/4162/3606 3644/4190/3637 3645/4193/3638
f 3601/4166/3594 3600/4163/3593 3631/4191/3624 3632/4194/3625
f 3502/3500/3495 3627/4164/3620 3658/4192/3651
f 3615/4167/3608 3614/4165/3607 3645/4193/3638 3646/4195/3639
f 3602/4168/3595 3601/4166/3594 3632/4194/3625 3633/4196/3626
f 3616/4169/3609 3615/4167/3608 3646/4195/3639 3647/4197/3640
f 3603/4170/3596 3602/4168/3595 3633/4196/3626 3634/4198/3627
f 3617/4171/3610 3616/4169/3609 3647/4197/3640 3648/4199/3641
f 3604/4172/3597 3603/4170/3596 3634/4198/3627 3635/4200/3628
f 3618/4140/3611 3617/4171/3610 3648/4199/3641 3649/4201/3642
f 3605/4202/3598 3604/4172/3597 3635/4200/3628 3636/4203/3629
f 3619/4141/3612 3618/4140/3611 3649/4201/3642 3650/4204/3643
f 3606/4143/3599 3605/4142/3598 3636/4205/3629 3637/4206/3630
f 3620/4146/3613 3619/4145/3612 3650/4207/3643 3651/4174/3644
f 3607/4147/3600 3606/4143/3599 3637/4206/3630 3638/4176/3631
f 3654/4180/3647 3653/4178/3646 3684/4208/3677 3685/4209/3678
f 3641/4181/3634 3640/4179/3633 3671/4210/3664 3672/4211/3665
f 3628/4182/3621 3503/3478/3496 3659/4212/3652
f 3655/4183/3648 3654/4180/3647 3685/4209/3678 3686/4213/3679
f 3642/4184/3635 3641/4181/3634 3672/4211/3665 3673/4214/3666
f 3629/4185/3622 3628/4182/3621 3659/4212/3652 3660/4215/3653
f 3656/4186/3649 3655/4183/3648 3686/4213/3679 3687/4216/3680
f 3643/4187/3636 3642/4184/3635 3673/4214/3666 3674/4217/3667
f 3630/4188/3623 3629/4185/3622 3660/4215/3653 3661/4218/3654
f 3657/4189/3650 3656/4186/3649 3687/4216/3680 3688/4219/3681
f 3644/4220/3637 3643/4221/3636 3674/4222/3667 3675/4223/3668
f 3631/4191/3624 3630/4188/3623 3661/4218/3654 3662/4224/3655
f 3658/4192/3651 3657/4189/3650 3688/4219/3681 3689/4225/3682
f 3645/4226/3638 3644/4220/3637 3675/4223/3668 3676/4227/3669
f 3632/4194/3625 3631/4191/3624 3662/4224/3655 3663/4228/3656
f 3502/3500/3495 3658/4192/3651 3689/4225/3682
f 3646/4229/3639 3645/4226/3638 3676/4227/3669 3677/4230/3670
f 3633/4196/3626 3632/4194/3625 3663/4228/3656 3664/4231/3657
f 3647/4232/3640 3646/4229/3639 3677/4230/3670 3678/4233/3671
f 3634/4198/3627 3633/4196/3626 3664/4231/3657 3665/4234/3658
f 3648/4235/3641 3647/4232/3640 3678/4233/3671 3679/4236/3672
f 3635/4200/3628 3634/4198/3627 3665/4234/3658 3666/4237/3659
f 3649/4238/3642 3648/4235/3641 3679/4236/3672 3680/4239/3673
f 3636/4203/3629 3635/4200/3628 3666/4237/3659 3667/4240/3660
f 3650/4207/3643 3649/4241/3642 3680/4242/3673 3681/4243/3674
f 3637/4206/3630 3636/4205/3629 3667/4244/3660 3668/4245/3661
f 3651/4174/3644 3650/4207/3643 3681/4243/3674 3682/4246/3675
f 3638/4176/3631 3637/4206/3630 3668/4245/3661 3669/4247/3662
f 3652/4175/3645 3651/4174/3644 3682/4246/3675 3683/4248/3676
f 3639/4177/3632 3638/4176/3631 3669/4247/3662 3670/4249/3663
f 3653/4178/3646 3652/4175/3645 3683/4248/3676 3684/4208/3677
f 3640/4179/3633 3639/4177/3632 3670/4249/3663 3671/4210/3664
f 3660/4215/3653 3659/4212/3652 3690/4250/3683 3691/4251/3684
f 3687/4216/3680 3686/4213/3679 3717/4252/3710 3718/4253/3711
f 3674/4222/3667 3673/4254/3666 3704/4255/3697 3705/4256/3698
f 3661/4218/3654 3660/4215/3653 3691/4251/3684 3692/4257/3685
f 3688/4219/3681 3687/4216/3680 3718/4253/3711 3719/4258/3712
f 3675/4223/3668 3674/4222/3667 3705/4256/3698 3706/4259/3699
f 3662/4224/3655 3661/4218/3654 3692/4257/3685 3693/4260/3686
f 3689/4225/3682 3688/4219/3681 3719/4258/3712 3720/4261/3713
f 3676/4227/3669 3675/4223/3668 3706/4259/3699 3707/4262/3700
f 3663/4228/3656 3662/4224/3655 3693/4260/3686 3694/4263/3687
f 3502/3500/3495 3689/4225/3682 3720/4261/3713
f 3677/4230/3670 3676/4227/3669 3707/4262/3700 3708/4264/3701
f 3664/4231/3657 3663/4228/3656 3694/4263/3687 3695/4265/3688
f 3678/4233/3671 3677/4230/3670 3708/4264/3701 3709/4266/3702
f 3665/4234/3658 3664/4231/3657 3695/4265/3688 3696/4267/3689
f 3679/4236/3672 3678/4233/3671 3709/4266/3702 3710/4268/3703
f 3666/4237/3659 3665/4234/3658 3696/4267/3689 3697/4269/3690
f 3680/4239/3673 3679/4236/3672 3710/4268/3703 3711/4270/3704
f 3667/4240/3660 3666/4237/3659 3697/4269/3690 3698/4271/3691
f 3681/4272/3674 3680/4239/3673 3711/4270/3704 3712/4273/3705
f 3668/4274/3661 3667/4275/3660 3698/4276/3691 3699/4277/3692
f 3682/4246/3675 3681/4243/3674 3712/4278/3705 3713/4279/3706
f 3669/4280/3662 3668/4274/3661 3699/4277/3692 3700/4281/3693
f 3683/4248/3676 3682/4246/3675 3713/4279/3706 3714/4282/3707
f 3670/4283/3663 3669/4280/3662 3700/4281/3693 3701/4284/3694
f 3684/4208/3677 3683/4248/3676 3714/4282/3707 3715/4285/3708
f 3671/4286/3664 3670/4283/3663 3701/4284/3694 3702/4287/3695
f 3685/4209/3678 3684/4208/3677 3715/4285/3708 3716/4288/3709
f 3672/4289/3665 3671/4286/3664 3702/4287/3695 3703/4290/3696
f 3659/4212/3652 3503/3478/3496 3690/4250/3683
f 3686/4213/3679 3685/4209/3678 3716/4288/3709 3717/4252/3710
f 3673/4254/3666 3672/4289/3665 3703/4290/3696 3704/4255/3697
f 3693/4260/3686 3692/4257/3685 3723/4291/3716 3724/4292/3717
f 3720/4261/3713 3719/4258/3712 3750/4293/3743 3751/4294/3744
f 3707/4262/3700 3706/4259/3699 3737/4295/3730 3738/4296/3731
f 3694/4263/3687 3693/4260/3686 3724/4292/3717 3725/4297/3718
f 3502/3500/3495 3720/4261/3713 3751/4294/3744
f 3708/4264/3701 3707/4262/3700 3738/4296/3731 3739/4298/3732
f 3695/4265/3688 3694/4263/3687 3725/4297/3718 3726/4299/3719
f 3709/4266/3702 3708/4264/3701 3739/4298/3732 3740/4300/3733
f 3696/4267/3689 3695/4265/3688 3726/4299/3719 3727/4301/3720
f 3710/4268/3703 3709/4266/3702 3740/4300/3733 3741/4302/3734
f 3697/4269/3690 3696/4267/3689 3727/4301/3720 3728/4303/3721
f 3711/4270/3704 3710/4268/3703 3741/4302/3734 3742/4304/3735
f 3698/4271/3691 3697/4269/3690 3728/4303/3721 3729/4305/3722
f 3712/4273/3705 3711/4270/3704 3742/4304/3735 3743/4306/3736
f 3699/4277/3692 3698/4276/3691 3729/4307/3722 3730/4308/3723
f 3713/4309/3706 3712/4273/3705 3743/4306/3736 3744/4310/3737
f 3700/4281/3693 3699/4277/3692 3730/4308/3723 3731/4311/3724
f 3714/4282/3707 3713/4279/3706 3744/4312/3737 3745/4313/3738
f 3701/4284/3694 3700/4281/3693 3731/4311/3724 3732/4314/3725
f 3715/4285/3708 3714/4282/3707 3745/4313/3738 3746/4315/3739
f 3702/4287/3695 3701/4284/3694 3732/4314/3725 3733/4316/3726
f 3716/4288/3709 3715/4285/3708 3746/4315/3739 3747/4317/3740
f 3703/4290/3696 3702/4287/3695 3733/4316/3726 3734/4318/3727
f 3690/4250/3683 3503/3478/3496 3721/4319/3714
f 3717/4252/3710 3716/4288/3709 3747/4317/3740 3748/4320/3741
f 3704/4255/3697 3703/4290/3696 3734/4318/3727 3735/4321/3728
f 3691/4251/3684 3690/4250/3683 3721/4319/3714 3722/4322/3715
f 3718/4253/3711 3717/4252/3710 3748/4320/3741 3749/4323/3742
f 3705/4256/3698 3704/4255/3697 3735/4321/3728 3736/4324/3729
f 3692/4257/3685 3691/4251/3684 3722/4322/3715 3723/4291/3716
f 3719/4258/3712 3718/4253/3711 3749/4323/3742 3750/4293/3743
f 3706/4259/3699 3705/4256/3698 3736/4324/3729 3737/4295/3730
f 3726/4299/3719 3725/4297/3718 3756/4325/3749 3757/4326/3750
f 3740/4300/3733 3739/4298/3732 3770/4327/3763 3771/4328/3764
f 3727/4301/3720 3726/4299/3719 3757/4326/3750 3758/4329/3751
f 3741/4302/3734 3740/4300/3733 3771/4328/3764 3772/4330/3765
f 3728/4303/3721 3727/4301/3720 3758/4329/3751 3759/4331/3752
f 3742/4304/3735 3741/4302/3734 3772/4330/3765 3773/4332/3766
f 3729/4307/3722 3728/4333/3721 3759/4334/3752 3760/4335/3753
f 3743/4306/3736 3742/4304/3735 3773/4332/3766 3774/4336/3767
f 3730/4308/3723 3729/4307/3722 3760/4335/3753 3761/4337/3754
f 3744/4310/3737 3743/4306/3736 3774/4336/3767 3775/4338/3768
f 3731/4311/3724 3730/4308/3723 3761/4337/3754 3762/4339/3755
f 3745/4313/3738 3744/4312/3737 3775/4340/3768 3776/4341/3769
f 3732/4314/3725 3731/4311/3724 3762/4339/3755 3763/4342/3756
f 3746/4315/3739 3745/4313/3738 3776/4341/3769 3777/4343/3770
f 3733/4316/3726 3732/4314/3725 3763/4342/3756 3764/4344/3757
f 3747/4317/3740 3746/4315/3739 3777/4343/3770 3778/4345/3771
f 3734/4318/3727 3733/4316/3726 3764/4344/3757 3765/4346/3758
f 3721/4319/3714 3503/3478/3496 3752/4347/3745
f 3748/4320/3741 3747/4317/3740 3778/4345/3771 3779/4348/3772
f 3735/4321/3728 3734/4318/3727 3765/4346/3758 3766/4349/3759
f 3722/4322/3715 3721/4319/3714 3752/4347/3745 3753/4350/3746
f 3749/4323/3742 3748/4320/3741 3779/4348/3772 3780/4351/3773
f 3736/4324/3729 3735/4321/3728 3766/4349/3759 3767/4352/3760
f 3723/4291/3716 3722/4322/3715 3753/4350/3746 3754/4353/3747
f 3750/4293/3743 3749/4323/3742 3780/4351/3773 3781/4354/3774
f 3737/4295/3730 3736/4324/3729 3767/4352/3760 3768/4355/3761
f 3724/4292/3717 3723/4291/3716 3754/4353/3747 3755/4356/3748
f 3751/4294/3744 3750/4293/3743 3781/4354/3774 3782/4357/3775
f 3738/4296/3731 3737/4295/3730 3768/4355/3761 3769/4358/3762
f 3725/4297/3718 3724/4292/3717 3755/4356/3748 3756/4325/3749
f 3502/3500/3495 3751/4294/3744 3782/4357/3775
f 3739/4298/3732 3738/4296/3731 3769/4358/3762 3770/4327/3763
f 3759/4331/3752 3758/4329/3751 3789/4359/3782 3790/4360/3783
f 3773/4332/3766 3772/4330/3765 3803/4361/3796 3804/4362/3797
f 3760/4335/3753 3759/4334/3752 3790/4363/3783 3791/4364/3784
f 3774/4336/3767 3773/4332/3766 3804/4362/3797 3805/4365/3798
f 3761/4337/3754 3760/4335/3753 3791/4364/3784 3792/4366/3785
f 3775/4338/3768 3774/4336/3767 3805/4365/3798 3806/4367/3799
f 3762/4339/3755 3761/4337/3754 3792/4366/3785 3793/4368/3786
f 3776/4341/3769 3775/4340/3768 3806/4369/3799 3807/4370/3800
f 3763/4342/3756 3762/4339/3755 3793/4368/3786 3794/4371/3787
f 3777/4343/3770 3776/4341/3769 3807/4370/3800 3808/4372/3801
f 3764/4344/3757 3763/4342/3756 3794/4371/3787 3795/4373/3788
f 3778/4345/3771 3777/4343/3770 3808/4372/3801 3809/4374/3802
f 3765/4346/3758 3764/4344/3757 3795/4373/3788 3796/4375/3789
f 3752/4347/3745 3503/3478/3496 3783/4376/3776
f 3779/4348/3772 3778/4345/3771 3809/4374/3802 3810/4377/3803
f 3766/4349/3759 3765/4346/3758 3796/4375/3789 3797/4378/3790
f 3753/4350/3746 3752/4347/3745 3783/4376/3776 3784/4379/3777
f 3780/4351/3773 3779/4348/3772 3810/4377/3803 3811/4380/3804
f 3767/4352/3760 3766/4349/3759 3797/4378/3790 3798/4381/3791
f 3754/4353/3747 3753/4350/3746 3784/4379/3777 3785/4382/3778
f 3781/4354/3774 3780/4351/3773 3811/4380/3804 3812/4383/3805
f 3768/4355/3761 3767/4352/3760 3798/4381/3791 3799/4384/3792
f 3755/4356/3748 3754/4353/3747 3785/4382/3778 3786/4385/3779
f 3782/4357/3775 3781/4354/3774 3812/4383/3805 3813/4386/3806
f 3769/4358/3762 3768/4355/3761 3799/4384/3792 3800/4387/3793
f 3756/4325/3749 3755/4356/3748 3786/4385/3779 3787/4388/3780
f 3502/3500/3495 3782/4357/3775 3813/4386/3806
f 3770/4327/3763 3769/4358/3762 3800/4387/3793 3801/4389/3794
f 3757/4326/3750 3756/4325/3749 3787/4388/3780 3788/4390/3781
f 3771/4328/3764 3770/4327/3763 3801/4389/3794 3802/4391/3795
f 3758/4329/3751 3757/4326/3750 3788/4390/3781 3789/4359/3782
f 3772/4330/3765 3771/4328/3764 3802/4391/3795 3803/4361/3796
f 3788/4390/3781 3787/4388/3780 3818/4392/3811 3819/4393/3812
f 3802/4391/3795 3801/4389/3794 3832/4394/3825 3833/4395/3826
f 3789/4359/3782 3788/4390/3781 3819/4393/3812 3820/4396/3813
f 3803/4361/3796 3802/4391/3795 3833/4395/3826 3834/4397/3827
f 3790/4360/3783 3789/4359/3782 3820/4396/3813 3821/4398/3814
f 3804/4362/3797 3803/4361/3796 3834/4397/3827 3835/4399/3828
f 3791/4364/3784 3790/4363/3783 3821/4400/3814 3822/4401/3815
f 3805/4365/3798 3804/4362/3797 3835/4399/3828 3836/4402/3829
f 3792/4366/3785 3791/4364/3784 3822/4401/3815 3823/4403/3816
f 3806/4367/3799 3805/4365/3798 3836/4402/3829 3837/4404/3830
f 3793/4368/3786 3792/4366/3785 3823/4403/3816 3824/4405/3817
f 3807/4370/3800 3806/4369/3799 3837/4406/3830 3838/4407/3831
f 3794/4371/3787 3793/4368/3786 3824/4405/3817 3825/4408/3818
f 3808/4372/3801 3807/4370/3800 3838/4407/3831 3839/4409/3832
f 3795/4373/3788 3794/4371/3787 3825/4408/3818 3826/4410/3819
f 3809/4374/3802 3808/4372/3801 3839/4409/3832 3840/4411/3833
f 3796/4375/3789 3795/4373/3788 3826/4410/3819 3827/4412/3820
f 3783/4376/3776 3503/3478/3496 3814/4413/3807
f 3810/4377/3803 3809/4374/3802 3840/4411/3833 3841/4414/3834
f 3797/4378/3790 3796/4375/3789 3827/4412/3820 3828/4415/3821
f 3784/4379/3777 3783/4376/3776 3814/4413/3807 3815/4416/3808
f 3811/4380/3804 3810/4377/3803 3841/4414/3834 3842/4417/3835
f 3798/4381/3791 3797/4378/3790 3828/4415/3821 3829/4418/3822
f 3785/4382/3778 3784/4379/3777 3815/4416/3808 3816/4419/3809
f 3812/4383/3805 3811/4380/3804 3842/4417/3835 3843/4420/3836
f 3799/4384/3792 3798/4381/3791 3829/4418/3822 3830/4421/3823
f 3786/4385/3779 3785/4382/3778 3816/4419/3809 3817/4422/3810
f 3813/4386/3806 3812/4383/3805 3843/4420/3836 3844/4423/3837
f 3800/4387/3793 3799/4384/3792 3830/4421/3823 3831/4424/3824
f 3787/4388/3780 3786/4385/3779 3817/4422/3810 3818/4392/3811
f 3502/3500/3495 3813/4386/3806 3844/4423/3837
f 3801/4389/3794 3800/4387/3793 3831/4424/3824 3832/4394/3825
f 3821/4398/3814 3820/4396/3813 3851/4425/3844 3852/4426/3845
f 3835/4399/3828 3834/4397/3827 3865/4427/3858 3866/4428/3859
f 3822/4429/3815 3821/4398/3814 3852/4426/3845 3853/4430/3846
f 3836/4402/3829 3835/4399/3828 3866/4428/3859 3867/4431/3860
f 3823/4403/3816 3822/4401/3815 3853/4432/3846 3854/4433/3847
f 3837/4404/3830 3836/4402/3829 3867/4431/3860 3868/4434/3861
f 3824/4405/3817 3823/4403/3816 3854/4433/3847 3855/4435/3848
f 3838/4407/3831 3837/4406/3830 3868/4436/3861 3869/4437/3862
f 3825/4408/3818 3824/4405/3817 3855/4435/3848 3856/4438/3849
f 3839/4409/3832 3838/4407/3831 3869/4437/3862 3870/4439/3863
f 3826/4410/3819 3825/4408/3818 3856/4438/3849 3857/4440/3850
f 3840/4411/3833 3839/4409/3832 3870/4439/3863 3871/4441/3864
f 3827/4412/3820 3826/4410/3819 3857/4440/3850 3858/4442/3851
f 3814/4413/3807 3503/3478/3496 3845/4443/3838
f 3841/4414/3834 3840/4411/3833 3871/4441/3864 3872/4444/3865
f 3828/4415/3821 3827/4412/3820 3858/4442/3851 3859/4445/3852
f 3815/4416/3808 3814/4413/3807 3845/4443/3838 3846/4446/3839
f 3842/4417/3835 3841/4414/3834 3872/4444/3865 3873/4447/3866
f 3829/4418/3822 3828/4415/3821 3859/4445/3852 3860/4448/3853
f 3816/4419/3809 3815/4416/3808 3846/4446/3839 3847/4449/3840
f 3843/4420/3836 3842/4417/3835 3873/4447/3866 3874/4450/3867
f 3830/4421/3823 3829/4418/3822 3860/4448/3853 3861/4451/3854
f 3817/4422/3810 3816/4419/3809 3847/4449/3840 3848/4452/3841
f 3844/4423/3837 3843/4420/3836 3874/4450/3867 3875/4453/3868
f 3831/4424/3824 3830/4421/3823 3861/4451/3854 3862/4454/3855
f 3818/4392/3811 3817/4422/3810 3848/4452/3841 3849/4455/3842
f 3502/3500/3495 3844/4423/3837 3875/4453/3868
f 3832/4394/3825 3831/4424/3824 3862/4454/3855 3863/4456/3856
f 3819/4393/3812 3818/4392/3811 3849/4455/3842 3850/4457/3843
f 3833/4395/3826 3832/4394/3825 3863/4456/3856 3864/4458/3857
f 3820/4396/3813 3819/4393/3812 3850/4457/3843 3851/4425/3844
f 3834/4397/3827 3833/4395/3826 3864/4458/3857 3865/4427/3858
f 3854/4433/3847 3853/4432/3846 3884/4459/3877 3885/4460/3878
f 3868/4436/3861 3867/4461/3860 3898/4462/3891 3899/4463/3892
f 3855/4435/3848 3854/4433/3847 3885/4460/3878 3886/4464/3879
f 3869/4437/3862 3868/4436/3861 3899/4463/3892 3900/4465/3893
f 3856/4438/3849 3855/4435/3848 3886/4464/3879 3887/4466/3880
f 3870/4439/3863 3869/4437/3862 3900/4465/3893 3901/4467/3894
f 3857/4440/3850 3856/4438/3849 3887/4466/3880 3888/4468/3881
f 3871/4441/3864 3870/4439/3863 3901/4467/3894 3902/4469/3895
f 3858/4442/3851 3857/4440/3850 3888/4468/3881 3889/4470/3882
f 3845/4443/3838 3503/3478/3496 3876/4471/3869
f 3872/4444/3865 3871/4441/3864 3902/4469/3895 3903/4472/3896
f 3859/4445/3852 3858/4442/3851 3889/4470/3882 3890/4473/3883
f 3846/4446/3839 3845/4443/3838 3876/4471/3869 3877/4474/3870
f 3873/4447/3866 3872/4444/3865 3903/4472/3896 3904/4475/3897
f 3860/4448/3853 3859/4445/3852 3890/4473/3883 3891/4476/3884
f 3847/4449/3840 3846/4446/3839 3877/4474/3870 3878/4477/3871
f 3874/4450/3867 3873/4447/3866 3904/4475/3897 3905/4478/3898
f 3861/4451/3854 3860/4448/3853 3891/4476/3884 3892/4479/3885
f 3848/4452/3841 3847/4449/3840 3878/4477/3871 3879/4480/3872
f 3875/4453/3868 3874/4450/3867 3905/4478/3898 3906/4481/3899
f 3862/4454/3855 3861/4451/3854 3892/4479/3885 3893/4482/3886
f 3849/4455/3842 3848/4452/3841 3879/4480/3872 3880/4483/3873
f 3502/3500/3495 3875/4453/3868 3906/4481/3899
f 3863/4456/3856 3862/4454/3855 3893/4482/3886 3894/4484/3887
f 3850/4457/3843 3849/4455/3842 3880/4483/3873 3881/4485/3874
f 3864/4458/3857 3863/4456/3856 3894/4484/3887 3895/4486/3888
f 3851/4425/3844 3850/4457/3843 3881/4485/3874 3882/4487/3875
f 3865/4427/3858 3864/4458/3857 3895/4486/3888 3896/4488/3889
f 3852/4426/3845 3851/4425/3844 3882/4487/3875 3883/4489/3876
f 3866/4428/3859 3865/4427/3858 3896/4488/3889 3897/4490/3890
f 3853/4430/3846 3852/4426/3845 3883/4489/3876 3884/4491/3877
f 3867/4431/3860 3866/4428/3859 3897/4490/3890 3898/4492/3891
f 3887/4493/3880 3886/4494/3879 3917/4495/3910 3918/4496/3911
f 3901/4467/3894 3900/4465/3893 3931/4497/3924 3932/4498/3925
f 3888/4499/3881 3887/4493/3880 3918/4496/3911 3919/4500/3912
f 3902/4469/3895 3901/4467/3894 3932/4498/3925 3933/4501/3926
f 3889/4502/3882 3888/4499/3881 3919/4500/3912 3920/4503/3913
f 3876/4471/3869 3503/3478/3496 3907/4504/3900
f 3903/4472/3896 3902/4469/3895 3933/4501/3926 3934/4505/3927
f 3890/4506/3883 3889/4502/3882 3920/4503/3913 3921/4507/3914
f 3877/4474/3870 3876/4471/3869 3907/4504/3900 3908/4508/3901
f 3904/4475/3897 3903/4472/3896 3934/4505/3927 3935/4509/3928
f 3891/4510/3884 3890/4506/3883 3921/4507/3914 3922/4511/3915
f 3878/4477/3871 3877/4474/3870 3908/4508/3901 3909/4512/3902
f 3905/4478/3898 3904/4475/3897 3935/4509/3928 3936/4513/3929
f 3892/4514/3885 3891/4510/3884 3922/4511/3915 3923/4515/3916
f 3879/4480/3872 3878/4477/3871 3909/4512/3902 3910/4516/3903
f 3906/4481/3899 3905/4478/3898 3936/4513/3929 3937/4517/3930
f 3893/4518/3886 3892/4514/3885 3923/4515/3916 3924/4519/3917
f 3880/4483/3873 3879/4480/3872 3910/4516/3903 3911/4520/3904
f 3502/3500/3495 3906/4481/3899 3937/4517/3930
f 3894/4521/3887 3893/4518/3886 3924/4519/3917 3925/4522/3918
f 3881/4485/3874 3880/4483/3873 3911/4520/3904 3912/4523/3905
f 3895/4524/3888 3894/4521/3887 3925/4522/3918 3926/4525/3919
f 3882/4487/3875 3881/4485/3874 3912/4523/3905 3913/4526/3906
f 3896/4527/3889 3895/4524/3888 3926/4525/3919 3927/4528/3920
f 3883/4489/3876 3882/4487/3875 3913/4526/3906 3914/4529/3907
f 3897/4530/3890 3896/4527/3889 3927/4528/3920 3928/4531/3921
f 3884/4491/3877 3883/4489/3876 3914/4529/3907 3915/4532/3908
f 3898/4533/3891 3897/4530/3890 3928/4531/3921 3929/4534/3922
f 3885/4535/3878 3884/4491/3877 3915/4532/3908 3916/4536/3909
f 3899/4463/3892 3898/4462/3891 3929/4537/3922 3930/4538/3923
f 3886/4494/3879 3885/4539/3878 3916/4540/3909 3917/4495/3910
f 3900/4465/3893 3899/4463/3892 3930/4538/3923 3931/4497/3924
f 3920/4503/3913 3919/4500/3912 3950/4541/3943 3951/4542/3944
f 3907/4504/3900 3503/3478/3496 3938/4543/3931
f 3934/4505/3927 3933/4501/3926 3964/4544/3957 3965/4545/3958
f 3921/4507/3914 3920/4503/3913 3951/4542/3944 3952/4546/3945
f 3908/4508/3901 3907/4504/3900 3938/4543/3931 3939/4547/3932
f 3935/4509/3928 3934/4505/3927 3965/4545/3958 3966/4548/3959
f 3922/4511/3915 3921/4507/3914 3952/4546/3945 3953/4549/3946
f 3909/4512/3902 3908/4508/3901 3939/4547/3932 3940/4550/3933
f 3936/4513/3929 3935/4509/3928 3966/4548/3959 3967/4551/3960
f 3923/4515/3916 3922/4511/3915 3953/4549/3946 3954/4552/3947
f 3910/4516/3903 3909/4512/3902 3940/4550/3933 3941/4553/3934
f 3937/4517/3930 3936/4513/3929 3967/4551/3960 3968/4554/3961
f 3924/4519/3917 3923/4515/3916 3954/4552/3947 3955/4555/3948
f 3911/4520/3904 3910/4516/3903 3941/4553/3934 3942/4556/3935
f 3502/3500/3495 3937/4517/3930 3968/4554/3961
f 3925/4522/3918 3924/4519/3917 3955/4555/3948 3956/4557/3949
f 3912/4523/3905 3911/4520/3904 3942/4556/3935 3943/4558/3936
f 3926/4525/3919 3925/4522/3918 3956/4557/3949 3957/4559/3950
f 3913/4526/3906 3912/4523/3905 3943/4558/3936 3944/4560/3937
f 3927/4528/3920 3926/4525/3919 3957/4559/3950 3958/4561/3951
f 3914/4529/3907 3913/4526/3906 3944/4560/3937 3945/4562/3938
f 3928/4531/3921 3927/4528/3920 3958/4561/3951 3959/4563/3952
f 3915/4532/3908 3914/4529/3907 3945/4562/3938 3946/4564/3939
f 3929/4534/3922 3928/4531/3921 3959/4563/3952 3960/4565/3953
f 3916/4540/3909 3915/4566/3908 3946/4567/3939 3947/4568/3940
f 3930/4538/3923 3929/4537/3922 3960/4569/3953 3961/4570/3954
f 3917/4495/3910 3916/4540/3909 3947/4568/3940 3948/4571/3941
f 3931/4497/3924 3930/4538/3923 3961/4570/3954 3962/4572/3955
f 3918/4496/3911 3917/4495/3910 3948/4571/3941 3949/4573/3942
f 3932/4498/3925 3931/4497/3924 3962/4572/3955 3963/4574/3956
f 3919/4500/3912 3918/4496/3911 3949/4573/3942 3950/4541/3943
f 3933/4501/3926 3932/4498/3925 3963/4574/3956 3964/4544/3957
f 3953/4549/3946 3952/4546/3945 2995/3482/2988 3978/3488/3971
f 3940/4550/3933 3939/4547/3932 3970/3484/3963 3971/3490/3964
f 3967/4551/3960 3966/4548/3959 3983/3486/3976 3004/3492/2997
f 3954/4552/3947 3953/4549/3946 3978/3488/3971 2996/3494/2989
f 3941/4553/3934 3940/4550/3933 3971/3490/3964 3972/3496/3965
f 3968/4554/3961 3967/4551/3960 3004/3492/2997 3005/3498/2998
f 3955/4555/3948 3954/4552/3947 2996/3494/2989 2997/3434/2990
f 3942/4556/3935 3941/4553/3934 3972/3496/3965 3973/3438/3966
f 3502/3500/3495 3968/4554/3961 3005/3498/2998
f 3956/4557/3949 3955/4555/3948 2997/3434/2990 3979/3433/3972
f 3943/4558/3936 3942/4556/3935 3973/3438/3966 3974/3437/3967
f 3957/4559/3950 3956/4557/3949 3979/3433/3972 3980/3441/3973
f 3944/4560/3937 3943/4558/3936 3974/3437/3967 2990/3443/2983
f 3958/4561/3951 3957/4559/3950 3980/3441/3973 2998/3445/2991
f 3945/4562/3938 3944/4560/3937 2990/3443/2983 3975/3447/3968
f 3959/4563/3952 3958/4561/3951 2998/3445/2991 2999/3449/2992
f 3946/4564/3939 3945/4562/3938 3975/3447/3968 2991/4575/2984
f 3960/4565/3953 3959/4563/3952 2999/3449/2992 3000/3455/2993
f 3947/4568/3940 3946/4567/3939 2991/3451/2984 3976/3457/3969
f 3961/4576/3954 3960/4565/3953 3000/3455/2993 3981/3459/3974
f 3948/4571/3941 3947/4568/3940 3976/3457/3969 3977/3461/3970
f 3962/4572/3955 3961/4570/3954 3981/3464/3974 3001/3463/2994
f 3949/4573/3942 3948/4571/3941 3977/3461/3970 2992/3467/2985
f 3963/4574/3956 3962/4572/3955 3001/3463/2994 3002/3469/2995
f 3950/4541/3943 3949/4573/3942 2992/3467/2985 2993/3471/2986
f 3964/4544/3957 3963/4574/3956 3002/3469/2995 3003/3473/2996
f 3951/4542/3944 3950/4541/3943 2993/3471/2986 2994/3475/2987
f 3938/4543/3931 3503/3478/3496 3969/3477/3962
f 3965/4545/3958 3964/4544/3957 3003/3473/2996 3982/3480/3975
f 3952/4546/3945 3951/4542/3944 2994/3475/2987 2995/3482/2988
f 3939/4547/3932 3938/4543/3931 3969/3477/3962 3970/3484/3963
f 3966/4548/3959 3965/4545/3958 3982/3480/3975 3983/3486/3976
o Hydrogen_ball
v -0.186355 0.874716 -1.148704
v -0.186355 0.778066 -1.245354
v -0.186355 0.602562 -1.350547
v -0.186355 0.538137 -1.373599
v -0.186355 0.471763 -1.390225
v -0.186355 0.404079 -1.400265
v -0.186355 0.267395 -1.400265
v -0.186355 0.199711 -1.390225
v -0.186355 0.007057 -1.321292
v -0.186355 -0.051633 -1.286115
v -0.186355 -0.106592 -1.245354
v -0.186355 -0.203242 -1.148704
v -0.186355 -0.244003 -1.093745
v -0.186355 -0.279180 -1.035055
v -0.186355 -0.348112 -0.842401
v -0.186355 -0.358153 -0.774717
v -0.173023 1.029627 -0.773404
v -0.159818 1.019587 -0.839787
v -0.146869 1.002961 -0.904886
v -0.134301 0.979909 -0.968073
v -0.122233 0.950654 -1.028739
v -0.110783 0.915477 -1.086302
v -0.100061 0.874716 -1.140205
v -0.090170 0.828765 -1.189930
v -0.081206 0.778066 -1.234998
v -0.073254 0.723107 -1.274975
v -0.066391 0.664417 -1.309476
v -0.060684 0.602562 -1.338170
v -0.056187 0.538137 -1.360778
v -0.052943 0.471763 -1.377085
v -0.050984 0.404079 -1.386932
v -0.050329 0.335737 -1.390225
v -0.050984 0.267395 -1.386932
v -0.052943 0.199711 -1.377085
v -0.056187 0.133337 -1.360778
v -0.060684 0.068912 -1.338170
v -0.066391 0.007057 -1.309476
v -0.073254 -0.051633 -1.274975
v -0.081206 -0.106592 -1.234998
v -0.090170 -0.157291 -1.189930
v -0.100061 -0.203242 -1.140205
v -0.110783 -0.244003 -1.086302
v -0.122233 -0.279180 -1.028739
v -0.134301 -0.308435 -0.968073
v -0.146869 -0.331487 -0.904886
v -0.159818 -0.348112 -0.839787
v -0.173023 -0.358153 -0.773404
v -0.160202 1.029627 -0.769515
v -0.134301 1.019587 -0.832047
v -0.108900 1.002961 -0.893368
v -0.084246 0.979909 -0.952889
v -0.060575 0.950654 -1.010036
v -0.038116 0.915477 -1.064258
v -0.017084 0.874716 -1.115034
v 0.002318 0.828765 -1.161874
v 0.019903 0.778066 -1.204327
v 0.035501 0.723107 -1.241985
v 0.048963 0.664417 -1.274484
v 0.060159 0.602562 -1.301512
v 0.068980 0.538137 -1.322809
v 0.075342 0.471763 -1.338170
v 0.079185 0.404079 -1.347445
v 0.080469 0.335737 -1.350547
v 0.079185 0.267395 -1.347445
v 0.075342 0.199711 -1.338170
v 0.068980 0.133337 -1.322809
v 0.060159 0.068912 -1.301512
v 0.048963 0.007057 -1.274484
v 0.035501 -0.051633 -1.241985
v 0.019903 -0.106592 -1.204327
v 0.002318 -0.157291 -1.161874
v -0.017084 -0.203242 -1.115034
v -0.038116 -0.244003 -1.064258
v -0.060575 -0.279180 -1.010036
v -0.084246 -0.308435 -0.952889
v -0.108900 -0.331487 -0.893368
v -0.134301 -0.348112 -0.832047
v -0.160202 -0.358153 -0.769515
v -0.148387 1.029627 -0.763200
v -0.110783 1.019587 -0.819477
v -0.073908 1.002961 -0.874665
v -0.038116 0.979909 -0.928232
v -0.003751 0.950654 -0.979662
v 0.028856 0.915477 -1.028461
v 0.059389 0.874716 -1.074158
v 0.087556 0.828765 -1.116313
v 0.113085 0.778066 -1.154520
v 0.135731 0.723107 -1.188411
v 0.155274 0.664417 -1.217660
v 0.171527 0.602562 -1.241985
v 0.184334 0.538137 -1.261151
v 0.193571 0.471763 -1.274975
v 0.199149 0.404079 -1.283323
v 0.201014 0.335737 -1.286115
v 0.199149 0.267395 -1.283323
v 0.193571 0.199711 -1.274975
v 0.184334 0.133337 -1.261151
v 0.171527 0.068912 -1.241985
v 0.155274 0.007057 -1.217660
v 0.135731 -0.051633 -1.188411
v 0.113085 -0.106592 -1.154520
v 0.087556 -0.157291 -1.116313
v 0.059389 -0.203242 -1.074158
v 0.028856 -0.244003 -1.028461
v -0.003751 -0.279180 -0.979662
v -0.038116 -0.308435 -0.928232
v -0.073908 -0.331487 -0.874665
v -0.110783 -0.348112 -0.819477
v -0.148387 -0.358153 -0.763200
v -0.138030 1.029627 -0.754700
v -0.090170 1.019587 -0.802560
v -0.043237 1.002961 -0.849494
v 0.002318 0.979909 -0.895049
v 0.046056 0.950654 -0.938787
v 0.087556 0.915477 -0.980287
v 0.126418 0.874716 -1.019149
v 0.162268 0.828765 -1.054999
v 0.194760 0.778066 -1.087491
v 0.223582 0.723107 -1.116313
v 0.248456 0.664417 -1.141187
v 0.269143 0.602562 -1.161874
v 0.285443 0.538137 -1.178173
v 0.297199 0.471763 -1.189930
v 0.304298 0.404079 -1.197029
v 0.306673 0.335737 -1.199403
v 0.304298 0.267395 -1.197029
v 0.297199 0.199711 -1.189930
v 0.285443 0.133337 -1.178173
v 0.269143 0.068912 -1.161874
v 0.248456 0.007057 -1.141187
v 0.223582 -0.051633 -1.116313
v 0.194760 -0.106592 -1.087491
v 0.162268 -0.157291 -1.054999
v 0.126418 -0.203242 -1.019149
v 0.087556 -0.244003 -0.980287
v 0.046056 -0.279180 -0.938787
v 0.002318 -0.308435 -0.895049
v -0.043237 -0.331487 -0.849494
v -0.090170 -0.348112 -0.802560
v -0.138030 -0.358153 -0.754700
v -0.129531 1.029627 -0.744344
v -0.073254 1.019587 -0.781947
v -0.018066 1.002961 -0.818823
v 0.035501 0.979909 -0.854615
v 0.086932 0.950654 -0.888980
v 0.135731 0.915477 -0.921586
v 0.181427 0.874716 -0.952120
v 0.223582 0.828765 -0.980287
v 0.261789 0.778066 -1.005816
v 0.295680 0.723107 -1.028461
v 0.324929 0.664417 -1.048005
v 0.349254 0.602562 -1.064258
v 0.368421 0.538137 -1.077065
v 0.382245 0.471763 -1.086301
v 0.390593 0.404079 -1.091879
v 0.393384 0.335737 -1.093745
v 0.390593 0.267395 -1.091879
v 0.382245 0.199711 -1.086301
v 0.368421 0.133337 -1.077065
v 0.349254 0.068912 -1.064258
v 0.324929 0.007057 -1.048005
v 0.295680 -0.051633 -1.028461
v 0.261789 -0.106592 -1.005816
v 0.223582 -0.157291 -0.980287
v 0.181427 -0.203242 -0.952120
v 0.135731 -0.244003 -0.921586
v 0.086932 -0.279180 -0.888980
v 0.035501 -0.308435 -0.854615
v -0.018066 -0.331487 -0.818823
v -0.073254 -0.348112 -0.781947
v -0.129531 -0.358153 -0.744344
v -0.123216 1.029627 -0.732528
v -0.060684 1.019587 -0.758430
v 0.000638 1.002961 -0.783830
v 0.060159 0.979909 -0.808484
v 0.117305 0.950654 -0.832155
v 0.171527 0.915477 -0.854615
v 0.222303 0.874716 -0.875647
v 0.269143 0.828765 -0.895049
v 0.311596 0.778066 -0.912633
v 0.349254 0.723107 -0.928232
v 0.381754 0.664417 -0.941694
v 0.408782 0.602562 -0.952889
v 0.430079 0.538137 -0.961710
v 0.445439 0.471763 -0.968073
v 0.454715 0.404079 -0.971915
v 0.457817 0.335737 -0.973200
v 0.454715 0.267395 -0.971915
v 0.445439 0.199711 -0.968073
v 0.430079 0.133337 -0.961710
v 0.408782 0.068912 -0.952889
v 0.381754 0.007057 -0.941694
v 0.349254 -0.051633 -0.928232
v 0.311596 -0.106592 -0.912633
v 0.269143 -0.157291 -0.895049
v 0.222303 -0.203242 -0.875647
v 0.171527 -0.244003 -0.854615
v 0.117305 -0.279180 -0.832155
v 0.060159 -0.308435 -0.808484
v 0.000638 -0.331487 -0.783830
v -0.060684 -0.348112 -0.758430
v -0.123216 -0.358153 -0.732528
v -0.119326 1.029627 -0.719708
v -0.052943 1.019587 -0.732912
v 0.012156 1.002961 -0.745861
v 0.075342 0.979909 -0.758430
v 0.136009 0.950654 -0.770497
v 0.193571 0.915477 -0.781947
v 0.247474 0.874716 -0.792669
v 0.297199 0.828765 -0.802560
v 0.342267 0.778066 -0.811525
v 0.382245 0.723107 -0.819477
v 0.416746 0.664417 -0.826339
v 0.445439 0.602562 -0.832047
v 0.468048 0.538137 -0.836544
v 0.484354 0.471763 -0.839787
v 0.494201 0.404079 -0.841746
v 0.497494 0.335737 -0.842401
v 0.494201 0.267395 -0.841746
v 0.484354 0.199711 -0.839787
v 0.468048 0.133337 -0.836544
v 0.445439 0.068912 -0.832047
v 0.416746 0.007057 -0.826339
v 0.382245 -0.051633 -0.819477
v 0.342267 -0.106592 -0.811525
v 0.297199 -0.157291 -0.802560
v 0.247474 -0.203242 -0.792669
v 0.193571 -0.244003 -0.781947
v 0.136009 -0.279180 -0.770497
v 0.075342 -0.308435 -0.758430
v 0.012156 -0.331487 -0.745861
v -0.052943 -0.348112 -0.732912
v -0.119326 -0.358153 -0.719708
v -0.118013 1.029627 -0.706375
v -0.050329 1.019587 -0.706375
v 0.016045 1.002961 -0.706375
v 0.080469 0.979909 -0.706375
v 0.142324 0.950654 -0.706375
v 0.201014 0.915477 -0.706375
v 0.255973 0.874716 -0.706375
v 0.306673 0.828765 -0.706375
v 0.352624 0.778066 -0.706375
v 0.393384 0.723107 -0.706375
v 0.428561 0.664417 -0.706375
v 0.457817 0.602562 -0.706375
v 0.480868 0.538137 -0.706375
v 0.497494 0.471763 -0.706375
v 0.507534 0.404079 -0.706375
v 0.510891 0.335737 -0.706375
v 0.507534 0.267395 -0.706375
v 0.497494 0.199711 -0.706375
v 0.480868 0.133337 -0.706375
v 0.457817 0.068912 -0.706375
v 0.428561 0.007057 -0.706375
v 0.393384 -0.051633 -0.706375
v 0.352624 -0.106592 -0.706375
v 0.306673 -0.157291 -0.706375
v 0.255973 -0.203242 -0.706375
v 0.201014 -0.244003 -0.706375
v 0.142324 -0.279180 -0.706375
v 0.080469 -0.308435 -0.706375
v 0.016045 -0.331487 -0.706375
v -0.050329 -0.348112 -0.706375
v -0.118013 -0.358153 -0.706375
v -0.119326 1.029627 -0.693042
v -0.052943 1.019587 -0.679838
v 0.012156 1.002961 -0.666889
v 0.075342 0.979909 -0.654320
v 0.136009 0.950654 -0.642253
v 0.193571 0.915477 -0.630803
v 0.247474 0.874716 -0.620081
v 0.297199 0.828765 -0.610190
v 0.342267 0.778066 -0.601225
v 0.382245 0.723107 -0.593273
v 0.416746 0.664417 -0.586411
v 0.445439 0.602562 -0.580703
v 0.468048 0.538137 -0.576206
v 0.484354 0.471763 -0.572963
v 0.494201 0.404079 -0.571004
v 0.497494 0.335737 -0.570349
v 0.494201 0.267395 -0.571004
v 0.484354 0.199711 -0.572963
v 0.468048 0.133337 -0.576206
v 0.445439 0.068912 -0.580703
v 0.416746 0.007057 -0.586411
v 0.382245 -0.051633 -0.593273
v 0.342267 -0.106592 -0.601225
v 0.297199 -0.157291 -0.610190
v 0.247474 -0.203242 -0.620081
v 0.193571 -0.244003 -0.630803
v 0.136009 -0.279180 -0.642253
v 0.075342 -0.308435 -0.654320
v 0.012156 -0.331487 -0.666889
v -0.052943 -0.348112 -0.679838
v -0.119326 -0.358153 -0.693042
v -0.123216 1.029627 -0.680222
v -0.060684 1.019587 -0.654320
v 0.000638 1.002961 -0.628920
v 0.060159 0.979909 -0.604266
v 0.117305 0.950654 -0.580595
v 0.171527 0.915477 -0.558135
v 0.222303 0.874716 -0.537103
v 0.269143 0.828765 -0.517701
v 0.311596 0.778066 -0.500117
v 0.349254 0.723107 -0.484518
v 0.381754 0.664417 -0.471057
v 0.408782 0.602562 -0.459861
v 0.430079 0.538137 -0.451040
v 0.445439 0.471763 -0.444677
v 0.454715 0.404079 -0.440835
v 0.457816 0.335737 -0.439550
v 0.454715 0.267395 -0.440835
v 0.445439 0.199711 -0.444677
v 0.430079 0.133337 -0.451040
v 0.408782 0.068912 -0.459861
v 0.381754 0.007057 -0.471057
v 0.349254 -0.051633 -0.484518
v 0.311596 -0.106592 -0.500117
v 0.269143 -0.157291 -0.517701
v 0.222303 -0.203242 -0.537103
v 0.171527 -0.244003 -0.558135
v 0.117305 -0.279180 -0.580595
v 0.060159 -0.308435 -0.604266
v 0.000638 -0.331487 -0.628920
v -0.060684 -0.348112 -0.654320
v -0.123216 -0.358153 -0.680222
v -0.129531 1.029627 -0.668406
v -0.073254 1.019587 -0.630803
v -0.018066 1.002961 -0.593928
v 0.035501 0.979909 -0.558135
v 0.086932 0.950654 -0.523770
v 0.135731 0.915477 -0.491164
v 0.181427 0.874716 -0.460630
v 0.223582 0.828765 -0.432463
v 0.261789 0.778066 -0.406934
v 0.295680 0.723107 -0.384289
v 0.324929 0.664417 -0.364746
v 0.349254 0.602562 -0.348492
v 0.368421 0.538137 -0.335685
v 0.382245 0.471763 -0.326449
v 0.390592 0.404079 -0.320871
v 0.393384 0.335737 -0.319005
v 0.390592 0.267395 -0.320871
v 0.382245 0.199711 -0.326449
v 0.368421 0.133337 -0.335685
v 0.349254 0.068912 -0.348492
v 0.324929 0.007057 -0.364746
v 0.295680 -0.051633 -0.384289
v 0.261789 -0.106592 -0.406934
v 0.223582 -0.157291 -0.432463
v 0.181427 -0.203242 -0.460630
v 0.135731 -0.244003 -0.491164
v 0.086932 -0.279180 -0.523770
v 0.035501 -0.308435 -0.558135
v -0.018066 -0.331487 -0.593928
v -0.073254 -0.348112 -0.630803
v -0.129531 -0.358153 -0.668406
v -0.138030 1.029627 -0.658050
v -0.090171 1.019587 -0.610190
v -0.043237 1.002961 -0.563257
v 0.002318 0.979909 -0.517701
v 0.046056 0.950654 -0.473963
v 0.087556 0.915477 -0.432463
v 0.126418 0.874716 -0.393601
v 0.162268 0.828765 -0.357752
v 0.194760 0.778066 -0.325259
v 0.223582 0.723107 -0.296437
v 0.248456 0.664417 -0.271563
v 0.269143 0.602562 -0.250877
v 0.285443 0.538137 -0.234577
v 0.297199 0.471763 -0.222820
v 0.304298 0.404079 -0.215721
v 0.306672 0.335737 -0.213347
v 0.304298 0.267395 -0.215721
v 0.297199 0.199711 -0.222820
v 0.285443 0.133337 -0.234577
v 0.269143 0.068912 -0.250877
v 0.248456 0.007057 -0.271563
v 0.223582 -0.051633 -0.296437
v 0.194760 -0.106592 -0.325259
v 0.162268 -0.157291 -0.357752
v 0.126418 -0.203242 -0.393601
v 0.087556 -0.244003 -0.432463
v 0.046056 -0.279180 -0.473963
v 0.002318 -0.308435 -0.517701
v -0.043237 -0.331487 -0.563257
v -0.090171 -0.348112 -0.610190
v -0.138030 -0.358153 -0.658050
v -0.148387 1.029627 -0.649551
v -0.110783 1.019587 -0.593274
v -0.073908 1.002961 -0.538086
v -0.038116 0.979909 -0.484518
v -0.003751 0.950654 -0.433088
v 0.028855 0.915477 -0.384289
v 0.059389 0.874716 -0.338592
v 0.087556 0.828765 -0.296437
v 0.113085 0.778066 -0.258230
v 0.135730 0.723107 -0.224339
v 0.155274 0.664417 -0.195091
v 0.171527 0.602562 -0.170766
v 0.184334 0.538137 -0.151599
v 0.193571 0.471763 -0.137775
v 0.199149 0.404079 -0.129427
v 0.201014 0.335737 -0.126636
v 0.199149 0.267395 -0.129427
v 0.193571 0.199711 -0.137775
v 0.184334 0.133337 -0.151599
v 0.171527 0.068912 -0.170766
v 0.155274 0.007057 -0.195091
v 0.135730 -0.051633 -0.224339
v 0.113085 -0.106592 -0.258230
v 0.087556 -0.157291 -0.296437
v 0.059389 -0.203242 -0.338592
v 0.028855 -0.244003 -0.384289
v -0.003751 -0.279180 -0.433088
v -0.038116 -0.308435 -0.484518
v -0.073908 -0.331487 -0.538086
v -0.110783 -0.348112 -0.593274
v -0.148387 -0.358153 -0.649551
v -0.160202 1.029627 -0.643235
v -0.134301 1.019587 -0.580703
v -0.108900 1.002961 -0.519382
v -0.084246 0.979909 -0.459861
v -0.060575 0.950654 -0.402715
v -0.038116 0.915477 -0.348492
v -0.017084 0.874716 -0.297717
v 0.002318 0.828765 -0.250877
v 0.019903 0.778066 -0.208423
v 0.035501 0.723107 -0.170766
v 0.048963 0.664417 -0.138266
v 0.060159 0.602562 -0.111238
v 0.068980 0.538137 -0.089941
v 0.075342 0.471763 -0.074581
v 0.079184 0.404079 -0.065305
v 0.080469 0.335737 -0.062203
v 0.079184 0.267395 -0.065305
v 0.075342 0.199711 -0.074581
v 0.068980 0.133337 -0.089941
v 0.060159 0.068912 -0.111238
v 0.048963 0.007057 -0.138266
v 0.035501 -0.051633 -0.170766
v 0.019903 -0.106592 -0.208423
v 0.002318 -0.157291 -0.250877
v -0.017084 -0.203242 -0.297717
v -0.038116 -0.244003 -0.348492
v -0.060575 -0.279180 -0.402715
v -0.084246 -0.308435 -0.459861
v -0.108900 -0.331487 -0.519382
v -0.134301 -0.348112 -0.580703
v -0.160202 -0.358153 -0.643235
v -0.173023 1.029627 -0.639346
v -0.159818 1.019587 -0.572963
v -0.146869 1.002961 -0.507864
v -0.134301 0.979909 -0.444677
v -0.122233 0.950654 -0.384011
v -0.110783 0.915477 -0.326449
v -0.100062 0.874716 -0.272546
v -0.090170 0.828765 -0.222820
v -0.081206 0.778066 -0.177752
v -0.073254 0.723107 -0.137775
v -0.066391 0.664417 -0.103274
v -0.060684 0.602562 -0.074581
v -0.056187 0.538137 -0.051972
v -0.052943 0.471763 -0.035666
v -0.050984 0.404079 -0.025819
v -0.050330 0.335737 -0.022526
v -0.050984 0.267395 -0.025819
v -0.052943 0.199711 -0.035666
v -0.056187 0.133337 -0.051972
v -0.060684 0.068912 -0.074581
v -0.066391 0.007057 -0.103274
v -0.073254 -0.051633 -0.137775
v -0.081206 -0.106592 -0.177752
v -0.090170 -0.157291 -0.222820
v -0.100062 -0.203242 -0.272546
v -0.110783 -0.244003 -0.326449
v -0.122233 -0.279180 -0.384011
v -0.134301 -0.308435 -0.444677
v -0.146869 -0.331487 -0.507864
v -0.159818 -0.348112 -0.572963
v -0.173023 -0.358153 -0.639346
v -0.186355 1.029627 -0.638033
v -0.186355 1.019587 -0.570349
v -0.186355 1.002961 -0.503975
v -0.186355 0.979909 -0.439550
v -0.186356 0.950654 -0.377695
v -0.186356 0.915477 -0.319006
v -0.186356 0.874716 -0.264046
v -0.186355 0.828765 -0.213347
v -0.186356 0.778066 -0.167396
v -0.186356 0.723107 -0.126636
v -0.186355 0.664417 -0.091458
v -0.186355 0.602562 -0.062203
v -0.186356 0.538137 -0.039151
v -0.186356 0.471763 -0.022526
v -0.186356 0.404079 -0.012486
v -0.186356 0.335737 -0.009129
v -0.186356 0.267395 -0.012486
v -0.186356 0.199711 -0.022526
v -0.186356 0.133337 -0.039151
v -0.186355 0.068912 -0.062203
v -0.186355 0.007057 -0.091458
v -0.186356 -0.051633 -0.126636
v -0.186356 -0.106592 -0.167396
v -0.186355 -0.157291 -0.213347
v -0.186356 -0.203242 -0.264046
v -0.186356 -0.244003 -0.319006
v -0.186356 -0.279180 -0.377695
v -0.186355 -0.308435 -0.439550
v -0.186355 -0.331487 -0.503975
v -0.186355 -0.348112 -0.570349
v -0.186355 -0.358153 -0.638033
v -0.186355 -0.361510 -0.706375
v -0.186355 1.032984 -0.706375
v -0.199688 1.029627 -0.639346
v -0.212893 1.019587 -0.572963
v -0.225842 1.002961 -0.507864
v -0.238410 0.979909 -0.444677
v -0.250478 0.950654 -0.384011
v -0.261928 0.915477 -0.326449
v -0.272650 0.874716 -0.272546
v -0.282540 0.828765 -0.222820
v -0.291505 0.778066 -0.177752
v -0.299457 0.723107 -0.137775
v -0.306320 0.664417 -0.103274
v -0.312027 0.602562 -0.074581
v -0.316524 0.538137 -0.051972
v -0.319768 0.471763 -0.035666
v -0.321727 0.404079 -0.025819
v -0.322382 0.335737 -0.022526
v -0.321727 0.267395 -0.025819
v -0.319768 0.199711 -0.035666
v -0.316524 0.133337 -0.051972
v -0.312027 0.068912 -0.074581
v -0.306320 0.007057 -0.103274
v -0.299457 -0.051633 -0.137775
v -0.291505 -0.106592 -0.177752
v -0.282540 -0.157291 -0.222820
v -0.272650 -0.203242 -0.272546
v -0.261928 -0.244003 -0.326449
v -0.250478 -0.279180 -0.384011
v -0.238410 -0.308435 -0.444677
v -0.225842 -0.331487 -0.507864
v -0.212893 -0.348112 -0.572963
v -0.199688 -0.358153 -0.639346
v -0.212509 1.029627 -0.643235
v -0.238410 1.019587 -0.580703
v -0.263811 1.002961 -0.519382
v -0.288465 0.979909 -0.459861
v -0.312136 0.950654 -0.402715
v -0.334595 0.915477 -0.348492
v -0.355627 0.874716 -0.297717
v -0.375029 0.828765 -0.250877
v -0.392614 0.778066 -0.208423
v -0.408212 0.723107 -0.170766
v -0.421674 0.664417 -0.138266
v -0.432869 0.602562 -0.111238
v -0.441691 0.538137 -0.089941
v -0.448053 0.471763 -0.074581
v -0.451895 0.404079 -0.065305
v -0.453180 0.335737 -0.062203
v -0.451895 0.267395 -0.065305
v -0.448053 0.199711 -0.074581
v -0.441691 0.133337 -0.089941
v -0.432869 0.068912 -0.111238
v -0.421674 0.007057 -0.138266
v -0.408212 -0.051633 -0.170766
v -0.392614 -0.106592 -0.208423
v -0.375029 -0.157291 -0.250877
v -0.355627 -0.203242 -0.297717
v -0.334595 -0.244003 -0.348492
v -0.312136 -0.279180 -0.402715
v -0.288465 -0.308435 -0.459861
v -0.263811 -0.331487 -0.519382
v -0.238410 -0.348112 -0.580703
v -0.212509 -0.358153 -0.643235
v -0.224324 1.029627 -0.649551
v -0.261927 1.019587 -0.593274
v -0.298803 1.002961 -0.538086
v -0.334595 0.979909 -0.484518
v -0.368960 0.950654 -0.433088
v -0.401566 0.915477 -0.384289
v -0.432100 0.874716 -0.338592
v -0.460267 0.828765 -0.296437
v -0.485796 0.778066 -0.258230
v -0.508441 0.723107 -0.224339
v -0.527985 0.664417 -0.195091
v -0.544238 0.602562 -0.170766
v -0.557045 0.538137 -0.151599
v -0.566282 0.471763 -0.137775
v -0.571860 0.404079 -0.129427
v -0.573725 0.335737 -0.126636
v -0.571860 0.267395 -0.129427
v -0.566282 0.199711 -0.137775
v -0.557045 0.133337 -0.151599
v -0.544238 0.068912 -0.170766
v -0.527985 0.007057 -0.195091
v -0.508441 -0.051633 -0.224339
v -0.485796 -0.106592 -0.258230
v -0.460267 -0.157291 -0.296437
v -0.432100 -0.203242 -0.338592
v -0.401566 -0.244003 -0.384289
v -0.368960 -0.279180 -0.433088
v -0.334595 -0.308435 -0.484518
v -0.298803 -0.331487 -0.538086
v -0.261927 -0.348112 -0.593274
v -0.224324 -0.358153 -0.649551
v -0.234681 1.029627 -0.658050
v -0.282540 1.019587 -0.610190
v -0.329474 1.002961 -0.563257
v -0.375029 0.979909 -0.517702
v -0.418767 0.950654 -0.473963
v -0.460267 0.915477 -0.432464
v -0.499129 0.874716 -0.393602
v -0.534979 0.828765 -0.357752
v -0.567471 0.778066 -0.325259
v -0.596293 0.723107 -0.296437
v -0.621167 0.664417 -0.271563
v -0.641854 0.602562 -0.250877
v -0.658154 0.538137 -0.234577
v -0.669910 0.471763 -0.222821
v -0.677009 0.404079 -0.215721
v -0.679383 0.335737 -0.213348
v -0.677009 0.267395 -0.215721
v -0.669910 0.199711 -0.222821
v -0.658154 0.133337 -0.234577
v -0.641854 0.068912 -0.250877
v -0.621167 0.007057 -0.271563
v -0.596293 -0.051633 -0.296437
v -0.567471 -0.106592 -0.325259
v -0.534979 -0.157291 -0.357752
v -0.499129 -0.203242 -0.393602
v -0.460267 -0.244003 -0.432464
v -0.418767 -0.279180 -0.473963
v -0.375029 -0.308435 -0.517702
v -0.329474 -0.331487 -0.563257
v -0.282540 -0.348112 -0.610190
v -0.234681 -0.358153 -0.658050
v -0.243180 1.029627 -0.668406
v -0.299457 1.019587 -0.630803
v -0.354645 1.002961 -0.593928
v -0.408212 0.979909 -0.558135
v -0.459643 0.950654 -0.523770
v -0.508441 0.915477 -0.491164
v -0.554138 0.874716 -0.460631
v -0.596293 0.828765 -0.432463
v -0.634500 0.778066 -0.406934
v -0.668391 0.723107 -0.384289
v -0.697640 0.664417 -0.364746
v -0.721965 0.602562 -0.348492
v -0.741132 0.538137 -0.335686
v -0.754955 0.471763 -0.326449
v -0.763303 0.404079 -0.320871
v -0.766095 0.335737 -0.319006
v -0.763303 0.267395 -0.320871
v -0.754955 0.199711 -0.326449
v -0.741132 0.133337 -0.335686
v -0.721965 0.068912 -0.348492
v -0.697640 0.007057 -0.364746
v -0.668391 -0.051633 -0.384289
v -0.634500 -0.106592 -0.406934
v -0.596293 -0.157291 -0.432463
v -0.554138 -0.203242 -0.460631
v -0.508441 -0.244003 -0.491164
v -0.459643 -0.279180 -0.523770
v -0.408212 -0.308435 -0.558135
v -0.354645 -0.331487 -0.593928
v -0.299457 -0.348112 -0.630803
v -0.243180 -0.358153 -0.668406
v -0.249495 1.029627 -0.680222
v -0.312027 1.019587 -0.654320
v -0.373349 1.002961 -0.628920
v -0.432869 0.979909 -0.604266
v -0.490016 0.950654 -0.580595
v -0.544238 0.915477 -0.558135
v -0.595014 0.874716 -0.537103
v -0.641854 0.828765 -0.517701
v -0.684307 0.778066 -0.500117
v -0.721965 0.723107 -0.484519
v -0.754464 0.664417 -0.471057
v -0.781493 0.602562 -0.459861
v -0.802790 0.538137 -0.451040
v -0.818150 0.471763 -0.444677
v -0.827425 0.404079 -0.440835
v -0.830527 0.335737 -0.439551
v -0.827425 0.267395 -0.440835
v -0.818150 0.199711 -0.444677
v -0.802790 0.133337 -0.451040
v -0.781493 0.068912 -0.459861
v -0.754464 0.007057 -0.471057
v -0.721965 -0.051633 -0.484519
v -0.684307 -0.106592 -0.500117
v -0.641854 -0.157291 -0.517701
v -0.595014 -0.203242 -0.537103
v -0.544238 -0.244003 -0.558135
v -0.490016 -0.279180 -0.580595
v -0.432869 -0.308435 -0.604266
v -0.373349 -0.331487 -0.628920
v -0.312027 -0.348112 -0.654320
v -0.249495 -0.358153 -0.680222
v -0.253384 1.029627 -0.693042
v -0.319768 1.019587 -0.679838
v -0.384866 1.002961 -0.666889
v -0.448053 0.979909 -0.654320
v -0.508720 0.950654 -0.642253
v -0.566282 0.915477 -0.630803
v -0.620185 0.874716 -0.620081
v -0.669910 0.828765 -0.610190
v -0.714978 0.778066 -0.601226
v -0.754955 0.723107 -0.593274
v -0.789457 0.664417 -0.586411
v -0.818150 0.602562 -0.580703
v -0.840758 0.538137 -0.576206
v -0.857065 0.471763 -0.572963
v -0.866912 0.404079 -0.571004
v -0.870204 0.335737 -0.570349
v -0.866912 0.267395 -0.571004
v -0.857065 0.199711 -0.572963
v -0.840758 0.133337 -0.576206
v -0.818150 0.068912 -0.580703
v -0.789457 0.007057 -0.586411
v -0.754955 -0.051633 -0.593274
v -0.714978 -0.106592 -0.601226
v -0.669910 -0.157291 -0.610190
v -0.620185 -0.203242 -0.620081
v -0.566282 -0.244003 -0.630803
v -0.508720 -0.279180 -0.642253
v -0.448053 -0.308435 -0.654320
v -0.384866 -0.331487 -0.666889
v -0.319768 -0.348112 -0.679838
v -0.253384 -0.358153 -0.693042
v -0.254698 1.029627 -0.706375
v -0.322381 1.019587 -0.706375
v -0.388755 1.002961 -0.706375
v -0.453180 0.979909 -0.706375
v -0.515035 0.950654 -0.706375
v -0.573725 0.915477 -0.706375
v -0.628684 0.874716 -0.706375
v -0.679383 0.828765 -0.706375
v -0.725334 0.778066 -0.706375
v -0.766095 0.723107 -0.706375
v -0.801272 0.664417 -0.706375
v -0.830527 0.602562 -0.706375
v -0.853579 0.538137 -0.706375
v -0.870205 0.471763 -0.706375
v -0.880244 0.404079 -0.706375
v -0.883602 0.335737 -0.706375
v -0.880244 0.267395 -0.706375
v -0.870205 0.199711 -0.706375
v -0.853579 0.133337 -0.706375
v -0.830527 0.068912 -0.706375
v -0.801272 0.007057 -0.706375
v -0.766095 -0.051633 -0.706375
v -0.725334 -0.106592 -0.706375
v -0.679383 -0.157291 -0.706375
v -0.628684 -0.203242 -0.706375
v -0.573725 -0.244003 -0.706375
v -0.515035 -0.279180 -0.706375
v -0.453180 -0.308435 -0.706375
v -0.388755 -0.331487 -0.706375
v -0.322381 -0.348112 -0.706375
v -0.254698 -0.358153 -0.706375
v -0.253384 1.029627 -0.719708
v -0.319768 1.019587 -0.732912
v -0.384866 1.002961 -0.745861
v -0.448053 0.979909 -0.758430
v -0.508720 0.950654 -0.770497
v -0.566282 0.915477 -0.781947
v -0.620185 0.874716 -0.792669
v -0.669910 0.828765 -0.802560
v -0.714978 0.778066 -0.811525
v -0.754955 0.723107 -0.819477
v -0.789456 0.664417 -0.826339
v -0.818150 0.602562 -0.832047
v -0.840758 0.538137 -0.836544
v -0.857065 0.471763 -0.839788
v -0.866911 0.404079 -0.841746
v -0.870204 0.335737 -0.842401
v -0.866911 0.267395 -0.841746
v -0.857065 0.199711 -0.839788
v -0.840758 0.133337 -0.836544
v -0.818150 0.068912 -0.832047
v -0.789456 0.007057 -0.826339
v -0.754955 -0.051633 -0.819477
v -0.714978 -0.106592 -0.811525
v -0.669910 -0.157291 -0.802560
v -0.620185 -0.203242 -0.792669
v -0.566282 -0.244003 -0.781947
v -0.508720 -0.279180 -0.770497
v -0.448053 -0.308435 -0.758430
v -0.384866 -0.331487 -0.745861
v -0.319768 -0.348112 -0.732912
v -0.253384 -0.358153 -0.719708
v -0.249495 1.029627 -0.732528
v -0.312027 1.019587 -0.758430
v -0.373349 1.002961 -0.783830
v -0.432869 0.979909 -0.808484
v -0.490016 0.950654 -0.832155
v -0.544238 0.915477 -0.854615
v -0.595014 0.874716 -0.875647
v -0.641854 0.828765 -0.895049
v -0.684307 0.778066 -0.912633
v -0.721965 0.723107 -0.928232
v -0.754464 0.664417 -0.941693
v -0.781493 0.602562 -0.952889
v -0.802789 0.538137 -0.961711
v -0.818150 0.471763 -0.968073
v -0.827425 0.404079 -0.971915
v -0.830527 0.335737 -0.973200
v -0.827425 0.267395 -0.971915
v -0.818150 0.199711 -0.968073
v -0.802789 0.133337 -0.961711
v -0.781493 0.068912 -0.952889
v -0.754464 0.007057 -0.941693
v -0.721965 -0.051633 -0.928232
v -0.684307 -0.106592 -0.912633
v -0.641854 -0.157291 -0.895049
v -0.595014 -0.203242 -0.875647
v -0.544238 -0.244003 -0.854615
v -0.490016 -0.279180 -0.832155
v -0.432869 -0.308435 -0.808484
v -0.373349 -0.331487 -0.783830
v -0.312027 -0.348112 -0.758430
v -0.249495 -0.358153 -0.732528
v -0.243180 1.029627 -0.744344
v -0.299457 1.019587 -0.781947
v -0.354645 1.002961 -0.818823
v -0.408212 0.979909 -0.854615
v -0.459643 0.950654 -0.888980
v -0.508441 0.915477 -0.921586
v -0.554138 0.874716 -0.952120
v -0.596293 0.828765 -0.980287
v -0.634500 0.778066 -1.005816
v -0.668391 0.723107 -1.028461
v -0.697640 0.664417 -1.048004
v -0.721965 0.602562 -1.064258
v -0.741131 0.538137 -1.077065
v -0.754955 0.471763 -1.086301
v -0.763303 0.404079 -1.091879
v -0.766094 0.335737 -1.093745
v -0.763303 0.267395 -1.091879
v -0.754955 0.199711 -1.086301
v -0.741131 0.133337 -1.077065
v -0.721965 0.068912 -1.064258
v -0.697640 0.007057 -1.048004
v -0.668391 -0.051633 -1.028461
v -0.634500 -0.106592 -1.005816
v -0.596293 -0.157291 -0.980287
v -0.554138 -0.203242 -0.952120
v -0.508441 -0.244003 -0.921586
v -0.459643 -0.279180 -0.888980
v -0.408212 -0.308435 -0.854615
v -0.354645 -0.331487 -0.818823
v -0.299457 -0.348112 -0.781947
v -0.243180 -0.358153 -0.744344
v -0.234681 1.029627 -0.754700
v -0.282540 1.019587 -0.802560
v -0.329474 1.002961 -0.849494
v -0.375029 0.979909 -0.895049
v -0.418767 0.950654 -0.938787
v -0.460267 0.915477 -0.980287
v -0.499129 0.874716 -1.019149
v -0.534979 0.828765 -1.054998
v -0.567471 0.778066 -1.087491
v -0.596293 0.723107 -1.116313
v -0.621167 0.664417 -1.141187
v -0.641854 0.602562 -1.161873
v -0.658153 0.538137 -1.178173
v -0.669910 0.471763 -1.189930
v -0.677009 0.404079 -1.197029
v -0.679383 0.335737 -1.199403
v -0.677009 0.267395 -1.197029
v -0.669910 0.199711 -1.189930
v -0.658153 0.133337 -1.178173
v -0.641854 0.068912 -1.161873
v -0.621167 0.007057 -1.141187
v -0.596293 -0.051633 -1.116313
v -0.567471 -0.106592 -1.087491
v -0.534979 -0.157291 -1.054998
v -0.499129 -0.203242 -1.019149
v -0.460267 -0.244003 -0.980287
v -0.418767 -0.279180 -0.938787
v -0.375029 -0.308435 -0.895049
v -0.329474 -0.331487 -0.849494
v -0.282540 -0.348112 -0.802560
v -0.234681 -0.358153 -0.754700
v -0.224324 1.029627 -0.763199
v -0.261927 1.019587 -0.819477
v -0.298803 1.002961 -0.874664
v -0.334595 0.979909 -0.928232
v -0.368960 0.950654 -0.979662
v -0.401566 0.915477 -1.028461
v -0.432100 0.874716 -1.074158
v -0.460267 0.828765 -1.116313
v -0.485796 0.778066 -1.154520
v -0.508441 0.723107 -1.188411
v -0.527985 0.664417 -1.217659
v -0.544238 0.602562 -1.241984
v -0.557045 0.538137 -1.261151
v -0.566282 0.471763 -1.274975
v -0.571859 0.404079 -1.283323
v -0.573724 0.335737 -1.286114
v -0.571859 0.267395 -1.283323
v -0.566282 0.199711 -1.274975
v -0.557045 0.133337 -1.261151
v -0.544238 0.068912 -1.241984
v -0.527985 0.007057 -1.217659
v -0.508441 -0.051633 -1.188411
v -0.485796 -0.106592 -1.154520
v -0.460267 -0.157291 -1.116313
v -0.432100 -0.203242 -1.074158
v -0.401566 -0.244003 -1.028461
v -0.368960 -0.279180 -0.979662
v -0.334595 -0.308435 -0.928232
v -0.298803 -0.331487 -0.874664
v -0.261927 -0.348112 -0.819477
v -0.224324 -0.358153 -0.763199
v -0.212509 1.029627 -0.769515
v -0.238410 1.019587 -0.832047
v -0.263811 1.002961 -0.893368
v -0.288465 0.979909 -0.952889
v -0.312136 0.950654 -1.010036
v -0.334595 0.915477 -1.064258
v -0.355627 0.874716 -1.115033
v -0.375029 0.828765 -1.161873
v -0.392614 0.778066 -1.204327
v -0.408212 0.723107 -1.241984
v -0.421674 0.664417 -1.274484
v -0.432869 0.602562 -1.301512
v -0.441691 0.538137 -1.322809
v -0.448053 0.471763 -1.338169
v -0.451895 0.404079 -1.347445
v -0.453180 0.335737 -1.350547
v -0.451895 0.267395 -1.347445
v -0.448053 0.199711 -1.338169
v -0.441691 0.133337 -1.322809
v -0.432869 0.068912 -1.301512
v -0.421674 0.007057 -1.274484
v -0.408212 -0.051633 -1.241984
v -0.392614 -0.106592 -1.204327
v -0.375029 -0.157291 -1.161873
v -0.355627 -0.203242 -1.115033
v -0.334595 -0.244003 -1.064258
v -0.312136 -0.279180 -1.010036
v -0.288465 -0.308435 -0.952889
v -0.263811 -0.331487 -0.893368
v -0.238410 -0.348112 -0.832047
v -0.212509 -0.358153 -0.769515
v -0.199688 1.029627 -0.773404
v -0.212893 1.019587 -0.839787
v -0.225842 1.002961 -0.904886
v -0.238410 0.979909 -0.968073
v -0.250478 0.950654 -1.028739
v -0.261927 0.915477 -1.086301
v -0.272649 0.874716 -1.140204
v -0.282540 0.828765 -1.189930
v -0.291505 0.778066 -1.234998
v -0.299457 0.723107 -1.274975
v -0.306320 0.664417 -1.309476
v -0.312027 0.602562 -1.338169
v -0.316524 0.538137 -1.360778
v -0.319768 0.471763 -1.377084
v -0.321726 0.404079 -1.386931
v -0.322381 0.335737 -1.390224
v -0.321726 0.267395 -1.386931
v -0.319768 0.199711 -1.377084
v -0.316524 0.133337 -1.360778
v -0.312027 0.068912 -1.338169
v -0.306320 0.007057 -1.309476
v -0.299457 -0.051633 -1.274975
v -0.291505 -0.106592 -1.234998
v -0.282540 -0.157291 -1.189930
v -0.272649 -0.203242 -1.140204
v -0.261927 -0.244003 -1.086301
v -0.250478 -0.279180 -1.028739
v -0.238410 -0.308435 -0.968073
v -0.225842 -0.331487 -0.904886
v -0.212893 -0.348112 -0.839787
v -0.199688 -0.358153 -0.773404
v -0.186355 1.029627 -0.774717
v -0.186355 1.019587 -0.842401
v -0.186355 1.002961 -0.908775
v -0.186355 0.979909 -0.973200
v -0.186355 0.950654 -1.035055
v -0.186355 0.915477 -1.093744
v -0.186355 0.828765 -1.199403
v -0.186355 0.723107 -1.286114
v -0.186355 0.664417 -1.321291
v -0.186355 0.335737 -1.403621
v -0.186355 0.133337 -1.373598
v -0.186355 0.068912 -1.350547
v -0.186355 -0.157291 -1.199403
v -0.186355 -0.308435 -0.973200
v -0.186355 -0.331487 -0.908775
vn -0.0000 0.7715 -0.6362
vn -0.0000 0.6329 -0.7742
vn -0.0000 0.3816 -0.9243
vn -0.0000 0.2894 -0.9572
vn -0.0000 0.1945 -0.9809
vn -0.0000 0.0977 -0.9952
vn -0.0000 -0.0977 -0.9952
vn -0.0000 -0.1945 -0.9809
vn -0.0000 -0.4701 -0.8826
vn -0.0000 -0.5542 -0.8324
vn -0.0000 -0.6329 -0.7742
vn -0.0000 -0.7715 -0.6362
vn -0.0000 -0.8301 -0.5577
vn -0.0000 -0.8806 -0.4738
vn -0.0000 -0.9802 -0.1980
vn -0.0000 -0.9949 -0.1011
vn 0.0197 0.9949 -0.0991
vn 0.0386 0.9802 -0.1942
vn 0.0572 0.9561 -0.2875
vn 0.0752 0.9228 -0.3779
vn 0.0924 0.8806 -0.4647
vn 0.1088 0.8301 -0.5470
vn 0.1241 0.7715 -0.6240
vn 0.1382 0.7056 -0.6950
vn 0.1510 0.6329 -0.7594
vn 0.1624 0.5542 -0.8164
vn 0.1722 0.4701 -0.8656
vn 0.1803 0.3816 -0.9066
vn 0.1867 0.2894 -0.9388
vn 0.1914 0.1945 -0.9621
vn 0.1942 0.0977 -0.9761
vn 0.1951 -0.0000 -0.9808
vn 0.1942 -0.0977 -0.9761
vn 0.1914 -0.1945 -0.9621
vn 0.1867 -0.2894 -0.9388
vn 0.1803 -0.3816 -0.9066
vn 0.1722 -0.4701 -0.8656
vn 0.1624 -0.5542 -0.8164
vn 0.1510 -0.6329 -0.7594
vn 0.1382 -0.7056 -0.6950
vn 0.1241 -0.7715 -0.6240
vn 0.1088 -0.8301 -0.5470
vn 0.0924 -0.8806 -0.4647
vn 0.0752 -0.9228 -0.3779
vn 0.0572 -0.9561 -0.2875
vn 0.0386 -0.9802 -0.1942
vn 0.0197 -0.9949 -0.0991
vn 0.0387 0.9949 -0.0934
vn 0.0758 0.9802 -0.1830
vn 0.1122 0.9561 -0.2708
vn 0.1474 0.9228 -0.3560
vn 0.1813 0.8806 -0.4377
vn 0.2134 0.8301 -0.5152
vn 0.2435 0.7715 -0.5878
vn 0.2712 0.7056 -0.6547
vn 0.2963 0.6329 -0.7153
vn 0.3185 0.5542 -0.7690
vn 0.3378 0.4701 -0.8154
vn 0.3537 0.3816 -0.8540
vn 0.3663 0.2894 -0.8843
vn 0.3754 0.1945 -0.9062
vn 0.3809 0.0977 -0.9195
vn 0.3827 -0.0000 -0.9239
vn 0.3809 -0.0977 -0.9195
vn 0.3754 -0.1945 -0.9062
vn 0.3663 -0.2894 -0.8843
vn 0.3537 -0.3816 -0.8540
vn 0.3378 -0.4701 -0.8154
vn 0.3185 -0.5542 -0.7690
vn 0.2963 -0.6329 -0.7153
vn 0.2712 -0.7056 -0.6547
vn 0.2435 -0.7715 -0.5878
vn 0.2134 -0.8301 -0.5152
vn 0.1813 -0.8806 -0.4377
vn 0.1474 -0.9228 -0.3560
vn 0.1122 -0.9561 -0.2708
vn 0.0758 -0.9802 -0.1830
vn 0.0387 -0.9949 -0.0934
vn 0.0561 0.9949 -0.0840
vn 0.1100 0.9802 -0.1647
vn 0.1628 0.9561 -0.2437
vn 0.2141 0.9228 -0.3204
vn 0.2632 0.8806 -0.3939
vn 0.3098 0.8301 -0.4637
vn 0.3535 0.7715 -0.5290
vn 0.3937 0.7056 -0.5892
vn 0.4301 0.6329 -0.6438
vn 0.4625 0.5542 -0.6921
vn 0.4903 0.4701 -0.7339
vn 0.5135 0.3816 -0.7685
vn 0.5318 0.2894 -0.7959
vn 0.5450 0.1945 -0.8156
vn 0.5529 0.0977 -0.8275
vn 0.5556 -0.0000 -0.8315
vn 0.5529 -0.0977 -0.8275
vn 0.5450 -0.1945 -0.8156
vn 0.5318 -0.2894 -0.7959
vn 0.5135 -0.3816 -0.7685
vn 0.4903 -0.4701 -0.7339
vn 0.4625 -0.5542 -0.6921
vn 0.4301 -0.6329 -0.6438
vn 0.3937 -0.7056 -0.5892
vn 0.3535 -0.7715 -0.5290
vn 0.3098 -0.8301 -0.4637
vn 0.2632 -0.8806 -0.3939
vn 0.2141 -0.9228 -0.3204
vn 0.1628 -0.9561 -0.2437
vn 0.1100 -0.9802 -0.1647
vn 0.0561 -0.9949 -0.0840
vn 0.0715 0.9949 -0.0715
vn 0.1400 0.9802 -0.1400
vn 0.2072 0.9561 -0.2072
vn 0.2724 0.9228 -0.2724
vn 0.3350 0.8806 -0.3350
vn 0.3943 0.8301 -0.3943
vn 0.4499 0.7715 -0.4499
vn 0.5011 0.7056 -0.5011
vn 0.5475 0.6329 -0.5475
vn 0.5886 0.5542 -0.5886
vn 0.6241 0.4701 -0.6241
vn 0.6536 0.3816 -0.6536
vn 0.6768 0.2894 -0.6768
vn 0.6936 0.1945 -0.6936
vn 0.7037 0.0977 -0.7037
vn 0.7071 -0.0000 -0.7071
vn 0.7037 -0.0977 -0.7037
vn 0.6936 -0.1945 -0.6936
vn 0.6768 -0.2894 -0.6768
vn 0.6536 -0.3816 -0.6536
vn 0.6241 -0.4701 -0.6241
vn 0.5886 -0.5542 -0.5886
vn 0.5475 -0.6329 -0.5475
vn 0.5011 -0.7056 -0.5011
vn 0.4499 -0.7715 -0.4499
vn 0.3943 -0.8301 -0.3943
vn 0.3350 -0.8806 -0.3350
vn 0.2724 -0.9228 -0.2724
vn 0.2072 -0.9561 -0.2072
vn 0.1400 -0.9802 -0.1400
vn 0.0715 -0.9949 -0.0715
vn 0.0840 0.9949 -0.0561
vn 0.1647 0.9802 -0.1100
vn 0.2437 0.9561 -0.1628
vn 0.3204 0.9228 -0.2141
vn 0.3939 0.8806 -0.2632
vn 0.4637 0.8301 -0.3098
vn 0.5290 0.7715 -0.3535
vn 0.5892 0.7056 -0.3937
vn 0.6438 0.6329 -0.4301
vn 0.6921 0.5542 -0.4625
vn 0.7339 0.4701 -0.4903
vn 0.7685 0.3816 -0.5135
vn 0.7959 0.2894 -0.5318
vn 0.8156 0.1945 -0.5450
vn 0.8275 0.0977 -0.5529
vn 0.8315 -0.0000 -0.5556
vn 0.8275 -0.0977 -0.5529
vn 0.8156 -0.1945 -0.5450
vn 0.7959 -0.2894 -0.5318
vn 0.7685 -0.3816 -0.5135
vn 0.7339 -0.4701 -0.4903
vn 0.6921 -0.5542 -0.4625
vn 0.6438 -0.6329 -0.4301
vn 0.5892 -0.7056 -0.3937
vn 0.5290 -0.7715 -0.3535
vn 0.4637 -0.8301 -0.3098
vn 0.3939 -0.8806 -0.2632
vn 0.3204 -0.9228 -0.2141
vn 0.2437 -0.9561 -0.1628
vn 0.1647 -0.9802 -0.1100
vn 0.0840 -0.9949 -0.0561
vn 0.0934 0.9949 -0.0387
vn 0.1830 0.9802 -0.0758
vn 0.2708 0.9561 -0.1122
vn 0.3560 0.9228 -0.1474
vn 0.4377 0.8806 -0.1813
vn 0.5152 0.8301 -0.2134
vn 0.5878 0.7715 -0.2435
vn 0.6547 0.7056 -0.2712
vn 0.7153 0.6329 -0.2963
vn 0.7690 0.5542 -0.3185
vn 0.8154 0.4701 -0.3378
vn 0.8540 0.3816 -0.3537
vn 0.8843 0.2894 -0.3663
vn 0.9062 0.1945 -0.3754
vn 0.9195 0.0977 -0.3809
vn 0.9239 -0.0000 -0.3827
vn 0.9195 -0.0977 -0.3809
vn 0.9062 -0.1945 -0.3754
vn 0.8843 -0.2894 -0.3663
vn 0.8540 -0.3816 -0.3537
vn 0.8154 -0.4701 -0.3378
vn 0.7690 -0.5542 -0.3185
vn 0.7153 -0.6329 -0.2963
vn 0.6547 -0.7056 -0.2712
vn 0.5878 -0.7715 -0.2435
vn 0.5152 -0.8301 -0.2134
vn 0.4377 -0.8806 -0.1813
vn 0.3560 -0.9228 -0.1474
vn 0.2708 -0.9561 -0.1122
vn 0.1830 -0.9802 -0.0758
vn 0.0934 -0.9949 -0.0387
vn 0.0991 0.9949 -0.0197
vn 0.1942 0.9802 -0.0386
vn 0.2875 0.9561 -0.0572
vn 0.3779 0.9228 -0.0752
vn 0.4647 0.8806 -0.0924
vn 0.5470 0.8301 -0.1088
vn 0.6240 0.7715 -0.1241
vn 0.6950 0.7056 -0.1382
vn 0.7594 0.6329 -0.1510
vn 0.8164 0.5542 -0.1624
vn 0.8656 0.4701 -0.1722
vn 0.9066 0.3816 -0.1803
vn 0.9388 0.2894 -0.1867
vn 0.9621 0.1945 -0.1914
vn 0.9761 0.0977 -0.1942
vn 0.9808 -0.0000 -0.1951
vn 0.9761 -0.0977 -0.1942
vn 0.9621 -0.1945 -0.1914
vn 0.9388 -0.2894 -0.1867
vn 0.9066 -0.3816 -0.1803
vn 0.8656 -0.4701 -0.1722
vn 0.8164 -0.5542 -0.1624
vn 0.7594 -0.6329 -0.1510
vn 0.6950 -0.7056 -0.1382
vn 0.6240 -0.7715 -0.1241
vn 0.5470 -0.8301 -0.1088
vn 0.4647 -0.8806 -0.0924
vn 0.3779 -0.9228 -0.0752
vn 0.2875 -0.9561 -0.0572
vn 0.1942 -0.9802 -0.0386
vn 0.0991 -0.9949 -0.0197
vn 0.1011 0.9949 -0.0000
vn 0.1980 0.9802 -0.0000
vn 0.2931 0.9561 -0.0000
vn 0.3853 0.9228 -0.0000
vn 0.4738 0.8806 -0.0000
vn 0.5577 0.8301 -0.0000
vn 0.6362 0.7715 -0.0000
vn 0.7086 0.7056 -0.0000
vn 0.7742 0.6329 -0.0000
vn 0.8324 0.5542 -0.0000
vn 0.8826 0.4701 -0.0000
vn 0.9243 0.3816 -0.0000
vn 0.9572 0.2894 -0.0000
vn 0.9809 0.1945 -0.0000
vn 0.9952 0.0977 -0.0000
vn 1.0000 -0.0000 -0.0000
vn 0.9952 -0.0977 -0.0000
vn 0.9809 -0.1945 -0.0000
vn 0.9572 -0.2894 -0.0000
vn 0.9243 -0.3816 -0.0000
vn 0.8826 -0.4701 -0.0000
vn 0.8324 -0.5542 -0.0000
vn 0.7742 -0.6329 -0.0000
vn 0.7086 -0.7056 -0.0000
vn 0.6362 -0.7715 -0.0000
vn 0.5577 -0.8301 -0.0000
vn 0.4738 -0.8806 -0.0000
vn 0.3853 -0.9228 -0.0000
vn 0.2931 -0.9561 -0.0000
vn 0.1980 -0.9802 -0.0000
vn 0.1011 -0.9949 -0.0000
vn 0.0991 0.9949 0.0197
vn 0.1942 0.9802 0.0386
vn 0.2875 0.9561 0.0572
vn 0.3779 0.9228 0.0752
vn 0.4647 0.8806 0.0924
vn 0.5470 0.8301 0.1088
vn 0.6240 0.7715 0.1241
vn 0.6950 0.7056 0.1382
vn 0.7594 0.6329 0.1510
vn 0.8164 0.5542 0.1624
vn 0.8656 0.4701 0.1722
vn 0.9066 0.3816 0.1803
vn 0.9388 0.2894 0.1867
vn 0.9621 0.1945 0.1914
vn 0.9761 0.0977 0.1942
vn 0.9808 -0.0000 0.1951
vn 0.9761 -0.0977 0.1942
vn 0.9621 -0.1945 0.1914
vn 0.9388 -0.2894 0.1867
vn 0.9066 -0.3816 0.1803
vn 0.8656 -0.4701 0.1722
vn 0.8164 -0.5542 0.1624
vn 0.7594 -0.6329 0.1510
vn 0.6950 -0.7056 0.1382
vn 0.6240 -0.7715 0.1241
vn 0.5470 -0.8301 0.1088
vn 0.4647 -0.8806 0.0924
vn 0.3779 -0.9228 0.0752
vn 0.2875 -0.9561 0.0572
vn 0.1942 -0.9802 0.0386
vn 0.0991 -0.9949 0.0197
vn 0.0934 0.9949 0.0387
vn 0.1830 0.9802 0.0758
vn 0.2708 0.9561 0.1122
vn 0.3560 0.9228 0.1474
vn 0.4377 0.8806 0.1813
vn 0.5152 0.8301 0.2134
vn 0.5878 0.7715 0.2435
vn 0.6547 0.7056 0.2712
vn 0.7153 0.6329 0.2963
vn 0.7690 0.5542 0.3185
vn 0.8154 0.4701 0.3378
vn 0.8540 0.3816 0.3537
vn 0.8843 0.2894 0.3663
vn 0.9062 0.1945 0.3754
vn 0.9195 0.0977 0.3809
vn 0.9239 -0.0000 0.3827
vn 0.9195 -0.0977 0.3809
vn 0.9062 -0.1945 0.3754
vn 0.8843 -0.2894 0.3663
vn 0.8540 -0.3816 0.3537
vn 0.8154 -0.4701 0.3378
vn 0.7690 -0.5542 0.3185
vn 0.7153 -0.6329 0.2963
vn 0.6547 -0.7056 0.2712
vn 0.5878 -0.7715 0.2435
vn 0.5152 -0.8301 0.2134
vn 0.4377 -0.8806 0.1813
vn 0.3560 -0.9228 0.1474
vn 0.2708 -0.9561 0.1122
vn 0.1830 -0.9802 0.0758
vn 0.0934 -0.9949 0.0387
vn 0.0840 0.9949 0.0561
vn 0.1647 0.9802 0.1100
vn 0.2437 0.9561 0.1628
vn 0.3204 0.9228 0.2141
vn 0.3939 0.8806 0.2632
vn 0.4637 0.8301 0.3098
vn 0.5290 0.7715 0.3535
vn 0.5892 0.7056 0.3937
vn 0.6438 0.6329 0.4301
vn 0.6921 0.5542 0.4625
vn 0.7339 0.4701 0.4903
vn 0.7685 0.3816 0.5135
vn 0.7959 0.2894 0.5318
vn 0.8156 0.1945 0.5450
vn 0.8275 0.0977 0.5529
vn 0.8315 -0.0000 0.5556
vn 0.8275 -0.0977 0.5529
vn 0.8156 -0.1945 0.5450
vn 0.7959 -0.2894 0.5318
vn 0.7685 -0.3816 0.5135
vn 0.7339 -0.4701 0.4903
vn 0.6921 -0.5542 0.4625
vn 0.6438 -0.6329 0.4301
vn 0.5892 -0.7056 0.3937
vn 0.5290 -0.7715 0.3535
vn 0.4637 -0.8301 0.3098
vn 0.3939 -0.8806 0.2632
vn 0.3204 -0.9228 0.2141
vn 0.2437 -0.9561 0.1628
vn 0.1647 -0.9802 0.1100
vn 0.0840 -0.9949 0.0561
vn 0.0715 0.9949 0.0715
vn 0.1400 0.9802 0.1400
vn 0.2072 0.9561 0.2072
vn 0.2724 0.9228 0.2724
vn 0.3350 0.8806 0.3350
vn 0.3943 0.8301 0.3943
vn 0.4499 0.7715 0.4499
vn 0.5011 0.7056 0.5011
vn 0.5475 0.6329 0.5475
vn 0.5886 0.5542 0.5886
vn 0.6241 0.4701 0.6241
vn 0.6536 0.3816 0.6536
vn 0.6768 0.2894 0.6768
vn 0.6936 0.1945 0.6936
vn 0.7037 0.0977 0.7037
vn 0.7071 -0.0000 0.7071
vn 0.7037 -0.0977 0.7037
vn 0.6936 -0.1945 0.6936
vn 0.6768 -0.2894 0.6768
vn 0.6536 -0.3816 0.6536
vn 0.6241 -0.4701 0.6241
vn 0.5886 -0.5542 0.5886
vn 0.5475 -0.6329 0.5475
vn 0.5011 -0.7056 0.5011
vn 0.4499 -0.7715 0.4499
vn 0.3943 -0.8301 0.3943
vn 0.3350 -0.8806 0.3350
vn 0.2724 -0.9228 0.2724
vn 0.2072 -0.9561 0.2072
vn 0.1400 -0.9802 0.1400
vn 0.0715 -0.9949 0.0715
vn 0.0561 0.9949 0.0840
vn 0.1100 0.9802 0.1647
vn 0.1628 0.9561 0.2437
vn 0.2141 0.9228 0.3204
vn 0.2632 0.8806 0.3939
vn 0.3098 0.8301 0.4637
vn 0.3535 0.7715 0.5290
vn 0.3937 0.7056 0.5892
vn 0.4301 0.6329 0.6438
vn 0.4625 0.5542 0.6921
vn 0.4903 0.4701 0.7339
vn 0.5135 0.3816 0.7685
vn 0.5318 0.2894 0.7959
vn 0.5450 0.1945 0.8156
vn 0.5529 0.0977 0.8275
vn 0.5556 -0.0000 0.8315
vn 0.5529 -0.0977 0.8275
vn 0.5450 -0.1945 0.8156
vn 0.5318 -0.2894 0.7959
vn 0.5135 -0.3816 0.7685
vn 0.4903 -0.4701 0.7339
vn 0.4625 -0.5542 0.6921
vn 0.4301 -0.6329 0.6438
vn 0.3937 -0.7056 0.5892
vn 0.3535 -0.7715 0.5290
vn 0.3098 -0.8301 0.4637
vn 0.2632 -0.8806 0.3939
vn 0.2141 -0.9228 0.3204
vn 0.1628 -0.9561 0.2437
vn 0.1100 -0.9802 0.1647
vn 0.0561 -0.9949 0.0840
vn 0.0387 0.9949 0.0934
vn 0.0758 0.9802 0.1830
vn 0.1122 0.9561 0.2708
vn 0.1474 0.9228 0.3560
vn 0.1813 0.8806 0.4377
vn 0.2134 0.8301 0.5152
vn 0.2435 0.7715 0.5878
vn 0.2712 0.7056 0.6547
vn 0.2963 0.6329 0.7153
vn 0.3185 0.5542 0.7690
vn 0.3378 0.4701 0.8154
vn 0.3537 0.3816 0.8540
vn 0.3663 0.2894 0.8843
vn 0.3754 0.1945 0.9062
vn 0.3809 0.0977 0.9195
vn 0.3827 -0.0000 0.9239
vn 0.3809 -0.0977 0.9195
vn 0.3754 -0.1945 0.9062
vn 0.3663 -0.2894 0.8843
vn 0.3537 -0.3816 0.8540
vn 0.3378 -0.4701 0.8154
vn 0.3185 -0.5542 0.7690
vn 0.2963 -0.6329 0.7153
vn 0.2712 -0.7056 0.6547
vn 0.2435 -0.7715 0.5878
vn 0.2134 -0.8301 0.5152
vn 0.1813 -0.8806 0.4377
vn 0.1474 -0.9228 0.3560
vn 0.1122 -0.9561 0.2708
vn 0.0758 -0.9802 0.1830
vn 0.0387 -0.9949 0.0934
vn 0.0197 0.9949 0.0991
vn 0.0386 0.9802 0.1942
vn 0.0572 0.9561 0.2875
vn 0.0752 0.9228 0.3779
vn 0.0924 0.8806 0.4647
vn 0.1088 0.8301 0.5470
vn 0.1241 0.7715 0.6240
vn 0.1382 0.7056 0.6950
vn 0.1510 0.6329 0.7594
vn 0.1624 0.5542 0.8164
vn 0.1722 0.4701 0.8656
vn 0.1803 0.3816 0.9066
vn 0.1867 0.2894 0.9388
vn 0.1914 0.1945 0.9621
vn 0.1942 0.0977 0.9761
vn 0.1951 -0.0000 0.9808
vn 0.1942 -0.0977 0.9761
vn 0.1914 -0.1945 0.9621
vn 0.1867 -0.2894 0.9388
vn 0.1803 -0.3816 0.9066
vn 0.1722 -0.4701 0.8656
vn 0.1624 -0.5542 0.8164
vn 0.1510 -0.6329 0.7594
vn 0.1382 -0.7056 0.6950
vn 0.1241 -0.7715 0.6240
vn 0.1088 -0.8301 0.5470
vn 0.0924 -0.8806 0.4647
vn 0.0752 -0.9228 0.3779
vn 0.0572 -0.9561 0.2875
vn 0.0386 -0.9802 0.1942
vn 0.0197 -0.9949 0.0991
vn -0.0000 0.9949 0.1011
vn -0.0000 0.9802 0.1980
vn -0.0000 0.9561 0.2931
vn -0.0000 0.9228 0.3853
vn -0.0000 0.8806 0.4738
vn -0.0000 0.8301 0.5577
vn -0.0000 0.7715 0.6362
vn -0.0000 0.7056 0.7086
vn -0.0000 0.6329 0.7742
vn -0.0000 0.5542 0.8324
vn -0.0000 0.4701 0.8826
vn -0.0000 0.3816 0.9243
vn -0.0000 0.2894 0.9572
vn -0.0000 0.1945 0.9809
vn -0.0000 0.0977 0.9952
vn -0.0000 -0.0000 1.0000
vn -0.0000 -0.0977 0.9952
vn -0.0000 -0.1945 0.9809
vn -0.0000 -0.2894 0.9572
vn -0.0000 -0.3816 0.9243
vn -0.0000 -0.4701 0.8826
vn -0.0000 -0.5542 0.8324
vn -0.0000 -0.6329 0.7742
vn -0.0000 -0.7056 0.7086
vn -0.0000 -0.7715 0.6362
vn -0.0000 -0.8301 0.5577
vn -0.0000 -0.8806 0.4738
vn -0.0000 -0.9228 0.3853
vn -0.0000 -0.9561 0.2931
vn -0.0000 -0.9802 0.1980
vn -0.0000 -0.9949 0.1011
vn -0.0000 -1.0000 -0.0000
vn -0.0000 1.0000 -0.0000
vn -0.0197 0.9949 0.0991
vn -0.0386 0.9802 0.1942
vn -0.0572 0.9561 0.2875
vn -0.0752 0.9228 0.3779
vn -0.0924 0.8806 0.4647
vn -0.1088 0.8301 0.5470
vn -0.1241 0.7715 0.6240
vn -0.1382 0.7056 0.6950
vn -0.1510 0.6329 0.7594
vn -0.1624 0.5542 0.8164
vn -0.1722 0.4701 0.8656
vn -0.1803 0.3816 0.9066
vn -0.1867 0.2894 0.9388
vn -0.1914 0.1945 0.9621
vn -0.1942 0.0977 0.9761
vn -0.1951 -0.0000 0.9808
vn -0.1942 -0.0977 0.9761
vn -0.1914 -0.1945 0.9621
vn -0.1867 -0.2894 0.9388
vn -0.1803 -0.3816 0.9066
vn -0.1722 -0.4701 0.8656
vn -0.1624 -0.5542 0.8164
vn -0.1510 -0.6329 0.7594
vn -0.1382 -0.7056 0.6950
vn -0.1241 -0.7715 0.6240
vn -0.1088 -0.8301 0.5470
vn -0.0924 -0.8806 0.4647
vn -0.0752 -0.9228 0.3779
vn -0.0572 -0.9561 0.2875
vn -0.0386 -0.9802 0.1942
vn -0.0197 -0.9949 0.0991
vn -0.0387 0.9949 0.0934
vn -0.0758 0.9802 0.1830
vn -0.1122 0.9561 0.2708
vn -0.1474 0.9228 0.3560
vn -0.1813 0.8806 0.4377
vn -0.2134 0.8301 0.5152
vn -0.2435 0.7715 0.5878
vn -0.2712 0.7056 0.6547
vn -0.2963 0.6329 0.7153
vn -0.3185 0.5542 0.7690
vn -0.3378 0.4701 0.8154
vn -0.3537 0.3816 0.8540
vn -0.3663 0.2894 0.8843
vn -0.3754 0.1945 0.9062
vn -0.3809 0.0977 0.9195
vn -0.3827 -0.0000 0.9239
vn -0.3809 -0.0977 0.9195
vn -0.3754 -0.1945 0.9062
vn -0.3663 -0.2894 0.8843
vn -0.3537 -0.3816 0.8540
vn -0.3378 -0.4701 0.8154
vn -0.3185 -0.5542 0.7690
vn -0.2963 -0.6329 0.7153
vn -0.2712 -0.7056 0.6547
vn -0.2435 -0.7715 0.5878
vn -0.2134 -0.8301 0.5152
vn -0.1813 -0.8806 0.4377
vn -0.1474 -0.9228 0.3560
vn -0.1122 -0.9561 0.2708
vn -0.0758 -0.9802 0.1830
vn -0.0387 -0.9949 0.0934
vn -0.0561 0.9949 0.0840
vn -0.1100 0.9802 0.1647
vn -0.1628 0.9561 0.2437
vn -0.2141 0.9228 0.3204
vn -0.2632 0.8806 0.3939
vn -0.3098 0.8301 0.4637
vn -0.3535 0.7715 0.5290
vn -0.3937 0.7056 0.5892
vn -0.4301 0.6329 0.6438
vn -0.4625 0.5542 0.6921
vn -0.4903 0.4701 0.7339
vn -0.5135 0.3816 0.7685
vn -0.5318 0.2894 0.7959
vn -0.5450 0.1945 0.8156
vn -0.5529 0.0977 0.8275
vn -0.5556 -0.0000 0.8315
vn -0.5529 -0.0977 0.8275
vn -0.5450 -0.1945 0.8156
vn -0.5318 -0.2894 0.7959
vn -0.5135 -0.3816 0.7685
vn -0.4903 -0.4701 0.7339
vn -0.4625 -0.5542 0.6921
vn -0.4301 -0.6329 0.6438
vn -0.3937 -0.7056 0.5892
vn -0.3535 -0.7715 0.5290
vn -0.3098 -0.8301 0.4637
vn -0.2632 -0.8806 0.3939
vn -0.2141 -0.9228 0.3204
vn -0.1628 -0.9561 0.2437
vn -0.1100 -0.9802 0.1647
vn -0.0561 -0.9949 0.0840
vn -0.0715 0.9949 0.0715
vn -0.1400 0.9802 0.1400
vn -0.2072 0.9561 0.2072
vn -0.2724 0.9228 0.2724
vn -0.3350 0.8806 0.3350
vn -0.3943 0.8301 0.3943
vn -0.4499 0.7715 0.4499
vn -0.5011 0.7056 0.5011
vn -0.5475 0.6329 0.5475
vn -0.5886 0.5542 0.5886
vn -0.6241 0.4701 0.6241
vn -0.6536 0.3816 0.6536
vn -0.6768 0.2894 0.6768
vn -0.6936 0.1945 0.6936
vn -0.7037 0.0977 0.7037
vn -0.7071 -0.0000 0.7071
vn -0.7037 -0.0977 0.7037
vn -0.6936 -0.1945 0.6936
vn -0.6768 -0.2894 0.6768
vn -0.6536 -0.3816 0.6536
vn -0.6241 -0.4701 0.6241
vn -0.5886 -0.5542 0.5886
vn -0.5475 -0.6329 0.5475
vn -0.5011 -0.7056 0.5011
vn -0.4499 -0.7715 0.4499
vn -0.3943 -0.8301 0.3943
vn -0.3350 -0.8806 0.3350
vn -0.2724 -0.9228 0.2724
vn -0.2072 -0.9561 0.2072
vn -0.1400 -0.9802 0.1400
vn -0.0715 -0.9949 0.0715
vn -0.0840 0.9949 0.0561
vn -0.1647 0.9802 0.1100
vn -0.2437 0.9561 0.1628
vn -0.3204 0.9228 0.2141
vn -0.3939 0.8806 0.2632
vn -0.4637 0.8301 0.3098
vn -0.5290 0.7715 0.3535
vn -0.5892 0.7056 0.3937
vn -0.6438 0.6329 0.4301
vn -0.6921 0.5542 0.4625
vn -0.7339 0.4701 0.4903
vn -0.7685 0.3816 0.5135
vn -0.7959 0.2894 0.5318
vn -0.8156 0.1945 0.5450
vn -0.8275 0.0977 0.5529
vn -0.8315 -0.0000 0.5556
vn -0.8275 -0.0977 0.5529
vn -0.8156 -0.1945 0.5450
vn -0.7959 -0.2894 0.5318
vn -0.7685 -0.3816 0.5135
vn -0.7339 -0.4701 0.4903
vn -0.6921 -0.5542 0.4625
vn -0.6438 -0.6329 0.4301
vn -0.5892 -0.7056 0.3937
vn -0.5290 -0.7715 0.3535
vn -0.4637 -0.8301 0.3098
vn -0.3939 -0.8806 0.2632
vn -0.3204 -0.9228 0.2141
vn -0.2437 -0.9561 0.1628
vn -0.1647 -0.9802 0.1100
vn -0.0840 -0.9949 0.0561
vn -0.0934 0.9949 0.0387
vn -0.1830 0.9802 0.0758
vn -0.2708 0.9561 0.1122
vn -0.3560 0.9228 0.1474
vn -0.4377 0.8806 0.1813
vn -0.5152 0.8301 0.2134
vn -0.5878 0.7715 0.2435
vn -0.6547 0.7056 0.2712
vn -0.7153 0.6329 0.2963
vn -0.7690 0.5542 0.3185
vn -0.8154 0.4701 0.3378
vn -0.8540 0.3816 0.3537
vn -0.8843 0.2894 0.3663
vn -0.9062 0.1945 0.3754
vn -0.9195 0.0977 0.3809
vn -0.9239 -0.0000 0.3827
vn -0.9195 -0.0977 0.3809
vn -0.9062 -0.1945 0.3754
vn -0.8843 -0.2894 0.3663
vn -0.8540 -0.3816 0.3537
vn -0.8154 -0.4701 0.3378
vn -0.7690 -0.5542 0.3185
vn -0.7153 -0.6329 0.2963
vn -0.6547 -0.7056 0.2712
vn -0.5878 -0.7715 0.2435
vn -0.5152 -0.8301 0.2134
vn -0.4377 -0.8806 0.1813
vn -0.3560 -0.9228 0.1474
vn -0.2708 -0.9561 0.1122
vn -0.1830 -0.9802 0.0758
vn -0.0934 -0.9949 0.0387
vn -0.0991 0.9949 0.0197
vn -0.1942 0.9802 0.0386
vn -0.2875 0.9561 0.0572
vn -0.3779 0.9228 0.0752
vn -0.4647 0.8806 0.0924
vn -0.5470 0.8301 0.1088
vn -0.6240 0.7715 0.1241
vn -0.6950 0.7056 0.1382
vn -0.7594 0.6329 0.1510
vn -0.8164 0.5542 0.1624
vn -0.8656 0.4701 0.1722
vn -0.9066 0.3816 0.1803
vn -0.9388 0.2894 0.1867
vn -0.9621 0.1945 0.1914
vn -0.9761 0.0977 0.1942
vn -0.9808 -0.0000 0.1951
vn -0.9761 -0.0977 0.1942
vn -0.9621 -0.1945 0.1914
vn -0.9388 -0.2894 0.1867
vn -0.9066 -0.3816 0.1803
vn -0.8656 -0.4701 0.1722
vn -0.8164 -0.5542 0.1624
vn -0.7594 -0.6329 0.1510
vn -0.6950 -0.7056 0.1382
vn -0.6240 -0.7715 0.1241
vn -0.5470 -0.8301 0.1088
vn -0.4647 -0.8806 0.0924
vn -0.3779 -0.9228 0.0752
vn -0.2875 -0.9561 0.0572
vn -0.1942 -0.9802 0.0386
vn -0.0991 -0.9949 0.0197
vn -0.1011 0.9949 -0.0000
vn -0.1980 0.9802 -0.0000
vn -0.2931 0.9561 -0.0000
vn -0.3853 0.9228 -0.0000
vn -0.4738 0.8806 -0.0000
vn -0.5577 0.8301 -0.0000
vn -0.6362 0.7715 -0.0000
vn -0.7086 0.7056 -0.0000
vn -0.7742 0.6329 -0.0000
vn -0.8324 0.5542 -0.0000
vn -0.8826 0.4701 -0.0000
vn -0.9243 0.3816 -0.0000
vn -0.9572 0.2894 -0.0000
vn -0.9809 0.1945 -0.0000
vn -0.9952 0.0977 -0.0000
vn -1.0000 -0.0000 -0.0000
vn -0.9952 -0.0977 -0.0000
vn -0.9809 -0.1945 -0.0000
vn -0.9572 -0.2894 -0.0000
vn -0.9243 -0.3816 -0.0000
vn -0.8826 -0.4701 -0.0000
vn -0.8324 -0.5542 -0.0000
vn -0.7742 -0.6329 -0.0000
vn -0.7086 -0.7056 -0.0000
vn -0.6362 -0.7715 -0.0000
vn -0.5577 -0.8301 -0.0000
vn -0.4738 -0.8806 -0.0000
vn -0.3853 -0.9228 -0.0000
vn -0.2931 -0.9561 -0.0000
vn -0.1980 -0.9802 -0.0000
vn -0.1011 -0.9949 -0.0000
vn -0.0991 0.9949 -0.0197
vn -0.1942 0.9802 -0.0386
vn -0.2875 0.9561 -0.0572
vn -0.3779 0.9228 -0.0752
vn -0.4647 0.8806 -0.0924
vn -0.5470 0.8301 -0.1088
vn -0.6240 0.7715 -0.1241
vn -0.6950 0.7056 -0.1382
vn -0.7594 0.6329 -0.1510
vn -0.8164 0.5542 -0.1624
vn -0.8656 0.4701 -0.1722
vn -0.9066 0.3816 -0.1803
vn -0.9388 0.2894 -0.1867
vn -0.9621 0.1945 -0.1914
vn -0.9761 0.0977 -0.1942
vn -0.9808 -0.0000 -0.1951
vn -0.9761 -0.0977 -0.1942
vn -0.9621 -0.1945 -0.1914
vn -0.9388 -0.2894 -0.1867
vn -0.9066 -0.3816 -0.1803
vn -0.8656 -0.4701 -0.1722
vn -0.8164 -0.5542 -0.1624
vn -0.7594 -0.6329 -0.1510
vn -0.6950 -0.7056 -0.1382
vn -0.6240 -0.7715 -0.1241
vn -0.5470 -0.8301 -0.1088
vn -0.4647 -0.8806 -0.0924
vn -0.3779 -0.9228 -0.0752
vn -0.2875 -0.9561 -0.0572
vn -0.1942 -0.9802 -0.0386
vn -0.0991 -0.9949 -0.0197
vn -0.0934 0.9949 -0.0387
vn -0.1830 0.9802 -0.0758
vn -0.2708 0.9561 -0.1122
vn -0.3560 0.9228 -0.1474
vn -0.4377 0.8806 -0.1813
vn -0.5152 0.8301 -0.2134
vn -0.5878 0.7715 -0.2435
vn -0.6547 0.7056 -0.2712
vn -0.7153 0.6329 -0.2963
vn -0.7690 0.5542 -0.3186
vn -0.8154 0.4701 -0.3378
vn -0.8540 0.3816 -0.3537
vn -0.8843 0.2894 -0.3663
vn -0.9062 0.1945 -0.3754
vn -0.9195 0.0977 -0.3809
vn -0.9239 -0.0000 -0.3827
vn -0.9195 -0.0977 -0.3809
vn -0.9062 -0.1945 -0.3754
vn -0.8843 -0.2894 -0.3663
vn -0.8540 -0.3816 -0.3537
vn -0.8154 -0.4701 -0.3378
vn -0.7690 -0.5542 -0.3186
vn -0.7153 -0.6329 -0.2963
vn -0.6547 -0.7056 -0.2712
vn -0.5878 -0.7715 -0.2435
vn -0.5152 -0.8301 -0.2134
vn -0.4377 -0.8806 -0.1813
vn -0.3560 -0.9228 -0.1474
vn -0.2708 -0.9561 -0.1122
vn -0.1830 -0.9802 -0.0758
vn -0.0934 -0.9949 -0.0387
vn -0.0840 0.9949 -0.0561
vn -0.1647 0.9802 -0.1100
vn -0.2437 0.9561 -0.1628
vn -0.3204 0.9228 -0.2141
vn -0.3939 0.8806 -0.2632
vn -0.4637 0.8301 -0.3098
vn -0.5290 0.7715 -0.3535
vn -0.5892 0.7056 -0.3937
vn -0.6438 0.6329 -0.4301
vn -0.6921 0.5542 -0.4625
vn -0.7339 0.4701 -0.4903
vn -0.7685 0.3816 -0.5135
vn -0.7959 0.2894 -0.5318
vn -0.8156 0.1945 -0.5450
vn -0.8275 0.0977 -0.5529
vn -0.8315 -0.0000 -0.5556
vn -0.8275 -0.0977 -0.5529
vn -0.8156 -0.1945 -0.5450
vn -0.7959 -0.2894 -0.5318
vn -0.7685 -0.3816 -0.5135
vn -0.7339 -0.4701 -0.4903
vn -0.6921 -0.5542 -0.4625
vn -0.6438 -0.6329 -0.4301
vn -0.5892 -0.7056 -0.3937
vn -0.5290 -0.7715 -0.3535
vn -0.4637 -0.8301 -0.3098
vn -0.3939 -0.8806 -0.2632
vn -0.3204 -0.9228 -0.2141
vn -0.2437 -0.9561 -0.1628
vn -0.1647 -0.9802 -0.1100
vn -0.0840 -0.9949 -0.0561
vn -0.0715 0.9949 -0.0715
vn -0.1400 0.9802 -0.1400
vn -0.2072 0.9561 -0.2072
vn -0.2724 0.9228 -0.2724
vn -0.3350 0.8806 -0.3350
vn -0.3943 0.8301 -0.3943
vn -0.4499 0.7715 -0.4499
vn -0.5011 0.7056 -0.5011
vn -0.5475 0.6329 -0.5475
vn -0.5886 0.5542 -0.5886
vn -0.6241 0.4701 -0.6241
vn -0.6536 0.3816 -0.6536
vn -0.6768 0.2894 -0.6768
vn -0.6936 0.1945 -0.6936
vn -0.7037 0.0977 -0.7037
vn -0.7071 -0.0000 -0.7071
vn -0.7037 -0.0977 -0.7037
vn -0.6936 -0.1945 -0.6936
vn -0.6768 -0.2894 -0.6768
vn -0.6536 -0.3816 -0.6536
vn -0.6241 -0.4701 -0.6241
vn -0.5886 -0.5542 -0.5886
vn -0.5475 -0.6329 -0.5475
vn -0.5011 -0.7056 -0.5011
vn -0.4499 -0.7715 -0.4499
vn -0.3943 -0.8301 -0.3943
vn -0.3350 -0.8806 -0.3350
vn -0.2724 -0.9228 -0.2724
vn -0.2072 -0.9561 -0.2072
vn -0.1400 -0.9802 -0.1400
vn -0.0715 -0.9949 -0.0715
vn -0.0561 0.9949 -0.0840
vn -0.1100 0.9802 -0.1647
vn -0.1628 0.9561 -0.2437
vn -0.2141 0.9228 -0.3204
vn -0.2632 0.8806 -0.3939
vn -0.3098 0.8301 -0.4637
vn -0.3535 0.7715 -0.5290
vn -0.3937 0.7056 -0.5892
vn -0.4301 0.6329 -0.6438
vn -0.4625 0.5542 -0.6921
vn -0.4903 0.4701 -0.7339
vn -0.5135 0.3816 -0.7685
vn -0.5318 0.2894 -0.7959
vn -0.5450 0.1945 -0.8156
vn -0.5529 0.0977 -0.8275
vn -0.5556 -0.0000 -0.8315
vn -0.5529 -0.0977 -0.8275
vn -0.5450 -0.1945 -0.8156
vn -0.5318 -0.2894 -0.7959
vn -0.5135 -0.3816 -0.7685
vn -0.4903 -0.4701 -0.7339
vn -0.4625 -0.5542 -0.6921
vn -0.4301 -0.6329 -0.6438
vn -0.3937 -0.7056 -0.5892
vn -0.3535 -0.7715 -0.5290
vn -0.3098 -0.8301 -0.4637
vn -0.2632 -0.8806 -0.3939
vn -0.2141 -0.9228 -0.3204
vn -0.1628 -0.9561 -0.2437
vn -0.1100 -0.9802 -0.1647
vn -0.0561 -0.9949 -0.0840
vn -0.0387 0.9949 -0.0934
vn -0.0758 0.9802 -0.1830
vn -0.1122 0.9561 -0.2708
vn -0.1474 0.9228 -0.3560
vn -0.1813 0.8806 -0.4377
vn -0.2134 0.8301 -0.5152
vn -0.2435 0.7715 -0.5878
vn -0.2712 0.7056 -0.6547
vn -0.2963 0.6329 -0.7153
vn -0.3185 0.5542 -0.7690
vn -0.3378 0.4701 -0.8154
vn -0.3537 0.3816 -0.8540
vn -0.3663 0.2894 -0.8843
vn -0.3754 0.1945 -0.9062
vn -0.3809 0.0977 -0.9195
vn -0.3827 -0.0000 -0.9239
vn -0.3809 -0.0977 -0.9195
vn -0.3754 -0.1945 -0.9062
vn -0.3663 -0.2894 -0.8843
vn -0.3537 -0.3816 -0.8540
vn -0.3378 -0.4701 -0.8154
vn -0.3185 -0.5542 -0.7690
vn -0.2963 -0.6329 -0.7153
vn -0.2712 -0.7056 -0.6547
vn -0.2435 -0.7715 -0.5878
vn -0.2134 -0.8301 -0.5152
vn -0.1813 -0.8806 -0.4377
vn -0.1474 -0.9228 -0.3560
vn -0.1122 -0.9561 -0.2708
vn -0.0758 -0.9802 -0.1830
vn -0.0387 -0.9949 -0.0934
vn -0.0197 0.9949 -0.0991
vn -0.0386 0.9802 -0.1942
vn -0.0572 0.9561 -0.2875
vn -0.0752 0.9228 -0.3779
vn -0.0924 0.8806 -0.4647
vn -0.1088 0.8301 -0.5470
vn -0.1241 0.7715 -0.6240
vn -0.1382 0.7056 -0.6950
vn -0.1510 0.6329 -0.7594
vn -0.1624 0.5542 -0.8164
vn -0.1722 0.4701 -0.8656
vn -0.1803 0.3816 -0.9066
vn -0.1867 0.2894 -0.9388
vn -0.1914 0.1945 -0.9621
vn -0.1942 0.0977 -0.9761
vn -0.1951 -0.0000 -0.9808
vn -0.1942 -0.0977 -0.9761
vn -0.1914 -0.1945 -0.9621
vn -0.1867 -0.2894 -0.9388
vn -0.1803 -0.3816 -0.9066
vn -0.1722 -0.4701 -0.8656
vn -0.1624 -0.5542 -0.8164
vn -0.1510 -0.6329 -0.7594
vn -0.1382 -0.7056 -0.6950
vn -0.1241 -0.7715 -0.6240
vn -0.1088 -0.8301 -0.5470
vn -0.0924 -0.8806 -0.4647
vn -0.0752 -0.9228 -0.3779
vn -0.0572 -0.9561 -0.2875
vn -0.0386 -0.9802 -0.1942
vn -0.0197 -0.9949 -0.0991
vn -0.0000 0.9949 -0.1011
vn -0.0000 0.9802 -0.1980
vn -0.0000 0.9561 -0.2931
vn -0.0000 0.9228 -0.3853
vn -0.0000 0.8806 -0.4738
vn -0.0000 0.8301 -0.5577
vn -0.0000 0.7056 -0.7086
vn -0.0000 0.5542 -0.8324
vn -0.0000 0.4701 -0.8826
vn -0.0000 -0.0000 -1.0000
vn -0.0000 -0.2894 -0.9572
vn -0.0000 -0.3816 -0.9243
vn -0.0000 -0.7056 -0.7086
vn -0.0000 -0.9228 -0.3853
vn -0.0000 -0.9561 -0.2931
vt 0.262325 0.516543
vt 0.261699 0.510393
vt 0.278761 0.510272
vt 0.278973 0.516425
vt 0.269856 0.622954
vt 0.272067 0.617731
vt 0.280267 0.618883
vt 0.279521 0.624311
vt 0.263193 0.522544
vt 0.279266 0.522429
vt 0.267785 0.627861
vt 0.278822 0.629411
vt 0.264295 0.528336
vt 0.279638 0.528227
vt 0.265875 0.632406
vt 0.278177 0.634134
vt 0.265621 0.533866
vt 0.280086 0.533763
vt 0.267156 0.458090
vt 0.268887 0.453653
vt 0.281189 0.453565
vt 0.280604 0.457994
vt 0.267156 0.539078
vt 0.280604 0.538982
vt 0.265620 0.462940
vt 0.280086 0.462837
vt 0.268887 0.543924
vt 0.281189 0.543836
vt 0.264295 0.468157
vt 0.279638 0.468048
vt 0.441160 0.540360
vt 0.443070 0.544707
vt 0.430768 0.546435
vt 0.430124 0.541910
vt 0.263193 0.473690
vt 0.279266 0.473575
vt 0.439090 0.535628
vt 0.429424 0.536985
vt 0.262325 0.479485
vt 0.278973 0.479367
vt 0.436879 0.530557
vt 0.428678 0.531709
vt 0.261698 0.485488
vt 0.278761 0.485366
vt 0.281874 0.594732
vt 0.284448 0.588731
vt 0.283579 0.594971
vt 0.434549 0.525195
vt 0.427891 0.526130
vt 0.261320 0.491639
vt 0.278634 0.491516
vt 0.279324 0.600689
vt 0.282718 0.601165
vt 0.432122 0.519595
vt 0.427072 0.520305
vt 0.261194 0.497881
vt 0.278591 0.497757
vt 0.276824 0.606545
vt 0.281874 0.607254
vt 0.429621 0.513810
vt 0.426227 0.514287
vt 0.261320 0.504152
vt 0.278634 0.504029
vt 0.274397 0.612244
vt 0.281054 0.613179
vt 0.427072 0.507896
vt 0.425366 0.508136
vt 0.424497 0.501910
vt 0.419570 0.536985
vt 0.420316 0.531709
vt 0.295947 0.479367
vt 0.296159 0.485366
vt 0.285318 0.594971
vt 0.421103 0.526130
vt 0.296286 0.491516
vt 0.286179 0.601165
vt 0.421923 0.520305
vt 0.296329 0.497757
vt 0.287023 0.607254
vt 0.422767 0.514287
vt 0.296286 0.504029
vt 0.287842 0.613179
vt 0.423628 0.508136
vt 0.296159 0.510272
vt 0.288629 0.618883
vt 0.295947 0.516425
vt 0.289376 0.624311
vt 0.295654 0.522429
vt 0.290075 0.629411
vt 0.295282 0.528227
vt 0.290720 0.634134
vt 0.294834 0.533763
vt 0.293731 0.453565
vt 0.294316 0.457994
vt 0.294316 0.538982
vt 0.294834 0.462837
vt 0.293731 0.543836
vt 0.295282 0.468048
vt 0.418226 0.546435
vt 0.418871 0.541910
vt 0.295654 0.473575
vt 0.414445 0.525195
vt 0.416872 0.519595
vt 0.313600 0.491639
vt 0.313726 0.497881
vt 0.289573 0.600689
vt 0.292073 0.606545
vt 0.419373 0.513810
vt 0.313600 0.504152
vt 0.294500 0.612244
vt 0.421923 0.507896
vt 0.313222 0.510393
vt 0.296830 0.617731
vt 0.312595 0.516543
vt 0.299041 0.622954
vt 0.311727 0.522544
vt 0.301111 0.627861
vt 0.310625 0.528336
vt 0.303021 0.632406
vt 0.309300 0.533866
vt 0.306033 0.453653
vt 0.307764 0.458090
vt 0.307764 0.539078
vt 0.309300 0.462940
vt 0.306033 0.543924
vt 0.310625 0.468157
vt 0.405924 0.544707
vt 0.407834 0.540360
vt 0.311727 0.473690
vt 0.409904 0.535628
vt 0.312595 0.479485
vt 0.412115 0.530557
vt 0.313222 0.485488
vt 0.287023 0.594732
vt 0.416176 0.512875
vt 0.420316 0.507427
vt 0.329909 0.504394
vt 0.329295 0.510631
vt 0.300771 0.610410
vt 0.304555 0.615472
vt 0.328278 0.516776
vt 0.308146 0.620291
vt 0.326867 0.522768
vt 0.311508 0.624820
vt 0.325078 0.528551
vt 0.314609 0.629016
vt 0.322926 0.534068
vt 0.304752 0.636545
vt 0.317420 0.632839
vt 0.320432 0.539266
vt 0.320432 0.458278
vt 0.322926 0.463142
vt 0.317621 0.544095
vt 0.325078 0.468371
vt 0.394336 0.541317
vt 0.397438 0.537319
vt 0.326867 0.473914
vt 0.400800 0.532965
vt 0.328277 0.479717
vt 0.404390 0.528297
vt 0.329295 0.485726
vt 0.288629 0.594262
vt 0.408174 0.523361
vt 0.329909 0.491881
vt 0.292770 0.599753
vt 0.412115 0.518204
vt 0.330114 0.498124
vt 0.296830 0.605154
vt 0.342391 0.517113
vt 0.340493 0.523094
vt 0.316340 0.616425
vt 0.320864 0.620405
vt 0.338085 0.528862
vt 0.325038 0.624096
vt 0.335189 0.534361
vt 0.328821 0.627460
vt 0.331833 0.539538
vt 0.331833 0.458550
vt 0.335189 0.463435
vt 0.391525 0.544922
vt 0.380124 0.539543
vt 0.383907 0.536397
vt 0.338085 0.468682
vt 0.388081 0.532904
vt 0.340493 0.474240
vt 0.392606 0.529098
vt 0.342391 0.480055
vt 0.397438 0.525017
vt 0.343760 0.486072
vt 0.290075 0.593580
vt 0.402530 0.520698
vt 0.344586 0.492232
vt 0.295647 0.598396
vt 0.407834 0.516184
vt 0.344863 0.498476
vt 0.301111 0.603133
vt 0.413298 0.511518
vt 0.344586 0.504745
vt 0.306415 0.607747
vt 0.418871 0.506744
vt 0.343760 0.510977
vt 0.311508 0.612191
vt 0.349146 0.529257
vt 0.345618 0.534734
vt 0.333907 0.617833
vt 0.338517 0.620613
vt 0.341529 0.539885
vt 0.332177 0.630466
vt 0.342606 0.623101
vt 0.370429 0.532696
vt 0.375038 0.530134
vt 0.364190 0.378985
vt 0.367423 0.373463
vt 0.377868 0.373696
vt 0.375269 0.379232
vt 0.380124 0.527285
vt 0.361565 0.384771
vt 0.373171 0.385030
vt 0.385637 0.524178
vt 0.359574 0.390765
vt 0.371595 0.391034
vt 0.391525 0.520841
vt 0.358236 0.396911
vt 0.370557 0.397186
vt 0.291304 0.592712
vt 0.397730 0.517308
vt 0.357563 0.403148
vt 0.370065 0.403427
vt 0.298094 0.596668
vt 0.404193 0.513613
vt 0.357563 0.409416
vt 0.370126 0.409697
vt 0.304752 0.600562
vt 0.410851 0.509790
vt 0.357406 0.498925
vt 0.357069 0.505192
vt 0.311215 0.604357
vt 0.417641 0.505876
vt 0.356062 0.511417
vt 0.317420 0.608016
vt 0.354394 0.517543
vt 0.323308 0.611504
vt 0.352081 0.523509
vt 0.328821 0.614787
vt 0.362811 0.524645
vt 0.368070 0.522769
vt 0.390143 0.373826
vt 0.388288 0.379369
vt 0.373872 0.520678
vt 0.386810 0.385174
vt 0.380162 0.518392
vt 0.385722 0.391183
vt 0.386880 0.515932
vt 0.385035 0.397339
vt 0.292270 0.591691
vt 0.393959 0.513323
vt 0.384756 0.403582
vt 0.300017 0.594636
vt 0.401332 0.510589
vt 0.384888 0.409853
vt 0.307613 0.597539
vt 0.408929 0.507758
vt 0.370738 0.415936
vt 0.385429 0.416090
vt 0.314987 0.600372
vt 0.416675 0.504856
vt 0.371895 0.422083
vt 0.386373 0.422235
vt 0.322066 0.603107
vt 0.373586 0.428079
vt 0.387713 0.428228
vt 0.328783 0.605718
vt 0.375796 0.433867
vt 0.389434 0.434010
vt 0.335073 0.608180
vt 0.378502 0.439390
vt 0.391521 0.439527
vt 0.340876 0.610469
vt 0.381679 0.444596
vt 0.393953 0.444725
vt 0.346135 0.612563
vt 0.385296 0.449435
vt 0.396707 0.449555
vt 0.380945 0.368476
vt 0.392356 0.368596
vt 0.369566 0.513337
vt 0.376391 0.511962
vt 0.401957 0.385195
vt 0.401411 0.391205
vt 0.383680 0.510477
vt 0.401115 0.397362
vt 0.292935 0.590556
vt 0.391361 0.508894
vt 0.401073 0.403605
vt 0.301341 0.592378
vt 0.399362 0.507230
vt 0.401283 0.409876
vt 0.309584 0.594180
vt 0.407605 0.505500
vt 0.401745 0.416114
vt 0.317584 0.595943
vt 0.416010 0.503721
vt 0.402453 0.422258
vt 0.325266 0.597652
vt 0.403402 0.428250
vt 0.332554 0.599288
vt 0.404581 0.434032
vt 0.339379 0.600838
vt 0.405980 0.439548
vt 0.345675 0.602286
vt 0.407585 0.444745
vt 0.394907 0.363730
vt 0.406500 0.363747
vt 0.405030 0.368614
vt 0.409381 0.449573
vt 0.403775 0.373845
vt 0.357563 0.515700
vt 0.363270 0.514587
vt 0.402747 0.379390
vt 0.293275 0.589352
vt 0.382048 0.504686
vt 0.390037 0.504193
vt 0.418179 0.397255
vt 0.418386 0.403497
vt 0.302016 0.589982
vt 0.398357 0.503664
vt 0.418681 0.409767
vt 0.310588 0.590614
vt 0.406929 0.503103
vt 0.419059 0.416006
vt 0.318909 0.591242
vt 0.415671 0.502517
vt 0.419517 0.422152
vt 0.326897 0.591860
vt 0.420050 0.428146
vt 0.334477 0.592463
vt 0.420655 0.433932
vt 0.341575 0.593045
vt 0.421324 0.439452
vt 0.348122 0.593599
vt 0.422051 0.444655
vt 0.418802 0.363670
vt 0.418478 0.368530
vt 0.422829 0.449489
vt 0.418240 0.373755
vt 0.411350 0.453985
vt 0.423652 0.453909
vt 0.418091 0.379294
vt 0.360823 0.505900
vt 0.367371 0.505543
vt 0.418030 0.385095
vt 0.374469 0.505137
vt 0.418059 0.391101
vt 0.302016 0.587538
vt 0.310588 0.586978
vt 0.398357 0.500028
vt 0.406929 0.500660
vt 0.436412 0.409530
vt 0.436705 0.415770
vt 0.318909 0.586449
vt 0.415671 0.501289
vt 0.436908 0.421919
vt 0.326897 0.585956
vt 0.437019 0.427919
vt 0.334477 0.585504
vt 0.437037 0.433712
vt 0.341575 0.585098
vt 0.436962 0.439243
vt 0.348122 0.584742
vt 0.436794 0.444457
vt 0.431340 0.363502
vt 0.432185 0.368347
vt 0.436536 0.449306
vt 0.432984 0.373557
vt 0.436190 0.453741
vt 0.433728 0.379085
vt 0.360823 0.497043
vt 0.367371 0.497597
vt 0.434412 0.384876
vt 0.374469 0.498178
vt 0.435028 0.390874
vt 0.382048 0.498781
vt 0.435570 0.397022
vt 0.293275 0.588125
vt 0.390037 0.499400
vt 0.436033 0.403261
vt 0.317584 0.581747
vt 0.325266 0.580165
vt 0.416010 0.500085
vt 0.453958 0.421569
vt 0.453654 0.427578
vt 0.332554 0.578679
vt 0.453098 0.433383
vt 0.339379 0.577305
vt 0.452293 0.438929
vt 0.345675 0.576055
vt 0.451249 0.444161
vt 0.443633 0.363250
vt 0.445623 0.368071
vt 0.449974 0.449030
vt 0.447438 0.373261
vt 0.448482 0.453489
vt 0.449060 0.378771
vt 0.363270 0.488356
vt 0.369566 0.489803
vt 0.450473 0.384546
vt 0.376391 0.491353
vt 0.451663 0.390533
vt 0.383680 0.492990
vt 0.452620 0.396673
vt 0.292935 0.586920
vt 0.391361 0.494698
vt 0.453333 0.402906
vt 0.301341 0.585141
vt 0.399362 0.496462
vt 0.453797 0.409174
vt 0.309584 0.583412
vt 0.407605 0.498263
vt 0.454006 0.415415
vt 0.328783 0.572250
vt 0.335073 0.569963
vt 0.468221 0.432956
vt 0.466729 0.438521
vt 0.340876 0.567872
vt 0.464859 0.443777
vt 0.455207 0.362924
vt 0.458277 0.367714
vt 0.462628 0.448673
vt 0.461049 0.372877
vt 0.357563 0.487025
vt 0.362811 0.478079
vt 0.368070 0.480173
vt 0.463496 0.378363
vt 0.373872 0.482462
vt 0.465596 0.384120
vt 0.380162 0.484924
vt 0.467327 0.390091
vt 0.386880 0.487535
vt 0.468674 0.396220
vt 0.292270 0.585786
vt 0.393959 0.490270
vt 0.469623 0.402447
vt 0.300017 0.582884
vt 0.401332 0.493102
vt 0.470166 0.408712
vt 0.307613 0.580052
vt 0.408929 0.496006
vt 0.470296 0.414955
vt 0.314987 0.577319
vt 0.416675 0.498951
vt 0.470012 0.421116
vt 0.322066 0.574710
vt 0.469318 0.427136
vt 0.346135 0.565996
vt 0.333907 0.560508
vt 0.338517 0.557945
vt 0.477102 0.443320
vt 0.474010 0.448248
vt 0.469659 0.367289
vt 0.473291 0.372420
vt 0.370429 0.470028
vt 0.375038 0.472809
vt 0.476482 0.377878
vt 0.380124 0.475855
vt 0.479199 0.383612
vt 0.385637 0.479138
vt 0.481418 0.389565
vt 0.391525 0.482625
vt 0.483116 0.395680
vt 0.291304 0.584765
vt 0.397730 0.486284
vt 0.484277 0.401899
vt 0.298094 0.580852
vt 0.404193 0.490079
vt 0.484890 0.408162
vt 0.304752 0.577029
vt 0.410851 0.493974
vt 0.484949 0.414408
vt 0.311215 0.573333
vt 0.417641 0.497930
vt 0.484454 0.420577
vt 0.317420 0.569800
vt 0.483409 0.426610
vt 0.323308 0.566464
vt 0.481824 0.432448
vt 0.328821 0.563356
vt 0.479715 0.438036
vt 0.225774 0.377762
vt 0.229303 0.372285
vt 0.239731 0.372658
vt 0.236835 0.378157
vt 0.383907 0.466546
vt 0.388081 0.470236
vt 0.487518 0.377335
vt 0.490761 0.383042
vt 0.392606 0.474217
vt 0.493393 0.388975
vt 0.397438 0.478450
vt 0.218859 0.395602
vt 0.220527 0.389476
vt 0.232529 0.389906
vt 0.231160 0.396042
vt 0.290075 0.583897
vt 0.402530 0.482895
vt 0.217851 0.401828
vt 0.230334 0.402274
vt 0.295647 0.579124
vt 0.407834 0.487508
vt 0.217515 0.408094
vt 0.230057 0.408543
vt 0.301111 0.574458
vt 0.413298 0.492246
vt 0.217851 0.414341
vt 0.230334 0.414787
vt 0.306415 0.569944
vt 0.418871 0.497062
vt 0.218859 0.420507
vt 0.231160 0.420948
vt 0.311508 0.565625
vt 0.220527 0.426535
vt 0.232529 0.426964
vt 0.316340 0.561543
vt 0.222839 0.432365
vt 0.234427 0.432779
vt 0.320864 0.557738
vt 0.493386 0.431879
vt 0.490752 0.437493
vt 0.325038 0.554245
vt 0.229303 0.443211
vt 0.225774 0.437941
vt 0.236835 0.438337
vt 0.239731 0.443584
vt 0.328821 0.551099
vt 0.366340 0.467540
vt 0.376768 0.460176
vt 0.380124 0.463182
vt 0.233392 0.367134
vt 0.243087 0.367481
vt 0.234427 0.383925
vt 0.248053 0.384251
vt 0.246643 0.390243
vt 0.400800 0.470351
vt 0.404390 0.475170
vt 0.245626 0.396388
vt 0.288629 0.583215
vt 0.408174 0.480232
vt 0.245011 0.402625
vt 0.292770 0.577766
vt 0.412115 0.485488
vt 0.244806 0.408895
vt 0.296830 0.572438
vt 0.416176 0.490888
vt 0.245011 0.415138
vt 0.300771 0.567281
vt 0.420316 0.496380
vt 0.245626 0.421293
vt 0.304555 0.562345
vt 0.246643 0.427302
vt 0.308146 0.557677
vt 0.248053 0.433105
vt 0.311508 0.553323
vt 0.249843 0.438648
vt 0.314609 0.549324
vt 0.251995 0.443877
vt 0.317420 0.545720
vt 0.243087 0.448469
vt 0.254488 0.448741
vt 0.254488 0.367753
vt 0.251995 0.372951
vt 0.391525 0.457802
vt 0.394336 0.461625
vt 0.249843 0.378468
vt 0.397438 0.465821
vt 0.261699 0.396626
vt 0.261320 0.402867
vt 0.287023 0.582745
vt 0.289573 0.576831
vt 0.414445 0.478397
vt 0.416872 0.484097
vt 0.261194 0.409138
vt 0.292073 0.571046
vt 0.419373 0.489953
vt 0.261320 0.415380
vt 0.294500 0.565446
vt 0.421923 0.495910
vt 0.261699 0.421532
vt 0.296830 0.560085
vt 0.262325 0.427534
vt 0.299041 0.555014
vt 0.263193 0.433330
vt 0.301111 0.550282
vt 0.264295 0.438862
vt 0.303021 0.545935
vt 0.265621 0.444079
vt 0.257299 0.362924
vt 0.268887 0.363095
vt 0.267156 0.367941
vt 0.267156 0.448929
vt 0.265621 0.373153
vt 0.404193 0.454097
vt 0.405924 0.458236
vt 0.264295 0.378683
vt 0.407834 0.462781
vt 0.263193 0.384475
vt 0.409904 0.467688
vt 0.262325 0.390476
vt 0.412115 0.472910
vt 0.278591 0.409262
vt 0.278634 0.415503
vt 0.287023 0.570337
vt 0.287842 0.564511
vt 0.422767 0.489476
vt 0.423628 0.495671
vt 0.278762 0.421653
vt 0.288629 0.558933
vt 0.278973 0.427653
vt 0.289376 0.553656
vt 0.279266 0.433444
vt 0.290075 0.548732
vt 0.279638 0.438971
vt 0.290720 0.544207
vt 0.280086 0.444182
vt 0.281189 0.363183
vt 0.280604 0.368037
vt 0.280604 0.449025
vt 0.280086 0.373256
vt 0.268887 0.453366
vt 0.281189 0.453454
vt 0.279638 0.378792
vt 0.418226 0.456508
vt 0.418871 0.461230
vt 0.279266 0.384590
vt 0.419570 0.466330
vt 0.278973 0.390594
vt 0.420316 0.471758
vt 0.278762 0.396747
vt 0.285318 0.582506
vt 0.421103 0.477462
vt 0.278634 0.402990
vt 0.286179 0.576355
vt 0.421923 0.483387
vt 0.296159 0.421653
vt 0.295947 0.427653
vt 0.280268 0.558933
vt 0.279521 0.553656
vt 0.295654 0.433444
vt 0.278822 0.548732
vt 0.295282 0.438971
vt 0.278177 0.544207
vt 0.294834 0.444182
vt 0.293731 0.363183
vt 0.294316 0.368037
vt 0.294316 0.449025
vt 0.294834 0.373256
vt 0.293731 0.453454
vt 0.295282 0.378792
vt 0.430768 0.456508
vt 0.430124 0.461230
vt 0.295654 0.384590
vt 0.429424 0.466330
vt 0.295947 0.390594
vt 0.428678 0.471758
vt 0.296159 0.396747
vt 0.283579 0.582506
vt 0.427891 0.477462
vt 0.296286 0.402990
vt 0.282718 0.576355
vt 0.427072 0.483387
vt 0.296329 0.409262
vt 0.281874 0.570337
vt 0.426227 0.489476
vt 0.296286 0.415503
vt 0.281054 0.564511
vt 0.425366 0.495671
vt 0.311727 0.433330
vt 0.310625 0.438862
vt 0.267785 0.550282
vt 0.265875 0.545935
vt 0.309300 0.444079
vt 0.306033 0.363095
vt 0.307764 0.367941
vt 0.307764 0.448929
vt 0.309300 0.373153
vt 0.306033 0.453366
vt 0.310625 0.378683
vt 0.443070 0.458236
vt 0.441160 0.462781
vt 0.311727 0.384475
vt 0.439090 0.467688
vt 0.312595 0.390476
vt 0.436879 0.472910
vt 0.313222 0.396626
vt 0.281874 0.582745
vt 0.434549 0.478397
vt 0.313600 0.402867
vt 0.279324 0.576831
vt 0.432122 0.484097
vt 0.313726 0.409138
vt 0.276824 0.571046
vt 0.429621 0.489953
vt 0.313600 0.415380
vt 0.274397 0.565446
vt 0.427072 0.495910
vt 0.313222 0.421532
vt 0.272067 0.560085
vt 0.312595 0.427534
vt 0.269856 0.555014
vt 0.322926 0.443877
vt 0.320432 0.448741
vt 0.320432 0.367753
vt 0.322926 0.372951
vt 0.444801 0.454097
vt 0.457469 0.457802
vt 0.454658 0.461625
vt 0.325078 0.378468
vt 0.451557 0.465821
vt 0.326867 0.384251
vt 0.448194 0.470351
vt 0.328278 0.390243
vt 0.444604 0.475170
vt 0.329295 0.396388
vt 0.280268 0.583215
vt 0.440820 0.480232
vt 0.329909 0.402625
vt 0.276127 0.577767
vt 0.436879 0.485488
vt 0.330114 0.408895
vt 0.272067 0.572438
vt 0.432818 0.490888
vt 0.329909 0.415138
vt 0.268125 0.567281
vt 0.428678 0.496380
vt 0.329295 0.421293
vt 0.264341 0.562345
vt 0.328278 0.427302
vt 0.260751 0.557677
vt 0.326867 0.433105
vt 0.257389 0.553323
vt 0.325078 0.438648
vt 0.254287 0.549324
vt 0.317621 0.362924
vt 0.465087 0.466546
vt 0.460913 0.470236
vt 0.338085 0.378157
vt 0.340493 0.383925
vt 0.456388 0.474217
vt 0.342391 0.389906
vt 0.451557 0.478450
vt 0.343760 0.396042
vt 0.278822 0.583897
vt 0.446464 0.482895
vt 0.344586 0.402274
vt 0.273250 0.579124
vt 0.441160 0.487508
vt 0.344863 0.408543
vt 0.267785 0.574458
vt 0.435696 0.492246
vt 0.344586 0.414787
vt 0.262481 0.569944
vt 0.430124 0.497062
vt 0.343760 0.420948
vt 0.257389 0.565625
vt 0.342391 0.426964
vt 0.252557 0.561543
vt 0.340493 0.432779
vt 0.248032 0.557738
vt 0.338085 0.438337
vt 0.243858 0.554245
vt 0.335189 0.443584
vt 0.251476 0.545720
vt 0.240075 0.551099
vt 0.331833 0.448469
vt 0.331833 0.367481
vt 0.335189 0.372658
vt 0.468870 0.463182
vt 0.463357 0.479138
vt 0.457469 0.482625
vt 0.354394 0.389476
vt 0.356062 0.395602
vt 0.277592 0.584765
vt 0.451264 0.486284
vt 0.357069 0.401828
vt 0.270803 0.580852
vt 0.444801 0.490079
vt 0.357406 0.408094
vt 0.264144 0.577029
vt 0.438143 0.493974
vt 0.357900 0.598172
vt 0.357563 0.591906
vt 0.370106 0.591457
vt 0.370382 0.597726
vt 0.257681 0.573333
vt 0.431353 0.497930
vt 0.358907 0.604398
vt 0.371209 0.603958
vt 0.251476 0.569800
vt 0.360575 0.610524
vt 0.372578 0.610094
vt 0.245589 0.566464
vt 0.362888 0.616489
vt 0.374476 0.616075
vt 0.240075 0.563357
vt 0.365822 0.622238
vt 0.376884 0.621843
vt 0.234989 0.560508
vt 0.369351 0.627715
vt 0.379780 0.627342
vt 0.230380 0.557946
vt 0.472226 0.460176
vt 0.482655 0.467540
vt 0.478566 0.470028
vt 0.341529 0.367134
vt 0.345618 0.372285
vt 0.473956 0.472809
vt 0.349147 0.377762
vt 0.468870 0.475855
vt 0.352081 0.383511
vt 0.276627 0.585786
vt 0.268880 0.582884
vt 0.455035 0.490270
vt 0.447662 0.493102
vt 0.370382 0.585213
vt 0.385060 0.584862
vt 0.384855 0.591105
vt 0.261284 0.580052
vt 0.440065 0.496005
vt 0.385060 0.597375
vt 0.253910 0.577319
vt 0.432319 0.498951
vt 0.385674 0.603612
vt 0.246831 0.574710
vt 0.386691 0.609757
vt 0.240114 0.572250
vt 0.388102 0.615749
vt 0.233824 0.569964
vt 0.389891 0.621532
vt 0.228021 0.567872
vt 0.392043 0.627048
vt 0.222762 0.565996
vt 0.383136 0.632519
vt 0.394537 0.632247
vt 0.379780 0.556416
vt 0.383136 0.551531
vt 0.394537 0.551259
vt 0.392043 0.556123
vt 0.486183 0.478079
vt 0.480924 0.480173
vt 0.376884 0.561663
vt 0.389891 0.561352
vt 0.475122 0.482462
vt 0.374476 0.567221
vt 0.388102 0.566895
vt 0.468832 0.484924
vt 0.372578 0.573036
vt 0.386691 0.572698
vt 0.462115 0.487535
vt 0.371209 0.579052
vt 0.385674 0.578707
vt 0.259313 0.583412
vt 0.251312 0.581747
vt 0.441390 0.498263
vt 0.432984 0.500085
vt 0.401369 0.597133
vt 0.401747 0.603374
vt 0.243631 0.580165
vt 0.402374 0.609524
vt 0.236343 0.578679
vt 0.403242 0.615525
vt 0.229517 0.577305
vt 0.404344 0.621317
vt 0.223221 0.576055
vt 0.405669 0.626846
vt 0.217515 0.574942
vt 0.407205 0.632059
vt 0.407205 0.551071
vt 0.405669 0.555921
vt 0.397348 0.637076
vt 0.408936 0.636905
vt 0.404344 0.561138
vt 0.485724 0.488356
vt 0.479428 0.489803
vt 0.403242 0.566670
vt 0.472603 0.491353
vt 0.402374 0.572466
vt 0.465315 0.492990
vt 0.401747 0.578468
vt 0.275961 0.586920
vt 0.457633 0.494698
vt 0.401369 0.584620
vt 0.267556 0.585141
vt 0.449632 0.496462
vt 0.401243 0.590862
vt 0.242000 0.585956
vt 0.234420 0.585505
vt 0.419022 0.609406
vt 0.419315 0.615410
vt 0.227322 0.585099
vt 0.419687 0.621208
vt 0.220774 0.584742
vt 0.420134 0.626744
vt 0.408936 0.546634
vt 0.421237 0.546546
vt 0.420653 0.550975
vt 0.420653 0.631963
vt 0.420134 0.555818
vt 0.421237 0.636817
vt 0.419687 0.561029
vt 0.488171 0.497043
vt 0.481623 0.497597
vt 0.419315 0.566556
vt 0.474525 0.498178
vt 0.419022 0.572347
vt 0.466946 0.498781
vt 0.418810 0.578347
vt 0.275622 0.588125
vt 0.458957 0.499400
vt 0.418682 0.584497
vt 0.266881 0.587538
vt 0.450637 0.500028
vt 0.418640 0.590738
vt 0.258309 0.586978
vt 0.442065 0.500660
vt 0.418682 0.597010
vt 0.249988 0.586449
vt 0.433323 0.501289
vt 0.418810 0.603253
vt 0.227322 0.593045
vt 0.220774 0.593599
vt 0.435331 0.621208
vt 0.434883 0.626744
vt 0.433780 0.546546
vt 0.434365 0.550975
vt 0.434365 0.631963
vt 0.434883 0.555818
vt 0.433780 0.636817
vt 0.435331 0.561029
vt 0.488171 0.505900
vt 0.481623 0.505543
vt 0.435703 0.566556
vt 0.474525 0.505137
vt 0.435996 0.572347
vt 0.466946 0.504686
vt 0.436207 0.578347
vt 0.275622 0.589352
vt 0.458957 0.504193
vt 0.436335 0.584497
vt 0.266881 0.589982
vt 0.450637 0.503664
vt 0.436378 0.590738
vt 0.258309 0.590614
vt 0.442065 0.503103
vt 0.436335 0.597010
vt 0.249988 0.591242
vt 0.433323 0.502517
vt 0.436207 0.603253
vt 0.242000 0.591861
vt 0.435996 0.609406
vt 0.234420 0.592463
vt 0.435703 0.615410
vt 0.243631 0.597652
vt 0.236343 0.599289
vt 0.452644 0.609524
vt 0.451776 0.615525
vt 0.229517 0.600838
vt 0.450674 0.621317
vt 0.223221 0.602286
vt 0.449348 0.626846
vt 0.446082 0.546634
vt 0.447813 0.551071
vt 0.447813 0.632059
vt 0.449348 0.555921
vt 0.446082 0.636905
vt 0.450674 0.561138
vt 0.485724 0.514586
vt 0.479428 0.513337
vt 0.451776 0.566670
vt 0.472603 0.511962
vt 0.452644 0.572466
vt 0.465314 0.510477
vt 0.453270 0.578468
vt 0.275961 0.590556
vt 0.457633 0.508894
vt 0.453649 0.584620
vt 0.267556 0.592378
vt 0.449632 0.507230
vt 0.453775 0.590862
vt 0.259313 0.594180
vt 0.441390 0.505500
vt 0.453649 0.597133
vt 0.251312 0.595943
vt 0.432984 0.503721
vt 0.453270 0.603374
vt 0.233824 0.608180
vt 0.228021 0.610469
vt 0.465126 0.621532
vt 0.462974 0.627048
vt 0.217515 0.603617
vt 0.222762 0.612563
vt 0.460481 0.632247
vt 0.460481 0.551259
vt 0.462974 0.556123
vt 0.457670 0.637076
vt 0.465126 0.561352
vt 0.480924 0.522769
vt 0.475122 0.520678
vt 0.466916 0.566895
vt 0.468832 0.518391
vt 0.468326 0.572698
vt 0.462115 0.515932
vt 0.469343 0.578707
vt 0.276627 0.591691
vt 0.455035 0.513323
vt 0.469957 0.584862
vt 0.268880 0.594636
vt 0.447662 0.510589
vt 0.470163 0.591105
vt 0.261284 0.597539
vt 0.440065 0.507758
vt 0.469957 0.597375
vt 0.253910 0.600372
vt 0.432319 0.504856
vt 0.469343 0.603612
vt 0.246831 0.603107
vt 0.468326 0.609757
vt 0.240114 0.605718
vt 0.466916 0.615749
vt 0.471882 0.551531
vt 0.475237 0.556416
vt 0.486183 0.524645
vt 0.478566 0.532696
vt 0.473956 0.530134
vt 0.478133 0.561663
vt 0.468870 0.527285
vt 0.480542 0.567221
vt 0.463357 0.524178
vt 0.482440 0.573036
vt 0.457469 0.520841
vt 0.483809 0.579052
vt 0.277592 0.592712
vt 0.451264 0.517308
vt 0.484635 0.585213
vt 0.270803 0.596668
vt 0.444801 0.513613
vt 0.484912 0.591457
vt 0.264144 0.600562
vt 0.438143 0.509790
vt 0.484635 0.597726
vt 0.257681 0.604357
vt 0.431353 0.505876
vt 0.483809 0.603958
vt 0.251476 0.608016
vt 0.482440 0.610094
vt 0.245589 0.611504
vt 0.480542 0.616075
vt 0.240075 0.614787
vt 0.478133 0.621843
vt 0.234989 0.617833
vt 0.475237 0.627342
vt 0.230380 0.620613
vt 0.471882 0.632519
vt 0.222839 0.474654
vt 0.225774 0.469078
vt 0.236835 0.468682
vt 0.234427 0.474240
vt 0.460913 0.532904
vt 0.456388 0.529098
vt 0.220526 0.480484
vt 0.232529 0.480055
vt 0.451557 0.525017
vt 0.218859 0.486512
vt 0.231160 0.486072
vt 0.278822 0.593580
vt 0.446464 0.520698
vt 0.217851 0.492678
vt 0.230334 0.492232
vt 0.273250 0.598396
vt 0.441160 0.516184
vt 0.217515 0.498925
vt 0.230057 0.498476
vt 0.267785 0.603133
vt 0.435696 0.511518
vt 0.217851 0.505192
vt 0.230334 0.504745
vt 0.262481 0.607747
vt 0.430124 0.506744
vt 0.218859 0.511417
vt 0.231160 0.510977
vt 0.257389 0.612191
vt 0.220527 0.517543
vt 0.232529 0.517113
vt 0.252557 0.616425
vt 0.222839 0.523509
vt 0.234427 0.523094
vt 0.248032 0.620406
vt 0.225774 0.529257
vt 0.236835 0.528862
vt 0.243858 0.624096
vt 0.229303 0.534734
vt 0.239732 0.534361
vt 0.240075 0.627460
vt 0.233392 0.539885
vt 0.243087 0.539538
vt 0.226291 0.623101
vt 0.236720 0.630466
vt 0.468870 0.539543
vt 0.465087 0.536397
vt 0.229303 0.463809
vt 0.239731 0.463435
vt 0.246643 0.479717
vt 0.245626 0.485726
vt 0.280268 0.594262
vt 0.444604 0.528297
vt 0.440820 0.523361
vt 0.245011 0.491881
vt 0.276127 0.599753
vt 0.436879 0.518204
vt 0.244806 0.498124
vt 0.272067 0.605154
vt 0.432818 0.512875
vt 0.245011 0.504394
vt 0.268125 0.610410
vt 0.428678 0.507427
vt 0.245626 0.510631
vt 0.264341 0.615472
vt 0.246643 0.516776
vt 0.260751 0.620291
vt 0.248053 0.522768
vt 0.257389 0.624820
vt 0.249843 0.528551
vt 0.254287 0.629017
vt 0.251995 0.534068
vt 0.251476 0.632839
vt 0.254488 0.539266
vt 0.243087 0.458550
vt 0.254488 0.458278
vt 0.251994 0.463142
vt 0.457469 0.544922
vt 0.454658 0.541317
vt 0.249843 0.468371
vt 0.451557 0.537319
vt 0.248053 0.473914
vt 0.448194 0.532965
vt 0.264144 0.636545
vt 0.257299 0.544095
s 1
usemtl Hydrogen.002
f 4973/4577/4966 3991/4578/3984 4017/4579/4010 4018/4580/4011
f 4968/4581/4961 4967/4582/4960 4004/4583/3997 4005/4584/3998
f 4974/4585/4967 4973/4577/4966 4018/4580/4011 4019/4586/4012
f 3984/4587/3977 4968/4581/4961 4005/4584/3998 4006/4588/3999
f 3992/4589/3985 4974/4585/4967 4019/4586/4012 4020/4590/4013
f 4969/4591/4962 3984/4587/3977 4006/4588/3999 4007/4592/4000
f 3993/4593/3986 3992/4589/3985 4020/4590/4013 4021/4594/4014
f 3985/4595/3978 4969/4596/4962 4007/4597/4000 4008/4598/4001
f 3994/4599/3987 3993/4593/3986 4021/4594/4014 4022/4600/4015
f 4970/4601/4963 3985/4595/3978 4008/4598/4001 4009/4602/4002
f 4975/4603/4968 3994/4599/3987 4022/4600/4015 4023/4604/4016
f 4971/4605/4964 4970/4601/4963 4009/4602/4002 4010/4606/4003
f 3995/4607/3988 4975/4608/4968 4023/4609/4016 4024/4610/4017
f 3986/4611/3979 4971/4605/4964 4010/4606/4003 4011/4612/4004
f 3996/4613/3989 3995/4607/3988 4024/4610/4017 4025/4614/4018
f 3987/4615/3980 3986/4611/3979 4011/4612/4004 4012/4616/4005
f 3997/4617/3990 3996/4613/3989 4025/4614/4018 4026/4618/4019
f 3988/4619/3981 3987/4615/3980 4012/4616/4005 4013/4620/4006
f 4963/4621/4956 4497/4622/4490 4000/4623/3993
f 4976/4624/4969 3997/4617/3990 4026/4618/4019 4027/4625/4020
f 3989/4626/3982 3988/4619/3981 4013/4620/4006 4014/4627/4007
f 4964/4628/4957 4963/4621/4956 4000/4623/3993 4001/4629/3994
f 4977/4630/4970 4976/4624/4969 4027/4625/4020 4028/4631/4021
f 4972/4632/4965 3989/4626/3982 4014/4627/4007 4015/4633/4008
f 4965/4634/4958 4964/4628/4957 4001/4629/3994 4002/4635/3995
f 3998/4636/3991 4977/4630/4970 4028/4631/4021 4029/4637/4022
f 3990/4638/3983 4972/4632/4965 4015/4633/4008 4016/4639/4009
f 4966/4640/4959 4965/4634/4958 4002/4635/3995 4003/4641/3996
f 3999/4642/3992 3998/4636/3991 4029/4637/4022 4030/4643/4023
f 3991/4578/3984 3990/4638/3983 4016/4639/4009 4017/4579/4010
f 4967/4582/4960 4966/4640/4959 4003/4641/3996 4004/4583/3997
f 4496/4644/4489 3999/4642/3992 4030/4643/4023
f 4026/4618/4019 4025/4614/4018 4056/4645/4049 4057/4646/4050
f 4013/4620/4006 4012/4616/4005 4043/4647/4036 4044/4648/4037
f 4000/4623/3993 4497/4622/4490 4031/4649/4024
f 4027/4625/4020 4026/4618/4019 4057/4646/4050 4058/4650/4051
f 4014/4627/4007 4013/4620/4006 4044/4648/4037 4045/4651/4038
f 4001/4629/3994 4000/4623/3993 4031/4649/4024 4032/4652/4025
f 4028/4631/4021 4027/4625/4020 4058/4650/4051 4059/4653/4052
f 4015/4633/4008 4014/4627/4007 4045/4651/4038 4046/4654/4039
f 4002/4635/3995 4001/4629/3994 4032/4652/4025 4033/4655/4026
f 4029/4637/4022 4028/4631/4021 4059/4653/4052 4060/4656/4053
f 4016/4639/4009 4015/4633/4008 4046/4654/4039 4047/4657/4040
f 4003/4641/3996 4002/4635/3995 4033/4655/4026 4034/4658/4027
f 4030/4643/4023 4029/4637/4022 4060/4656/4053 4061/4659/4054
f 4017/4579/4010 4016/4639/4009 4047/4657/4040 4048/4660/4041
f 4004/4583/3997 4003/4641/3996 4034/4658/4027 4035/4661/4028
f 4496/4644/4489 4030/4643/4023 4061/4659/4054
f 4018/4580/4011 4017/4579/4010 4048/4660/4041 4049/4662/4042
f 4005/4584/3998 4004/4583/3997 4035/4661/4028 4036/4663/4029
f 4019/4586/4012 4018/4580/4011 4049/4662/4042 4050/4664/4043
f 4006/4588/3999 4005/4584/3998 4036/4663/4029 4037/4665/4030
f 4020/4590/4013 4019/4586/4012 4050/4664/4043 4051/4666/4044
f 4007/4592/4000 4006/4588/3999 4037/4665/4030 4038/4667/4031
f 4021/4594/4014 4020/4590/4013 4051/4666/4044 4052/4668/4045
f 4008/4598/4001 4007/4597/4000 4038/4669/4031 4039/4670/4032
f 4022/4600/4015 4021/4594/4014 4052/4668/4045 4053/4671/4046
f 4009/4602/4002 4008/4598/4001 4039/4670/4032 4040/4672/4033
f 4023/4604/4016 4022/4600/4015 4053/4671/4046 4054/4673/4047
f 4010/4606/4003 4009/4602/4002 4040/4672/4033 4041/4674/4034
f 4024/4610/4017 4023/4609/4016 4054/4675/4047 4055/4676/4048
f 4011/4612/4004 4010/4606/4003 4041/4674/4034 4042/4677/4035
f 4025/4614/4018 4024/4610/4017 4055/4676/4048 4056/4645/4049
f 4012/4616/4005 4011/4612/4004 4042/4677/4035 4043/4647/4036
f 4059/4653/4052 4058/4650/4051 4089/4678/4082 4090/4679/4083
f 4046/4654/4039 4045/4651/4038 4076/4680/4069 4077/4681/4070
f 4033/4655/4026 4032/4652/4025 4063/4682/4056 4064/4683/4057
f 4060/4656/4053 4059/4653/4052 4090/4679/4083 4091/4684/4084
f 4047/4657/4040 4046/4654/4039 4077/4681/4070 4078/4685/4071
f 4034/4658/4027 4033/4655/4026 4064/4683/4057 4065/4686/4058
f 4061/4659/4054 4060/4656/4053 4091/4684/4084 4092/4687/4085
f 4048/4660/4041 4047/4657/4040 4078/4685/4071 4079/4688/4072
f 4035/4661/4028 4034/4658/4027 4065/4686/4058 4066/4689/4059
f 4496/4644/4489 4061/4659/4054 4092/4687/4085
f 4049/4662/4042 4048/4660/4041 4079/4688/4072 4080/4690/4073
f 4036/4663/4029 4035/4661/4028 4066/4689/4059 4067/4691/4060
f 4050/4664/4043 4049/4662/4042 4080/4690/4073 4081/4692/4074
f 4037/4665/4030 4036/4663/4029 4067/4691/4060 4068/4693/4061
f 4051/4666/4044 4050/4664/4043 4081/4692/4074 4082/4694/4075
f 4038/4667/4031 4037/4665/4030 4068/4693/4061 4069/4695/4062
f 4052/4668/4045 4051/4666/4044 4082/4694/4075 4083/4696/4076
f 4039/4670/4032 4038/4669/4031 4069/4697/4062 4070/4698/4063
f 4053/4671/4046 4052/4668/4045 4083/4696/4076 4084/4699/4077
f 4040/4672/4033 4039/4670/4032 4070/4698/4063 4071/4700/4064
f 4054/4673/4047 4053/4671/4046 4084/4699/4077 4085/4701/4078
f 4041/4674/4034 4040/4672/4033 4071/4700/4064 4072/4702/4065
f 4055/4676/4048 4054/4675/4047 4085/4703/4078 4086/4704/4079
f 4042/4677/4035 4041/4674/4034 4072/4702/4065 4073/4705/4066
f 4056/4645/4049 4055/4676/4048 4086/4704/4079 4087/4706/4080
f 4043/4647/4036 4042/4677/4035 4073/4705/4066 4074/4707/4067
f 4057/4646/4050 4056/4645/4049 4087/4706/4080 4088/4708/4081
f 4044/4648/4037 4043/4647/4036 4074/4707/4067 4075/4709/4068
f 4031/4649/4024 4497/4622/4490 4062/4710/4055
f 4058/4650/4051 4057/4646/4050 4088/4708/4081 4089/4678/4082
f 4045/4651/4038 4044/4648/4037 4075/4709/4068 4076/4680/4069
f 4032/4652/4025 4031/4649/4024 4062/4710/4055 4063/4682/4056
f 4092/4687/4085 4091/4684/4084 4122/4711/4115 4123/4712/4116
f 4079/4688/4072 4078/4685/4071 4109/4713/4102 4110/4714/4103
f 4066/4689/4059 4065/4686/4058 4096/4715/4089 4097/4716/4090
f 4496/4644/4489 4092/4687/4085 4123/4712/4116
f 4080/4690/4073 4079/4688/4072 4110/4714/4103 4111/4717/4104
f 4067/4691/4060 4066/4689/4059 4097/4716/4090 4098/4718/4091
f 4081/4692/4074 4080/4690/4073 4111/4717/4104 4112/4719/4105
f 4068/4693/4061 4067/4691/4060 4098/4718/4091 4099/4720/4092
f 4082/4694/4075 4081/4692/4074 4112/4719/4105 4113/4721/4106
f 4069/4695/4062 4068/4693/4061 4099/4720/4092 4100/4722/4093
f 4083/4696/4076 4082/4694/4075 4113/4721/4106 4114/4723/4107
f 4070/4724/4063 4069/4695/4062 4100/4722/4093 4101/4725/4094
f 4084/4699/4077 4083/4696/4076 4114/4723/4107 4115/4726/4108
f 4071/4700/4064 4070/4698/4063 4101/4727/4094 4102/4728/4095
f 4085/4701/4078 4084/4699/4077 4115/4726/4108 4116/4729/4109
f 4072/4702/4065 4071/4700/4064 4102/4728/4095 4103/4730/4096
f 4086/4704/4079 4085/4703/4078 4116/4731/4109 4117/4732/4110
f 4073/4705/4066 4072/4702/4065 4103/4730/4096 4104/4733/4097
f 4087/4706/4080 4086/4704/4079 4117/4732/4110 4118/4734/4111
f 4074/4707/4067 4073/4705/4066 4104/4733/4097 4105/4735/4098
f 4088/4708/4081 4087/4706/4080 4118/4734/4111 4119/4736/4112
f 4075/4709/4068 4074/4707/4067 4105/4735/4098 4106/4737/4099
f 4062/4710/4055 4497/4622/4490 4093/4738/4086
f 4089/4678/4082 4088/4708/4081 4119/4736/4112 4120/4739/4113
f 4076/4680/4069 4075/4709/4068 4106/4737/4099 4107/4740/4100
f 4063/4682/4056 4062/4710/4055 4093/4738/4086 4094/4741/4087
f 4090/4679/4083 4089/4678/4082 4120/4739/4113 4121/4742/4114
f 4077/4681/4070 4076/4680/4069 4107/4740/4100 4108/4743/4101
f 4064/4683/4057 4063/4682/4056 4094/4741/4087 4095/4744/4088
f 4091/4684/4084 4090/4679/4083 4121/4742/4114 4122/4711/4115
f 4078/4685/4071 4077/4681/4070 4108/4743/4101 4109/4713/4102
f 4065/4686/4058 4064/4683/4057 4095/4744/4088 4096/4715/4089
f 4112/4719/4105 4111/4717/4104 4142/4745/4135 4143/4746/4136
f 4099/4720/4092 4098/4718/4091 4129/4747/4122 4130/4748/4123
f 4113/4721/4106 4112/4719/4105 4143/4746/4136 4144/4749/4137
f 4100/4722/4093 4099/4720/4092 4130/4748/4123 4131/4750/4124
f 4114/4723/4107 4113/4721/4106 4144/4749/4137 4145/4751/4138
f 4101/4725/4094 4100/4722/4093 4131/4750/4124 4132/4752/4125
f 4115/4726/4108 4114/4723/4107 4145/4751/4138 4146/4753/4139
f 4102/4728/4095 4101/4727/4094 4132/4754/4125 4133/4755/4126
f 4116/4731/4109 4115/4756/4108 4146/4757/4139 4147/4758/4140
f 4103/4730/4096 4102/4728/4095 4133/4755/4126 4134/4759/4127
f 4117/4732/4110 4116/4731/4109 4147/4758/4140 4148/4760/4141
f 4104/4733/4097 4103/4730/4096 4134/4759/4127 4135/4761/4128
f 4118/4734/4111 4117/4732/4110 4148/4760/4141 4149/4762/4142
f 4105/4735/4098 4104/4733/4097 4135/4761/4128 4136/4763/4129
f 4119/4736/4112 4118/4734/4111 4149/4762/4142 4150/4764/4143
f 4106/4737/4099 4105/4735/4098 4136/4763/4129 4137/4765/4130
f 4093/4738/4086 4497/4622/4490 4124/4766/4117
f 4120/4739/4113 4119/4736/4112 4150/4764/4143 4151/4767/4144
f 4107/4740/4100 4106/4737/4099 4137/4765/4130 4138/4768/4131
f 4094/4741/4087 4093/4738/4086 4124/4766/4117 4125/4769/4118
f 4121/4742/4114 4120/4739/4113 4151/4767/4144 4152/4770/4145
f 4108/4743/4101 4107/4740/4100 4138/4768/4131 4139/4771/4132
f 4095/4744/4088 4094/4741/4087 4125/4769/4118 4126/4772/4119
f 4122/4711/4115 4121/4742/4114 4152/4770/4145 4153/4773/4146
f 4109/4713/4102 4108/4743/4101 4139/4771/4132 4140/4774/4133
f 4096/4715/4089 4095/4744/4088 4126/4772/4119 4127/4775/4120
f 4123/4712/4116 4122/4711/4115 4153/4773/4146 4154/4776/4147
f 4110/4714/4103 4109/4713/4102 4140/4774/4133 4141/4777/4134
f 4097/4716/4090 4096/4715/4089 4127/4775/4120 4128/4778/4121
f 4496/4644/4489 4123/4712/4116 4154/4776/4147
f 4111/4717/4104 4110/4714/4103 4141/4777/4134 4142/4745/4135
f 4098/4718/4091 4097/4716/4090 4128/4778/4121 4129/4747/4122
f 4145/4751/4138 4144/4749/4137 4175/4779/4168 4176/4780/4169
f 4132/4752/4125 4131/4750/4124 4162/4781/4155 4163/4782/4156
f 4146/4753/4139 4145/4751/4138 4176/4780/4169 4177/4783/4170
f 4133/4784/4126 4132/4752/4125 4163/4782/4156 4164/4785/4157
f 4147/4758/4140 4146/4757/4139 4177/4786/4170 4178/4787/4171
f 4134/4788/4127 4133/4789/4126 4164/4790/4157 4165/4791/4158
f 4148/4760/4141 4147/4758/4140 4178/4787/4171 4179/4792/4172
f 4135/4793/4128 4134/4788/4127 4165/4791/4158 4166/4794/4159
f 4149/4762/4142 4148/4760/4141 4179/4792/4172 4180/4795/4173
f 4136/4796/4129 4135/4793/4128 4166/4794/4159 4167/4797/4160
f 4150/4764/4143 4149/4762/4142 4180/4795/4173 4181/4798/4174
f 4137/4799/4130 4136/4796/4129 4167/4797/4160 4168/4800/4161
f 4124/4766/4117 4497/4622/4490 4155/4801/4148
f 4151/4767/4144 4150/4764/4143 4181/4798/4174 4182/4802/4175
f 4138/4803/4131 4137/4799/4130 4168/4800/4161 4169/4804/4162
f 4125/4769/4118 4124/4766/4117 4155/4801/4148 4156/4805/4149
f 4152/4770/4145 4151/4767/4144 4182/4802/4175 4183/4806/4176
f 4139/4807/4132 4138/4803/4131 4169/4804/4162 4170/4808/4163
f 4126/4772/4119 4125/4769/4118 4156/4805/4149 4157/4809/4150
f 4153/4773/4146 4152/4770/4145 4183/4806/4176 4184/4810/4177
f 4140/4774/4133 4139/4771/4132 4170/4811/4163 4171/4812/4164
f 4127/4775/4120 4126/4772/4119 4157/4809/4150 4158/4813/4151
f 4154/4776/4147 4153/4773/4146 4184/4810/4177 4185/4814/4178
f 4141/4777/4134 4140/4774/4133 4171/4812/4164 4172/4815/4165
f 4128/4778/4121 4127/4775/4120 4158/4813/4151 4159/4816/4152
f 4496/4644/4489 4154/4776/4147 4185/4814/4178
f 4142/4745/4135 4141/4777/4134 4172/4815/4165 4173/4817/4166
f 4129/4747/4122 4128/4778/4121 4159/4816/4152 4160/4818/4153
f 4143/4746/4136 4142/4745/4135 4173/4817/4166 4174/4819/4167
f 4130/4748/4123 4129/4747/4122 4160/4818/4153 4161/4820/4154
f 4144/4749/4137 4143/4746/4136 4174/4819/4167 4175/4779/4168
f 4131/4750/4124 4130/4748/4123 4161/4820/4154 4162/4781/4155
f 4178/4787/4171 4177/4786/4170 4208/4821/4201 4209/4822/4202
f 4165/4791/4158 4164/4790/4157 4195/4823/4188 4196/4824/4189
f 4179/4792/4172 4178/4787/4171 4209/4822/4202 4210/4825/4203
f 4166/4794/4159 4165/4791/4158 4196/4824/4189 4197/4826/4190
f 4180/4795/4173 4179/4792/4172 4210/4825/4203 4211/4827/4204
f 4167/4797/4160 4166/4794/4159 4197/4826/4190 4198/4828/4191
f 4181/4798/4174 4180/4795/4173 4211/4827/4204 4212/4829/4205
f 4168/4800/4161 4167/4797/4160 4198/4828/4191 4199/4830/4192
f 4155/4801/4148 4497/4622/4490 4186/4831/4179
f 4182/4802/4175 4181/4798/4174 4212/4829/4205 4213/4832/4206
f 4169/4804/4162 4168/4800/4161 4199/4830/4192 4200/4833/4193
f 4156/4805/4149 4155/4801/4148 4186/4831/4179 4187/4834/4180
f 4183/4806/4176 4182/4802/4175 4213/4832/4206 4214/4835/4207
f 4170/4808/4163 4169/4804/4162 4200/4833/4193 4201/4836/4194
f 4157/4809/4150 4156/4805/4149 4187/4834/4180 4188/4837/4181
f 4184/4810/4177 4183/4806/4176 4214/4835/4207 4215/4838/4208
f 4171/4839/4164 4170/4808/4163 4201/4836/4194 4202/4840/4195
f 4158/4813/4151 4157/4809/4150 4188/4837/4181 4189/4841/4182
f 4185/4814/4178 4184/4810/4177 4215/4838/4208 4216/4842/4209
f 4172/4843/4165 4171/4839/4164 4202/4840/4195 4203/4844/4196
f 4159/4816/4152 4158/4813/4151 4189/4841/4182 4190/4845/4183
f 4496/4644/4489 4185/4814/4178 4216/4842/4209
f 4173/4846/4166 4172/4843/4165 4203/4844/4196 4204/4847/4197
f 4160/4818/4153 4159/4816/4152 4190/4845/4183 4191/4848/4184
f 4174/4849/4167 4173/4846/4166 4204/4847/4197 4205/4850/4198
f 4161/4820/4154 4160/4818/4153 4191/4848/4184 4192/4851/4185
f 4175/4852/4168 4174/4849/4167 4205/4850/4198 4206/4853/4199
f 4162/4781/4155 4161/4820/4154 4192/4851/4185 4193/4854/4186
f 4176/4855/4169 4175/4852/4168 4206/4853/4199 4207/4856/4200
f 4163/4782/4156 4162/4781/4155 4193/4854/4186 4194/4857/4187
f 4177/4858/4170 4176/4855/4169 4207/4856/4200 4208/4859/4201
f 4164/4790/4157 4163/4860/4156 4194/4861/4187 4195/4823/4188
f 4211/4827/4204 4210/4825/4203 4241/4862/4234 4242/4863/4235
f 4198/4828/4191 4197/4826/4190 4228/4864/4221 4229/4865/4222
f 4212/4829/4205 4211/4827/4204 4242/4863/4235 4243/4866/4236
f 4199/4830/4192 4198/4828/4191 4229/4865/4222 4230/4867/4223
f 4186/4831/4179 4497/4622/4490 4217/4868/4210
f 4213/4832/4206 4212/4829/4205 4243/4866/4236 4244/4869/4237
f 4200/4833/4193 4199/4830/4192 4230/4867/4223 4231/4870/4224
f 4187/4834/4180 4186/4831/4179 4217/4868/4210 4218/4871/4211
f 4214/4835/4207 4213/4832/4206 4244/4869/4237 4245/4872/4238
f 4201/4836/4194 4200/4833/4193 4231/4870/4224 4232/4873/4225
f 4188/4837/4181 4187/4834/4180 4218/4871/4211 4219/4874/4212
f 4215/4838/4208 4214/4835/4207 4245/4872/4238 4246/4875/4239
f 4202/4840/4195 4201/4836/4194 4232/4873/4225 4233/4876/4226
f 4189/4841/4182 4188/4837/4181 4219/4874/4212 4220/4877/4213
f 4216/4842/4209 4215/4838/4208 4246/4875/4239 4247/4878/4240
f 4203/4844/4196 4202/4840/4195 4233/4876/4226 4234/4879/4227
f 4190/4845/4183 4189/4841/4182 4220/4877/4213 4221/4880/4214
f 4496/4644/4489 4216/4842/4209 4247/4878/4240
f 4204/4847/4197 4203/4844/4196 4234/4879/4227 4235/4881/4228
f 4191/4848/4184 4190/4845/4183 4221/4880/4214 4222/4882/4215
f 4205/4850/4198 4204/4847/4197 4235/4881/4228 4236/4883/4229
f 4192/4851/4185 4191/4848/4184 4222/4882/4215 4223/4884/4216
f 4206/4853/4199 4205/4850/4198 4236/4883/4229 4237/4885/4230
f 4193/4854/4186 4192/4851/4185 4223/4884/4216 4224/4886/4217
f 4207/4856/4200 4206/4853/4199 4237/4885/4230 4238/4887/4231
f 4194/4861/4187 4193/4888/4186 4224/4889/4217 4225/4890/4218
f 4208/4859/4201 4207/4856/4200 4238/4887/4231 4239/4891/4232
f 4195/4823/4188 4194/4861/4187 4225/4890/4218 4226/4892/4219
f 4209/4822/4202 4208/4821/4201 4239/4893/4232 4240/4894/4233
f 4196/4824/4189 4195/4823/4188 4226/4892/4219 4227/4895/4220
f 4210/4825/4203 4209/4822/4202 4240/4894/4233 4241/4862/4234
f 4197/4826/4190 4196/4824/4189 4227/4895/4220 4228/4864/4221
f 4217/4868/4210 4497/4622/4490 4248/4896/4241
f 4244/4869/4237 4243/4866/4236 4274/4897/4267 4275/4898/4268
f 4231/4870/4224 4230/4867/4223 4261/4899/4254 4262/4900/4255
f 4218/4871/4211 4217/4868/4210 4248/4896/4241 4249/4901/4242
f 4245/4872/4238 4244/4869/4237 4275/4898/4268 4276/4902/4269
f 4232/4873/4225 4231/4870/4224 4262/4900/4255 4263/4903/4256
f 4219/4874/4212 4218/4871/4211 4249/4901/4242 4250/4904/4243
f 4246/4875/4239 4245/4872/4238 4276/4902/4269 4277/4905/4270
f 4233/4876/4226 4232/4873/4225 4263/4903/4256 4264/4906/4257
f 4220/4877/4213 4219/4874/4212 4250/4904/4243 4251/4907/4244
f 4247/4878/4240 4246/4875/4239 4277/4905/4270 4278/4908/4271
f 4234/4879/4227 4233/4876/4226 4264/4906/4257 4265/4909/4258
f 4221/4880/4214 4220/4877/4213 4251/4907/4244 4252/4910/4245
f 4496/4644/4489 4247/4878/4240 4278/4908/4271
f 4235/4881/4228 4234/4879/4227 4265/4909/4258 4266/4911/4259
f 4222/4882/4215 4221/4880/4214 4252/4910/4245 4253/4912/4246
f 4236/4883/4229 4235/4881/4228 4266/4911/4259 4267/4913/4260
f 4223/4884/4216 4222/4882/4215 4253/4912/4246 4254/4914/4247
f 4237/4885/4230 4236/4883/4229 4267/4913/4260 4268/4915/4261
f 4224/4886/4217 4223/4884/4216 4254/4914/4247 4255/4916/4248
f 4238/4887/4231 4237/4885/4230 4268/4915/4261 4269/4917/4262
f 4225/4890/4218 4224/4889/4217 4255/4918/4248 4256/4919/4249
f 4239/4891/4232 4238/4887/4231 4269/4917/4262 4270/4920/4263
f 4226/4892/4219 4225/4890/4218 4256/4919/4249 4257/4921/4250
f 4240/4922/4233 4239/4891/4232 4270/4920/4263 4271/4923/4264
f 4227/4895/4220 4226/4892/4219 4257/4921/4250 4258/4924/4251
f 4241/4862/4234 4240/4894/4233 4271/4925/4264 4272/4926/4265
f 4228/4864/4221 4227/4895/4220 4258/4924/4251 4259/4927/4252
f 4242/4863/4235 4241/4862/4234 4272/4926/4265 4273/4928/4266
f 4229/4865/4222 4228/4864/4221 4259/4927/4252 4260/4929/4253
f 4243/4866/4236 4242/4863/4235 4273/4928/4266 4274/4897/4267
f 4230/4867/4223 4229/4865/4222 4260/4929/4253 4261/4899/4254
f 4250/4904/4243 4249/4901/4242 4280/4930/4273 4281/4931/4274
f 4277/4905/4270 4276/4902/4269 4307/4932/4300 4308/4933/4301
f 4264/4906/4257 4263/4903/4256 4294/4934/4287 4295/4935/4288
f 4251/4907/4244 4250/4904/4243 4281/4931/4274 4282/4936/4275
f 4278/4908/4271 4277/4905/4270 4308/4933/4301 4309/4937/4302
f 4265/4909/4258 4264/4906/4257 4295/4935/4288 4296/4938/4289
f 4252/4910/4245 4251/4907/4244 4282/4936/4275 4283/4939/4276
f 4496/4644/4489 4278/4908/4271 4309/4937/4302
f 4266/4911/4259 4265/4909/4258 4296/4938/4289 4297/4940/4290
f 4253/4912/4246 4252/4910/4245 4283/4939/4276 4284/4941/4277
f 4267/4913/4260 4266/4911/4259 4297/4940/4290 4298/4942/4291
f 4254/4914/4247 4253/4912/4246 4284/4941/4277 4285/4943/4278
f 4268/4915/4261 4267/4913/4260 4298/4942/4291 4299/4944/4292
f 4255/4916/4248 4254/4914/4247 4285/4943/4278 4286/4945/4279
f 4269/4917/4262 4268/4915/4261 4299/4944/4292 4300/4946/4293
f 4256/4919/4249 4255/4918/4248 4286/4947/4279 4287/4948/4280
f 4270/4920/4263 4269/4917/4262 4300/4946/4293 4301/4949/4294
f 4257/4921/4250 4256/4919/4249 4287/4948/4280 4288/4950/4281
f 4271/4923/4264 4270/4920/4263 4301/4949/4294 4302/4951/4295
f 4258/4924/4251 4257/4921/4250 4288/4950/4281 4289/4952/4282
f 4272/4926/4265 4271/4925/4264 4302/4953/4295 4303/4954/4296
f 4259/4927/4252 4258/4924/4251 4289/4952/4282 4290/4955/4283
f 4273/4928/4266 4272/4926/4265 4303/4954/4296 4304/4956/4297
f 4260/4929/4253 4259/4927/4252 4290/4955/4283 4291/4957/4284
f 4274/4897/4267 4273/4928/4266 4304/4956/4297 4305/4958/4298
f 4261/4899/4254 4260/4929/4253 4291/4957/4284 4292/4959/4285
f 4248/4896/4241 4497/4622/4490 4279/4960/4272
f 4275/4898/4268 4274/4897/4267 4305/4958/4298 4306/4961/4299
f 4262/4900/4255 4261/4899/4254 4292/4959/4285 4293/4962/4286
f 4249/4901/4242 4248/4896/4241 4279/4960/4272 4280/4930/4273
f 4276/4902/4269 4275/4898/4268 4306/4961/4299 4307/4932/4300
f 4263/4903/4256 4262/4900/4255 4293/4962/4286 4294/4934/4287
f 4283/4939/4276 4282/4936/4275 4313/4963/4306 4314/4964/4307
f 4496/4644/4489 4309/4937/4302 4340/4965/4333
f 4297/4940/4290 4296/4938/4289 4327/4966/4320 4328/4967/4321
f 4284/4941/4277 4283/4939/4276 4314/4964/4307 4315/4968/4308
f 4298/4942/4291 4297/4940/4290 4328/4967/4321 4329/4969/4322
f 4285/4943/4278 4284/4941/4277 4315/4968/4308 4316/4970/4309
f 4299/4944/4292 4298/4942/4291 4329/4969/4322 4330/4971/4323
f 4286/4945/4279 4285/4943/4278 4316/4970/4309 4317/4972/4310
f 4300/4946/4293 4299/4944/4292 4330/4971/4323 4331/4973/4324
f 4287/4948/4280 4286/4947/4279 4317/4974/4310 4318/4975/4311
f 4301/4949/4294 4300/4946/4293 4331/4973/4324 4332/4976/4325
f 4288/4950/4281 4287/4948/4280 4318/4975/4311 4319/4977/4312
f 4302/4951/4295 4301/4949/4294 4332/4976/4325 4333/4978/4326
f 4289/4952/4282 4288/4950/4281 4319/4977/4312 4320/4979/4313
f 4303/4954/4296 4302/4953/4295 4333/4980/4326 4334/4981/4327
f 4290/4955/4283 4289/4952/4282 4320/4979/4313 4321/4982/4314
f 4304/4956/4297 4303/4954/4296 4334/4981/4327 4335/4983/4328
f 4291/4957/4284 4290/4955/4283 4321/4982/4314 4322/4984/4315
f 4305/4958/4298 4304/4956/4297 4335/4983/4328 4336/4985/4329
f 4292/4959/4285 4291/4957/4284 4322/4984/4315 4323/4986/4316
f 4279/4960/4272 4497/4622/4490 4310/4987/4303
f 4306/4961/4299 4305/4958/4298 4336/4985/4329 4337/4988/4330
f 4293/4962/4286 4292/4959/4285 4323/4986/4316 4324/4989/4317
f 4280/4930/4273 4279/4960/4272 4310/4987/4303 4311/4990/4304
f 4307/4932/4300 4306/4961/4299 4337/4988/4330 4338/4991/4331
f 4294/4934/4287 4293/4962/4286 4324/4989/4317 4325/4992/4318
f 4281/4931/4274 4280/4930/4273 4311/4990/4304 4312/4993/4305
f 4308/4933/4301 4307/4932/4300 4338/4991/4331 4339/4994/4332
f 4295/4935/4288 4294/4934/4287 4325/4992/4318 4326/4995/4319
f 4282/4936/4275 4281/4931/4274 4312/4993/4305 4313/4963/4306
f 4309/4937/4302 4308/4933/4301 4339/4994/4332 4340/4965/4333
f 4296/4938/4289 4295/4935/4288 4326/4995/4319 4327/4966/4320
f 4316/4970/4309 4315/4968/4308 4346/4996/4339 4347/4997/4340
f 4330/4971/4323 4329/4969/4322 4360/4998/4353 4361/4999/4354
f 4317/4972/4310 4316/4970/4309 4347/4997/4340 4348/5000/4341
f 4331/4973/4324 4330/4971/4323 4361/4999/4354 4362/5001/4355
f 4318/4975/4311 4317/4974/4310 4348/5002/4341 4349/5003/4342
f 4332/4976/4325 4331/4973/4324 4362/5001/4355 4363/5004/4356
f 4319/4977/4312 4318/4975/4311 4349/5003/4342 4350/5005/4343
f 4333/4980/4326 4332/5006/4325 4363/5007/4356 4364/5008/4357
f 4320/4979/4313 4319/4977/4312 4350/5005/4343 4351/5009/4344
f 4334/4981/4327 4333/4980/4326 4364/5008/4357 4365/5010/4358
f 4321/4982/4314 4320/4979/4313 4351/5009/4344 4352/5011/4345
f 4335/4983/4328 4334/4981/4327 4365/5010/4358 4366/5012/4359
f 4322/4984/4315 4321/4982/4314 4352/5011/4345 4353/5013/4346
f 4336/4985/4329 4335/4983/4328 4366/5012/4359 4367/5014/4360
f 4323/4986/4316 4322/4984/4315 4353/5013/4346 4354/5015/4347
f 4310/4987/4303 4497/4622/4490 4341/5016/4334
f 4337/4988/4330 4336/4985/4329 4367/5014/4360 4368/5017/4361
f 4324/4989/4317 4323/4986/4316 4354/5015/4347 4355/5018/4348
f 4311/4990/4304 4310/4987/4303 4341/5016/4334 4342/5019/4335
f 4338/4991/4331 4337/4988/4330 4368/5017/4361 4369/5020/4362
f 4325/4992/4318 4324/4989/4317 4355/5018/4348 4356/5021/4349
f 4312/4993/4305 4311/4990/4304 4342/5019/4335 4343/5022/4336
f 4339/4994/4332 4338/4991/4331 4369/5020/4362 4370/5023/4363
f 4326/4995/4319 4325/4992/4318 4356/5021/4349 4357/5024/4350
f 4313/4963/4306 4312/4993/4305 4343/5022/4336 4344/5025/4337
f 4340/4965/4333 4339/4994/4332 4370/5023/4363 4371/5026/4364
f 4327/4966/4320 4326/4995/4319 4357/5024/4350 4358/5027/4351
f 4314/4964/4307 4313/4963/4306 4344/5025/4337 4345/5028/4338
f 4496/4644/4489 4340/4965/4333 4371/5026/4364
f 4328/4967/4321 4327/4966/4320 4358/5027/4351 4359/5029/4352
f 4315/4968/4308 4314/4964/4307 4345/5028/4338 4346/4996/4339
f 4329/4969/4322 4328/4967/4321 4359/5029/4352 4360/4998/4353
f 4349/5030/4342 4348/5000/4341 4379/5031/4372 4380/5032/4373
f 4363/5004/4356 4362/5001/4355 4393/5033/4386 4394/5034/4387
f 4350/5005/4343 4349/5003/4342 4380/5035/4373 4381/5036/4374
f 4364/5008/4357 4363/5007/4356 4394/5037/4387 4395/5038/4388
f 4351/5009/4344 4350/5005/4343 4381/5036/4374 4382/5039/4375
f 4365/5010/4358 4364/5008/4357 4395/5038/4388 4396/5040/4389
f 4352/5011/4345 4351/5009/4344 4382/5039/4375 4383/5041/4376
f 4366/5012/4359 4365/5010/4358 4396/5040/4389 4397/5042/4390
f 4353/5013/4346 4352/5011/4345 4383/5041/4376 4384/5043/4377
f 4367/5014/4360 4366/5012/4359 4397/5042/4390 4398/5044/4391
f 4354/5015/4347 4353/5013/4346 4384/5043/4377 4385/5045/4378
f 4341/5016/4334 4497/4622/4490 4372/5046/4365
f 4368/5017/4361 4367/5014/4360 4398/5044/4391 4399/5047/4392
f 4355/5018/4348 4354/5015/4347 4385/5045/4378 4386/5048/4379
f 4342/5019/4335 4341/5016/4334 4372/5046/4365 4373/5049/4366
f 4369/5020/4362 4368/5017/4361 4399/5047/4392 4400/5050/4393
f 4356/5021/4349 4355/5018/4348 4386/5048/4379 4387/5051/4380
f 4343/5022/4336 4342/5019/4335 4373/5049/4366 4374/5052/4367
f 4370/5023/4363 4369/5020/4362 4400/5050/4393 4401/5053/4394
f 4357/5024/4350 4356/5021/4349 4387/5051/4380 4388/5054/4381
f 4344/5025/4337 4343/5022/4336 4374/5052/4367 4375/5055/4368
f 4371/5026/4364 4370/5023/4363 4401/5053/4394 4402/5056/4395
f 4358/5027/4351 4357/5024/4350 4388/5054/4381 4389/5057/4382
f 4345/5028/4338 4344/5025/4337 4375/5055/4368 4376/5058/4369
f 4496/4644/4489 4371/5026/4364 4402/5056/4395
f 4359/5029/4352 4358/5027/4351 4389/5057/4382 4390/5059/4383
f 4346/4996/4339 4345/5028/4338 4376/5058/4369 4377/5060/4370
f 4360/4998/4353 4359/5029/4352 4390/5059/4383 4391/5061/4384
f 4347/4997/4340 4346/4996/4339 4377/5060/4370 4378/5062/4371
f 4361/4999/4354 4360/4998/4353 4391/5061/4384 4392/5063/4385
f 4348/5000/4341 4347/4997/4340 4378/5062/4371 4379/5031/4372
f 4362/5001/4355 4361/4999/4354 4392/5063/4385 4393/5033/4386
f 4382/5064/4375 4381/5065/4374 4412/5066/4405 4413/5067/4406
f 4396/5040/4389 4395/5038/4388 4426/5068/4419 4427/5069/4420
f 4383/5041/4376 4382/5039/4375 4413/5070/4406 4414/5071/4407
f 4397/5042/4390 4396/5040/4389 4427/5069/4420 4428/5072/4421
f 4384/5043/4377 4383/5041/4376 4414/5071/4407 4415/5073/4408
f 4398/5044/4391 4397/5042/4390 4428/5072/4421 4429/5074/4422
f 4385/5075/4378 4384/5076/4377 4415/5077/4408 4416/5078/4409
f 4372/5046/4365 4497/4622/4490 4403/5079/4396
f 4399/5047/4392 4398/5044/4391 4429/5074/4422 4430/5080/4423
f 4386/5081/4379 4385/5075/4378 4416/5078/4409 4417/5082/4410
f 4373/5049/4366 4372/5046/4365 4403/5079/4396 4404/5083/4397
f 4400/5050/4393 4399/5047/4392 4430/5080/4423 4431/5084/4424
f 4387/5085/4380 4386/5081/4379 4417/5082/4410 4418/5086/4411
f 4374/5052/4367 4373/5049/4366 4404/5083/4397 4405/5087/4398
f 4401/5053/4394 4400/5050/4393 4431/5084/4424 4432/5088/4425
f 4388/5089/4381 4387/5085/4380 4418/5086/4411 4419/5090/4412
f 4375/5055/4368 4374/5052/4367 4405/5087/4398 4406/5091/4399
f 4402/5056/4395 4401/5053/4394 4432/5088/4425 4433/5092/4426
f 4389/5093/4382 4388/5089/4381 4419/5090/4412 4420/5094/4413
f 4376/5058/4369 4375/5055/4368 4406/5091/4399 4407/5095/4400
f 4496/4644/4489 4402/5056/4395 4433/5092/4426
f 4390/5096/4383 4389/5093/4382 4420/5094/4413 4421/5097/4414
f 4377/5060/4370 4376/5058/4369 4407/5095/4400 4408/5098/4401
f 4391/5099/4384 4390/5096/4383 4421/5097/4414 4422/5100/4415
f 4378/5062/4371 4377/5060/4370 4408/5098/4401 4409/5101/4402
f 4392/5063/4385 4391/5061/4384 4422/5102/4415 4423/5103/4416
f 4379/5031/4372 4378/5062/4371 4409/5101/4402 4410/5104/4403
f 4393/5105/4386 4392/5106/4385 4423/5107/4416 4424/5108/4417
f 4380/5032/4373 4379/5031/4372 4410/5104/4403 4411/5109/4404
f 4394/5037/4387 4393/5110/4386 4424/5111/4417 4425/5112/4418
f 4381/5065/4374 4380/5113/4373 4411/5114/4404 4412/5066/4405
f 4395/5038/4388 4394/5037/4387 4425/5112/4418 4426/5068/4419
f 4415/5077/4408 4414/5115/4407 4445/5116/4438 4446/5117/4439
f 4429/5074/4422 4428/5072/4421 4459/5118/4452 4460/5119/4453
f 4416/5078/4409 4415/5077/4408 4446/5117/4439 4447/5120/4440
f 4403/5079/4396 4497/4622/4490 4434/5121/4427
f 4430/5080/4423 4429/5074/4422 4460/5119/4453 4461/5122/4454
f 4417/5082/4410 4416/5078/4409 4447/5120/4440 4448/5123/4441
f 4404/5083/4397 4403/5079/4396 4434/5121/4427 4435/5124/4428
f 4431/5084/4424 4430/5080/4423 4461/5122/4454 4462/5125/4455
f 4418/5086/4411 4417/5082/4410 4448/5123/4441 4449/5126/4442
f 4405/5087/4398 4404/5083/4397 4435/5124/4428 4436/5127/4429
f 4432/5088/4425 4431/5084/4424 4462/5125/4455 4463/5128/4456
f 4419/5090/4412 4418/5086/4411 4449/5126/4442 4450/5129/4443
f 4406/5091/4399 4405/5087/4398 4436/5127/4429 4437/5130/4430
f 4433/5092/4426 4432/5088/4425 4463/5128/4456 4464/5131/4457
f 4420/5094/4413 4419/5090/4412 4450/5129/4443 4451/5132/4444
f 4407/5095/4400 4406/5091/4399 4437/5130/4430 4438/5133/4431
f 4496/4644/4489 4433/5092/4426 4464/5131/4457
f 4421/5097/4414 4420/5094/4413 4451/5132/4444 4452/5134/4445
f 4408/5098/4401 4407/5095/4400 4438/5133/4431 4439/5135/4432
f 4422/5100/4415 4421/5097/4414 4452/5134/4445 4453/5136/4446
f 4409/5101/4402 4408/5098/4401 4439/5135/4432 4440/5137/4433
f 4423/5107/4416 4422/5100/4415 4453/5136/4446 4454/5138/4447
f 4410/5104/4403 4409/5101/4402 4440/5137/4433 4441/5139/4434
f 4424/5108/4417 4423/5107/4416 4454/5138/4447 4455/5140/4448
f 4411/5109/4404 4410/5104/4403 4441/5139/4434 4442/5141/4435
f 4425/5142/4418 4424/5108/4417 4455/5140/4448 4456/5143/4449
f 4412/5066/4405 4411/5114/4404 4442/5144/4435 4443/5145/4436
f 4426/5068/4419 4425/5112/4418 4456/5146/4449 4457/5147/4450
f 4413/5067/4406 4412/5066/4405 4443/5145/4436 4444/5148/4437
f 4427/5069/4420 4426/5068/4419 4457/5147/4450 4458/5149/4451
f 4414/5115/4407 4413/5067/4406 4444/5148/4437 4445/5116/4438
f 4428/5072/4421 4427/5069/4420 4458/5149/4451 4459/5118/4452
f 4448/5123/4441 4447/5120/4440 4478/5150/4471 4479/5151/4472
f 4435/5124/4428 4434/5121/4427 4465/5152/4458 4466/5153/4459
f 4462/5125/4455 4461/5122/4454 4492/5154/4485 4493/5155/4486
f 4449/5126/4442 4448/5123/4441 4479/5151/4472 4480/5156/4473
f 4436/5127/4429 4435/5124/4428 4466/5153/4459 4467/5157/4460
f 4463/5128/4456 4462/5125/4455 4493/5155/4486 4494/5158/4487
f 4450/5129/4443 4449/5126/4442 4480/5156/4473 4481/5159/4474
f 4437/5130/4430 4436/5127/4429 4467/5157/4460 4468/5160/4461
f 4464/5131/4457 4463/5128/4456 4494/5158/4487 4495/5161/4488
f 4451/5132/4444 4450/5129/4443 4481/5159/4474 4482/5162/4475
f 4438/5133/4431 4437/5130/4430 4468/5160/4461 4469/5163/4462
f 4496/4644/4489 4464/5131/4457 4495/5161/4488
f 4452/5134/4445 4451/5132/4444 4482/5162/4475 4483/5164/4476
f 4439/5135/4432 4438/5133/4431 4469/5163/4462 4470/5165/4463
f 4453/5136/4446 4452/5134/4445 4483/5164/4476 4484/5166/4477
f 4440/5137/4433 4439/5135/4432 4470/5165/4463 4471/5167/4464
f 4454/5138/4447 4453/5136/4446 4484/5166/4477 4485/5168/4478
f 4441/5139/4434 4440/5137/4433 4471/5167/4464 4472/5169/4465
f 4455/5140/4448 4454/5138/4447 4485/5168/4478 4486/5170/4479
f 4442/5144/4435 4441/5171/4434 4472/5172/4465 4473/5173/4466
f 4456/5143/4449 4455/5140/4448 4486/5170/4479 4487/5174/4480
f 4443/5145/4436 4442/5144/4435 4473/5173/4466 4474/5175/4467
f 4457/5147/4450 4456/5146/4449 4487/5176/4480 4488/5177/4481
f 4444/5148/4437 4443/5145/4436 4474/5175/4467 4475/5178/4468
f 4458/5149/4451 4457/5147/4450 4488/5177/4481 4489/5179/4482
f 4445/5116/4438 4444/5148/4437 4475/5178/4468 4476/5180/4469
f 4459/5118/4452 4458/5149/4451 4489/5179/4482 4490/5181/4483
f 4446/5117/4439 4445/5116/4438 4476/5180/4469 4477/5182/4470
f 4460/5119/4453 4459/5118/4452 4490/5181/4483 4491/5183/4484
f 4447/5120/4440 4446/5117/4439 4477/5182/4470 4478/5150/4471
f 4434/5121/4427 4497/4622/4490 4465/5152/4458
f 4461/5122/4454 4460/5119/4453 4491/5183/4484 4492/5154/4485
f 4481/5159/4474 4480/5156/4473 4513/5184/4506 4514/5185/4507
f 4468/5160/4461 4467/5157/4460 4500/5186/4493 4501/5187/4494
f 4495/5161/4488 4494/5158/4487 4527/5188/4520 4528/5189/4521
f 4482/5162/4475 4481/5159/4474 4514/5185/4507 4515/5190/4508
f 4469/5163/4462 4468/5160/4461 4501/5187/4494 4502/5191/4495
f 4496/4644/4489 4495/5161/4488 4528/5189/4521
f 4483/5164/4476 4482/5162/4475 4515/5190/4508 4516/5192/4509
f 4470/5165/4463 4469/5163/4462 4502/5191/4495 4503/5193/4496
f 4484/5166/4477 4483/5164/4476 4516/5192/4509 4517/5194/4510
f 4471/5167/4464 4470/5165/4463 4503/5193/4496 4504/5195/4497
f 4485/5168/4478 4484/5166/4477 4517/5194/4510 4518/5196/4511
f 4472/5169/4465 4471/5167/4464 4504/5195/4497 4505/5197/4498
f 4486/5170/4479 4485/5168/4478 4518/5196/4511 4519/5198/4512
f 4473/5173/4466 4472/5172/4465 4505/5199/4498 4506/5200/4499
f 4487/5174/4480 4486/5170/4479 4519/5198/4512 4520/5201/4513
f 4474/5175/4467 4473/5173/4466 4506/5200/4499 4507/5202/4500
f 4488/5203/4481 4487/5174/4480 4520/5201/4513 4521/5204/4514
f 4475/5178/4468 4474/5175/4467 4507/5202/4500 4508/5205/4501
f 4489/5179/4482 4488/5177/4481 4521/5206/4514 4522/5207/4515
f 4476/5180/4469 4475/5178/4468 4508/5205/4501 4509/5208/4502
f 4490/5181/4483 4489/5179/4482 4522/5207/4515 4523/5209/4516
f 4477/5182/4470 4476/5180/4469 4509/5208/4502 4510/5210/4503
f 4491/5183/4484 4490/5181/4483 4523/5209/4516 4524/5211/4517
f 4478/5150/4471 4477/5182/4470 4510/5210/4503 4511/5212/4504
f 4465/5152/4458 4497/4622/4490 4498/5213/4491
f 4492/5154/4485 4491/5183/4484 4524/5211/4517 4525/5214/4518
f 4479/5151/4472 4478/5150/4471 4511/5212/4504 4512/5215/4505
f 4466/5153/4459 4465/5152/4458 4498/5213/4491 4499/5216/4492
f 4493/5155/4486 4492/5154/4485 4525/5214/4518 4526/5217/4519
f 4480/5156/4473 4479/5151/4472 4512/5215/4505 4513/5184/4506
f 4467/5157/4460 4466/5153/4459 4499/5216/4492 4500/5186/4493
f 4494/5158/4487 4493/5155/4486 4526/5217/4519 4527/5188/4520
f 4516/5192/4509 4515/5190/4508 4546/5218/4539 4547/5219/4540
f 4503/5193/4496 4502/5191/4495 4533/5220/4526 4534/5221/4527
f 4517/5194/4510 4516/5192/4509 4547/5219/4540 4548/5222/4541
f 4504/5195/4497 4503/5193/4496 4534/5221/4527 4535/5223/4528
f 4518/5196/4511 4517/5194/4510 4548/5222/4541 4549/5224/4542
f 4505/5197/4498 4504/5195/4497 4535/5223/4528 4536/5225/4529
f 4519/5198/4512 4518/5196/4511 4549/5224/4542 4550/5226/4543
f 4506/5200/4499 4505/5199/4498 4536/5227/4529 4537/5228/4530
f 4520/5201/4513 4519/5198/4512 4550/5226/4543 4551/5229/4544
f 4507/5202/4500 4506/5200/4499 4537/5228/4530 4538/5230/4531
f 4521/5204/4514 4520/5201/4513 4551/5229/4544 4552/5231/4545
f 4508/5205/4501 4507/5202/4500 4538/5230/4531 4539/5232/4532
f 4522/5207/4515 4521/5206/4514 4552/5233/4545 4553/5234/4546
f 4509/5208/4502 4508/5205/4501 4539/5232/4532 4540/5235/4533
f 4523/5209/4516 4522/5207/4515 4553/5234/4546 4554/5236/4547
f 4510/5210/4503 4509/5208/4502 4540/5235/4533 4541/5237/4534
f 4524/5211/4517 4523/5209/4516 4554/5236/4547 4555/5238/4548
f 4511/5212/4504 4510/5210/4503 4541/5237/4534 4542/5239/4535
f 4498/5213/4491 4497/4622/4490 4529/5240/4522
f 4525/5214/4518 4524/5211/4517 4555/5238/4548 4556/5241/4549
f 4512/5215/4505 4511/5212/4504 4542/5239/4535 4543/5242/4536
f 4499/5216/4492 4498/5213/4491 4529/5240/4522 4530/5243/4523
f 4526/5217/4519 4525/5214/4518 4556/5241/4549 4557/5244/4550
f 4513/5184/4506 4512/5215/4505 4543/5242/4536 4544/5245/4537
f 4500/5186/4493 4499/5216/4492 4530/5243/4523 4531/5246/4524
f 4527/5188/4520 4526/5217/4519 4557/5244/4550 4558/5247/4551
f 4514/5185/4507 4513/5184/4506 4544/5245/4537 4545/5248/4538
f 4501/5187/4494 4500/5186/4493 4531/5246/4524 4532/5249/4525
f 4528/5189/4521 4527/5188/4520 4558/5247/4551 4559/5250/4552
f 4515/5190/4508 4514/5185/4507 4545/5248/4538 4546/5218/4539
f 4502/5191/4495 4501/5187/4494 4532/5249/4525 4533/5220/4526
f 4496/4644/4489 4528/5189/4521 4559/5250/4552
f 4549/5224/4542 4548/5222/4541 4579/5251/4572 4580/5252/4573
f 4536/5225/4529 4535/5223/4528 4566/5253/4559 4567/5254/4560
f 4550/5226/4543 4549/5224/4542 4580/5252/4573 4581/5255/4574
f 4537/5228/4530 4536/5227/4529 4567/5256/4560 4568/5257/4561
f 4551/5229/4544 4550/5226/4543 4581/5255/4574 4582/5258/4575
f 4538/5230/4531 4537/5228/4530 4568/5257/4561 4569/5259/4562
f 4552/5231/4545 4551/5229/4544 4582/5258/4575 4583/5260/4576
f 4539/5232/4532 4538/5230/4531 4569/5259/4562 4570/5261/4563
f 4553/5234/4546 4552/5233/4545 4583/5262/4576 4584/5263/4577
f 4540/5235/4533 4539/5232/4532 4570/5261/4563 4571/5264/4564
f 4554/5236/4547 4553/5234/4546 4584/5263/4577 4585/5265/4578
f 4541/5237/4534 4540/5235/4533 4571/5264/4564 4572/5266/4565
f 4555/5238/4548 4554/5236/4547 4585/5265/4578 4586/5267/4579
f 4542/5239/4535 4541/5237/4534 4572/5266/4565 4573/5268/4566
f 4529/5240/4522 4497/4622/4490 4560/5269/4553
f 4556/5241/4549 4555/5238/4548 4586/5267/4579 4587/5270/4580
f 4543/5242/4536 4542/5239/4535 4573/5268/4566 4574/5271/4567
f 4530/5243/4523 4529/5240/4522 4560/5269/4553 4561/5272/4554
f 4557/5244/4550 4556/5241/4549 4587/5270/4580 4588/5273/4581
f 4544/5245/4537 4543/5242/4536 4574/5271/4567 4575/5274/4568
f 4531/5246/4524 4530/5243/4523 4561/5272/4554 4562/5275/4555
f 4558/5247/4551 4557/5244/4550 4588/5273/4581 4589/5276/4582
f 4545/5248/4538 4544/5245/4537 4575/5274/4568 4576/5277/4569
f 4532/5249/4525 4531/5246/4524 4562/5275/4555 4563/5278/4556
f 4559/5250/4552 4558/5247/4551 4589/5276/4582 4590/5279/4583
f 4546/5218/4539 4545/5248/4538 4576/5277/4569 4577/5280/4570
f 4533/5220/4526 4532/5249/4525 4563/5278/4556 4564/5281/4557
f 4496/4644/4489 4559/5250/4552 4590/5279/4583
f 4547/5219/4540 4546/5218/4539 4577/5280/4570 4578/5282/4571
f 4534/5221/4527 4533/5220/4526 4564/5281/4557 4565/5283/4558
f 4548/5222/4541 4547/5219/4540 4578/5282/4571 4579/5251/4572
f 4535/5223/4528 4534/5221/4527 4565/5283/4558 4566/5253/4559
f 4582/5258/4575 4581/5255/4574 4612/5284/4605 4613/5285/4606
f 4569/5259/4562 4568/5257/4561 4599/5286/4592 4600/5287/4593
f 4583/5262/4576 4582/5288/4575 4613/5289/4606 4614/5290/4607
f 4570/5261/4563 4569/5259/4562 4600/5287/4593 4601/5291/4594
f 4584/5263/4577 4583/5262/4576 4614/5290/4607 4615/5292/4608
f 4571/5264/4564 4570/5261/4563 4601/5291/4594 4602/5293/4595
f 4585/5265/4578 4584/5263/4577 4615/5292/4608 4616/5294/4609
f 4572/5266/4565 4571/5264/4564 4602/5293/4595 4603/5295/4596
f 4586/5267/4579 4585/5265/4578 4616/5294/4609 4617/5296/4610
f 4573/5268/4566 4572/5266/4565 4603/5295/4596 4604/5297/4597
f 4560/5269/4553 4497/4622/4490 4591/5298/4584
f 4587/5270/4580 4586/5267/4579 4617/5296/4610 4618/5299/4611
f 4574/5271/4567 4573/5268/4566 4604/5297/4597 4605/5300/4598
f 4561/5272/4554 4560/5269/4553 4591/5298/4584 4592/5301/4585
f 4588/5273/4581 4587/5270/4580 4618/5299/4611 4619/5302/4612
f 4575/5274/4568 4574/5271/4567 4605/5300/4598 4606/5303/4599
f 4562/5275/4555 4561/5272/4554 4592/5301/4585 4593/5304/4586
f 4589/5276/4582 4588/5273/4581 4619/5302/4612 4620/5305/4613
f 4576/5277/4569 4575/5274/4568 4606/5303/4599 4607/5306/4600
f 4563/5278/4556 4562/5275/4555 4593/5304/4586 4594/5307/4587
f 4590/5279/4583 4589/5276/4582 4620/5305/4613 4621/5308/4614
f 4577/5280/4570 4576/5277/4569 4607/5306/4600 4608/5309/4601
f 4564/5281/4557 4563/5278/4556 4594/5307/4587 4595/5310/4588
f 4496/4644/4489 4590/5279/4583 4621/5308/4614
f 4578/5282/4571 4577/5280/4570 4608/5309/4601 4609/5311/4602
f 4565/5283/4558 4564/5281/4557 4595/5310/4588 4596/5312/4589
f 4579/5251/4572 4578/5282/4571 4609/5311/4602 4610/5313/4603
f 4566/5253/4559 4565/5283/4558 4596/5312/4589 4597/5314/4590
f 4580/5252/4573 4579/5251/4572 4610/5313/4603 4611/5315/4604
f 4567/5254/4560 4566/5253/4559 4597/5314/4590 4598/5316/4591
f 4581/5255/4574 4580/5252/4573 4611/5315/4604 4612/5284/4605
f 4568/5257/4561 4567/5256/4560 4598/5317/4591 4599/5286/4592
f 4615/5292/4608 4614/5290/4607 4645/5318/4638 4646/5319/4639
f 4602/5293/4595 4601/5291/4594 4632/5320/4625 4633/5321/4626
f 4616/5294/4609 4615/5292/4608 4646/5319/4639 4647/5322/4640
f 4603/5295/4596 4602/5293/4595 4633/5321/4626 4634/5323/4627
f 4617/5296/4610 4616/5294/4609 4647/5322/4640 4648/5324/4641
f 4604/5297/4597 4603/5295/4596 4634/5323/4627 4635/5325/4628
f 4591/5298/4584 4497/4622/4490 4622/5326/4615
f 4618/5299/4611 4617/5296/4610 4648/5324/4641 4649/5327/4642
f 4605/5300/4598 4604/5297/4597 4635/5325/4628 4636/5328/4629
f 4592/5301/4585 4591/5298/4584 4622/5326/4615 4623/5329/4616
f 4619/5302/4612 4618/5299/4611 4649/5327/4642 4650/5330/4643
f 4606/5303/4599 4605/5300/4598 4636/5328/4629 4637/5331/4630
f 4593/5304/4586 4592/5301/4585 4623/5329/4616 4624/5332/4617
f 4620/5305/4613 4619/5302/4612 4650/5330/4643 4651/5333/4644
f 4607/5306/4600 4606/5303/4599 4637/5331/4630 4638/5334/4631
f 4594/5307/4587 4593/5304/4586 4624/5332/4617 4625/5335/4618
f 4621/5308/4614 4620/5305/4613 4651/5333/4644 4652/5336/4645
f 4608/5309/4601 4607/5306/4600 4638/5334/4631 4639/5337/4632
f 4595/5310/4588 4594/5307/4587 4625/5335/4618 4626/5338/4619
f 4496/4644/4489 4621/5308/4614 4652/5336/4645
f 4609/5311/4602 4608/5309/4601 4639/5337/4632 4640/5339/4633
f 4596/5312/4589 4595/5310/4588 4626/5338/4619 4627/5340/4620
f 4610/5313/4603 4609/5311/4602 4640/5339/4633 4641/5341/4634
f 4597/5314/4590 4596/5312/4589 4627/5340/4620 4628/5342/4621
f 4611/5315/4604 4610/5313/4603 4641/5341/4634 4642/5343/4635
f 4598/5316/4591 4597/5314/4590 4628/5342/4621 4629/5344/4622
f 4612/5284/4605 4611/5315/4604 4642/5343/4635 4643/5345/4636
f 4599/5346/4592 4598/5316/4591 4629/5344/4622 4630/5347/4623
f 4613/5285/4606 4612/5284/4605 4643/5345/4636 4644/5348/4637
f 4600/5287/4593 4599/5286/4592 4630/5349/4623 4631/5350/4624
f 4614/5290/4607 4613/5289/4606 4644/5351/4637 4645/5318/4638
f 4601/5291/4594 4600/5287/4593 4631/5350/4624 4632/5320/4625
f 4648/5324/4641 4647/5322/4640 4678/5352/4671 4679/5353/4672
f 4635/5325/4628 4634/5323/4627 4665/5354/4658 4666/5355/4659
f 4622/5326/4615 4497/4622/4490 4653/5356/4646
f 4649/5327/4642 4648/5324/4641 4679/5353/4672 4680/5357/4673
f 4636/5328/4629 4635/5325/4628 4666/5355/4659 4667/5358/4660
f 4623/5329/4616 4622/5326/4615 4653/5356/4646 4654/5359/4647
f 4650/5330/4643 4649/5327/4642 4680/5357/4673 4681/5360/4674
f 4637/5331/4630 4636/5328/4629 4667/5358/4660 4668/5361/4661
f 4624/5332/4617 4623/5329/4616 4654/5359/4647 4655/5362/4648
f 4651/5333/4644 4650/5330/4643 4681/5360/4674 4682/5363/4675
f 4638/5364/4631 4637/5365/4630 4668/5366/4661 4669/5367/4662
f 4625/5335/4618 4624/5332/4617 4655/5362/4648 4656/5368/4649
f 4652/5336/4645 4651/5333/4644 4682/5363/4675 4683/5369/4676
f 4639/5370/4632 4638/5364/4631 4669/5367/4662 4670/5371/4663
f 4626/5338/4619 4625/5335/4618 4656/5368/4649 4657/5372/4650
f 4496/4644/4489 4652/5336/4645 4683/5369/4676
f 4640/5373/4633 4639/5370/4632 4670/5371/4663 4671/5374/4664
f 4627/5340/4620 4626/5338/4619 4657/5372/4650 4658/5375/4651
f 4641/5376/4634 4640/5373/4633 4671/5374/4664 4672/5377/4665
f 4628/5342/4621 4627/5340/4620 4658/5375/4651 4659/5378/4652
f 4642/5379/4635 4641/5376/4634 4672/5377/4665 4673/5380/4666
f 4629/5344/4622 4628/5342/4621 4659/5378/4652 4660/5381/4653
f 4643/5382/4636 4642/5379/4635 4673/5380/4666 4674/5383/4667
f 4630/5347/4623 4629/5344/4622 4660/5381/4653 4661/5384/4654
f 4644/5351/4637 4643/5385/4636 4674/5386/4667 4675/5387/4668
f 4631/5350/4624 4630/5349/4623 4661/5388/4654 4662/5389/4655
f 4645/5318/4638 4644/5351/4637 4675/5387/4668 4676/5390/4669
f 4632/5320/4625 4631/5350/4624 4662/5389/4655 4663/5391/4656
f 4646/5319/4639 4645/5318/4638 4676/5390/4669 4677/5392/4670
f 4633/5321/4626 4632/5320/4625 4663/5391/4656 4664/5393/4657
f 4647/5322/4640 4646/5319/4639 4677/5392/4670 4678/5352/4671
f 4634/5323/4627 4633/5321/4626 4664/5393/4657 4665/5354/4658
f 4654/5359/4647 4653/5356/4646 4684/5394/4677 4685/5395/4678
f 4681/5360/4674 4680/5357/4673 4711/5396/4704 4712/5397/4705
f 4668/5366/4661 4667/5398/4660 4698/5399/4691 4699/5400/4692
f 4655/5362/4648 4654/5359/4647 4685/5395/4678 4686/5401/4679
f 4682/5363/4675 4681/5360/4674 4712/5397/4705 4713/5402/4706
f 4669/5367/4662 4668/5366/4661 4699/5400/4692 4700/5403/4693
f 4656/5368/4649 4655/5362/4648 4686/5401/4679 4687/5404/4680
f 4683/5369/4676 4682/5363/4675 4713/5402/4706 4714/5405/4707
f 4670/5371/4663 4669/5367/4662 4700/5403/4693 4701/5406/4694
f 4657/5372/4650 4656/5368/4649 4687/5404/4680 4688/5407/4681
f 4496/4644/4489 4683/5369/4676 4714/5405/4707
f 4671/5374/4664 4670/5371/4663 4701/5406/4694 4702/5408/4695
f 4658/5375/4651 4657/5372/4650 4688/5407/4681 4689/5409/4682
f 4672/5377/4665 4671/5374/4664 4702/5408/4695 4703/5410/4696
f 4659/5378/4652 4658/5375/4651 4689/5409/4682 4690/5411/4683
f 4673/5380/4666 4672/5377/4665 4703/5410/4696 4704/5412/4697
f 4660/5381/4653 4659/5378/4652 4690/5411/4683 4691/5413/4684
f 4674/5383/4667 4673/5380/4666 4704/5412/4697 4705/5414/4698
f 4661/5384/4654 4660/5381/4653 4691/5413/4684 4692/5415/4685
f 4675/5416/4668 4674/5383/4667 4705/5414/4698 4706/5417/4699
f 4662/5418/4655 4661/5419/4654 4692/5420/4685 4693/5421/4686
f 4676/5390/4669 4675/5387/4668 4706/5422/4699 4707/5423/4700
f 4663/5424/4656 4662/5418/4655 4693/5421/4686 4694/5425/4687
f 4677/5392/4670 4676/5390/4669 4707/5423/4700 4708/5426/4701
f 4664/5427/4657 4663/5424/4656 4694/5425/4687 4695/5428/4688
f 4678/5352/4671 4677/5392/4670 4708/5426/4701 4709/5429/4702
f 4665/5430/4658 4664/5427/4657 4695/5428/4688 4696/5431/4689
f 4679/5353/4672 4678/5352/4671 4709/5429/4702 4710/5432/4703
f 4666/5433/4659 4665/5430/4658 4696/5431/4689 4697/5434/4690
f 4653/5356/4646 4497/4622/4490 4684/5394/4677
f 4680/5357/4673 4679/5353/4672 4710/5432/4703 4711/5396/4704
f 4667/5398/4660 4666/5433/4659 4697/5434/4690 4698/5399/4691
f 4687/5404/4680 4686/5401/4679 4717/5435/4710 4718/5436/4711
f 4714/5405/4707 4713/5402/4706 4744/5437/4737 4745/5438/4738
f 4701/5406/4694 4700/5403/4693 4731/5439/4724 4732/5440/4725
f 4688/5407/4681 4687/5404/4680 4718/5436/4711 4719/5441/4712
f 4496/4644/4489 4714/5405/4707 4745/5438/4738
f 4702/5408/4695 4701/5406/4694 4732/5440/4725 4733/5442/4726
f 4689/5409/4682 4688/5407/4681 4719/5441/4712 4720/5443/4713
f 4703/5410/4696 4702/5408/4695 4733/5442/4726 4734/5444/4727
f 4690/5411/4683 4689/5409/4682 4720/5443/4713 4721/5445/4714
f 4704/5412/4697 4703/5410/4696 4734/5444/4727 4735/5446/4728
f 4691/5413/4684 4690/5411/4683 4721/5445/4714 4722/5447/4715
f 4705/5414/4698 4704/5412/4697 4735/5446/4728 4736/5448/4729
f 4692/5415/4685 4691/5413/4684 4722/5447/4715 4723/5449/4716
f 4706/5417/4699 4705/5414/4698 4736/5448/4729 4737/5450/4730
f 4693/5421/4686 4692/5420/4685 4723/5451/4716 4724/5452/4717
f 4707/5453/4700 4706/5417/4699 4737/5450/4730 4738/5454/4731
f 4694/5425/4687 4693/5421/4686 4724/5452/4717 4725/5455/4718
f 4708/5426/4701 4707/5423/4700 4738/5456/4731 4739/5457/4732
f 4695/5428/4688 4694/5425/4687 4725/5455/4718 4726/5458/4719
f 4709/5429/4702 4708/5426/4701 4739/5457/4732 4740/5459/4733
f 4696/5431/4689 4695/5428/4688 4726/5458/4719 4727/5460/4720
f 4710/5432/4703 4709/5429/4702 4740/5459/4733 4741/5461/4734
f 4697/5434/4690 4696/5431/4689 4727/5460/4720 4728/5462/4721
f 4684/5394/4677 4497/4622/4490 4715/5463/4708
f 4711/5396/4704 4710/5432/4703 4741/5461/4734 4742/5464/4735
f 4698/5399/4691 4697/5434/4690 4728/5462/4721 4729/5465/4722
f 4685/5395/4678 4684/5394/4677 4715/5463/4708 4716/5466/4709
f 4712/5397/4705 4711/5396/4704 4742/5464/4735 4743/5467/4736
f 4699/5400/4692 4698/5399/4691 4729/5465/4722 4730/5468/4723
f 4686/5401/4679 4685/5395/4678 4716/5466/4709 4717/5435/4710
f 4713/5402/4706 4712/5397/4705 4743/5467/4736 4744/5437/4737
f 4700/5403/4693 4699/5400/4692 4730/5468/4723 4731/5439/4724
f 4720/5443/4713 4719/5441/4712 4750/5469/4743 4751/5470/4744
f 4734/5444/4727 4733/5442/4726 4764/5471/4757 4765/5472/4758
f 4721/5445/4714 4720/5443/4713 4751/5470/4744 4752/5473/4745
f 4735/5446/4728 4734/5444/4727 4765/5472/4758 4766/5474/4759
f 4722/5447/4715 4721/5445/4714 4752/5473/4745 4753/5475/4746
f 4736/5448/4729 4735/5446/4728 4766/5474/4759 4767/5476/4760
f 4723/5451/4716 4722/5477/4715 4753/5478/4746 4754/5479/4747
f 4737/5450/4730 4736/5448/4729 4767/5476/4760 4768/5480/4761
f 4724/5452/4717 4723/5451/4716 4754/5479/4747 4755/5481/4748
f 4738/5454/4731 4737/5450/4730 4768/5480/4761 4769/5482/4762
f 4725/5455/4718 4724/5452/4717 4755/5481/4748 4756/5483/4749
f 4739/5457/4732 4738/5456/4731 4769/5484/4762 4770/5485/4763
f 4726/5458/4719 4725/5455/4718 4756/5483/4749 4757/5486/4750
f 4740/5459/4733 4739/5457/4732 4770/5485/4763 4771/5487/4764
f 4727/5460/4720 4726/5458/4719 4757/5486/4750 4758/5488/4751
f 4741/5461/4734 4740/5459/4733 4771/5487/4764 4772/5489/4765
f 4728/5462/4721 4727/5460/4720 4758/5488/4751 4759/5490/4752
f 4715/5463/4708 4497/4622/4490 4746/5491/4739
f 4742/5464/4735 4741/5461/4734 4772/5489/4765 4773/5492/4766
f 4729/5465/4722 4728/5462/4721 4759/5490/4752 4760/5493/4753
f 4716/5466/4709 4715/5463/4708 4746/5491/4739 4747/5494/4740
f 4743/5467/4736 4742/5464/4735 4773/5492/4766 4774/5495/4767
f 4730/5468/4723 4729/5465/4722 4760/5493/4753 4761/5496/4754
f 4717/5435/4710 4716/5466/4709 4747/5494/4740 4748/5497/4741
f 4744/5437/4737 4743/5467/4736 4774/5495/4767 4775/5498/4768
f 4731/5439/4724 4730/5468/4723 4761/5496/4754 4762/5499/4755
f 4718/5436/4711 4717/5435/4710 4748/5497/4741 4749/5500/4742
f 4745/5438/4738 4744/5437/4737 4775/5498/4768 4776/5501/4769
f 4732/5440/4725 4731/5439/4724 4762/5499/4755 4763/5502/4756
f 4719/5441/4712 4718/5436/4711 4749/5500/4742 4750/5469/4743
f 4496/4644/4489 4745/5438/4738 4776/5501/4769
f 4733/5442/4726 4732/5440/4725 4763/5502/4756 4764/5471/4757
f 4753/5475/4746 4752/5473/4745 4783/5503/4776 4784/5504/4777
f 4767/5476/4760 4766/5474/4759 4797/5505/4790 4798/5506/4791
f 4754/5479/4747 4753/5478/4746 4784/5507/4777 4785/5508/4778
f 4768/5480/4761 4767/5476/4760 4798/5506/4791 4799/5509/4792
f 4755/5481/4748 4754/5479/4747 4785/5508/4778 4786/5510/4779
f 4769/5482/4762 4768/5480/4761 4799/5509/4792 4800/5511/4793
f 4756/5483/4749 4755/5481/4748 4786/5510/4779 4787/5512/4780
f 4770/5485/4763 4769/5484/4762 4800/5513/4793 4801/5514/4794
f 4757/5486/4750 4756/5483/4749 4787/5512/4780 4788/5515/4781
f 4771/5487/4764 4770/5485/4763 4801/5514/4794 4802/5516/4795
f 4758/5488/4751 4757/5486/4750 4788/5515/4781 4789/5517/4782
f 4772/5489/4765 4771/5487/4764 4802/5516/4795 4803/5518/4796
f 4759/5490/4752 4758/5488/4751 4789/5517/4782 4790/5519/4783
f 4746/5491/4739 4497/4622/4490 4777/5520/4770
f 4773/5492/4766 4772/5489/4765 4803/5518/4796 4804/5521/4797
f 4760/5493/4753 4759/5490/4752 4790/5519/4783 4791/5522/4784
f 4747/5494/4740 4746/5491/4739 4777/5520/4770 4778/5523/4771
f 4774/5495/4767 4773/5492/4766 4804/5521/4797 4805/5524/4798
f 4761/5496/4754 4760/5493/4753 4791/5522/4784 4792/5525/4785
f 4748/5497/4741 4747/5494/4740 4778/5523/4771 4779/5526/4772
f 4775/5498/4768 4774/5495/4767 4805/5524/4798 4806/5527/4799
f 4762/5499/4755 4761/5496/4754 4792/5525/4785 4793/5528/4786
f 4749/5500/4742 4748/5497/4741 4779/5526/4772 4780/5529/4773
f 4776/5501/4769 4775/5498/4768 4806/5527/4799 4807/5530/4800
f 4763/5502/4756 4762/5499/4755 4793/5528/4786 4794/5531/4787
f 4750/5469/4743 4749/5500/4742 4780/5529/4773 4781/5532/4774
f 4496/4644/4489 4776/5501/4769 4807/5530/4800
f 4764/5471/4757 4763/5502/4756 4794/5531/4787 4795/5533/4788
f 4751/5470/4744 4750/5469/4743 4781/5532/4774 4782/5534/4775
f 4765/5472/4758 4764/5471/4757 4795/5533/4788 4796/5535/4789
f 4752/5473/4745 4751/5470/4744 4782/5534/4775 4783/5503/4776
f 4766/5474/4759 4765/5472/4758 4796/5535/4789 4797/5505/4790
f 4782/5534/4775 4781/5532/4774 4812/5536/4805 4813/5537/4806
f 4796/5535/4789 4795/5533/4788 4826/5538/4819 4827/5539/4820
f 4783/5503/4776 4782/5534/4775 4813/5537/4806 4814/5540/4807
f 4797/5505/4790 4796/5535/4789 4827/5539/4820 4828/5541/4821
f 4784/5504/4777 4783/5503/4776 4814/5540/4807 4815/5542/4808
f 4798/5506/4791 4797/5505/4790 4828/5541/4821 4829/5543/4822
f 4785/5508/4778 4784/5507/4777 4815/5544/4808 4816/5545/4809
f 4799/5509/4792 4798/5506/4791 4829/5543/4822 4830/5546/4823
f 4786/5510/4779 4785/5508/4778 4816/5545/4809 4817/5547/4810
f 4800/5511/4793 4799/5509/4792 4830/5546/4823 4831/5548/4824
f 4787/5512/4780 4786/5510/4779 4817/5547/4810 4818/5549/4811
f 4801/5514/4794 4800/5513/4793 4831/5550/4824 4832/5551/4825
f 4788/5515/4781 4787/5512/4780 4818/5549/4811 4819/5552/4812
f 4802/5516/4795 4801/5514/4794 4832/5551/4825 4833/5553/4826
f 4789/5517/4782 4788/5515/4781 4819/5552/4812 4820/5554/4813
f 4803/5518/4796 4802/5516/4795 4833/5553/4826 4834/5555/4827
f 4790/5519/4783 4789/5517/4782 4820/5554/4813 4821/5556/4814
f 4777/5520/4770 4497/4622/4490 4808/5557/4801
f 4804/5521/4797 4803/5518/4796 4834/5555/4827 4835/5558/4828
f 4791/5522/4784 4790/5519/4783 4821/5556/4814 4822/5559/4815
f 4778/5523/4771 4777/5520/4770 4808/5557/4801 4809/5560/4802
f 4805/5524/4798 4804/5521/4797 4835/5558/4828 4836/5561/4829
f 4792/5525/4785 4791/5522/4784 4822/5559/4815 4823/5562/4816
f 4779/5526/4772 4778/5523/4771 4809/5560/4802 4810/5563/4803
f 4806/5527/4799 4805/5524/4798 4836/5561/4829 4837/5564/4830
f 4793/5528/4786 4792/5525/4785 4823/5562/4816 4824/5565/4817
f 4780/5529/4773 4779/5526/4772 4810/5563/4803 4811/5566/4804
f 4807/5530/4800 4806/5527/4799 4837/5564/4830 4838/5567/4831
f 4794/5531/4787 4793/5528/4786 4824/5565/4817 4825/5568/4818
f 4781/5532/4774 4780/5529/4773 4811/5566/4804 4812/5536/4805
f 4496/4644/4489 4807/5530/4800 4838/5567/4831
f 4795/5533/4788 4794/5531/4787 4825/5568/4818 4826/5538/4819
f 4815/5542/4808 4814/5540/4807 4845/5569/4838 4846/5570/4839
f 4829/5543/4822 4828/5541/4821 4859/5571/4852 4860/5572/4853
f 4816/5573/4809 4815/5542/4808 4846/5570/4839 4847/5574/4840
f 4830/5546/4823 4829/5543/4822 4860/5572/4853 4861/5575/4854
f 4817/5547/4810 4816/5545/4809 4847/5576/4840 4848/5577/4841
f 4831/5548/4824 4830/5546/4823 4861/5575/4854 4862/5578/4855
f 4818/5549/4811 4817/5547/4810 4848/5577/4841 4849/5579/4842
f 4832/5551/4825 4831/5550/4824 4862/5580/4855 4863/5581/4856
f 4819/5552/4812 4818/5549/4811 4849/5579/4842 4850/5582/4843
f 4833/5553/4826 4832/5551/4825 4863/5581/4856 4864/5583/4857
f 4820/5554/4813 4819/5552/4812 4850/5582/4843 4851/5584/4844
f 4834/5555/4827 4833/5553/4826 4864/5583/4857 4865/5585/4858
f 4821/5556/4814 4820/5554/4813 4851/5584/4844 4852/5586/4845
f 4808/5557/4801 4497/4622/4490 4839/5587/4832
f 4835/5558/4828 4834/5555/4827 4865/5585/4858 4866/5588/4859
f 4822/5559/4815 4821/5556/4814 4852/5586/4845 4853/5589/4846
f 4809/5560/4802 4808/5557/4801 4839/5587/4832 4840/5590/4833
f 4836/5561/4829 4835/5558/4828 4866/5588/4859 4867/5591/4860
f 4823/5562/4816 4822/5559/4815 4853/5589/4846 4854/5592/4847
f 4810/5563/4803 4809/5560/4802 4840/5590/4833 4841/5593/4834
f 4837/5564/4830 4836/5561/4829 4867/5591/4860 4868/5594/4861
f 4824/5565/4817 4823/5562/4816 4854/5592/4847 4855/5595/4848
f 4811/5566/4804 4810/5563/4803 4841/5593/4834 4842/5596/4835
f 4838/5567/4831 4837/5564/4830 4868/5594/4861 4869/5597/4862
f 4825/5568/4818 4824/5565/4817 4855/5595/4848 4856/5598/4849
f 4812/5536/4805 4811/5566/4804 4842/5596/4835 4843/5599/4836
f 4496/4644/4489 4838/5567/4831 4869/5597/4862
f 4826/5538/4819 4825/5568/4818 4856/5598/4849 4857/5600/4850
f 4813/5537/4806 4812/5536/4805 4843/5599/4836 4844/5601/4837
f 4827/5539/4820 4826/5538/4819 4857/5600/4850 4858/5602/4851
f 4814/5540/4807 4813/5537/4806 4844/5601/4837 4845/5569/4838
f 4828/5541/4821 4827/5539/4820 4858/5602/4851 4859/5571/4852
f 4848/5577/4841 4847/5576/4840 4878/5603/4871 4879/5604/4872
f 4862/5580/4855 4861/5605/4854 4892/5606/4885 4893/5607/4886
f 4849/5579/4842 4848/5577/4841 4879/5604/4872 4880/5608/4873
f 4863/5581/4856 4862/5580/4855 4893/5607/4886 4894/5609/4887
f 4850/5582/4843 4849/5579/4842 4880/5608/4873 4881/5610/4874
f 4864/5583/4857 4863/5581/4856 4894/5609/4887 4895/5611/4888
f 4851/5584/4844 4850/5582/4843 4881/5610/4874 4882/5612/4875
f 4865/5585/4858 4864/5583/4857 4895/5611/4888 4896/5613/4889
f 4852/5586/4845 4851/5584/4844 4882/5612/4875 4883/5614/4876
f 4839/5587/4832 4497/4622/4490 4870/5615/4863
f 4866/5588/4859 4865/5585/4858 4896/5613/4889 4897/5616/4890
f 4853/5589/4846 4852/5586/4845 4883/5614/4876 4884/5617/4877
f 4840/5590/4833 4839/5587/4832 4870/5615/4863 4871/5618/4864
f 4867/5591/4860 4866/5588/4859 4897/5616/4890 4898/5619/4891
f 4854/5592/4847 4853/5589/4846 4884/5617/4877 4885/5620/4878
f 4841/5593/4834 4840/5590/4833 4871/5618/4864 4872/5621/4865
f 4868/5594/4861 4867/5591/4860 4898/5619/4891 4899/5622/4892
f 4855/5595/4848 4854/5592/4847 4885/5620/4878 4886/5623/4879
f 4842/5596/4835 4841/5593/4834 4872/5621/4865 4873/5624/4866
f 4869/5597/4862 4868/5594/4861 4899/5622/4892 4900/5625/4893
f 4856/5598/4849 4855/5595/4848 4886/5623/4879 4887/5626/4880
f 4843/5599/4836 4842/5596/4835 4873/5624/4866 4874/5627/4867
f 4496/4644/4489 4869/5597/4862 4900/5625/4893
f 4857/5600/4850 4856/5598/4849 4887/5626/4880 4888/5628/4881
f 4844/5601/4837 4843/5599/4836 4874/5627/4867 4875/5629/4868
f 4858/5602/4851 4857/5600/4850 4888/5628/4881 4889/5630/4882
f 4845/5569/4838 4844/5601/4837 4875/5629/4868 4876/5631/4869
f 4859/5571/4852 4858/5602/4851 4889/5630/4882 4890/5632/4883
f 4846/5570/4839 4845/5569/4838 4876/5631/4869 4877/5633/4870
f 4860/5572/4853 4859/5571/4852 4890/5632/4883 4891/5634/4884
f 4847/5574/4840 4846/5570/4839 4877/5633/4870 4878/5635/4871
f 4861/5575/4854 4860/5572/4853 4891/5634/4884 4892/5636/4885
f 4881/5637/4874 4880/5638/4873 4911/5639/4904 4912/5640/4905
f 4895/5611/4888 4894/5609/4887 4925/5641/4918 4926/5642/4919
f 4882/5643/4875 4881/5637/4874 4912/5640/4905 4913/5644/4906
f 4896/5613/4889 4895/5611/4888 4926/5642/4919 4927/5645/4920
f 4883/5646/4876 4882/5643/4875 4913/5644/4906 4914/5647/4907
f 4870/5615/4863 4497/4622/4490 4901/5648/4894
f 4897/5616/4890 4896/5613/4889 4927/5645/4920 4928/5649/4921
f 4884/5650/4877 4883/5646/4876 4914/5647/4907 4915/5651/4908
f 4871/5618/4864 4870/5615/4863 4901/5648/4894 4902/5652/4895
f 4898/5619/4891 4897/5616/4890 4928/5649/4921 4929/5653/4922
f 4885/5654/4878 4884/5650/4877 4915/5651/4908 4916/5655/4909
f 4872/5621/4865 4871/5618/4864 4902/5652/4895 4903/5656/4896
f 4899/5622/4892 4898/5619/4891 4929/5653/4922 4930/5657/4923
f 4886/5658/4879 4885/5654/4878 4916/5655/4909 4917/5659/4910
f 4873/5624/4866 4872/5621/4865 4903/5656/4896 4904/5660/4897
f 4900/5625/4893 4899/5622/4892 4930/5657/4923 4931/5661/4924
f 4887/5662/4880 4886/5658/4879 4917/5659/4910 4918/5663/4911
f 4874/5627/4867 4873/5624/4866 4904/5660/4897 4905/5664/4898
f 4496/4644/4489 4900/5625/4893 4931/5661/4924
f 4888/5665/4881 4887/5662/4880 4918/5663/4911 4919/5666/4912
f 4875/5629/4868 4874/5627/4867 4905/5664/4898 4906/5667/4899
f 4889/5668/4882 4888/5665/4881 4919/5666/4912 4920/5669/4913
f 4876/5631/4869 4875/5629/4868 4906/5667/4899 4907/5670/4900
f 4890/5671/4883 4889/5668/4882 4920/5669/4913 4921/5672/4914
f 4877/5633/4870 4876/5631/4869 4907/5670/4900 4908/5673/4901
f 4891/5674/4884 4890/5671/4883 4921/5672/4914 4922/5675/4915
f 4878/5635/4871 4877/5633/4870 4908/5673/4901 4909/5676/4902
f 4892/5677/4885 4891/5674/4884 4922/5675/4915 4923/5678/4916
f 4879/5679/4872 4878/5635/4871 4909/5676/4902 4910/5680/4903
f 4893/5607/4886 4892/5606/4885 4923/5681/4916 4924/5682/4917
f 4880/5638/4873 4879/5683/4872 4910/5684/4903 4911/5639/4904
f 4894/5609/4887 4893/5607/4886 4924/5682/4917 4925/5641/4918
f 4914/5647/4907 4913/5644/4906 4944/5685/4937 4945/5686/4938
f 4901/5648/4894 4497/4622/4490 4932/5687/4925
f 4928/5649/4921 4927/5645/4920 4958/5688/4951 4959/5689/4952
f 4915/5651/4908 4914/5647/4907 4945/5686/4938 4946/5690/4939
f 4902/5652/4895 4901/5648/4894 4932/5687/4925 4933/5691/4926
f 4929/5653/4922 4928/5649/4921 4959/5689/4952 4960/5692/4953
f 4916/5655/4909 4915/5651/4908 4946/5690/4939 4947/5693/4940
f 4903/5656/4896 4902/5652/4895 4933/5691/4926 4934/5694/4927
f 4930/5657/4923 4929/5653/4922 4960/5692/4953 4961/5695/4954
f 4917/5659/4910 4916/5655/4909 4947/5693/4940 4948/5696/4941
f 4904/5660/4897 4903/5656/4896 4934/5694/4927 4935/5697/4928
f 4931/5661/4924 4930/5657/4923 4961/5695/4954 4962/5698/4955
f 4918/5663/4911 4917/5659/4910 4948/5696/4941 4949/5699/4942
f 4905/5664/4898 4904/5660/4897 4935/5697/4928 4936/5700/4929
f 4496/4644/4489 4931/5661/4924 4962/5698/4955
f 4919/5666/4912 4918/5663/4911 4949/5699/4942 4950/5701/4943
f 4906/5667/4899 4905/5664/4898 4936/5700/4929 4937/5702/4930
f 4920/5669/4913 4919/5666/4912 4950/5701/4943 4951/5703/4944
f 4907/5670/4900 4906/5667/4899 4937/5702/4930 4938/5704/4931
f 4921/5672/4914 4920/5669/4913 4951/5703/4944 4952/5705/4945
f 4908/5673/4901 4907/5670/4900 4938/5704/4931 4939/5706/4932
f 4922/5675/4915 4921/5672/4914 4952/5705/4945 4953/5707/4946
f 4909/5676/4902 4908/5673/4901 4939/5706/4932 4940/5708/4933
f 4923/5678/4916 4922/5675/4915 4953/5707/4946 4954/5709/4947
f 4910/5684/4903 4909/5710/4902 4940/5711/4933 4941/5712/4934
f 4924/5682/4917 4923/5681/4916 4954/5713/4947 4955/5714/4948
f 4911/5639/4904 4910/5684/4903 4941/5712/4934 4942/5715/4935
f 4925/5641/4918 4924/5682/4917 4955/5714/4948 4956/5716/4949
f 4912/5640/4905 4911/5639/4904 4942/5715/4935 4943/5717/4936
f 4926/5642/4919 4925/5641/4918 4956/5716/4949 4957/5718/4950
f 4913/5644/4906 4912/5640/4905 4943/5717/4936 4944/5685/4937
f 4927/5645/4920 4926/5642/4919 4957/5718/4950 4958/5688/4951
f 4947/5693/4940 4946/5690/4939 3989/4626/3982 4972/4632/4965
f 4934/5694/4927 4933/5691/4926 4964/4628/4957 4965/4634/4958
f 4961/5695/4954 4960/5692/4953 4977/4630/4970 3998/4636/3991
f 4948/5696/4941 4947/5693/4940 4972/4632/4965 3990/4638/3983
f 4935/5697/4928 4934/5694/4927 4965/4634/4958 4966/4640/4959
f 4962/5698/4955 4961/5695/4954 3998/4636/3991 3999/4642/3992
f 4949/5699/4942 4948/5696/4941 3990/4638/3983 3991/4578/3984
f 4936/5700/4929 4935/5697/4928 4966/4640/4959 4967/4582/4960
f 4496/4644/4489 4962/5698/4955 3999/4642/3992
f 4950/5701/4943 4949/5699/4942 3991/4578/3984 4973/4577/4966
f 4937/5702/4930 4936/5700/4929 4967/4582/4960 4968/4581/4961
f 4951/5703/4944 4950/5701/4943 4973/4577/4966 4974/4585/4967
f 4938/5704/4931 4937/5702/4930 4968/4581/4961 3984/4587/3977
f 4952/5705/4945 4951/5703/4944 4974/4585/4967 3992/4589/3985
f 4939/5706/4932 4938/5704/4931 3984/4587/3977 4969/4591/4962
f 4953/5707/4946 4952/5705/4945 3992/4589/3985 3993/4593/3986
f 4940/5708/4933 4939/5706/4932 4969/4591/4962 3985/5719/3978
f 4954/5709/4947 4953/5707/4946 3993/4593/3986 3994/4599/3987
f 4941/5712/4934 4940/5711/4933 3985/4595/3978 4970/4601/4963
f 4955/5720/4948 4954/5709/4947 3994/4599/3987 4975/4603/4968
f 4942/5715/4935 4941/5712/4934 4970/4601/4963 4971/4605/4964
f 4956/5716/4949 4955/5714/4948 4975/4608/4968 3995/4607/3988
f 4943/5717/4936 4942/5715/4935 4971/4605/4964 3986/4611/3979
f 4957/5718/4950 4956/5716/4949 3995/4607/3988 3996/4613/3989
f 4944/5685/4937 4943/5717/4936 3986/4611/3979 3987/4615/3980
f 4958/5688/4951 4957/5718/4950 3996/4613/3989 3997/4617/3990
f 4945/5686/4938 4944/5685/4937 3987/4615/3980 3988/4619/3981
f 4932/5687/4925 4497/4622/4490 4963/4621/4956
f 4959/5689/4952 4958/5688/4951 3997/4617/3990 4976/4624/4969
f 4946/5690/4939 4945/5686/4938 3988/4619/3981 3989/4626/3982
f 4933/5691/4926 4932/5687/4925 4963/4621/4956 4964/4628/4957
f 4960/5692/4953 4959/5689/4952 4976/4624/4969 4977/4630/4970
o Hydrogen_ball
v 0.533839 0.708348 -0.797874
v 0.533839 0.611697 -0.894524
v 0.533839 0.436193 -0.999717
v 0.533839 0.371769 -1.022769
v 0.533839 0.305395 -1.039395
v 0.533839 0.237711 -1.049435
v 0.533839 0.101026 -1.049435
v 0.533839 0.033342 -1.039395
v 0.533839 -0.159311 -0.970462
v 0.533839 -0.218001 -0.935285
v 0.533839 -0.272960 -0.894524
v 0.533839 -0.369611 -0.797874
v 0.533839 -0.410371 -0.742915
v 0.533839 -0.445548 -0.684225
v 0.533839 -0.514481 -0.491571
v 0.533839 -0.524521 -0.423887
v 0.547172 0.863258 -0.422574
v 0.560376 0.853218 -0.488958
v 0.573325 0.836592 -0.554056
v 0.585894 0.813541 -0.617243
v 0.597961 0.784286 -0.677910
v 0.609411 0.749108 -0.735472
v 0.620133 0.708348 -0.789375
v 0.630024 0.662397 -0.839100
v 0.638989 0.611697 -0.884168
v 0.646941 0.556738 -0.924145
v 0.653803 0.498049 -0.958647
v 0.659511 0.436193 -0.987340
v 0.664008 0.371769 -1.009948
v 0.667251 0.305395 -1.026255
v 0.669210 0.237711 -1.036102
v 0.669865 0.169369 -1.039395
v 0.669210 0.101026 -1.036102
v 0.667251 0.033342 -1.026255
v 0.664008 -0.033031 -1.009948
v 0.659511 -0.097456 -0.987340
v 0.653803 -0.159311 -0.958647
v 0.646941 -0.218001 -0.924145
v 0.638989 -0.272960 -0.884168
v 0.630024 -0.323659 -0.839100
v 0.620133 -0.369611 -0.789375
v 0.609411 -0.410371 -0.735472
v 0.597961 -0.445548 -0.677910
v 0.585894 -0.474804 -0.617243
v 0.573325 -0.497855 -0.554056
v 0.560376 -0.514481 -0.488958
v 0.547172 -0.524521 -0.422574
v 0.559992 0.863258 -0.418685
v 0.585894 0.853218 -0.481217
v 0.611294 0.836592 -0.542538
v 0.635948 0.813541 -0.602059
v 0.659619 0.784286 -0.659206
v 0.682079 0.749108 -0.713428
v 0.703111 0.708348 -0.764204
v 0.722513 0.662397 -0.811044
v 0.740097 0.611697 -0.853497
v 0.755696 0.556738 -0.891155
v 0.769157 0.498049 -0.923654
v 0.780353 0.436193 -0.950683
v 0.789174 0.371769 -0.971979
v 0.795537 0.305395 -0.987340
v 0.799379 0.237711 -0.996615
v 0.800664 0.169369 -0.999717
v 0.799379 0.101026 -0.996615
v 0.795537 0.033342 -0.987340
v 0.789174 -0.033031 -0.971979
v 0.780353 -0.097456 -0.950683
v 0.769157 -0.159311 -0.923654
v 0.755696 -0.218001 -0.891155
v 0.740097 -0.272960 -0.853497
v 0.722513 -0.323659 -0.811044
v 0.703111 -0.369611 -0.764204
v 0.682079 -0.410371 -0.713428
v 0.659619 -0.445548 -0.659206
v 0.635948 -0.474804 -0.602059
v 0.611294 -0.497855 -0.542538
v 0.585894 -0.514481 -0.481217
v 0.559992 -0.524521 -0.418685
v 0.571808 0.863258 -0.412370
v 0.609411 0.853218 -0.468647
v 0.646286 0.836592 -0.523835
v 0.682079 0.813541 -0.577402
v 0.716444 0.784286 -0.628832
v 0.749050 0.749108 -0.677631
v 0.779584 0.708348 -0.723328
v 0.807751 0.662397 -0.765483
v 0.833280 0.611697 -0.803690
v 0.855925 0.556738 -0.837581
v 0.875468 0.498049 -0.866830
v 0.891722 0.436193 -0.891155
v 0.904529 0.371769 -0.910321
v 0.913765 0.305395 -0.924145
v 0.919343 0.237711 -0.932493
v 0.921209 0.169369 -0.935285
v 0.919343 0.101026 -0.932493
v 0.913765 0.033342 -0.924145
v 0.904529 -0.033031 -0.910321
v 0.891722 -0.097456 -0.891155
v 0.875468 -0.159311 -0.866830
v 0.855925 -0.218001 -0.837581
v 0.833280 -0.272960 -0.803690
v 0.807751 -0.323659 -0.765483
v 0.779584 -0.369611 -0.723328
v 0.749050 -0.410371 -0.677631
v 0.716444 -0.445548 -0.628832
v 0.682079 -0.474804 -0.577402
v 0.646286 -0.497855 -0.523835
v 0.609411 -0.514481 -0.468647
v 0.571808 -0.524521 -0.412370
v 0.582164 0.863258 -0.403870
v 0.630024 0.853218 -0.451730
v 0.676957 0.836592 -0.498664
v 0.722513 0.813541 -0.544219
v 0.766251 0.784286 -0.587957
v 0.807751 0.749108 -0.629457
v 0.846613 0.708348 -0.668319
v 0.882462 0.662397 -0.704169
v 0.914955 0.611697 -0.736661
v 0.943777 0.556738 -0.765483
v 0.968651 0.498049 -0.790357
v 0.989337 0.436193 -0.811044
v 1.005637 0.371769 -0.827344
v 1.017394 0.305395 -0.839100
v 1.024493 0.237711 -0.846199
v 1.026867 0.169369 -0.848573
v 1.024493 0.101026 -0.846199
v 1.017394 0.033342 -0.839100
v 1.005637 -0.033031 -0.827344
v 0.989337 -0.097456 -0.811044
v 0.968651 -0.159311 -0.790357
v 0.943777 -0.218001 -0.765483
v 0.914955 -0.272960 -0.736661
v 0.882462 -0.323659 -0.704169
v 0.846613 -0.369611 -0.668319
v 0.807751 -0.410371 -0.629457
v 0.766251 -0.445548 -0.587957
v 0.722513 -0.474804 -0.544219
v 0.676957 -0.497855 -0.498664
v 0.630024 -0.514481 -0.451730
v 0.582164 -0.524521 -0.403870
v 0.590663 0.863258 -0.393514
v 0.646941 0.853218 -0.431117
v 0.702128 0.836592 -0.467993
v 0.755696 0.813541 -0.503785
v 0.807126 0.784286 -0.538150
v 0.855925 0.749108 -0.570756
v 0.901622 0.708348 -0.601290
v 0.943777 0.662397 -0.629457
v 0.981984 0.611697 -0.654986
v 1.015875 0.556738 -0.677631
v 1.045124 0.498049 -0.697175
v 1.069448 0.436193 -0.713428
v 1.088615 0.371769 -0.726235
v 1.102439 0.305395 -0.735471
v 1.110787 0.237711 -0.741049
v 1.113579 0.169369 -0.742915
v 1.110787 0.101026 -0.741049
v 1.102439 0.033342 -0.735471
v 1.088615 -0.033031 -0.726235
v 1.069448 -0.097456 -0.713428
v 1.045124 -0.159311 -0.697175
v 1.015875 -0.218001 -0.677631
v 0.981984 -0.272960 -0.654986
v 0.943777 -0.323659 -0.629457
v 0.901622 -0.369611 -0.601290
v 0.855925 -0.410371 -0.570756
v 0.807126 -0.445548 -0.538150
v 0.755696 -0.474804 -0.503785
v 0.702128 -0.497855 -0.467993
v 0.646941 -0.514481 -0.431117
v 0.590663 -0.524521 -0.393514
v 0.596979 0.863258 -0.381699
v 0.659511 0.853218 -0.407600
v 0.720832 0.836592 -0.433000
v 0.780353 0.813541 -0.457655
v 0.837500 0.784286 -0.481325
v 0.891722 0.749108 -0.503785
v 0.942497 0.708348 -0.524817
v 0.989337 0.662397 -0.544219
v 1.031791 0.611697 -0.561803
v 1.069448 0.556738 -0.577402
v 1.101948 0.498049 -0.590864
v 1.128976 0.436193 -0.602059
v 1.150273 0.371769 -0.610880
v 1.165633 0.305395 -0.617243
v 1.174909 0.237711 -0.621085
v 1.178011 0.169369 -0.622370
v 1.174909 0.101026 -0.621085
v 1.165633 0.033342 -0.617243
v 1.150273 -0.033031 -0.610880
v 1.128976 -0.097456 -0.602059
v 1.101948 -0.159311 -0.590864
v 1.069448 -0.218001 -0.577402
v 1.031791 -0.272960 -0.561803
v 0.989337 -0.323659 -0.544219
v 0.942497 -0.369611 -0.524817
v 0.891722 -0.410371 -0.503785
v 0.837500 -0.445548 -0.481325
v 0.780353 -0.474804 -0.457655
v 0.720832 -0.497855 -0.433000
v 0.659511 -0.514481 -0.407600
v 0.596979 -0.524521 -0.381699
v 0.600868 0.863258 -0.368878
v 0.667251 0.853218 -0.382082
v 0.732350 0.836592 -0.395031
v 0.795537 0.813541 -0.407600
v 0.856203 0.784286 -0.419667
v 0.913765 0.749108 -0.431117
v 0.967668 0.708348 -0.441839
v 1.017394 0.662397 -0.451730
v 1.062462 0.611697 -0.460695
v 1.102439 0.556738 -0.468647
v 1.136940 0.498049 -0.475509
v 1.165633 0.436193 -0.481217
v 1.188242 0.371769 -0.485714
v 1.204548 0.305395 -0.488957
v 1.214395 0.237711 -0.490916
v 1.217688 0.169369 -0.491571
v 1.214395 0.101026 -0.490916
v 1.204548 0.033342 -0.488957
v 1.188242 -0.033031 -0.485714
v 1.165633 -0.097456 -0.481217
v 1.136940 -0.159311 -0.475509
v 1.102439 -0.218001 -0.468647
v 1.062462 -0.272960 -0.460695
v 1.017394 -0.323659 -0.451730
v 0.967668 -0.369611 -0.441839
v 0.913765 -0.410371 -0.431117
v 0.856203 -0.445548 -0.419667
v 0.795537 -0.474804 -0.407600
v 0.732350 -0.497855 -0.395031
v 0.667251 -0.514481 -0.382082
v 0.600868 -0.524521 -0.368878
v 0.602181 0.863258 -0.355545
v 0.669865 0.853218 -0.355545
v 0.736239 0.836592 -0.355545
v 0.800664 0.813541 -0.355545
v 0.862519 0.784286 -0.355545
v 0.921209 0.749108 -0.355545
v 0.976168 0.708348 -0.355545
v 1.026867 0.662397 -0.355545
v 1.072818 0.611697 -0.355545
v 1.113578 0.556738 -0.355545
v 1.148756 0.498049 -0.355545
v 1.178011 0.436193 -0.355545
v 1.201063 0.371769 -0.355545
v 1.217688 0.305395 -0.355545
v 1.227728 0.237711 -0.355545
v 1.231086 0.169369 -0.355545
v 1.227728 0.101026 -0.355545
v 1.217688 0.033342 -0.355545
v 1.201063 -0.033031 -0.355545
v 1.178011 -0.097456 -0.355545
v 1.148756 -0.159311 -0.355545
v 1.113578 -0.218001 -0.355545
v 1.072818 -0.272960 -0.355545
v 1.026867 -0.323659 -0.355545
v 0.976168 -0.369611 -0.355545
v 0.921209 -0.410371 -0.355545
v 0.862519 -0.445548 -0.355545
v 0.800664 -0.474804 -0.355545
v 0.736239 -0.497855 -0.355545
v 0.669865 -0.514481 -0.355545
v 0.602181 -0.524521 -0.355545
v 0.600868 0.863258 -0.342212
v 0.667251 0.853218 -0.329008
v 0.732350 0.836592 -0.316059
v 0.795537 0.813541 -0.303490
v 0.856203 0.784286 -0.291423
v 0.913765 0.749108 -0.279973
v 0.967668 0.708348 -0.269251
v 1.017394 0.662397 -0.259360
v 1.062462 0.611697 -0.250395
v 1.102439 0.556738 -0.242444
v 1.136940 0.498049 -0.235581
v 1.165633 0.436193 -0.229873
v 1.188242 0.371769 -0.225376
v 1.204548 0.305395 -0.222133
v 1.214395 0.237711 -0.220174
v 1.217688 0.169369 -0.219519
v 1.214395 0.101026 -0.220174
v 1.204548 0.033342 -0.222133
v 1.188242 -0.033031 -0.225376
v 1.165633 -0.097456 -0.229873
v 1.136940 -0.159311 -0.235581
v 1.102439 -0.218001 -0.242444
v 1.062462 -0.272960 -0.250395
v 1.017394 -0.323659 -0.259360
v 0.967668 -0.369611 -0.269251
v 0.913765 -0.410371 -0.279973
v 0.856203 -0.445548 -0.291423
v 0.795537 -0.474804 -0.303490
v 0.732350 -0.497855 -0.316059
v 0.667251 -0.514481 -0.329008
v 0.600868 -0.524521 -0.342212
v 0.596979 0.863258 -0.329392
v 0.659511 0.853218 -0.303490
v 0.720832 0.836592 -0.278090
v 0.780353 0.813541 -0.253436
v 0.837499 0.784286 -0.229765
v 0.891722 0.749108 -0.207305
v 0.942497 0.708348 -0.186273
v 0.989337 0.662397 -0.166872
v 1.031791 0.611697 -0.149287
v 1.069448 0.556738 -0.133688
v 1.101948 0.498049 -0.120227
v 1.128976 0.436193 -0.109031
v 1.150273 0.371769 -0.100210
v 1.165633 0.305395 -0.093847
v 1.174909 0.237711 -0.090005
v 1.178011 0.169369 -0.088720
v 1.174909 0.101026 -0.090005
v 1.165633 0.033342 -0.093847
v 1.150273 -0.033031 -0.100210
v 1.128976 -0.097456 -0.109031
v 1.101948 -0.159311 -0.120227
v 1.069448 -0.218001 -0.133688
v 1.031791 -0.272960 -0.149287
v 0.989337 -0.323659 -0.166872
v 0.942497 -0.369611 -0.186273
v 0.891722 -0.410371 -0.207305
v 0.837499 -0.445548 -0.229765
v 0.780353 -0.474804 -0.253436
v 0.720832 -0.497855 -0.278090
v 0.659511 -0.514481 -0.303490
v 0.596979 -0.524521 -0.329392
v 0.590663 0.863258 -0.317576
v 0.646940 0.853218 -0.279973
v 0.702128 0.836592 -0.243098
v 0.755696 0.813541 -0.207305
v 0.807126 0.784286 -0.172940
v 0.855925 0.749108 -0.140334
v 0.901622 0.708348 -0.109800
v 0.943777 0.662397 -0.081633
v 0.981984 0.611697 -0.056104
v 1.015875 0.556738 -0.033459
v 1.045124 0.498049 -0.013916
v 1.069448 0.436193 0.002338
v 1.088615 0.371769 0.015145
v 1.102439 0.305395 0.024381
v 1.110787 0.237711 0.029959
v 1.113578 0.169369 0.031824
v 1.110787 0.101026 0.029959
v 1.102439 0.033342 0.024381
v 1.088615 -0.033031 0.015145
v 1.069448 -0.097456 0.002338
v 1.045124 -0.159311 -0.013916
v 1.015875 -0.218001 -0.033459
v 0.981984 -0.272960 -0.056104
v 0.943777 -0.323659 -0.081633
v 0.901622 -0.369611 -0.109800
v 0.855925 -0.410371 -0.140334
v 0.807126 -0.445548 -0.172940
v 0.755696 -0.474804 -0.207305
v 0.702128 -0.497855 -0.243098
v 0.646940 -0.514481 -0.279973
v 0.590663 -0.524521 -0.317576
v 0.582164 0.863258 -0.307220
v 0.630024 0.853218 -0.259360
v 0.676957 0.836592 -0.212427
v 0.722513 0.813541 -0.166871
v 0.766251 0.784286 -0.123133
v 0.807750 0.749108 -0.081633
v 0.846612 0.708348 -0.042772
v 0.882462 0.662397 -0.006922
v 0.914955 0.611697 0.025571
v 0.943777 0.556738 0.054393
v 0.968651 0.498049 0.079267
v 0.989337 0.436193 0.099953
v 1.005637 0.371769 0.116253
v 1.017393 0.305395 0.128009
v 1.024493 0.237711 0.135109
v 1.026867 0.169369 0.137483
v 1.024493 0.101026 0.135109
v 1.017393 0.033342 0.128009
v 1.005637 -0.033031 0.116253
v 0.989337 -0.097456 0.099953
v 0.968651 -0.159311 0.079267
v 0.943777 -0.218001 0.054393
v 0.914955 -0.272960 0.025571
v 0.882462 -0.323659 -0.006922
v 0.846612 -0.369611 -0.042772
v 0.807750 -0.410371 -0.081633
v 0.766251 -0.445548 -0.123133
v 0.722513 -0.474804 -0.166871
v 0.676957 -0.497855 -0.212427
v 0.630024 -0.514481 -0.259360
v 0.582164 -0.524521 -0.307220
v 0.571808 0.863258 -0.298721
v 0.609411 0.853218 -0.242444
v 0.646286 0.836592 -0.187256
v 0.682079 0.813541 -0.133688
v 0.716444 0.784286 -0.082258
v 0.749050 0.749108 -0.033459
v 0.779583 0.708348 0.012238
v 0.807751 0.662397 0.054393
v 0.833280 0.611697 0.092600
v 0.855925 0.556738 0.126491
v 0.875468 0.498049 0.155739
v 0.891722 0.436193 0.180064
v 0.904528 0.371769 0.199231
v 0.913765 0.305395 0.213055
v 0.919343 0.237711 0.221403
v 0.921208 0.169369 0.224194
v 0.919343 0.101026 0.221403
v 0.913765 0.033342 0.213055
v 0.904528 -0.033031 0.199231
v 0.891722 -0.097456 0.180064
v 0.875468 -0.159311 0.155739
v 0.855925 -0.218001 0.126491
v 0.833280 -0.272960 0.092600
v 0.807751 -0.323659 0.054393
v 0.779583 -0.369611 0.012238
v 0.749050 -0.410371 -0.033459
v 0.716444 -0.445548 -0.082258
v 0.682079 -0.474804 -0.133688
v 0.646286 -0.497855 -0.187256
v 0.609411 -0.514481 -0.242444
v 0.571808 -0.524521 -0.298721
v 0.559992 0.863258 -0.292405
v 0.585894 0.853218 -0.229873
v 0.611294 0.836592 -0.168552
v 0.635948 0.813541 -0.109031
v 0.659619 0.784286 -0.051885
v 0.682079 0.749108 0.002338
v 0.703111 0.708348 0.053113
v 0.722513 0.662397 0.099953
v 0.740097 0.611697 0.142407
v 0.755696 0.556738 0.180064
v 0.769157 0.498049 0.212564
v 0.780353 0.436193 0.239592
v 0.789174 0.371769 0.260889
v 0.795537 0.305395 0.276249
v 0.799379 0.237711 0.285525
v 0.800663 0.169369 0.288627
v 0.799379 0.101026 0.285525
v 0.795537 0.033342 0.276249
v 0.789174 -0.033031 0.260889
v 0.780353 -0.097456 0.239592
v 0.769157 -0.159311 0.212564
v 0.755696 -0.218001 0.180064
v 0.740097 -0.272960 0.142407
v 0.722513 -0.323659 0.099953
v 0.703111 -0.369611 0.053113
v 0.682079 -0.410371 0.002338
v 0.659619 -0.445548 -0.051885
v 0.635948 -0.474804 -0.109031
v 0.611294 -0.497855 -0.168552
v 0.585894 -0.514481 -0.229873
v 0.559992 -0.524521 -0.292405
v 0.547172 0.863258 -0.288516
v 0.560376 0.853218 -0.222133
v 0.573325 0.836592 -0.157034
v 0.585894 0.813541 -0.093847
v 0.597961 0.784286 -0.033181
v 0.609411 0.749108 0.024381
v 0.620133 0.708348 0.078284
v 0.630024 0.662397 0.128009
v 0.638988 0.611697 0.173078
v 0.646940 0.556738 0.213055
v 0.653803 0.498049 0.247556
v 0.659511 0.436193 0.276249
v 0.664008 0.371769 0.298858
v 0.667251 0.305395 0.315164
v 0.669210 0.237711 0.325011
v 0.669865 0.169369 0.328304
v 0.669210 0.101026 0.325011
v 0.667251 0.033342 0.315164
v 0.664008 -0.033031 0.298858
v 0.659511 -0.097456 0.276249
v 0.653803 -0.159311 0.247556
v 0.646940 -0.218001 0.213055
v 0.638988 -0.272960 0.173078
v 0.630024 -0.323659 0.128009
v 0.620133 -0.369611 0.078284
v 0.609411 -0.410371 0.024381
v 0.597961 -0.445548 -0.033181
v 0.585894 -0.474804 -0.093847
v 0.573325 -0.497855 -0.157034
v 0.560376 -0.514481 -0.222133
v 0.547172 -0.524521 -0.288516
v 0.533839 0.863258 -0.287203
v 0.533839 0.853218 -0.219519
v 0.533839 0.836592 -0.153145
v 0.533839 0.813541 -0.088720
v 0.533839 0.784286 -0.026865
v 0.533839 0.749108 0.031824
v 0.533839 0.708348 0.086783
v 0.533839 0.662397 0.137483
v 0.533839 0.611697 0.183434
v 0.533839 0.556738 0.224194
v 0.533839 0.498049 0.259372
v 0.533839 0.436193 0.288627
v 0.533839 0.371769 0.311678
v 0.533839 0.305395 0.328304
v 0.533839 0.237711 0.338344
v 0.533839 0.169369 0.341701
v 0.533839 0.101026 0.338344
v 0.533839 0.033342 0.328304
v 0.533839 -0.033031 0.311678
v 0.533839 -0.097456 0.288627
v 0.533839 -0.159311 0.259372
v 0.533839 -0.218001 0.224194
v 0.533839 -0.272960 0.183434
v 0.533839 -0.323659 0.137483
v 0.533839 -0.369611 0.086783
v 0.533839 -0.410371 0.031824
v 0.533839 -0.445548 -0.026865
v 0.533839 -0.474804 -0.088720
v 0.533839 -0.497855 -0.153145
v 0.533839 -0.514481 -0.219519
v 0.533839 -0.524521 -0.287203
v 0.533839 -0.527878 -0.355545
v 0.533839 0.866616 -0.355545
v 0.520506 0.863258 -0.288516
v 0.507302 0.853218 -0.222133
v 0.494353 0.836592 -0.157034
v 0.481784 0.813541 -0.093847
v 0.469717 0.784286 -0.033181
v 0.458267 0.749108 0.024381
v 0.447545 0.708348 0.078284
v 0.437654 0.662397 0.128009
v 0.428689 0.611697 0.173078
v 0.420737 0.556738 0.213055
v 0.413875 0.498049 0.247556
v 0.408167 0.436193 0.276249
v 0.403670 0.371769 0.298858
v 0.400426 0.305395 0.315164
v 0.398468 0.237711 0.325011
v 0.397813 0.169369 0.328304
v 0.398468 0.101026 0.325011
v 0.400426 0.033342 0.315164
v 0.403670 -0.033031 0.298858
v 0.408167 -0.097456 0.276249
v 0.413875 -0.159311 0.247556
v 0.420737 -0.218001 0.213055
v 0.428689 -0.272960 0.173078
v 0.437654 -0.323659 0.128009
v 0.447545 -0.369611 0.078284
v 0.458267 -0.410371 0.024381
v 0.469717 -0.445548 -0.033181
v 0.481784 -0.474804 -0.093847
v 0.494353 -0.497855 -0.157034
v 0.507302 -0.514481 -0.222133
v 0.520506 -0.524521 -0.288516
v 0.507686 0.863258 -0.292405
v 0.481784 0.853218 -0.229873
v 0.456384 0.836592 -0.168552
v 0.431729 0.813541 -0.109031
v 0.408059 0.784286 -0.051885
v 0.385599 0.749108 0.002338
v 0.364567 0.708348 0.053113
v 0.345165 0.662397 0.099953
v 0.327581 0.611697 0.142407
v 0.311982 0.556738 0.180064
v 0.298521 0.498049 0.212564
v 0.287325 0.436193 0.239592
v 0.278503 0.371769 0.260889
v 0.272141 0.305395 0.276249
v 0.268299 0.237711 0.285525
v 0.267014 0.169369 0.288627
v 0.268299 0.101026 0.285525
v 0.272141 0.033342 0.276249
v 0.278503 -0.033031 0.260889
v 0.287325 -0.097456 0.239592
v 0.298521 -0.159311 0.212564
v 0.311982 -0.218001 0.180064
v 0.327581 -0.272960 0.142407
v 0.345165 -0.323659 0.099953
v 0.364567 -0.369611 0.053113
v 0.385599 -0.410371 0.002338
v 0.408059 -0.445548 -0.051885
v 0.431729 -0.474804 -0.109031
v 0.456384 -0.497855 -0.168552
v 0.481784 -0.514481 -0.229873
v 0.507686 -0.524521 -0.292405
v 0.495870 0.863258 -0.298721
v 0.458267 0.853218 -0.242444
v 0.421391 0.836592 -0.187256
v 0.385599 0.813541 -0.133688
v 0.351234 0.784286 -0.082258
v 0.318628 0.749108 -0.033459
v 0.288094 0.708348 0.012238
v 0.259927 0.662397 0.054393
v 0.234398 0.611697 0.092600
v 0.211753 0.556738 0.126491
v 0.192210 0.498049 0.155739
v 0.175956 0.436193 0.180064
v 0.163149 0.371769 0.199231
v 0.153913 0.305395 0.213055
v 0.148335 0.237711 0.221402
v 0.146469 0.169369 0.224194
v 0.148335 0.101026 0.221402
v 0.153913 0.033342 0.213055
v 0.163149 -0.033031 0.199231
v 0.175956 -0.097456 0.180064
v 0.192210 -0.159311 0.155739
v 0.211753 -0.218001 0.126491
v 0.234398 -0.272960 0.092600
v 0.259927 -0.323659 0.054393
v 0.288094 -0.369611 0.012238
v 0.318628 -0.410371 -0.033459
v 0.351234 -0.445548 -0.082258
v 0.385599 -0.474804 -0.133688
v 0.421391 -0.497855 -0.187256
v 0.458267 -0.514481 -0.242444
v 0.495870 -0.524521 -0.298721
v 0.485514 0.863258 -0.307220
v 0.437654 0.853218 -0.259360
v 0.390721 0.836592 -0.212427
v 0.345165 0.813541 -0.166872
v 0.301427 0.784286 -0.123133
v 0.259927 0.749108 -0.081634
v 0.221065 0.708348 -0.042772
v 0.185216 0.662397 -0.006922
v 0.152723 0.611697 0.025571
v 0.123901 0.556738 0.054392
v 0.099027 0.498049 0.079267
v 0.078341 0.436193 0.099953
v 0.062041 0.371769 0.116253
v 0.050284 0.305395 0.128009
v 0.043185 0.237711 0.135108
v 0.040811 0.169369 0.137482
v 0.043185 0.101026 0.135108
v 0.050284 0.033342 0.128009
v 0.062041 -0.033031 0.116253
v 0.078341 -0.097456 0.099953
v 0.099027 -0.159311 0.079267
v 0.123901 -0.218001 0.054392
v 0.152723 -0.272960 0.025571
v 0.185216 -0.323659 -0.006922
v 0.221065 -0.369611 -0.042772
v 0.259927 -0.410371 -0.081634
v 0.301427 -0.445548 -0.123133
v 0.345165 -0.474804 -0.166872
v 0.390721 -0.497855 -0.212427
v 0.437654 -0.514481 -0.259360
v 0.485514 -0.524521 -0.307220
v 0.477015 0.863258 -0.317576
v 0.420737 0.853218 -0.279973
v 0.365549 0.836592 -0.243098
v 0.311982 0.813541 -0.207305
v 0.260552 0.784286 -0.172941
v 0.211753 0.749108 -0.140334
v 0.166056 0.708348 -0.109801
v 0.123901 0.662397 -0.081634
v 0.085694 0.611697 -0.056105
v 0.051803 0.556738 -0.033459
v 0.022554 0.498049 -0.013916
v -0.001770 0.436193 0.002338
v -0.020937 0.371769 0.015144
v -0.034761 0.305395 0.024381
v -0.043109 0.237711 0.029959
v -0.045900 0.169369 0.031824
v -0.043109 0.101026 0.029959
v -0.034761 0.033342 0.024381
v -0.020937 -0.033031 0.015144
v -0.001770 -0.097456 0.002338
v 0.022554 -0.159311 -0.013916
v 0.051803 -0.218001 -0.033459
v 0.085694 -0.272960 -0.056105
v 0.123901 -0.323659 -0.081634
v 0.166056 -0.369611 -0.109801
v 0.211753 -0.410371 -0.140334
v 0.260552 -0.445548 -0.172941
v 0.311982 -0.474804 -0.207305
v 0.365549 -0.497855 -0.243098
v 0.420737 -0.514481 -0.279973
v 0.477015 -0.524521 -0.317576
v 0.470699 0.863258 -0.329392
v 0.408167 0.853218 -0.303490
v 0.346846 0.836592 -0.278090
v 0.287325 0.813541 -0.253436
v 0.230178 0.784286 -0.229765
v 0.175956 0.749108 -0.207305
v 0.125181 0.708348 -0.186273
v 0.078341 0.662397 -0.166872
v 0.035887 0.611697 -0.149287
v -0.001770 0.556738 -0.133689
v -0.034270 0.498049 -0.120227
v -0.061298 0.436193 -0.109031
v -0.082595 0.371769 -0.100210
v -0.097955 0.305395 -0.093848
v -0.107231 0.237711 -0.090005
v -0.110333 0.169369 -0.088721
v -0.107231 0.101026 -0.090005
v -0.097955 0.033342 -0.093848
v -0.082595 -0.033031 -0.100210
v -0.061298 -0.097456 -0.109031
v -0.034270 -0.159311 -0.120227
v -0.001770 -0.218001 -0.133689
v 0.035887 -0.272960 -0.149287
v 0.078341 -0.323659 -0.166872
v 0.125181 -0.369611 -0.186273
v 0.175956 -0.410371 -0.207305
v 0.230178 -0.445548 -0.229765
v 0.287325 -0.474804 -0.253436
v 0.346846 -0.497855 -0.278090
v 0.408167 -0.514481 -0.303490
v 0.470699 -0.524521 -0.329392
v 0.466810 0.863258 -0.342212
v 0.400427 0.853218 -0.329008
v 0.335328 0.836592 -0.316059
v 0.272141 0.813541 -0.303490
v 0.211475 0.784286 -0.291423
v 0.153913 0.749108 -0.279973
v 0.100010 0.708348 -0.269251
v 0.050284 0.662397 -0.259360
v 0.005216 0.611697 -0.250396
v -0.034761 0.556738 -0.242444
v -0.069262 0.498049 -0.235581
v -0.097955 0.436193 -0.229873
v -0.120564 0.371769 -0.225376
v -0.136870 0.305395 -0.222133
v -0.146717 0.237711 -0.220174
v -0.150010 0.169369 -0.219519
v -0.146717 0.101026 -0.220174
v -0.136870 0.033342 -0.222133
v -0.120564 -0.033031 -0.225376
v -0.097955 -0.097456 -0.229873
v -0.069262 -0.159311 -0.235581
v -0.034761 -0.218001 -0.242444
v 0.005216 -0.272960 -0.250396
v 0.050284 -0.323659 -0.259360
v 0.100010 -0.369611 -0.269251
v 0.153913 -0.410371 -0.279973
v 0.211475 -0.445548 -0.291423
v 0.272141 -0.474804 -0.303490
v 0.335328 -0.497855 -0.316059
v 0.400427 -0.514481 -0.329008
v 0.466810 -0.524521 -0.342212
v 0.465497 0.863258 -0.355545
v 0.397813 0.853218 -0.355545
v 0.331439 0.836592 -0.355545
v 0.267014 0.813541 -0.355545
v 0.205159 0.784286 -0.355545
v 0.146470 0.749108 -0.355545
v 0.091510 0.708348 -0.355545
v 0.040811 0.662397 -0.355545
v -0.005140 0.611697 -0.355545
v -0.045900 0.556738 -0.355545
v -0.081078 0.498049 -0.355545
v -0.110333 0.436193 -0.355545
v -0.133385 0.371769 -0.355545
v -0.150010 0.305395 -0.355545
v -0.160050 0.237711 -0.355545
v -0.163407 0.169369 -0.355545
v -0.160050 0.101026 -0.355545
v -0.150010 0.033342 -0.355545
v -0.133385 -0.033031 -0.355545
v -0.110333 -0.097456 -0.355545
v -0.081078 -0.159311 -0.355545
v -0.045900 -0.218001 -0.355545
v -0.005140 -0.272960 -0.355545
v 0.040811 -0.323659 -0.355545
v 0.091510 -0.369611 -0.355545
v 0.146470 -0.410371 -0.355545
v 0.205159 -0.445548 -0.355545
v 0.267014 -0.474804 -0.355545
v 0.331439 -0.497855 -0.355545
v 0.397813 -0.514481 -0.355545
v 0.465497 -0.524521 -0.355545
v 0.466810 0.863258 -0.368878
v 0.400427 0.853218 -0.382082
v 0.335328 0.836592 -0.395031
v 0.272141 0.813541 -0.407600
v 0.211475 0.784286 -0.419667
v 0.153913 0.749108 -0.431117
v 0.100010 0.708348 -0.441839
v 0.050284 0.662397 -0.451730
v 0.005216 0.611697 -0.460695
v -0.034761 0.556738 -0.468647
v -0.069262 0.498049 -0.475509
v -0.097955 0.436193 -0.481217
v -0.120564 0.371769 -0.485714
v -0.136870 0.305395 -0.488958
v -0.146717 0.237711 -0.490916
v -0.150010 0.169369 -0.491571
v -0.146717 0.101026 -0.490916
v -0.136870 0.033342 -0.488958
v -0.120564 -0.033031 -0.485714
v -0.097955 -0.097456 -0.481217
v -0.069262 -0.159311 -0.475509
v -0.034761 -0.218001 -0.468647
v 0.005216 -0.272960 -0.460695
v 0.050284 -0.323659 -0.451730
v 0.100010 -0.369611 -0.441839
v 0.153913 -0.410371 -0.431117
v 0.211475 -0.445548 -0.419667
v 0.272141 -0.474804 -0.407600
v 0.335328 -0.497855 -0.395031
v 0.400427 -0.514481 -0.382082
v 0.466810 -0.524521 -0.368878
v 0.470699 0.863258 -0.381699
v 0.408167 0.853218 -0.407600
v 0.346846 0.836592 -0.433000
v 0.287325 0.813541 -0.457655
v 0.230179 0.784286 -0.481325
v 0.175956 0.749108 -0.503785
v 0.125181 0.708348 -0.524817
v 0.078341 0.662397 -0.544219
v 0.035887 0.611697 -0.561804
v -0.001770 0.556738 -0.577402
v -0.034270 0.498049 -0.590864
v -0.061298 0.436193 -0.602059
v -0.082595 0.371769 -0.610881
v -0.097955 0.305395 -0.617243
v -0.107231 0.237711 -0.621085
v -0.110332 0.169369 -0.622370
v -0.107231 0.101026 -0.621085
v -0.097955 0.033342 -0.617243
v -0.082595 -0.033031 -0.610881
v -0.061298 -0.097456 -0.602059
v -0.034270 -0.159311 -0.590864
v -0.001770 -0.218001 -0.577402
v 0.035887 -0.272960 -0.561804
v 0.078341 -0.323659 -0.544219
v 0.125181 -0.369611 -0.524817
v 0.175956 -0.410371 -0.503785
v 0.230179 -0.445548 -0.481325
v 0.287325 -0.474804 -0.457655
v 0.346846 -0.497855 -0.433000
v 0.408167 -0.514481 -0.407600
v 0.470699 -0.524521 -0.381699
v 0.477015 0.863258 -0.393514
v 0.420737 0.853218 -0.431117
v 0.365550 0.836592 -0.467993
v 0.311982 0.813541 -0.503785
v 0.260552 0.784286 -0.538150
v 0.211753 0.749108 -0.570756
v 0.166056 0.708348 -0.601290
v 0.123901 0.662397 -0.629457
v 0.085694 0.611697 -0.654986
v 0.051803 0.556738 -0.677631
v 0.022555 0.498049 -0.697174
v -0.001770 0.436193 -0.713428
v -0.020937 0.371769 -0.726235
v -0.034761 0.305395 -0.735472
v -0.043108 0.237711 -0.741049
v -0.045900 0.169369 -0.742915
v -0.043108 0.101026 -0.741049
v -0.034761 0.033342 -0.735472
v -0.020937 -0.033031 -0.726235
v -0.001770 -0.097456 -0.713428
v 0.022555 -0.159311 -0.697174
v 0.051803 -0.218001 -0.677631
v 0.085694 -0.272960 -0.654986
v 0.123901 -0.323659 -0.629457
v 0.166056 -0.369611 -0.601290
v 0.211753 -0.410371 -0.570756
v 0.260552 -0.445548 -0.538150
v 0.311982 -0.474804 -0.503785
v 0.365550 -0.497855 -0.467993
v 0.420737 -0.514481 -0.431117
v 0.477015 -0.524521 -0.393514
v 0.485514 0.863258 -0.403870
v 0.437654 0.853218 -0.451730
v 0.390721 0.836592 -0.498664
v 0.345165 0.813541 -0.544219
v 0.301427 0.784286 -0.587957
v 0.259928 0.749108 -0.629457
v 0.221066 0.708348 -0.668319
v 0.185216 0.662397 -0.704169
v 0.152723 0.611697 -0.736661
v 0.123901 0.556738 -0.765483
v 0.099027 0.498049 -0.790357
v 0.078341 0.436193 -0.811043
v 0.062041 0.371769 -0.827343
v 0.050285 0.305395 -0.839100
v 0.043186 0.237711 -0.846199
v 0.040812 0.169369 -0.848573
v 0.043186 0.101026 -0.846199
v 0.050285 0.033342 -0.839100
v 0.062041 -0.033031 -0.827343
v 0.078341 -0.097456 -0.811043
v 0.099027 -0.159311 -0.790357
v 0.123901 -0.218001 -0.765483
v 0.152723 -0.272960 -0.736661
v 0.185216 -0.323659 -0.704169
v 0.221066 -0.369611 -0.668319
v 0.259928 -0.410371 -0.629457
v 0.301427 -0.445548 -0.587957
v 0.345165 -0.474804 -0.544219
v 0.390721 -0.497855 -0.498664
v 0.437654 -0.514481 -0.451730
v 0.485514 -0.524521 -0.403870
v 0.495870 0.863258 -0.412370
v 0.458267 0.853218 -0.468647
v 0.421392 0.836592 -0.523835
v 0.385599 0.813541 -0.577402
v 0.351234 0.784286 -0.628832
v 0.318628 0.749108 -0.677631
v 0.288095 0.708348 -0.723328
v 0.259927 0.662397 -0.765483
v 0.234398 0.611697 -0.803690
v 0.211753 0.556738 -0.837581
v 0.192210 0.498049 -0.866830
v 0.175956 0.436193 -0.891155
v 0.163150 0.371769 -0.910321
v 0.153913 0.305395 -0.924145
v 0.148335 0.237711 -0.932493
v 0.146470 0.169369 -0.935284
v 0.148335 0.101026 -0.932493
v 0.153913 0.033342 -0.924145
v 0.163150 -0.033031 -0.910321
v 0.175956 -0.097456 -0.891155
v 0.192210 -0.159311 -0.866830
v 0.211753 -0.218001 -0.837581
v 0.234398 -0.272960 -0.803690
v 0.259927 -0.323659 -0.765483
v 0.288095 -0.369611 -0.723328
v 0.318628 -0.410371 -0.677631
v 0.351234 -0.445548 -0.628832
v 0.385599 -0.474804 -0.577402
v 0.421392 -0.497855 -0.523835
v 0.458267 -0.514481 -0.468647
v 0.495870 -0.524521 -0.412370
v 0.507686 0.863258 -0.418685
v 0.481784 0.853218 -0.481217
v 0.456384 0.836592 -0.542538
v 0.431730 0.813541 -0.602059
v 0.408059 0.784286 -0.659206
v 0.385599 0.749108 -0.713428
v 0.364567 0.708348 -0.764203
v 0.345165 0.662397 -0.811044
v 0.327581 0.611697 -0.853497
v 0.311982 0.556738 -0.891154
v 0.298521 0.498049 -0.923654
v 0.287325 0.436193 -0.950682
v 0.278504 0.371769 -0.971979
v 0.272141 0.305395 -0.987339
v 0.268299 0.237711 -0.996615
v 0.267015 0.169369 -0.999717
v 0.268299 0.101026 -0.996615
v 0.272141 0.033342 -0.987339
v 0.278504 -0.033031 -0.971979
v 0.287325 -0.097456 -0.950682
v 0.298521 -0.159311 -0.923654
v 0.311982 -0.218001 -0.891154
v 0.327581 -0.272960 -0.853497
v 0.345165 -0.323659 -0.811044
v 0.364567 -0.369611 -0.764203
v 0.385599 -0.410371 -0.713428
v 0.408059 -0.445548 -0.659206
v 0.431730 -0.474804 -0.602059
v 0.456384 -0.497855 -0.542538
v 0.481784 -0.514481 -0.481217
v 0.507686 -0.524521 -0.418685
v 0.520506 0.863258 -0.422574
v 0.507302 0.853218 -0.488957
v 0.494353 0.836592 -0.554056
v 0.481784 0.813541 -0.617243
v 0.469717 0.784286 -0.677909
v 0.458267 0.749108 -0.735471
v 0.447545 0.708348 -0.789374
v 0.437654 0.662397 -0.839100
v 0.428690 0.611697 -0.884168
v 0.420738 0.556738 -0.924145
v 0.413875 0.498049 -0.958646
v 0.408167 0.436193 -0.987339
v 0.403670 0.371769 -1.009948
v 0.400427 0.305395 -1.026254
v 0.398468 0.237711 -1.036101
v 0.397813 0.169369 -1.039394
v 0.398468 0.101026 -1.036101
v 0.400427 0.033342 -1.026254
v 0.403670 -0.033031 -1.009948
v 0.408167 -0.097456 -0.987339
v 0.413875 -0.159311 -0.958646
v 0.420738 -0.218001 -0.924145
v 0.428690 -0.272960 -0.884168
v 0.437654 -0.323659 -0.839100
v 0.447545 -0.369611 -0.789374
v 0.458267 -0.410371 -0.735471
v 0.469717 -0.445548 -0.677909
v 0.481784 -0.474804 -0.617243
v 0.494353 -0.497855 -0.554056
v 0.507302 -0.514481 -0.488957
v 0.520506 -0.524521 -0.422574
v 0.533839 0.863258 -0.423887
v 0.533839 0.853218 -0.491571
v 0.533839 0.836592 -0.557945
v 0.533839 0.813541 -0.622370
v 0.533839 0.784286 -0.684225
v 0.533839 0.749108 -0.742914
v 0.533839 0.662397 -0.848573
v 0.533839 0.556738 -0.935284
v 0.533839 0.498049 -0.970461
v 0.533839 0.169369 -1.052791
v 0.533839 -0.033031 -1.022768
v 0.533839 -0.097456 -0.999717
v 0.533839 -0.323659 -0.848573
v 0.533839 -0.474804 -0.622370
v 0.533839 -0.497855 -0.557945
vn -0.0000 0.7715 -0.6362
vn -0.0000 0.6329 -0.7742
vn -0.0000 0.3816 -0.9243
vn -0.0000 0.2894 -0.9572
vn -0.0000 0.1945 -0.9809
vn -0.0000 0.0977 -0.9952
vn -0.0000 -0.0977 -0.9952
vn -0.0000 -0.1945 -0.9809
vn -0.0000 -0.4701 -0.8826
vn -0.0000 -0.5542 -0.8324
vn -0.0000 -0.6329 -0.7742
vn -0.0000 -0.7715 -0.6362
vn -0.0000 -0.8301 -0.5577
vn -0.0000 -0.8806 -0.4738
vn -0.0000 -0.9802 -0.1980
vn -0.0000 -0.9949 -0.1011
vn 0.0197 0.9949 -0.0991
vn 0.0386 0.9802 -0.1942
vn 0.0572 0.9561 -0.2875
vn 0.0752 0.9228 -0.3779
vn 0.0924 0.8806 -0.4647
vn 0.1088 0.8301 -0.5470
vn 0.1241 0.7715 -0.6240
vn 0.1382 0.7056 -0.6950
vn 0.1510 0.6329 -0.7594
vn 0.1624 0.5542 -0.8164
vn 0.1722 0.4701 -0.8656
vn 0.1803 0.3816 -0.9066
vn 0.1867 0.2894 -0.9388
vn 0.1914 0.1945 -0.9621
vn 0.1942 0.0977 -0.9761
vn 0.1951 -0.0000 -0.9808
vn 0.1942 -0.0977 -0.9761
vn 0.1914 -0.1945 -0.9621
vn 0.1867 -0.2894 -0.9388
vn 0.1803 -0.3816 -0.9066
vn 0.1722 -0.4701 -0.8656
vn 0.1624 -0.5542 -0.8164
vn 0.1510 -0.6329 -0.7594
vn 0.1382 -0.7056 -0.6950
vn 0.1241 -0.7715 -0.6240
vn 0.1088 -0.8301 -0.5470
vn 0.0924 -0.8806 -0.4647
vn 0.0752 -0.9228 -0.3779
vn 0.0572 -0.9561 -0.2875
vn 0.0386 -0.9802 -0.1942
vn 0.0197 -0.9949 -0.0991
vn 0.0387 0.9949 -0.0934
vn 0.0758 0.9802 -0.1830
vn 0.1122 0.9561 -0.2708
vn 0.1474 0.9228 -0.3560
vn 0.1813 0.8806 -0.4377
vn 0.2134 0.8301 -0.5152
vn 0.2435 0.7715 -0.5878
vn 0.2712 0.7056 -0.6547
vn 0.2963 0.6329 -0.7153
vn 0.3185 0.5542 -0.7690
vn 0.3378 0.4701 -0.8154
vn 0.3537 0.3816 -0.8540
vn 0.3663 0.2894 -0.8843
vn 0.3754 0.1945 -0.9062
vn 0.3809 0.0977 -0.9195
vn 0.3827 -0.0000 -0.9239
vn 0.3809 -0.0977 -0.9195
vn 0.3754 -0.1945 -0.9062
vn 0.3663 -0.2894 -0.8843
vn 0.3537 -0.3816 -0.8540
vn 0.3378 -0.4701 -0.8154
vn 0.3185 -0.5542 -0.7690
vn 0.2963 -0.6329 -0.7153
vn 0.2712 -0.7056 -0.6547
vn 0.2435 -0.7715 -0.5878
vn 0.2134 -0.8301 -0.5152
vn 0.1813 -0.8806 -0.4377
vn 0.1474 -0.9228 -0.3560
vn 0.1122 -0.9561 -0.2708
vn 0.0758 -0.9802 -0.1830
vn 0.0387 -0.9949 -0.0934
vn 0.0561 0.9949 -0.0840
vn 0.1100 0.9802 -0.1647
vn 0.1628 0.9561 -0.2437
vn 0.2141 0.9228 -0.3204
vn 0.2632 0.8806 -0.3939
vn 0.3098 0.8301 -0.4637
vn 0.3535 0.7715 -0.5290
vn 0.3937 0.7056 -0.5892
vn 0.4301 0.6329 -0.6438
vn 0.4625 0.5542 -0.6921
vn 0.4903 0.4701 -0.7339
vn 0.5135 0.3816 -0.7685
vn 0.5318 0.2894 -0.7959
vn 0.5450 0.1945 -0.8156
vn 0.5529 0.0977 -0.8275
vn 0.5556 -0.0000 -0.8315
vn 0.5529 -0.0977 -0.8275
vn 0.5450 -0.1945 -0.8156
vn 0.5318 -0.2894 -0.7959
vn 0.5135 -0.3816 -0.7685
vn 0.4903 -0.4701 -0.7339
vn 0.4625 -0.5542 -0.6921
vn 0.4301 -0.6329 -0.6438
vn 0.3937 -0.7056 -0.5892
vn 0.3535 -0.7715 -0.5290
vn 0.3098 -0.8301 -0.4637
vn 0.2632 -0.8806 -0.3939
vn 0.2141 -0.9228 -0.3204
vn 0.1628 -0.9561 -0.2437
vn 0.1100 -0.9802 -0.1647
vn 0.0561 -0.9949 -0.0840
vn 0.0715 0.9949 -0.0715
vn 0.1400 0.9802 -0.1400
vn 0.2072 0.9561 -0.2072
vn 0.2724 0.9228 -0.2724
vn 0.3350 0.8806 -0.3350
vn 0.3943 0.8301 -0.3943
vn 0.4499 0.7715 -0.4499
vn 0.5011 0.7056 -0.5011
vn 0.5475 0.6329 -0.5475
vn 0.5886 0.5542 -0.5886
vn 0.6241 0.4701 -0.6241
vn 0.6536 0.3816 -0.6536
vn 0.6768 0.2894 -0.6768
vn 0.6936 0.1945 -0.6936
vn 0.7037 0.0977 -0.7037
vn 0.7071 -0.0000 -0.7071
vn 0.7037 -0.0977 -0.7037
vn 0.6936 -0.1945 -0.6936
vn 0.6768 -0.2894 -0.6768
vn 0.6536 -0.3816 -0.6536
vn 0.6241 -0.4701 -0.6241
vn 0.5886 -0.5542 -0.5886
vn 0.5475 -0.6329 -0.5475
vn 0.5011 -0.7056 -0.5011
vn 0.4499 -0.7715 -0.4499
vn 0.3943 -0.8301 -0.3943
vn 0.3350 -0.8806 -0.3350
vn 0.2724 -0.9228 -0.2724
vn 0.2072 -0.9561 -0.2072
vn 0.1400 -0.9802 -0.1400
vn 0.0715 -0.9949 -0.0715
vn 0.0840 0.9949 -0.0561
vn 0.1647 0.9802 -0.1100
vn 0.2437 0.9561 -0.1628
vn 0.3204 0.9228 -0.2141
vn 0.3939 0.8806 -0.2632
vn 0.4637 0.8301 -0.3098
vn 0.5290 0.7715 -0.3535
vn 0.5892 0.7056 -0.3937
vn 0.6438 0.6329 -0.4301
vn 0.6921 0.5542 -0.4625
vn 0.7339 0.4701 -0.4903
vn 0.7685 0.3816 -0.5135
vn 0.7959 0.2894 -0.5318
vn 0.8156 0.1945 -0.5450
vn 0.8275 0.0977 -0.5529
vn 0.8315 -0.0000 -0.5556
vn 0.8275 -0.0977 -0.5529
vn 0.8156 -0.1945 -0.5450
vn 0.7959 -0.2894 -0.5318
vn 0.7685 -0.3816 -0.5135
vn 0.7339 -0.4701 -0.4903
vn 0.6921 -0.5542 -0.4625
vn 0.6438 -0.6329 -0.4301
vn 0.5892 -0.7056 -0.3937
vn 0.5290 -0.7715 -0.3535
vn 0.4637 -0.8301 -0.3098
vn 0.3939 -0.8806 -0.2632
vn 0.3204 -0.9228 -0.2141
vn 0.2437 -0.9561 -0.1628
vn 0.1647 -0.9802 -0.1100
vn 0.0840 -0.9949 -0.0561
vn 0.0934 0.9949 -0.0387
vn 0.1830 0.9802 -0.0758
vn 0.2708 0.9561 -0.1122
vn 0.3560 0.9228 -0.1474
vn 0.4377 0.8806 -0.1813
vn 0.5152 0.8301 -0.2134
vn 0.5878 0.7715 -0.2435
vn 0.6547 0.7056 -0.2712
vn 0.7153 0.6329 -0.2963
vn 0.7690 0.5542 -0.3185
vn 0.8154 0.4701 -0.3378
vn 0.8540 0.3816 -0.3537
vn 0.8843 0.2894 -0.3663
vn 0.9062 0.1945 -0.3754
vn 0.9195 0.0977 -0.3809
vn 0.9239 -0.0000 -0.3827
vn 0.9195 -0.0977 -0.3809
vn 0.9062 -0.1945 -0.3754
vn 0.8843 -0.2894 -0.3663
vn 0.8540 -0.3816 -0.3537
vn 0.8154 -0.4701 -0.3378
vn 0.7690 -0.5542 -0.3185
vn 0.7153 -0.6329 -0.2963
vn 0.6547 -0.7056 -0.2712
vn 0.5878 -0.7715 -0.2435
vn 0.5152 -0.8301 -0.2134
vn 0.4377 -0.8806 -0.1813
vn 0.3560 -0.9228 -0.1474
vn 0.2708 -0.9561 -0.1122
vn 0.1830 -0.9802 -0.0758
vn 0.0934 -0.9949 -0.0387
vn 0.0991 0.9949 -0.0197
vn 0.1942 0.9802 -0.0386
vn 0.2875 0.9561 -0.0572
vn 0.3779 0.9228 -0.0752
vn 0.4647 0.8806 -0.0924
vn 0.5470 0.8301 -0.1088
vn 0.6240 0.7715 -0.1241
vn 0.6950 0.7056 -0.1382
vn 0.7594 0.6329 -0.1510
vn 0.8164 0.5542 -0.1624
vn 0.8656 0.4701 -0.1722
vn 0.9066 0.3816 -0.1803
vn 0.9388 0.2894 -0.1867
vn 0.9621 0.1945 -0.1914
vn 0.9761 0.0977 -0.1942
vn 0.9808 -0.0000 -0.1951
vn 0.9761 -0.0977 -0.1942
vn 0.9621 -0.1945 -0.1914
vn 0.9388 -0.2894 -0.1867
vn 0.9066 -0.3816 -0.1803
vn 0.8656 -0.4701 -0.1722
vn 0.8164 -0.5542 -0.1624
vn 0.7594 -0.6329 -0.1510
vn 0.6950 -0.7056 -0.1382
vn 0.6240 -0.7715 -0.1241
vn 0.5470 -0.8301 -0.1088
vn 0.4647 -0.8806 -0.0924
vn 0.3779 -0.9228 -0.0752
vn 0.2875 -0.9561 -0.0572
vn 0.1942 -0.9802 -0.0386
vn 0.0991 -0.9949 -0.0197
vn 0.1011 0.9949 -0.0000
vn 0.1980 0.9802 -0.0000
vn 0.2931 0.9561 -0.0000
vn 0.3853 0.9228 -0.0000
vn 0.4738 0.8806 -0.0000
vn 0.5577 0.8301 -0.0000
vn 0.6362 0.7715 -0.0000
vn 0.7086 0.7056 -0.0000
vn 0.7742 0.6329 -0.0000
vn 0.8324 0.5542 -0.0000
vn 0.8826 0.4701 -0.0000
vn 0.9243 0.3816 -0.0000
vn 0.9572 0.2894 -0.0000
vn 0.9809 0.1945 -0.0000
vn 0.9952 0.0977 -0.0000
vn 1.0000 -0.0000 -0.0000
vn 0.9952 -0.0977 -0.0000
vn 0.9809 -0.1945 -0.0000
vn 0.9572 -0.2894 -0.0000
vn 0.9243 -0.3816 -0.0000
vn 0.8826 -0.4701 -0.0000
vn 0.8324 -0.5542 -0.0000
vn 0.7742 -0.6329 -0.0000
vn 0.7086 -0.7056 -0.0000
vn 0.6362 -0.7715 -0.0000
vn 0.5577 -0.8301 -0.0000
vn 0.4738 -0.8806 -0.0000
vn 0.3853 -0.9228 -0.0000
vn 0.2931 -0.9561 -0.0000
vn 0.1980 -0.9802 -0.0000
vn 0.1011 -0.9949 -0.0000
vn 0.0991 0.9949 0.0197
vn 0.1942 0.9802 0.0386
vn 0.2875 0.9561 0.0572
vn 0.3779 0.9228 0.0752
vn 0.4647 0.8806 0.0924
vn 0.5470 0.8301 0.1088
vn 0.6240 0.7715 0.1241
vn 0.6950 0.7056 0.1382
vn 0.7594 0.6329 0.1510
vn 0.8164 0.5542 0.1624
vn 0.8656 0.4701 0.1722
vn 0.9066 0.3816 0.1803
vn 0.9388 0.2894 0.1867
vn 0.9621 0.1945 0.1914
vn 0.9761 0.0977 0.1942
vn 0.9808 -0.0000 0.1951
vn 0.9761 -0.0977 0.1942
vn 0.9621 -0.1945 0.1914
vn 0.9388 -0.2894 0.1867
vn 0.9066 -0.3816 0.1803
vn 0.8656 -0.4701 0.1722
vn 0.8164 -0.5542 0.1624
vn 0.7594 -0.6329 0.1510
vn 0.6950 -0.7056 0.1382
vn 0.6240 -0.7715 0.1241
vn 0.5470 -0.8301 0.1088
vn 0.4647 -0.8806 0.0924
vn 0.3779 -0.9228 0.0752
vn 0.2875 -0.9561 0.0572
vn 0.1942 -0.9802 0.0386
vn 0.0991 -0.9949 0.0197
vn 0.0934 0.9949 0.0387
vn 0.1830 0.9802 0.0758
vn 0.2708 0.9561 0.1122
vn 0.3560 0.9228 0.1474
vn 0.4377 0.8806 0.1813
vn 0.5152 0.8301 0.2134
vn 0.5878 0.7715 0.2435
vn 0.6547 0.7056 0.2712
vn 0.7153 0.6329 0.2963
vn 0.7690 0.5542 0.3185
vn 0.8154 0.4701 0.3378
vn 0.8540 0.3816 0.3537
vn 0.8843 0.2894 0.3663
vn 0.9062 0.1945 0.3754
vn 0.9195 0.0977 0.3809
vn 0.9239 -0.0000 0.3827
vn 0.9195 -0.0977 0.3809
vn 0.9062 -0.1945 0.3754
vn 0.8843 -0.2894 0.3663
vn 0.8540 -0.3816 0.3537
vn 0.8154 -0.4701 0.3378
vn 0.7690 -0.5542 0.3185
vn 0.7153 -0.6329 0.2963
vn 0.6547 -0.7056 0.2712
vn 0.5878 -0.7715 0.2435
vn 0.5152 -0.8301 0.2134
vn 0.4377 -0.8806 0.1813
vn 0.3560 -0.9228 0.1474
vn 0.2708 -0.9561 0.1122
vn 0.1830 -0.9802 0.0758
vn 0.0934 -0.9949 0.0387
vn 0.0840 0.9949 0.0561
vn 0.1647 0.9802 0.1100
vn 0.2437 0.9561 0.1628
vn 0.3204 0.9228 0.2141
vn 0.3939 0.8806 0.2632
vn 0.4637 0.8301 0.3098
vn 0.5290 0.7715 0.3535
vn 0.5892 0.7056 0.3937
vn 0.6438 0.6329 0.4301
vn 0.6921 0.5542 0.4625
vn 0.7339 0.4701 0.4903
vn 0.7685 0.3816 0.5135
vn 0.7959 0.2894 0.5318
vn 0.8156 0.1945 0.5450
vn 0.8275 0.0977 0.5529
vn 0.8315 -0.0000 0.5556
vn 0.8275 -0.0977 0.5529
vn 0.8156 -0.1945 0.5450
vn 0.7959 -0.2894 0.5318
vn 0.7685 -0.3816 0.5135
vn 0.7339 -0.4701 0.4903
vn 0.6921 -0.5542 0.4625
vn 0.6438 -0.6329 0.4301
vn 0.5892 -0.7056 0.3937
vn 0.5290 -0.7715 0.3535
vn 0.4637 -0.8301 0.3098
vn 0.3939 -0.8806 0.2632
vn 0.3204 -0.9228 0.2141
vn 0.2437 -0.9561 0.1628
vn 0.1647 -0.9802 0.1100
vn 0.0840 -0.9949 0.0561
vn 0.0715 0.9949 0.0715
vn 0.1400 0.9802 0.1400
vn 0.2072 0.9561 0.2072
vn 0.2724 0.9228 0.2724
vn 0.3350 0.8806 0.3350
vn 0.3943 0.8301 0.3943
vn 0.4499 0.7715 0.4499
vn 0.5011 0.7056 0.5011
vn 0.5475 0.6329 0.5475
vn 0.5886 0.5542 0.5886
vn 0.6241 0.4701 0.6241
vn 0.6536 0.3816 0.6536
vn 0.6768 0.2894 0.6768
vn 0.6936 0.1945 0.6936
vn 0.7037 0.0977 0.7037
vn 0.7071 -0.0000 0.7071
vn 0.7037 -0.0977 0.7037
vn 0.6936 -0.1945 0.6936
vn 0.6768 -0.2894 0.6768
vn 0.6536 -0.3816 0.6536
vn 0.6241 -0.4701 0.6241
vn 0.5886 -0.5542 0.5886
vn 0.5475 -0.6329 0.5475
vn 0.5011 -0.7056 0.5011
vn 0.4499 -0.7715 0.4499
vn 0.3943 -0.8301 0.3943
vn 0.3350 -0.8806 0.3350
vn 0.2724 -0.9228 0.2724
vn 0.2072 -0.9561 0.2072
vn 0.1400 -0.9802 0.1400
vn 0.0715 -0.9949 0.0715
vn 0.0561 0.9949 0.0840
vn 0.1100 0.9802 0.1647
vn 0.1628 0.9561 0.2437
vn 0.2141 0.9228 0.3204
vn 0.2632 0.8806 0.3939
vn 0.3098 0.8301 0.4637
vn 0.3535 0.7715 0.5290
vn 0.3937 0.7056 0.5892
vn 0.4301 0.6329 0.6438
vn 0.4625 0.5542 0.6921
vn 0.4903 0.4701 0.7339
vn 0.5135 0.3816 0.7685
vn 0.5318 0.2894 0.7959
vn 0.5450 0.1945 0.8156
vn 0.5529 0.0977 0.8275
vn 0.5556 -0.0000 0.8315
vn 0.5529 -0.0977 0.8275
vn 0.5450 -0.1945 0.8156
vn 0.5318 -0.2894 0.7959
vn 0.5135 -0.3816 0.7685
vn 0.4903 -0.4701 0.7339
vn 0.4625 -0.5542 0.6921
vn 0.4301 -0.6329 0.6438
vn 0.3937 -0.7056 0.5892
vn 0.3535 -0.7715 0.5290
vn 0.3098 -0.8301 0.4637
vn 0.2632 -0.8806 0.3939
vn 0.2141 -0.9228 0.3204
vn 0.1628 -0.9561 0.2437
vn 0.1100 -0.9802 0.1647
vn 0.0561 -0.9949 0.0840
vn 0.0387 0.9949 0.0934
vn 0.0758 0.9802 0.1830
vn 0.1122 0.9561 0.2708
vn 0.1474 0.9228 0.3560
vn 0.1813 0.8806 0.4377
vn 0.2134 0.8301 0.5152
vn 0.2435 0.7715 0.5878
vn 0.2712 0.7056 0.6547
vn 0.2963 0.6329 0.7153
vn 0.3185 0.5542 0.7690
vn 0.3378 0.4701 0.8154
vn 0.3537 0.3816 0.8540
vn 0.3663 0.2894 0.8843
vn 0.3754 0.1945 0.9062
vn 0.3809 0.0977 0.9195
vn 0.3827 -0.0000 0.9239
vn 0.3809 -0.0977 0.9195
vn 0.3754 -0.1945 0.9062
vn 0.3663 -0.2894 0.8843
vn 0.3537 -0.3816 0.8540
vn 0.3378 -0.4701 0.8154
vn 0.3185 -0.5542 0.7690
vn 0.2963 -0.6329 0.7153
vn 0.2712 -0.7056 0.6547
vn 0.2435 -0.7715 0.5878
vn 0.2134 -0.8301 0.5152
vn 0.1813 -0.8806 0.4377
vn 0.1474 -0.9228 0.3560
vn 0.1122 -0.9561 0.2708
vn 0.0758 -0.9802 0.1830
vn 0.0387 -0.9949 0.0934
vn 0.0197 0.9949 0.0991
vn 0.0386 0.9802 0.1942
vn 0.0572 0.9561 0.2875
vn 0.0752 0.9228 0.3779
vn 0.0924 0.8806 0.4647
vn 0.1088 0.8301 0.5470
vn 0.1241 0.7715 0.6240
vn 0.1382 0.7056 0.6950
vn 0.1510 0.6329 0.7594
vn 0.1624 0.5542 0.8164
vn 0.1722 0.4701 0.8656
vn 0.1803 0.3816 0.9066
vn 0.1867 0.2894 0.9388
vn 0.1914 0.1945 0.9621
vn 0.1942 0.0977 0.9761
vn 0.1951 -0.0000 0.9808
vn 0.1942 -0.0977 0.9761
vn 0.1914 -0.1945 0.9621
vn 0.1867 -0.2894 0.9388
vn 0.1803 -0.3816 0.9066
vn 0.1722 -0.4701 0.8656
vn 0.1624 -0.5542 0.8164
vn 0.1510 -0.6329 0.7594
vn 0.1382 -0.7056 0.6950
vn 0.1241 -0.7715 0.6240
vn 0.1088 -0.8301 0.5470
vn 0.0924 -0.8806 0.4647
vn 0.0752 -0.9228 0.3779
vn 0.0572 -0.9561 0.2875
vn 0.0386 -0.9802 0.1942
vn 0.0197 -0.9949 0.0991
vn -0.0000 0.9949 0.1011
vn -0.0000 0.9802 0.1980
vn -0.0000 0.9561 0.2931
vn -0.0000 0.9228 0.3853
vn -0.0000 0.8806 0.4738
vn -0.0000 0.8301 0.5577
vn -0.0000 0.7715 0.6362
vn -0.0000 0.7056 0.7086
vn -0.0000 0.6329 0.7742
vn -0.0000 0.5542 0.8324
vn -0.0000 0.4701 0.8826
vn -0.0000 0.3816 0.9243
vn -0.0000 0.2894 0.9572
vn -0.0000 0.1945 0.9809
vn -0.0000 0.0977 0.9952
vn -0.0000 -0.0000 1.0000
vn -0.0000 -0.0977 0.9952
vn -0.0000 -0.1945 0.9809
vn -0.0000 -0.2894 0.9572
vn -0.0000 -0.3816 0.9243
vn -0.0000 -0.4701 0.8826
vn -0.0000 -0.5542 0.8324
vn -0.0000 -0.6329 0.7742
vn -0.0000 -0.7056 0.7086
vn -0.0000 -0.7715 0.6362
vn -0.0000 -0.8301 0.5577
vn -0.0000 -0.8806 0.4738
vn -0.0000 -0.9228 0.3853
vn -0.0000 -0.9561 0.2931
vn -0.0000 -0.9802 0.1980
vn -0.0000 -0.9949 0.1011
vn -0.0000 -1.0000 -0.0000
vn -0.0000 1.0000 -0.0000
vn -0.0197 0.9949 0.0991
vn -0.0386 0.9802 0.1942
vn -0.0572 0.9561 0.2875
vn -0.0752 0.9228 0.3779
vn -0.0924 0.8806 0.4647
vn -0.1088 0.8301 0.5470
vn -0.1241 0.7715 0.6240
vn -0.1382 0.7056 0.6950
vn -0.1510 0.6329 0.7594
vn -0.1624 0.5542 0.8164
vn -0.1722 0.4701 0.8656
vn -0.1803 0.3816 0.9066
vn -0.1867 0.2894 0.9388
vn -0.1914 0.1945 0.9621
vn -0.1942 0.0977 0.9761
vn -0.1951 -0.0000 0.9808
vn -0.1942 -0.0977 0.9761
vn -0.1914 -0.1945 0.9621
vn -0.1867 -0.2894 0.9388
vn -0.1803 -0.3816 0.9066
vn -0.1722 -0.4701 0.8656
vn -0.1624 -0.5542 0.8164
vn -0.1510 -0.6329 0.7594
vn -0.1382 -0.7056 0.6950
vn -0.1241 -0.7715 0.6240
vn -0.1088 -0.8301 0.5470
vn -0.0924 -0.8806 0.4647
vn -0.0752 -0.9228 0.3779
vn -0.0572 -0.9561 0.2875
vn -0.0386 -0.9802 0.1942
vn -0.0197 -0.9949 0.0991
vn -0.0387 0.9949 0.0934
vn -0.0758 0.9802 0.1830
vn -0.1122 0.9561 0.2708
vn -0.1474 0.9228 0.3560
vn -0.1813 0.8806 0.4377
vn -0.2134 0.8301 0.5152
vn -0.2435 0.7715 0.5878
vn -0.2712 0.7056 0.6547
vn -0.2963 0.6329 0.7153
vn -0.3185 0.5542 0.7690
vn -0.3378 0.4701 0.8154
vn -0.3537 0.3816 0.8540
vn -0.3663 0.2894 0.8843
vn -0.3754 0.1945 0.9062
vn -0.3809 0.0977 0.9195
vn -0.3827 -0.0000 0.9239
vn -0.3809 -0.0977 0.9195
vn -0.3754 -0.1945 0.9062
vn -0.3663 -0.2894 0.8843
vn -0.3537 -0.3816 0.8540
vn -0.3378 -0.4701 0.8154
vn -0.3185 -0.5542 0.7690
vn -0.2963 -0.6329 0.7153
vn -0.2712 -0.7056 0.6547
vn -0.2435 -0.7715 0.5878
vn -0.2134 -0.8301 0.5152
vn -0.1813 -0.8806 0.4377
vn -0.1474 -0.9228 0.3560
vn -0.1122 -0.9561 0.2708
vn -0.0758 -0.9802 0.1830
vn -0.0387 -0.9949 0.0934
vn -0.0561 0.9949 0.0840
vn -0.1100 0.9802 0.1647
vn -0.1628 0.9561 0.2437
vn -0.2141 0.9228 0.3204
vn -0.2632 0.8806 0.3939
vn -0.3098 0.8301 0.4637
vn -0.3535 0.7715 0.5290
vn -0.3937 0.7056 0.5892
vn -0.4301 0.6329 0.6438
vn -0.4625 0.5542 0.6921
vn -0.4903 0.4701 0.7339
vn -0.5135 0.3816 0.7685
vn -0.5318 0.2894 0.7959
vn -0.5450 0.1945 0.8156
vn -0.5529 0.0977 0.8275
vn -0.5556 -0.0000 0.8315
vn -0.5529 -0.0977 0.8275
vn -0.5450 -0.1945 0.8156
vn -0.5318 -0.2894 0.7959
vn -0.5135 -0.3816 0.7685
vn -0.4903 -0.4701 0.7339
vn -0.4625 -0.5542 0.6921
vn -0.4301 -0.6329 0.6438
vn -0.3937 -0.7056 0.5892
vn -0.3535 -0.7715 0.5290
vn -0.3098 -0.8301 0.4637
vn -0.2632 -0.8806 0.3939
vn -0.2141 -0.9228 0.3204
vn -0.1628 -0.9561 0.2437
vn -0.1100 -0.9802 0.1647
vn -0.0561 -0.9949 0.0840
vn -0.0715 0.9949 0.0715
vn -0.1400 0.9802 0.1400
vn -0.2072 0.9561 0.2072
vn -0.2724 0.9228 0.2724
vn -0.3350 0.8806 0.3350
vn -0.3943 0.8301 0.3943
vn -0.4499 0.7715 0.4499
vn -0.5011 0.7056 0.5011
vn -0.5475 0.6329 0.5475
vn -0.5886 0.5542 0.5886
vn -0.6241 0.4701 0.6241
vn -0.6536 0.3816 0.6536
vn -0.6768 0.2894 0.6768
vn -0.6936 0.1945 0.6936
vn -0.7037 0.0977 0.7037
vn -0.7071 -0.0000 0.7071
vn -0.7037 -0.0977 0.7037
vn -0.6936 -0.1945 0.6936
vn -0.6768 -0.2894 0.6768
vn -0.6536 -0.3816 0.6536
vn -0.6241 -0.4701 0.6241
vn -0.5886 -0.5542 0.5886
vn -0.5475 -0.6329 0.5475
vn -0.5011 -0.7056 0.5011
vn -0.4499 -0.7715 0.4499
vn -0.3943 -0.8301 0.3943
vn -0.3350 -0.8806 0.3350
vn -0.2724 -0.9228 0.2724
vn -0.2072 -0.9561 0.2072
vn -0.1400 -0.9802 0.1400
vn -0.0715 -0.9949 0.0715
vn -0.0840 0.9949 0.0561
vn -0.1647 0.9802 0.1100
vn -0.2437 0.9561 0.1628
vn -0.3204 0.9228 0.2141
vn -0.3939 0.8806 0.2632
vn -0.4637 0.8301 0.3098
vn -0.5290 0.7715 0.3535
vn -0.5892 0.7056 0.3937
vn -0.6438 0.6329 0.4301
vn -0.6921 0.5542 0.4625
vn -0.7339 0.4701 0.4903
vn -0.7685 0.3816 0.5135
vn -0.7959 0.2894 0.5318
vn -0.8156 0.1945 0.5450
vn -0.8275 0.0977 0.5529
vn -0.8315 -0.0000 0.5556
vn -0.8275 -0.0977 0.5529
vn -0.8156 -0.1945 0.5450
vn -0.7959 -0.2894 0.5318
vn -0.7685 -0.3816 0.5135
vn -0.7339 -0.4701 0.4903
vn -0.6921 -0.5542 0.4625
vn -0.6438 -0.6329 0.4301
vn -0.5892 -0.7056 0.3937
vn -0.5290 -0.7715 0.3535
vn -0.4637 -0.8301 0.3098
vn -0.3939 -0.8806 0.2632
vn -0.3204 -0.9228 0.2141
vn -0.2437 -0.9561 0.1628
vn -0.1647 -0.9802 0.1100
vn -0.0840 -0.9949 0.0561
vn -0.0934 0.9949 0.0387
vn -0.1830 0.9802 0.0758
vn -0.2708 0.9561 0.1122
vn -0.3560 0.9228 0.1474
vn -0.4377 0.8806 0.1813
vn -0.5152 0.8301 0.2134
vn -0.5878 0.7715 0.2435
vn -0.6547 0.7056 0.2712
vn -0.7153 0.6329 0.2963
vn -0.7690 0.5542 0.3185
vn -0.8154 0.4701 0.3378
vn -0.8540 0.3816 0.3537
vn -0.8843 0.2894 0.3663
vn -0.9062 0.1945 0.3754
vn -0.9195 0.0977 0.3809
vn -0.9239 -0.0000 0.3827
vn -0.9195 -0.0977 0.3809
vn -0.9062 -0.1945 0.3754
vn -0.8843 -0.2894 0.3663
vn -0.8540 -0.3816 0.3537
vn -0.8154 -0.4701 0.3378
vn -0.7690 -0.5542 0.3185
vn -0.7153 -0.6329 0.2963
vn -0.6547 -0.7056 0.2712
vn -0.5878 -0.7715 0.2435
vn -0.5152 -0.8301 0.2134
vn -0.4377 -0.8806 0.1813
vn -0.3560 -0.9228 0.1474
vn -0.2708 -0.9561 0.1122
vn -0.1830 -0.9802 0.0758
vn -0.0934 -0.9949 0.0387
vn -0.0991 0.9949 0.0197
vn -0.1942 0.9802 0.0386
vn -0.2875 0.9561 0.0572
vn -0.3779 0.9228 0.0752
vn -0.4647 0.8806 0.0924
vn -0.5470 0.8301 0.1088
vn -0.6240 0.7715 0.1241
vn -0.6950 0.7056 0.1382
vn -0.7594 0.6329 0.1510
vn -0.8164 0.5542 0.1624
vn -0.8656 0.4701 0.1722
vn -0.9066 0.3816 0.1803
vn -0.9388 0.2894 0.1867
vn -0.9621 0.1945 0.1914
vn -0.9761 0.0977 0.1942
vn -0.9808 -0.0000 0.1951
vn -0.9761 -0.0977 0.1942
vn -0.9621 -0.1945 0.1914
vn -0.9388 -0.2894 0.1867
vn -0.9066 -0.3816 0.1803
vn -0.8656 -0.4701 0.1722
vn -0.8164 -0.5542 0.1624
vn -0.7594 -0.6329 0.1510
vn -0.6950 -0.7056 0.1382
vn -0.6240 -0.7715 0.1241
vn -0.5470 -0.8301 0.1088
vn -0.4647 -0.8806 0.0924
vn -0.3779 -0.9228 0.0752
vn -0.2875 -0.9561 0.0572
vn -0.1942 -0.9802 0.0386
vn -0.0991 -0.9949 0.0197
vn -0.1011 0.9949 -0.0000
vn -0.1980 0.9802 -0.0000
vn -0.2931 0.9561 -0.0000
vn -0.3853 0.9228 -0.0000
vn -0.4738 0.8806 -0.0000
vn -0.5577 0.8301 -0.0000
vn -0.6362 0.7715 -0.0000
vn -0.7086 0.7056 -0.0000
vn -0.7742 0.6329 -0.0000
vn -0.8324 0.5542 -0.0000
vn -0.8826 0.4701 -0.0000
vn -0.9243 0.3816 -0.0000
vn -0.9572 0.2894 -0.0000
vn -0.9809 0.1945 -0.0000
vn -0.9952 0.0977 -0.0000
vn -1.0000 -0.0000 -0.0000
vn -0.9952 -0.0977 -0.0000
vn -0.9809 -0.1945 -0.0000
vn -0.9572 -0.2894 -0.0000
vn -0.9243 -0.3816 -0.0000
vn -0.8826 -0.4701 -0.0000
vn -0.8324 -0.5542 -0.0000
vn -0.7742 -0.6329 -0.0000
vn -0.7086 -0.7056 -0.0000
vn -0.6362 -0.7715 -0.0000
vn -0.5577 -0.8301 -0.0000
vn -0.4738 -0.8806 -0.0000
vn -0.3853 -0.9228 -0.0000
vn -0.2931 -0.9561 -0.0000
vn -0.1980 -0.9802 -0.0000
vn -0.1011 -0.9949 -0.0000
vn -0.0991 0.9949 -0.0197
vn -0.1942 0.9802 -0.0386
vn -0.2875 0.9561 -0.0572
vn -0.3779 0.9228 -0.0752
vn -0.4647 0.8806 -0.0924
vn -0.5470 0.8301 -0.1088
vn -0.6240 0.7715 -0.1241
vn -0.6950 0.7056 -0.1382
vn -0.7594 0.6329 -0.1510
vn -0.8164 0.5542 -0.1624
vn -0.8656 0.4701 -0.1722
vn -0.9066 0.3816 -0.1803
vn -0.9388 0.2894 -0.1867
vn -0.9621 0.1945 -0.1914
vn -0.9761 0.0977 -0.1942
vn -0.9808 -0.0000 -0.1951
vn -0.9761 -0.0977 -0.1942
vn -0.9621 -0.1945 -0.1914
vn -0.9388 -0.2894 -0.1867
vn -0.9066 -0.3816 -0.1803
vn -0.8656 -0.4701 -0.1722
vn -0.8164 -0.5542 -0.1624
vn -0.7594 -0.6329 -0.1510
vn -0.6950 -0.7056 -0.1382
vn -0.6240 -0.7715 -0.1241
vn -0.5470 -0.8301 -0.1088
vn -0.4647 -0.8806 -0.0924
vn -0.3779 -0.9228 -0.0752
vn -0.2875 -0.9561 -0.0572
vn -0.1942 -0.9802 -0.0386
vn -0.0991 -0.9949 -0.0197
vn -0.0934 0.9949 -0.0387
vn -0.1830 0.9802 -0.0758
vn -0.2708 0.9561 -0.1122
vn -0.3560 0.9228 -0.1474
vn -0.4377 0.8806 -0.1813
vn -0.5152 0.8301 -0.2134
vn -0.5878 0.7715 -0.2435
vn -0.6547 0.7056 -0.2712
vn -0.7153 0.6329 -0.2963
vn -0.7690 0.5542 -0.3186
vn -0.8154 0.4701 -0.3378
vn -0.8540 0.3816 -0.3537
vn -0.8843 0.2894 -0.3663
vn -0.9062 0.1945 -0.3754
vn -0.9195 0.0977 -0.3809
vn -0.9239 -0.0000 -0.3827
vn -0.9195 -0.0977 -0.3809
vn -0.9062 -0.1945 -0.3754
vn -0.8843 -0.2894 -0.3663
vn -0.8540 -0.3816 -0.3537
vn -0.8154 -0.4701 -0.3378
vn -0.7690 -0.5542 -0.3186
vn -0.7153 -0.6329 -0.2963
vn -0.6547 -0.7056 -0.2712
vn -0.5878 -0.7715 -0.2435
vn -0.5152 -0.8301 -0.2134
vn -0.4377 -0.8806 -0.1813
vn -0.3560 -0.9228 -0.1474
vn -0.2708 -0.9561 -0.1122
vn -0.1830 -0.9802 -0.0758
vn -0.0934 -0.9949 -0.0387
vn -0.0840 0.9949 -0.0561
vn -0.1647 0.9802 -0.1100
vn -0.2437 0.9561 -0.1628
vn -0.3204 0.9228 -0.2141
vn -0.3939 0.8806 -0.2632
vn -0.4637 0.8301 -0.3098
vn -0.5290 0.7715 -0.3535
vn -0.5892 0.7056 -0.3937
vn -0.6438 0.6329 -0.4301
vn -0.6921 0.5542 -0.4625
vn -0.7339 0.4701 -0.4903
vn -0.7685 0.3816 -0.5135
vn -0.7959 0.2894 -0.5318
vn -0.8156 0.1945 -0.5450
vn -0.8275 0.0977 -0.5529
vn -0.8315 -0.0000 -0.5556
vn -0.8275 -0.0977 -0.5529
vn -0.8156 -0.1945 -0.5450
vn -0.7959 -0.2894 -0.5318
vn -0.7685 -0.3816 -0.5135
vn -0.7339 -0.4701 -0.4903
vn -0.6921 -0.5542 -0.4625
vn -0.6438 -0.6329 -0.4301
vn -0.5892 -0.7056 -0.3937
vn -0.5290 -0.7715 -0.3535
vn -0.4637 -0.8301 -0.3098
vn -0.3939 -0.8806 -0.2632
vn -0.3204 -0.9228 -0.2141
vn -0.2437 -0.9561 -0.1628
vn -0.1647 -0.9802 -0.1100
vn -0.0840 -0.9949 -0.0561
vn -0.0715 0.9949 -0.0715
vn -0.1400 0.9802 -0.1400
vn -0.2072 0.9561 -0.2072
vn -0.2724 0.9228 -0.2724
vn -0.3350 0.8806 -0.3350
vn -0.3943 0.8301 -0.3943
vn -0.4499 0.7715 -0.4499
vn -0.5011 0.7056 -0.5011
vn -0.5475 0.6329 -0.5475
vn -0.5886 0.5542 -0.5886
vn -0.6241 0.4701 -0.6241
vn -0.6536 0.3816 -0.6536
vn -0.6768 0.2894 -0.6768
vn -0.6936 0.1945 -0.6936
vn -0.7037 0.0977 -0.7037
vn -0.7071 -0.0000 -0.7071
vn -0.7037 -0.0977 -0.7037
vn -0.6936 -0.1945 -0.6936
vn -0.6768 -0.2894 -0.6768
vn -0.6536 -0.3816 -0.6536
vn -0.6241 -0.4701 -0.6241
vn -0.5886 -0.5542 -0.5886
vn -0.5475 -0.6329 -0.5475
vn -0.5011 -0.7056 -0.5011
vn -0.4499 -0.7715 -0.4499
vn -0.3943 -0.8301 -0.3943
vn -0.3350 -0.8806 -0.3350
vn -0.2724 -0.9228 -0.2724
vn -0.2072 -0.9561 -0.2072
vn -0.1400 -0.9802 -0.1400
vn -0.0715 -0.9949 -0.0715
vn -0.0561 0.9949 -0.0840
vn -0.1100 0.9802 -0.1647
vn -0.1628 0.9561 -0.2437
vn -0.2141 0.9228 -0.3204
vn -0.2632 0.8806 -0.3939
vn -0.3098 0.8301 -0.4637
vn -0.3535 0.7715 -0.5290
vn -0.3937 0.7056 -0.5892
vn -0.4301 0.6329 -0.6438
vn -0.4625 0.5542 -0.6921
vn -0.4903 0.4701 -0.7339
vn -0.5135 0.3816 -0.7685
vn -0.5318 0.2894 -0.7959
vn -0.5450 0.1945 -0.8156
vn -0.5529 0.0977 -0.8275
vn -0.5556 -0.0000 -0.8315
vn -0.5529 -0.0977 -0.8275
vn -0.5450 -0.1945 -0.8156
vn -0.5318 -0.2894 -0.7959
vn -0.5135 -0.3816 -0.7685
vn -0.4903 -0.4701 -0.7339
vn -0.4625 -0.5542 -0.6921
vn -0.4301 -0.6329 -0.6438
vn -0.3937 -0.7056 -0.5892
vn -0.3535 -0.7715 -0.5290
vn -0.3098 -0.8301 -0.4637
vn -0.2632 -0.8806 -0.3939
vn -0.2141 -0.9228 -0.3204
vn -0.1628 -0.9561 -0.2437
vn -0.1100 -0.9802 -0.1647
vn -0.0561 -0.9949 -0.0840
vn -0.0387 0.9949 -0.0934
vn -0.0758 0.9802 -0.1830
vn -0.1122 0.9561 -0.2708
vn -0.1474 0.9228 -0.3560
vn -0.1813 0.8806 -0.4377
vn -0.2134 0.8301 -0.5152
vn -0.2435 0.7715 -0.5878
vn -0.2712 0.7056 -0.6547
vn -0.2963 0.6329 -0.7153
vn -0.3185 0.5542 -0.7690
vn -0.3378 0.4701 -0.8154
vn -0.3537 0.3816 -0.8540
vn -0.3663 0.2894 -0.8843
vn -0.3754 0.1945 -0.9062
vn -0.3809 0.0977 -0.9195
vn -0.3827 -0.0000 -0.9239
vn -0.3809 -0.0977 -0.9195
vn -0.3754 -0.1945 -0.9062
vn -0.3663 -0.2894 -0.8843
vn -0.3537 -0.3816 -0.8540
vn -0.3378 -0.4701 -0.8154
vn -0.3185 -0.5542 -0.7690
vn -0.2963 -0.6329 -0.7153
vn -0.2712 -0.7056 -0.6547
vn -0.2435 -0.7715 -0.5878
vn -0.2134 -0.8301 -0.5152
vn -0.1813 -0.8806 -0.4377
vn -0.1474 -0.9228 -0.3560
vn -0.1122 -0.9561 -0.2708
vn -0.0758 -0.9802 -0.1830
vn -0.0387 -0.9949 -0.0934
vn -0.0197 0.9949 -0.0991
vn -0.0386 0.9802 -0.1942
vn -0.0572 0.9561 -0.2875
vn -0.0752 0.9228 -0.3779
vn -0.0924 0.8806 -0.4647
vn -0.1088 0.8301 -0.5470
vn -0.1241 0.7715 -0.6240
vn -0.1382 0.7056 -0.6950
vn -0.1510 0.6329 -0.7594
vn -0.1624 0.5542 -0.8164
vn -0.1722 0.4701 -0.8656
vn -0.1803 0.3816 -0.9066
vn -0.1867 0.2894 -0.9388
vn -0.1914 0.1945 -0.9621
vn -0.1942 0.0977 -0.9761
vn -0.1951 -0.0000 -0.9808
vn -0.1942 -0.0977 -0.9761
vn -0.1914 -0.1945 -0.9621
vn -0.1867 -0.2894 -0.9388
vn -0.1803 -0.3816 -0.9066
vn -0.1722 -0.4701 -0.8656
vn -0.1624 -0.5542 -0.8164
vn -0.1510 -0.6329 -0.7594
vn -0.1382 -0.7056 -0.6950
vn -0.1241 -0.7715 -0.6240
vn -0.1088 -0.8301 -0.5470
vn -0.0924 -0.8806 -0.4647
vn -0.0752 -0.9228 -0.3779
vn -0.0572 -0.9561 -0.2875
vn -0.0386 -0.9802 -0.1942
vn -0.0197 -0.9949 -0.0991
vn -0.0000 0.9949 -0.1011
vn -0.0000 0.9802 -0.1980
vn -0.0000 0.9561 -0.2931
vn -0.0000 0.9228 -0.3853
vn -0.0000 0.8806 -0.4738
vn -0.0000 0.8301 -0.5577
vn -0.0000 0.7056 -0.7086
vn -0.0000 0.5542 -0.8324
vn -0.0000 0.4701 -0.8826
vn -0.0000 -0.0000 -1.0000
vn -0.0000 -0.2894 -0.9572
vn -0.0000 -0.3816 -0.9243
vn -0.0000 -0.7056 -0.7086
vn -0.0000 -0.9228 -0.3853
vn -0.0000 -0.9561 -0.2931
vt 0.262325 0.516543
vt 0.261699 0.510393
vt 0.278761 0.510272
vt 0.278973 0.516425
vt 0.269856 0.622954
vt 0.272067 0.617731
vt 0.280267 0.618883
vt 0.279521 0.624311
vt 0.263193 0.522544
vt 0.279266 0.522429
vt 0.267785 0.627861
vt 0.278822 0.629411
vt 0.264295 0.528336
vt 0.279638 0.528227
vt 0.265875 0.632406
vt 0.278177 0.634134
vt 0.265621 0.533866
vt 0.280086 0.533763
vt 0.267156 0.458090
vt 0.268887 0.453653
vt 0.281189 0.453565
vt 0.280604 0.457994
vt 0.267156 0.539078
vt 0.280604 0.538982
vt 0.265620 0.462940
vt 0.280086 0.462837
vt 0.268887 0.543924
vt 0.281189 0.543836
vt 0.264295 0.468157
vt 0.279638 0.468048
vt 0.441160 0.540360
vt 0.443070 0.544707
vt 0.430768 0.546435
vt 0.430124 0.541910
vt 0.263193 0.473690
vt 0.279266 0.473575
vt 0.439090 0.535628
vt 0.429424 0.536985
vt 0.262325 0.479485
vt 0.278973 0.479367
vt 0.436879 0.530557
vt 0.428678 0.531709
vt 0.261698 0.485488
vt 0.278761 0.485366
vt 0.281874 0.594732
vt 0.284448 0.588731
vt 0.283579 0.594971
vt 0.434549 0.525195
vt 0.427891 0.526130
vt 0.261320 0.491639
vt 0.278634 0.491516
vt 0.279324 0.600689
vt 0.282718 0.601165
vt 0.432122 0.519595
vt 0.427072 0.520305
vt 0.261194 0.497881
vt 0.278591 0.497757
vt 0.276824 0.606545
vt 0.281874 0.607254
vt 0.429621 0.513810
vt 0.426227 0.514287
vt 0.261320 0.504152
vt 0.278634 0.504029
vt 0.274397 0.612244
vt 0.281054 0.613179
vt 0.427072 0.507896
vt 0.425366 0.508136
vt 0.424497 0.501910
vt 0.419570 0.536985
vt 0.420316 0.531709
vt 0.295947 0.479367
vt 0.296159 0.485366
vt 0.285318 0.594971
vt 0.421103 0.526130
vt 0.296286 0.491516
vt 0.286179 0.601165
vt 0.421923 0.520305
vt 0.296329 0.497757
vt 0.287023 0.607254
vt 0.422767 0.514287
vt 0.296286 0.504029
vt 0.287842 0.613179
vt 0.423628 0.508136
vt 0.296159 0.510272
vt 0.288629 0.618883
vt 0.295947 0.516425
vt 0.289376 0.624311
vt 0.295654 0.522429
vt 0.290075 0.629411
vt 0.295282 0.528227
vt 0.290720 0.634134
vt 0.294834 0.533763
vt 0.293731 0.453565
vt 0.294316 0.457994
vt 0.294316 0.538982
vt 0.294834 0.462837
vt 0.293731 0.543836
vt 0.295282 0.468048
vt 0.418226 0.546435
vt 0.418871 0.541910
vt 0.295654 0.473575
vt 0.414445 0.525195
vt 0.416872 0.519595
vt 0.313600 0.491639
vt 0.313726 0.497881
vt 0.289573 0.600689
vt 0.292073 0.606545
vt 0.419373 0.513810
vt 0.313600 0.504152
vt 0.294500 0.612244
vt 0.421923 0.507896
vt 0.313222 0.510393
vt 0.296830 0.617731
vt 0.312595 0.516543
vt 0.299041 0.622954
vt 0.311727 0.522544
vt 0.301111 0.627861
vt 0.310625 0.528336
vt 0.303021 0.632406
vt 0.309300 0.533866
vt 0.306033 0.453653
vt 0.307764 0.458090
vt 0.307764 0.539078
vt 0.309300 0.462940
vt 0.306033 0.543924
vt 0.310625 0.468157
vt 0.405924 0.544707
vt 0.407834 0.540360
vt 0.311727 0.473690
vt 0.409904 0.535628
vt 0.312595 0.479485
vt 0.412115 0.530557
vt 0.313222 0.485488
vt 0.287023 0.594732
vt 0.416176 0.512875
vt 0.420316 0.507427
vt 0.329909 0.504394
vt 0.329295 0.510631
vt 0.300771 0.610410
vt 0.304555 0.615472
vt 0.328278 0.516776
vt 0.308146 0.620291
vt 0.326867 0.522768
vt 0.311508 0.624820
vt 0.325078 0.528551
vt 0.314609 0.629016
vt 0.322926 0.534068
vt 0.304752 0.636545
vt 0.317420 0.632839
vt 0.320432 0.539266
vt 0.320432 0.458278
vt 0.322926 0.463142
vt 0.317621 0.544095
vt 0.325078 0.468371
vt 0.394336 0.541317
vt 0.397438 0.537319
vt 0.326867 0.473914
vt 0.400800 0.532965
vt 0.328277 0.479717
vt 0.404390 0.528297
vt 0.329295 0.485726
vt 0.288629 0.594262
vt 0.408174 0.523361
vt 0.329909 0.491881
vt 0.292770 0.599753
vt 0.412115 0.518204
vt 0.330114 0.498124
vt 0.296830 0.605154
vt 0.342391 0.517113
vt 0.340493 0.523094
vt 0.316340 0.616425
vt 0.320864 0.620405
vt 0.338085 0.528862
vt 0.325038 0.624096
vt 0.335189 0.534361
vt 0.328821 0.627460
vt 0.331833 0.539538
vt 0.331833 0.458550
vt 0.335189 0.463435
vt 0.391525 0.544922
vt 0.380124 0.539543
vt 0.383907 0.536397
vt 0.338085 0.468682
vt 0.388081 0.532904
vt 0.340493 0.474240
vt 0.392606 0.529098
vt 0.342391 0.480055
vt 0.397438 0.525017
vt 0.343760 0.486072
vt 0.290075 0.593580
vt 0.402530 0.520698
vt 0.344586 0.492232
vt 0.295647 0.598396
vt 0.407834 0.516184
vt 0.344863 0.498476
vt 0.301111 0.603133
vt 0.413298 0.511518
vt 0.344586 0.504745
vt 0.306415 0.607747
vt 0.418871 0.506744
vt 0.343760 0.510977
vt 0.311508 0.612191
vt 0.349146 0.529257
vt 0.345618 0.534734
vt 0.333907 0.617833
vt 0.338517 0.620613
vt 0.341529 0.539885
vt 0.332177 0.630466
vt 0.342606 0.623101
vt 0.370429 0.532696
vt 0.375038 0.530134
vt 0.364190 0.378985
vt 0.367423 0.373463
vt 0.377868 0.373696
vt 0.375269 0.379232
vt 0.380124 0.527285
vt 0.361565 0.384771
vt 0.373171 0.385030
vt 0.385637 0.524178
vt 0.359574 0.390765
vt 0.371595 0.391034
vt 0.391525 0.520841
vt 0.358236 0.396911
vt 0.370557 0.397186
vt 0.291304 0.592712
vt 0.397730 0.517308
vt 0.357563 0.403148
vt 0.370065 0.403427
vt 0.298094 0.596668
vt 0.404193 0.513613
vt 0.357563 0.409416
vt 0.370126 0.409697
vt 0.304752 0.600562
vt 0.410851 0.509790
vt 0.357406 0.498925
vt 0.357069 0.505192
vt 0.311215 0.604357
vt 0.417641 0.505876
vt 0.356062 0.511417
vt 0.317420 0.608016
vt 0.354394 0.517543
vt 0.323308 0.611504
vt 0.352081 0.523509
vt 0.328821 0.614787
vt 0.362811 0.524645
vt 0.368070 0.522769
vt 0.390143 0.373826
vt 0.388288 0.379369
vt 0.373872 0.520678
vt 0.386810 0.385174
vt 0.380162 0.518392
vt 0.385722 0.391183
vt 0.386880 0.515932
vt 0.385035 0.397339
vt 0.292270 0.591691
vt 0.393959 0.513323
vt 0.384756 0.403582
vt 0.300017 0.594636
vt 0.401332 0.510589
vt 0.384888 0.409853
vt 0.307613 0.597539
vt 0.408929 0.507758
vt 0.370738 0.415936
vt 0.385429 0.416090
vt 0.314987 0.600372
vt 0.416675 0.504856
vt 0.371895 0.422083
vt 0.386373 0.422235
vt 0.322066 0.603107
vt 0.373586 0.428079
vt 0.387713 0.428228
vt 0.328783 0.605718
vt 0.375796 0.433867
vt 0.389434 0.434010
vt 0.335073 0.608180
vt 0.378502 0.439390
vt 0.391521 0.439527
vt 0.340876 0.610469
vt 0.381679 0.444596
vt 0.393953 0.444725
vt 0.346135 0.612563
vt 0.385296 0.449435
vt 0.396707 0.449555
vt 0.380945 0.368476
vt 0.392356 0.368596
vt 0.369566 0.513337
vt 0.376391 0.511962
vt 0.401957 0.385195
vt 0.401411 0.391205
vt 0.383680 0.510477
vt 0.401115 0.397362
vt 0.292935 0.590556
vt 0.391361 0.508894
vt 0.401073 0.403605
vt 0.301341 0.592378
vt 0.399362 0.507230
vt 0.401283 0.409876
vt 0.309584 0.594180
vt 0.407605 0.505500
vt 0.401745 0.416114
vt 0.317584 0.595943
vt 0.416010 0.503721
vt 0.402453 0.422258
vt 0.325266 0.597652
vt 0.403402 0.428250
vt 0.332554 0.599288
vt 0.404581 0.434032
vt 0.339379 0.600838
vt 0.405980 0.439548
vt 0.345675 0.602286
vt 0.407585 0.444745
vt 0.394907 0.363730
vt 0.406500 0.363747
vt 0.405030 0.368614
vt 0.409381 0.449573
vt 0.403775 0.373845
vt 0.357563 0.515700
vt 0.363270 0.514587
vt 0.402747 0.379390
vt 0.293275 0.589352
vt 0.382048 0.504686
vt 0.390037 0.504193
vt 0.418179 0.397255
vt 0.418386 0.403497
vt 0.302016 0.589982
vt 0.398357 0.503664
vt 0.418681 0.409767
vt 0.310588 0.590614
vt 0.406929 0.503103
vt 0.419059 0.416006
vt 0.318909 0.591242
vt 0.415671 0.502517
vt 0.419517 0.422152
vt 0.326897 0.591860
vt 0.420050 0.428146
vt 0.334477 0.592463
vt 0.420655 0.433932
vt 0.341575 0.593045
vt 0.421324 0.439452
vt 0.348122 0.593599
vt 0.422051 0.444655
vt 0.418802 0.363670
vt 0.418478 0.368530
vt 0.422829 0.449489
vt 0.418240 0.373755
vt 0.411350 0.453985
vt 0.423652 0.453909
vt 0.418091 0.379294
vt 0.360823 0.505900
vt 0.367371 0.505543
vt 0.418030 0.385095
vt 0.374469 0.505137
vt 0.418059 0.391101
vt 0.302016 0.587538
vt 0.310588 0.586978
vt 0.398357 0.500028
vt 0.406929 0.500660
vt 0.436412 0.409530
vt 0.436705 0.415770
vt 0.318909 0.586449
vt 0.415671 0.501289
vt 0.436908 0.421919
vt 0.326897 0.585956
vt 0.437019 0.427919
vt 0.334477 0.585504
vt 0.437037 0.433712
vt 0.341575 0.585098
vt 0.436962 0.439243
vt 0.348122 0.584742
vt 0.436794 0.444457
vt 0.431340 0.363502
vt 0.432185 0.368347
vt 0.436536 0.449306
vt 0.432984 0.373557
vt 0.436190 0.453741
vt 0.433728 0.379085
vt 0.360823 0.497043
vt 0.367371 0.497597
vt 0.434412 0.384876
vt 0.374469 0.498178
vt 0.435028 0.390874
vt 0.382048 0.498781
vt 0.435570 0.397022
vt 0.293275 0.588125
vt 0.390037 0.499400
vt 0.436033 0.403261
vt 0.317584 0.581747
vt 0.325266 0.580165
vt 0.416010 0.500085
vt 0.453958 0.421569
vt 0.453654 0.427578
vt 0.332554 0.578679
vt 0.453098 0.433383
vt 0.339379 0.577305
vt 0.452293 0.438929
vt 0.345675 0.576055
vt 0.451249 0.444161
vt 0.443633 0.363250
vt 0.445623 0.368071
vt 0.449974 0.449030
vt 0.447438 0.373261
vt 0.448482 0.453489
vt 0.449060 0.378771
vt 0.363270 0.488356
vt 0.369566 0.489803
vt 0.450473 0.384546
vt 0.376391 0.491353
vt 0.451663 0.390533
vt 0.383680 0.492990
vt 0.452620 0.396673
vt 0.292935 0.586920
vt 0.391361 0.494698
vt 0.453333 0.402906
vt 0.301341 0.585141
vt 0.399362 0.496462
vt 0.453797 0.409174
vt 0.309584 0.583412
vt 0.407605 0.498263
vt 0.454006 0.415415
vt 0.328783 0.572250
vt 0.335073 0.569963
vt 0.468221 0.432956
vt 0.466729 0.438521
vt 0.340876 0.567872
vt 0.464859 0.443777
vt 0.455207 0.362924
vt 0.458277 0.367714
vt 0.462628 0.448673
vt 0.461049 0.372877
vt 0.357563 0.487025
vt 0.362811 0.478079
vt 0.368070 0.480173
vt 0.463496 0.378363
vt 0.373872 0.482462
vt 0.465596 0.384120
vt 0.380162 0.484924
vt 0.467327 0.390091
vt 0.386880 0.487535
vt 0.468674 0.396220
vt 0.292270 0.585786
vt 0.393959 0.490270
vt 0.469623 0.402447
vt 0.300017 0.582884
vt 0.401332 0.493102
vt 0.470166 0.408712
vt 0.307613 0.580052
vt 0.408929 0.496006
vt 0.470296 0.414955
vt 0.314987 0.577319
vt 0.416675 0.498951
vt 0.470012 0.421116
vt 0.322066 0.574710
vt 0.469318 0.427136
vt 0.346135 0.565996
vt 0.333907 0.560508
vt 0.338517 0.557945
vt 0.477102 0.443320
vt 0.474010 0.448248
vt 0.469659 0.367289
vt 0.473291 0.372420
vt 0.370429 0.470028
vt 0.375038 0.472809
vt 0.476482 0.377878
vt 0.380124 0.475855
vt 0.479199 0.383612
vt 0.385637 0.479138
vt 0.481418 0.389565
vt 0.391525 0.482625
vt 0.483116 0.395680
vt 0.291304 0.584765
vt 0.397730 0.486284
vt 0.484277 0.401899
vt 0.298094 0.580852
vt 0.404193 0.490079
vt 0.484890 0.408162
vt 0.304752 0.577029
vt 0.410851 0.493974
vt 0.484949 0.414408
vt 0.311215 0.573333
vt 0.417641 0.497930
vt 0.484454 0.420577
vt 0.317420 0.569800
vt 0.483409 0.426610
vt 0.323308 0.566464
vt 0.481824 0.432448
vt 0.328821 0.563356
vt 0.479715 0.438036
vt 0.225774 0.377762
vt 0.229303 0.372285
vt 0.239731 0.372658
vt 0.236835 0.378157
vt 0.383907 0.466546
vt 0.388081 0.470236
vt 0.487518 0.377335
vt 0.490761 0.383042
vt 0.392606 0.474217
vt 0.493393 0.388975
vt 0.397438 0.478450
vt 0.218859 0.395602
vt 0.220527 0.389476
vt 0.232529 0.389906
vt 0.231160 0.396042
vt 0.290075 0.583897
vt 0.402530 0.482895
vt 0.217851 0.401828
vt 0.230334 0.402274
vt 0.295647 0.579124
vt 0.407834 0.487508
vt 0.217515 0.408094
vt 0.230057 0.408543
vt 0.301111 0.574458
vt 0.413298 0.492246
vt 0.217851 0.414341
vt 0.230334 0.414787
vt 0.306415 0.569944
vt 0.418871 0.497062
vt 0.218859 0.420507
vt 0.231160 0.420948
vt 0.311508 0.565625
vt 0.220527 0.426535
vt 0.232529 0.426964
vt 0.316340 0.561543
vt 0.222839 0.432365
vt 0.234427 0.432779
vt 0.320864 0.557738
vt 0.493386 0.431879
vt 0.490752 0.437493
vt 0.325038 0.554245
vt 0.229303 0.443211
vt 0.225774 0.437941
vt 0.236835 0.438337
vt 0.239731 0.443584
vt 0.328821 0.551099
vt 0.366340 0.467540
vt 0.376768 0.460176
vt 0.380124 0.463182
vt 0.233392 0.367134
vt 0.243087 0.367481
vt 0.234427 0.383925
vt 0.248053 0.384251
vt 0.246643 0.390243
vt 0.400800 0.470351
vt 0.404390 0.475170
vt 0.245626 0.396388
vt 0.288629 0.583215
vt 0.408174 0.480232
vt 0.245011 0.402625
vt 0.292770 0.577766
vt 0.412115 0.485488
vt 0.244806 0.408895
vt 0.296830 0.572438
vt 0.416176 0.490888
vt 0.245011 0.415138
vt 0.300771 0.567281
vt 0.420316 0.496380
vt 0.245626 0.421293
vt 0.304555 0.562345
vt 0.246643 0.427302
vt 0.308146 0.557677
vt 0.248053 0.433105
vt 0.311508 0.553323
vt 0.249843 0.438648
vt 0.314609 0.549324
vt 0.251995 0.443877
vt 0.317420 0.545720
vt 0.243087 0.448469
vt 0.254488 0.448741
vt 0.254488 0.367753
vt 0.251995 0.372951
vt 0.391525 0.457802
vt 0.394336 0.461625
vt 0.249843 0.378468
vt 0.397438 0.465821
vt 0.261699 0.396626
vt 0.261320 0.402867
vt 0.287023 0.582745
vt 0.289573 0.576831
vt 0.414445 0.478397
vt 0.416872 0.484097
vt 0.261194 0.409138
vt 0.292073 0.571046
vt 0.419373 0.489953
vt 0.261320 0.415380
vt 0.294500 0.565446
vt 0.421923 0.495910
vt 0.261699 0.421532
vt 0.296830 0.560085
vt 0.262325 0.427534
vt 0.299041 0.555014
vt 0.263193 0.433330
vt 0.301111 0.550282
vt 0.264295 0.438862
vt 0.303021 0.545935
vt 0.265621 0.444079
vt 0.257299 0.362924
vt 0.268887 0.363095
vt 0.267156 0.367941
vt 0.267156 0.448929
vt 0.265621 0.373153
vt 0.404193 0.454097
vt 0.405924 0.458236
vt 0.264295 0.378683
vt 0.407834 0.462781
vt 0.263193 0.384475
vt 0.409904 0.467688
vt 0.262325 0.390476
vt 0.412115 0.472910
vt 0.278591 0.409262
vt 0.278634 0.415503
vt 0.287023 0.570337
vt 0.287842 0.564511
vt 0.422767 0.489476
vt 0.423628 0.495671
vt 0.278762 0.421653
vt 0.288629 0.558933
vt 0.278973 0.427653
vt 0.289376 0.553656
vt 0.279266 0.433444
vt 0.290075 0.548732
vt 0.279638 0.438971
vt 0.290720 0.544207
vt 0.280086 0.444182
vt 0.281189 0.363183
vt 0.280604 0.368037
vt 0.280604 0.449025
vt 0.280086 0.373256
vt 0.268887 0.453366
vt 0.281189 0.453454
vt 0.279638 0.378792
vt 0.418226 0.456508
vt 0.418871 0.461230
vt 0.279266 0.384590
vt 0.419570 0.466330
vt 0.278973 0.390594
vt 0.420316 0.471758
vt 0.278762 0.396747
vt 0.285318 0.582506
vt 0.421103 0.477462
vt 0.278634 0.402990
vt 0.286179 0.576355
vt 0.421923 0.483387
vt 0.296159 0.421653
vt 0.295947 0.427653
vt 0.280268 0.558933
vt 0.279521 0.553656
vt 0.295654 0.433444
vt 0.278822 0.548732
vt 0.295282 0.438971
vt 0.278177 0.544207
vt 0.294834 0.444182
vt 0.293731 0.363183
vt 0.294316 0.368037
vt 0.294316 0.449025
vt 0.294834 0.373256
vt 0.293731 0.453454
vt 0.295282 0.378792
vt 0.430768 0.456508
vt 0.430124 0.461230
vt 0.295654 0.384590
vt 0.429424 0.466330
vt 0.295947 0.390594
vt 0.428678 0.471758
vt 0.296159 0.396747
vt 0.283579 0.582506
vt 0.427891 0.477462
vt 0.296286 0.402990
vt 0.282718 0.576355
vt 0.427072 0.483387
vt 0.296329 0.409262
vt 0.281874 0.570337
vt 0.426227 0.489476
vt 0.296286 0.415503
vt 0.281054 0.564511
vt 0.425366 0.495671
vt 0.311727 0.433330
vt 0.310625 0.438862
vt 0.267785 0.550282
vt 0.265875 0.545935
vt 0.309300 0.444079
vt 0.306033 0.363095
vt 0.307764 0.367941
vt 0.307764 0.448929
vt 0.309300 0.373153
vt 0.306033 0.453366
vt 0.310625 0.378683
vt 0.443070 0.458236
vt 0.441160 0.462781
vt 0.311727 0.384475
vt 0.439090 0.467688
vt 0.312595 0.390476
vt 0.436879 0.472910
vt 0.313222 0.396626
vt 0.281874 0.582745
vt 0.434549 0.478397
vt 0.313600 0.402867
vt 0.279324 0.576831
vt 0.432122 0.484097
vt 0.313726 0.409138
vt 0.276824 0.571046
vt 0.429621 0.489953
vt 0.313600 0.415380
vt 0.274397 0.565446
vt 0.427072 0.495910
vt 0.313222 0.421532
vt 0.272067 0.560085
vt 0.312595 0.427534
vt 0.269856 0.555014
vt 0.322926 0.443877
vt 0.320432 0.448741
vt 0.320432 0.367753
vt 0.322926 0.372951
vt 0.444801 0.454097
vt 0.457469 0.457802
vt 0.454658 0.461625
vt 0.325078 0.378468
vt 0.451557 0.465821
vt 0.326867 0.384251
vt 0.448194 0.470351
vt 0.328278 0.390243
vt 0.444604 0.475170
vt 0.329295 0.396388
vt 0.280268 0.583215
vt 0.440820 0.480232
vt 0.329909 0.402625
vt 0.276127 0.577767
vt 0.436879 0.485488
vt 0.330114 0.408895
vt 0.272067 0.572438
vt 0.432818 0.490888
vt 0.329909 0.415138
vt 0.268125 0.567281
vt 0.428678 0.496380
vt 0.329295 0.421293
vt 0.264341 0.562345
vt 0.328278 0.427302
vt 0.260751 0.557677
vt 0.326867 0.433105
vt 0.257389 0.553323
vt 0.325078 0.438648
vt 0.254287 0.549324
vt 0.317621 0.362924
vt 0.465087 0.466546
vt 0.460913 0.470236
vt 0.338085 0.378157
vt 0.340493 0.383925
vt 0.456388 0.474217
vt 0.342391 0.389906
vt 0.451557 0.478450
vt 0.343760 0.396042
vt 0.278822 0.583897
vt 0.446464 0.482895
vt 0.344586 0.402274
vt 0.273250 0.579124
vt 0.441160 0.487508
vt 0.344863 0.408543
vt 0.267785 0.574458
vt 0.435696 0.492246
vt 0.344586 0.414787
vt 0.262481 0.569944
vt 0.430124 0.497062
vt 0.343760 0.420948
vt 0.257389 0.565625
vt 0.342391 0.426964
vt 0.252557 0.561543
vt 0.340493 0.432779
vt 0.248032 0.557738
vt 0.338085 0.438337
vt 0.243858 0.554245
vt 0.335189 0.443584
vt 0.251476 0.545720
vt 0.240075 0.551099
vt 0.331833 0.448469
vt 0.331833 0.367481
vt 0.335189 0.372658
vt 0.468870 0.463182
vt 0.463357 0.479138
vt 0.457469 0.482625
vt 0.354394 0.389476
vt 0.356062 0.395602
vt 0.277592 0.584765
vt 0.451264 0.486284
vt 0.357069 0.401828
vt 0.270803 0.580852
vt 0.444801 0.490079
vt 0.357406 0.408094
vt 0.264144 0.577029
vt 0.438143 0.493974
vt 0.357900 0.598172
vt 0.357563 0.591906
vt 0.370106 0.591457
vt 0.370382 0.597726
vt 0.257681 0.573333
vt 0.431353 0.497930
vt 0.358907 0.604398
vt 0.371209 0.603958
vt 0.251476 0.569800
vt 0.360575 0.610524
vt 0.372578 0.610094
vt 0.245589 0.566464
vt 0.362888 0.616489
vt 0.374476 0.616075
vt 0.240075 0.563357
vt 0.365822 0.622238
vt 0.376884 0.621843
vt 0.234989 0.560508
vt 0.369351 0.627715
vt 0.379780 0.627342
vt 0.230380 0.557946
vt 0.472226 0.460176
vt 0.482655 0.467540
vt 0.478566 0.470028
vt 0.341529 0.367134
vt 0.345618 0.372285
vt 0.473956 0.472809
vt 0.349147 0.377762
vt 0.468870 0.475855
vt 0.352081 0.383511
vt 0.276627 0.585786
vt 0.268880 0.582884
vt 0.455035 0.490270
vt 0.447662 0.493102
vt 0.370382 0.585213
vt 0.385060 0.584862
vt 0.384855 0.591105
vt 0.261284 0.580052
vt 0.440065 0.496005
vt 0.385060 0.597375
vt 0.253910 0.577319
vt 0.432319 0.498951
vt 0.385674 0.603612
vt 0.246831 0.574710
vt 0.386691 0.609757
vt 0.240114 0.572250
vt 0.388102 0.615749
vt 0.233824 0.569964
vt 0.389891 0.621532
vt 0.228021 0.567872
vt 0.392043 0.627048
vt 0.222762 0.565996
vt 0.383136 0.632519
vt 0.394537 0.632247
vt 0.379780 0.556416
vt 0.383136 0.551531
vt 0.394537 0.551259
vt 0.392043 0.556123
vt 0.486183 0.478079
vt 0.480924 0.480173
vt 0.376884 0.561663
vt 0.389891 0.561352
vt 0.475122 0.482462
vt 0.374476 0.567221
vt 0.388102 0.566895
vt 0.468832 0.484924
vt 0.372578 0.573036
vt 0.386691 0.572698
vt 0.462115 0.487535
vt 0.371209 0.579052
vt 0.385674 0.578707
vt 0.259313 0.583412
vt 0.251312 0.581747
vt 0.441390 0.498263
vt 0.432984 0.500085
vt 0.401369 0.597133
vt 0.401747 0.603374
vt 0.243631 0.580165
vt 0.402374 0.609524
vt 0.236343 0.578679
vt 0.403242 0.615525
vt 0.229517 0.577305
vt 0.404344 0.621317
vt 0.223221 0.576055
vt 0.405669 0.626846
vt 0.217515 0.574942
vt 0.407205 0.632059
vt 0.407205 0.551071
vt 0.405669 0.555921
vt 0.397348 0.637076
vt 0.408936 0.636905
vt 0.404344 0.561138
vt 0.485724 0.488356
vt 0.479428 0.489803
vt 0.403242 0.566670
vt 0.472603 0.491353
vt 0.402374 0.572466
vt 0.465315 0.492990
vt 0.401747 0.578468
vt 0.275961 0.586920
vt 0.457633 0.494698
vt 0.401369 0.584620
vt 0.267556 0.585141
vt 0.449632 0.496462
vt 0.401243 0.590862
vt 0.242000 0.585956
vt 0.234420 0.585505
vt 0.419022 0.609406
vt 0.419315 0.615410
vt 0.227322 0.585099
vt 0.419687 0.621208
vt 0.220774 0.584742
vt 0.420134 0.626744
vt 0.408936 0.546634
vt 0.421237 0.546546
vt 0.420653 0.550975
vt 0.420653 0.631963
vt 0.420134 0.555818
vt 0.421237 0.636817
vt 0.419687 0.561029
vt 0.488171 0.497043
vt 0.481623 0.497597
vt 0.419315 0.566556
vt 0.474525 0.498178
vt 0.419022 0.572347
vt 0.466946 0.498781
vt 0.418810 0.578347
vt 0.275622 0.588125
vt 0.458957 0.499400
vt 0.418682 0.584497
vt 0.266881 0.587538
vt 0.450637 0.500028
vt 0.418640 0.590738
vt 0.258309 0.586978
vt 0.442065 0.500660
vt 0.418682 0.597010
vt 0.249988 0.586449
vt 0.433323 0.501289
vt 0.418810 0.603253
vt 0.227322 0.593045
vt 0.220774 0.593599
vt 0.435331 0.621208
vt 0.434883 0.626744
vt 0.433780 0.546546
vt 0.434365 0.550975
vt 0.434365 0.631963
vt 0.434883 0.555818
vt 0.433780 0.636817
vt 0.435331 0.561029
vt 0.488171 0.505900
vt 0.481623 0.505543
vt 0.435703 0.566556
vt 0.474525 0.505137
vt 0.435996 0.572347
vt 0.466946 0.504686
vt 0.436207 0.578347
vt 0.275622 0.589352
vt 0.458957 0.504193
vt 0.436335 0.584497
vt 0.266881 0.589982
vt 0.450637 0.503664
vt 0.436378 0.590738
vt 0.258309 0.590614
vt 0.442065 0.503103
vt 0.436335 0.597010
vt 0.249988 0.591242
vt 0.433323 0.502517
vt 0.436207 0.603253
vt 0.242000 0.591861
vt 0.435996 0.609406
vt 0.234420 0.592463
vt 0.435703 0.615410
vt 0.243631 0.597652
vt 0.236343 0.599289
vt 0.452644 0.609524
vt 0.451776 0.615525
vt 0.229517 0.600838
vt 0.450674 0.621317
vt 0.223221 0.602286
vt 0.449348 0.626846
vt 0.446082 0.546634
vt 0.447813 0.551071
vt 0.447813 0.632059
vt 0.449348 0.555921
vt 0.446082 0.636905
vt 0.450674 0.561138
vt 0.485724 0.514586
vt 0.479428 0.513337
vt 0.451776 0.566670
vt 0.472603 0.511962
vt 0.452644 0.572466
vt 0.465314 0.510477
vt 0.453270 0.578468
vt 0.275961 0.590556
vt 0.457633 0.508894
vt 0.453649 0.584620
vt 0.267556 0.592378
vt 0.449632 0.507230
vt 0.453775 0.590862
vt 0.259313 0.594180
vt 0.441390 0.505500
vt 0.453649 0.597133
vt 0.251312 0.595943
vt 0.432984 0.503721
vt 0.453270 0.603374
vt 0.233824 0.608180
vt 0.228021 0.610469
vt 0.465126 0.621532
vt 0.462974 0.627048
vt 0.217515 0.603617
vt 0.222762 0.612563
vt 0.460481 0.632247
vt 0.460481 0.551259
vt 0.462974 0.556123
vt 0.457670 0.637076
vt 0.465126 0.561352
vt 0.480924 0.522769
vt 0.475122 0.520678
vt 0.466916 0.566895
vt 0.468832 0.518391
vt 0.468326 0.572698
vt 0.462115 0.515932
vt 0.469343 0.578707
vt 0.276627 0.591691
vt 0.455035 0.513323
vt 0.469957 0.584862
vt 0.268880 0.594636
vt 0.447662 0.510589
vt 0.470163 0.591105
vt 0.261284 0.597539
vt 0.440065 0.507758
vt 0.469957 0.597375
vt 0.253910 0.600372
vt 0.432319 0.504856
vt 0.469343 0.603612
vt 0.246831 0.603107
vt 0.468326 0.609757
vt 0.240114 0.605718
vt 0.466916 0.615749
vt 0.471882 0.551531
vt 0.475237 0.556416
vt 0.486183 0.524645
vt 0.478566 0.532696
vt 0.473956 0.530134
vt 0.478133 0.561663
vt 0.468870 0.527285
vt 0.480542 0.567221
vt 0.463357 0.524178
vt 0.482440 0.573036
vt 0.457469 0.520841
vt 0.483809 0.579052
vt 0.277592 0.592712
vt 0.451264 0.517308
vt 0.484635 0.585213
vt 0.270803 0.596668
vt 0.444801 0.513613
vt 0.484912 0.591457
vt 0.264144 0.600562
vt 0.438143 0.509790
vt 0.484635 0.597726
vt 0.257681 0.604357
vt 0.431353 0.505876
vt 0.483809 0.603958
vt 0.251476 0.608016
vt 0.482440 0.610094
vt 0.245589 0.611504
vt 0.480542 0.616075
vt 0.240075 0.614787
vt 0.478133 0.621843
vt 0.234989 0.617833
vt 0.475237 0.627342
vt 0.230380 0.620613
vt 0.471882 0.632519
vt 0.222839 0.474654
vt 0.225774 0.469078
vt 0.236835 0.468682
vt 0.234427 0.474240
vt 0.460913 0.532904
vt 0.456388 0.529098
vt 0.220526 0.480484
vt 0.232529 0.480055
vt 0.451557 0.525017
vt 0.218859 0.486512
vt 0.231160 0.486072
vt 0.278822 0.593580
vt 0.446464 0.520698
vt 0.217851 0.492678
vt 0.230334 0.492232
vt 0.273250 0.598396
vt 0.441160 0.516184
vt 0.217515 0.498925
vt 0.230057 0.498476
vt 0.267785 0.603133
vt 0.435696 0.511518
vt 0.217851 0.505192
vt 0.230334 0.504745
vt 0.262481 0.607747
vt 0.430124 0.506744
vt 0.218859 0.511417
vt 0.231160 0.510977
vt 0.257389 0.612191
vt 0.220527 0.517543
vt 0.232529 0.517113
vt 0.252557 0.616425
vt 0.222839 0.523509
vt 0.234427 0.523094
vt 0.248032 0.620406
vt 0.225774 0.529257
vt 0.236835 0.528862
vt 0.243858 0.624096
vt 0.229303 0.534734
vt 0.239732 0.534361
vt 0.240075 0.627460
vt 0.233392 0.539885
vt 0.243087 0.539538
vt 0.226291 0.623101
vt 0.236720 0.630466
vt 0.468870 0.539543
vt 0.465087 0.536397
vt 0.229303 0.463809
vt 0.239731 0.463435
vt 0.246643 0.479717
vt 0.245626 0.485726
vt 0.280268 0.594262
vt 0.444604 0.528297
vt 0.440820 0.523361
vt 0.245011 0.491881
vt 0.276127 0.599753
vt 0.436879 0.518204
vt 0.244806 0.498124
vt 0.272067 0.605154
vt 0.432818 0.512875
vt 0.245011 0.504394
vt 0.268125 0.610410
vt 0.428678 0.507427
vt 0.245626 0.510631
vt 0.264341 0.615472
vt 0.246643 0.516776
vt 0.260751 0.620291
vt 0.248053 0.522768
vt 0.257389 0.624820
vt 0.249843 0.528551
vt 0.254287 0.629017
vt 0.251995 0.534068
vt 0.251476 0.632839
vt 0.254488 0.539266
vt 0.243087 0.458550
vt 0.254488 0.458278
vt 0.251994 0.463142
vt 0.457469 0.544922
vt 0.454658 0.541317
vt 0.249843 0.468371
vt 0.451557 0.537319
vt 0.248053 0.473914
vt 0.448194 0.532965
vt 0.264144 0.636545
vt 0.257299 0.544095
s 1
usemtl Hydrogen.002
f 5967/5721/5960 4985/5722/4978 5011/5723/5004 5012/5724/5005
f 5962/5725/5955 5961/5726/5954 4998/5727/4991 4999/5728/4992
f 5968/5729/5961 5967/5721/5960 5012/5724/5005 5013/5730/5006
f 4978/5731/4971 5962/5725/5955 4999/5728/4992 5000/5732/4993
f 4986/5733/4979 5968/5729/5961 5013/5730/5006 5014/5734/5007
f 5963/5735/5956 4978/5731/4971 5000/5732/4993 5001/5736/4994
f 4987/5737/4980 4986/5733/4979 5014/5734/5007 5015/5738/5008
f 4979/5739/4972 5963/5740/5956 5001/5741/4994 5002/5742/4995
f 4988/5743/4981 4987/5737/4980 5015/5738/5008 5016/5744/5009
f 5964/5745/5957 4979/5739/4972 5002/5742/4995 5003/5746/4996
f 5969/5747/5962 4988/5743/4981 5016/5744/5009 5017/5748/5010
f 5965/5749/5958 5964/5745/5957 5003/5746/4996 5004/5750/4997
f 4989/5751/4982 5969/5752/5962 5017/5753/5010 5018/5754/5011
f 4980/5755/4973 5965/5749/5958 5004/5750/4997 5005/5756/4998
f 4990/5757/4983 4989/5751/4982 5018/5754/5011 5019/5758/5012
f 4981/5759/4974 4980/5755/4973 5005/5756/4998 5006/5760/4999
f 4991/5761/4984 4990/5757/4983 5019/5758/5012 5020/5762/5013
f 4982/5763/4975 4981/5759/4974 5006/5760/4999 5007/5764/5000
f 5957/5765/5950 5491/5766/5484 4994/5767/4987
f 5970/5768/5963 4991/5761/4984 5020/5762/5013 5021/5769/5014
f 4983/5770/4976 4982/5763/4975 5007/5764/5000 5008/5771/5001
f 5958/5772/5951 5957/5765/5950 4994/5767/4987 4995/5773/4988
f 5971/5774/5964 5970/5768/5963 5021/5769/5014 5022/5775/5015
f 5966/5776/5959 4983/5770/4976 5008/5771/5001 5009/5777/5002
f 5959/5778/5952 5958/5772/5951 4995/5773/4988 4996/5779/4989
f 4992/5780/4985 5971/5774/5964 5022/5775/5015 5023/5781/5016
f 4984/5782/4977 5966/5776/5959 5009/5777/5002 5010/5783/5003
f 5960/5784/5953 5959/5778/5952 4996/5779/4989 4997/5785/4990
f 4993/5786/4986 4992/5780/4985 5023/5781/5016 5024/5787/5017
f 4985/5722/4978 4984/5782/4977 5010/5783/5003 5011/5723/5004
f 5961/5726/5954 5960/5784/5953 4997/5785/4990 4998/5727/4991
f 5490/5788/5483 4993/5786/4986 5024/5787/5017
f 5020/5762/5013 5019/5758/5012 5050/5789/5043 5051/5790/5044
f 5007/5764/5000 5006/5760/4999 5037/5791/5030 5038/5792/5031
f 4994/5767/4987 5491/5766/5484 5025/5793/5018
f 5021/5769/5014 5020/5762/5013 5051/5790/5044 5052/5794/5045
f 5008/5771/5001 5007/5764/5000 5038/5792/5031 5039/5795/5032
f 4995/5773/4988 4994/5767/4987 5025/5793/5018 5026/5796/5019
f 5022/5775/5015 5021/5769/5014 5052/5794/5045 5053/5797/5046
f 5009/5777/5002 5008/5771/5001 5039/5795/5032 5040/5798/5033
f 4996/5779/4989 4995/5773/4988 5026/5796/5019 5027/5799/5020
f 5023/5781/5016 5022/5775/5015 5053/5797/5046 5054/5800/5047
f 5010/5783/5003 5009/5777/5002 5040/5798/5033 5041/5801/5034
f 4997/5785/4990 4996/5779/4989 5027/5799/5020 5028/5802/5021
f 5024/5787/5017 5023/5781/5016 5054/5800/5047 5055/5803/5048
f 5011/5723/5004 5010/5783/5003 5041/5801/5034 5042/5804/5035
f 4998/5727/4991 4997/5785/4990 5028/5802/5021 5029/5805/5022
f 5490/5788/5483 5024/5787/5017 5055/5803/5048
f 5012/5724/5005 5011/5723/5004 5042/5804/5035 5043/5806/5036
f 4999/5728/4992 4998/5727/4991 5029/5805/5022 5030/5807/5023
f 5013/5730/5006 5012/5724/5005 5043/5806/5036 5044/5808/5037
f 5000/5732/4993 4999/5728/4992 5030/5807/5023 5031/5809/5024
f 5014/5734/5007 5013/5730/5006 5044/5808/5037 5045/5810/5038
f 5001/5736/4994 5000/5732/4993 5031/5809/5024 5032/5811/5025
f 5015/5738/5008 5014/5734/5007 5045/5810/5038 5046/5812/5039
f 5002/5742/4995 5001/5741/4994 5032/5813/5025 5033/5814/5026
f 5016/5744/5009 5015/5738/5008 5046/5812/5039 5047/5815/5040
f 5003/5746/4996 5002/5742/4995 5033/5814/5026 5034/5816/5027
f 5017/5748/5010 5016/5744/5009 5047/5815/5040 5048/5817/5041
f 5004/5750/4997 5003/5746/4996 5034/5816/5027 5035/5818/5028
f 5018/5754/5011 5017/5753/5010 5048/5819/5041 5049/5820/5042
f 5005/5756/4998 5004/5750/4997 5035/5818/5028 5036/5821/5029
f 5019/5758/5012 5018/5754/5011 5049/5820/5042 5050/5789/5043
f 5006/5760/4999 5005/5756/4998 5036/5821/5029 5037/5791/5030
f 5053/5797/5046 5052/5794/5045 5083/5822/5076 5084/5823/5077
f 5040/5798/5033 5039/5795/5032 5070/5824/5063 5071/5825/5064
f 5027/5799/5020 5026/5796/5019 5057/5826/5050 5058/5827/5051
f 5054/5800/5047 5053/5797/5046 5084/5823/5077 5085/5828/5078
f 5041/5801/5034 5040/5798/5033 5071/5825/5064 5072/5829/5065
f 5028/5802/5021 5027/5799/5020 5058/5827/5051 5059/5830/5052
f 5055/5803/5048 5054/5800/5047 5085/5828/5078 5086/5831/5079
f 5042/5804/5035 5041/5801/5034 5072/5829/5065 5073/5832/5066
f 5029/5805/5022 5028/5802/5021 5059/5830/5052 5060/5833/5053
f 5490/5788/5483 5055/5803/5048 5086/5831/5079
f 5043/5806/5036 5042/5804/5035 5073/5832/5066 5074/5834/5067
f 5030/5807/5023 5029/5805/5022 5060/5833/5053 5061/5835/5054
f 5044/5808/5037 5043/5806/5036 5074/5834/5067 5075/5836/5068
f 5031/5809/5024 5030/5807/5023 5061/5835/5054 5062/5837/5055
f 5045/5810/5038 5044/5808/5037 5075/5836/5068 5076/5838/5069
f 5032/5811/5025 5031/5809/5024 5062/5837/5055 5063/5839/5056
f 5046/5812/5039 5045/5810/5038 5076/5838/5069 5077/5840/5070
f 5033/5814/5026 5032/5813/5025 5063/5841/5056 5064/5842/5057
f 5047/5815/5040 5046/5812/5039 5077/5840/5070 5078/5843/5071
f 5034/5816/5027 5033/5814/5026 5064/5842/5057 5065/5844/5058
f 5048/5817/5041 5047/5815/5040 5078/5843/5071 5079/5845/5072
f 5035/5818/5028 5034/5816/5027 5065/5844/5058 5066/5846/5059
f 5049/5820/5042 5048/5819/5041 5079/5847/5072 5080/5848/5073
f 5036/5821/5029 5035/5818/5028 5066/5846/5059 5067/5849/5060
f 5050/5789/5043 5049/5820/5042 5080/5848/5073 5081/5850/5074
f 5037/5791/5030 5036/5821/5029 5067/5849/5060 5068/5851/5061
f 5051/5790/5044 5050/5789/5043 5081/5850/5074 5082/5852/5075
f 5038/5792/5031 5037/5791/5030 5068/5851/5061 5069/5853/5062
f 5025/5793/5018 5491/5766/5484 5056/5854/5049
f 5052/5794/5045 5051/5790/5044 5082/5852/5075 5083/5822/5076
f 5039/5795/5032 5038/5792/5031 5069/5853/5062 5070/5824/5063
f 5026/5796/5019 5025/5793/5018 5056/5854/5049 5057/5826/5050
f 5086/5831/5079 5085/5828/5078 5116/5855/5109 5117/5856/5110
f 5073/5832/5066 5072/5829/5065 5103/5857/5096 5104/5858/5097
f 5060/5833/5053 5059/5830/5052 5090/5859/5083 5091/5860/5084
f 5490/5788/5483 5086/5831/5079 5117/5856/5110
f 5074/5834/5067 5073/5832/5066 5104/5858/5097 5105/5861/5098
f 5061/5835/5054 5060/5833/5053 5091/5860/5084 5092/5862/5085
f 5075/5836/5068 5074/5834/5067 5105/5861/5098 5106/5863/5099
f 5062/5837/5055 5061/5835/5054 5092/5862/5085 5093/5864/5086
f 5076/5838/5069 5075/5836/5068 5106/5863/5099 5107/5865/5100
f 5063/5839/5056 5062/5837/5055 5093/5864/5086 5094/5866/5087
f 5077/5840/5070 5076/5838/5069 5107/5865/5100 5108/5867/5101
f 5064/5868/5057 5063/5839/5056 5094/5866/5087 5095/5869/5088
f 5078/5843/5071 5077/5840/5070 5108/5867/5101 5109/5870/5102
f 5065/5844/5058 5064/5842/5057 5095/5871/5088 5096/5872/5089
f 5079/5845/5072 5078/5843/5071 5109/5870/5102 5110/5873/5103
f 5066/5846/5059 5065/5844/5058 5096/5872/5089 5097/5874/5090
f 5080/5848/5073 5079/5847/5072 5110/5875/5103 5111/5876/5104
f 5067/5849/5060 5066/5846/5059 5097/5874/5090 5098/5877/5091
f 5081/5850/5074 5080/5848/5073 5111/5876/5104 5112/5878/5105
f 5068/5851/5061 5067/5849/5060 5098/5877/5091 5099/5879/5092
f 5082/5852/5075 5081/5850/5074 5112/5878/5105 5113/5880/5106
f 5069/5853/5062 5068/5851/5061 5099/5879/5092 5100/5881/5093
f 5056/5854/5049 5491/5766/5484 5087/5882/5080
f 5083/5822/5076 5082/5852/5075 5113/5880/5106 5114/5883/5107
f 5070/5824/5063 5069/5853/5062 5100/5881/5093 5101/5884/5094
f 5057/5826/5050 5056/5854/5049 5087/5882/5080 5088/5885/5081
f 5084/5823/5077 5083/5822/5076 5114/5883/5107 5115/5886/5108
f 5071/5825/5064 5070/5824/5063 5101/5884/5094 5102/5887/5095
f 5058/5827/5051 5057/5826/5050 5088/5885/5081 5089/5888/5082
f 5085/5828/5078 5084/5823/5077 5115/5886/5108 5116/5855/5109
f 5072/5829/5065 5071/5825/5064 5102/5887/5095 5103/5857/5096
f 5059/5830/5052 5058/5827/5051 5089/5888/5082 5090/5859/5083
f 5106/5863/5099 5105/5861/5098 5136/5889/5129 5137/5890/5130
f 5093/5864/5086 5092/5862/5085 5123/5891/5116 5124/5892/5117
f 5107/5865/5100 5106/5863/5099 5137/5890/5130 5138/5893/5131
f 5094/5866/5087 5093/5864/5086 5124/5892/5117 5125/5894/5118
f 5108/5867/5101 5107/5865/5100 5138/5893/5131 5139/5895/5132
f 5095/5869/5088 5094/5866/5087 5125/5894/5118 5126/5896/5119
f 5109/5870/5102 5108/5867/5101 5139/5895/5132 5140/5897/5133
f 5096/5872/5089 5095/5871/5088 5126/5898/5119 5127/5899/5120
f 5110/5875/5103 5109/5900/5102 5140/5901/5133 5141/5902/5134
f 5097/5874/5090 5096/5872/5089 5127/5899/5120 5128/5903/5121
f 5111/5876/5104 5110/5875/5103 5141/5902/5134 5142/5904/5135
f 5098/5877/5091 5097/5874/5090 5128/5903/5121 5129/5905/5122
f 5112/5878/5105 5111/5876/5104 5142/5904/5135 5143/5906/5136
f 5099/5879/5092 5098/5877/5091 5129/5905/5122 5130/5907/5123
f 5113/5880/5106 5112/5878/5105 5143/5906/5136 5144/5908/5137
f 5100/5881/5093 5099/5879/5092 5130/5907/5123 5131/5909/5124
f 5087/5882/5080 5491/5766/5484 5118/5910/5111
f 5114/5883/5107 5113/5880/5106 5144/5908/5137 5145/5911/5138
f 5101/5884/5094 5100/5881/5093 5131/5909/5124 5132/5912/5125
f 5088/5885/5081 5087/5882/5080 5118/5910/5111 5119/5913/5112
f 5115/5886/5108 5114/5883/5107 5145/5911/5138 5146/5914/5139
f 5102/5887/5095 5101/5884/5094 5132/5912/5125 5133/5915/5126
f 5089/5888/5082 5088/5885/5081 5119/5913/5112 5120/5916/5113
f 5116/5855/5109 5115/5886/5108 5146/5914/5139 5147/5917/5140
f 5103/5857/5096 5102/5887/5095 5133/5915/5126 5134/5918/5127
f 5090/5859/5083 5089/5888/5082 5120/5916/5113 5121/5919/5114
f 5117/5856/5110 5116/5855/5109 5147/5917/5140 5148/5920/5141
f 5104/5858/5097 5103/5857/5096 5134/5918/5127 5135/5921/5128
f 5091/5860/5084 5090/5859/5083 5121/5919/5114 5122/5922/5115
f 5490/5788/5483 5117/5856/5110 5148/5920/5141
f 5105/5861/5098 5104/5858/5097 5135/5921/5128 5136/5889/5129
f 5092/5862/5085 5091/5860/5084 5122/5922/5115 5123/5891/5116
f 5139/5895/5132 5138/5893/5131 5169/5923/5162 5170/5924/5163
f 5126/5896/5119 5125/5894/5118 5156/5925/5149 5157/5926/5150
f 5140/5897/5133 5139/5895/5132 5170/5924/5163 5171/5927/5164
f 5127/5928/5120 5126/5896/5119 5157/5926/5150 5158/5929/5151
f 5141/5902/5134 5140/5901/5133 5171/5930/5164 5172/5931/5165
f 5128/5932/5121 5127/5933/5120 5158/5934/5151 5159/5935/5152
f 5142/5904/5135 5141/5902/5134 5172/5931/5165 5173/5936/5166
f 5129/5937/5122 5128/5932/5121 5159/5935/5152 5160/5938/5153
f 5143/5906/5136 5142/5904/5135 5173/5936/5166 5174/5939/5167
f 5130/5940/5123 5129/5937/5122 5160/5938/5153 5161/5941/5154
f 5144/5908/5137 5143/5906/5136 5174/5939/5167 5175/5942/5168
f 5131/5943/5124 5130/5940/5123 5161/5941/5154 5162/5944/5155
f 5118/5910/5111 5491/5766/5484 5149/5945/5142
f 5145/5911/5138 5144/5908/5137 5175/5942/5168 5176/5946/5169
f 5132/5947/5125 5131/5943/5124 5162/5944/5155 5163/5948/5156
f 5119/5913/5112 5118/5910/5111 5149/5945/5142 5150/5949/5143
f 5146/5914/5139 5145/5911/5138 5176/5946/5169 5177/5950/5170
f 5133/5951/5126 5132/5947/5125 5163/5948/5156 5164/5952/5157
f 5120/5916/5113 5119/5913/5112 5150/5949/5143 5151/5953/5144
f 5147/5917/5140 5146/5914/5139 5177/5950/5170 5178/5954/5171
f 5134/5918/5127 5133/5915/5126 5164/5955/5157 5165/5956/5158
f 5121/5919/5114 5120/5916/5113 5151/5953/5144 5152/5957/5145
f 5148/5920/5141 5147/5917/5140 5178/5954/5171 5179/5958/5172
f 5135/5921/5128 5134/5918/5127 5165/5956/5158 5166/5959/5159
f 5122/5922/5115 5121/5919/5114 5152/5957/5145 5153/5960/5146
f 5490/5788/5483 5148/5920/5141 5179/5958/5172
f 5136/5889/5129 5135/5921/5128 5166/5959/5159 5167/5961/5160
f 5123/5891/5116 5122/5922/5115 5153/5960/5146 5154/5962/5147
f 5137/5890/5130 5136/5889/5129 5167/5961/5160 5168/5963/5161
f 5124/5892/5117 5123/5891/5116 5154/5962/5147 5155/5964/5148
f 5138/5893/5131 5137/5890/5130 5168/5963/5161 5169/5923/5162
f 5125/5894/5118 5124/5892/5117 5155/5964/5148 5156/5925/5149
f 5172/5931/5165 5171/5930/5164 5202/5965/5195 5203/5966/5196
f 5159/5935/5152 5158/5934/5151 5189/5967/5182 5190/5968/5183
f 5173/5936/5166 5172/5931/5165 5203/5966/5196 5204/5969/5197
f 5160/5938/5153 5159/5935/5152 5190/5968/5183 5191/5970/5184
f 5174/5939/5167 5173/5936/5166 5204/5969/5197 5205/5971/5198
f 5161/5941/5154 5160/5938/5153 5191/5970/5184 5192/5972/5185
f 5175/5942/5168 5174/5939/5167 5205/5971/5198 5206/5973/5199
f 5162/5944/5155 5161/5941/5154 5192/5972/5185 5193/5974/5186
f 5149/5945/5142 5491/5766/5484 5180/5975/5173
f 5176/5946/5169 5175/5942/5168 5206/5973/5199 5207/5976/5200
f 5163/5948/5156 5162/5944/5155 5193/5974/5186 5194/5977/5187
f 5150/5949/5143 5149/5945/5142 5180/5975/5173 5181/5978/5174
f 5177/5950/5170 5176/5946/5169 5207/5976/5200 5208/5979/5201
f 5164/5952/5157 5163/5948/5156 5194/5977/5187 5195/5980/5188
f 5151/5953/5144 5150/5949/5143 5181/5978/5174 5182/5981/5175
f 5178/5954/5171 5177/5950/5170 5208/5979/5201 5209/5982/5202
f 5165/5983/5158 5164/5952/5157 5195/5980/5188 5196/5984/5189
f 5152/5957/5145 5151/5953/5144 5182/5981/5175 5183/5985/5176
f 5179/5958/5172 5178/5954/5171 5209/5982/5202 5210/5986/5203
f 5166/5987/5159 5165/5983/5158 5196/5984/5189 5197/5988/5190
f 5153/5960/5146 5152/5957/5145 5183/5985/5176 5184/5989/5177
f 5490/5788/5483 5179/5958/5172 5210/5986/5203
f 5167/5990/5160 5166/5987/5159 5197/5988/5190 5198/5991/5191
f 5154/5962/5147 5153/5960/5146 5184/5989/5177 5185/5992/5178
f 5168/5993/5161 5167/5990/5160 5198/5991/5191 5199/5994/5192
f 5155/5964/5148 5154/5962/5147 5185/5992/5178 5186/5995/5179
f 5169/5996/5162 5168/5993/5161 5199/5994/5192 5200/5997/5193
f 5156/5925/5149 5155/5964/5148 5186/5995/5179 5187/5998/5180
f 5170/5999/5163 5169/5996/5162 5200/5997/5193 5201/6000/5194
f 5157/5926/5150 5156/5925/5149 5187/5998/5180 5188/6001/5181
f 5171/6002/5164 5170/5999/5163 5201/6000/5194 5202/6003/5195
f 5158/5934/5151 5157/6004/5150 5188/6005/5181 5189/5967/5182
f 5205/5971/5198 5204/5969/5197 5235/6006/5228 5236/6007/5229
f 5192/5972/5185 5191/5970/5184 5222/6008/5215 5223/6009/5216
f 5206/5973/5199 5205/5971/5198 5236/6007/5229 5237/6010/5230
f 5193/5974/5186 5192/5972/5185 5223/6009/5216 5224/6011/5217
f 5180/5975/5173 5491/5766/5484 5211/6012/5204
f 5207/5976/5200 5206/5973/5199 5237/6010/5230 5238/6013/5231
f 5194/5977/5187 5193/5974/5186 5224/6011/5217 5225/6014/5218
f 5181/5978/5174 5180/5975/5173 5211/6012/5204 5212/6015/5205
f 5208/5979/5201 5207/5976/5200 5238/6013/5231 5239/6016/5232
f 5195/5980/5188 5194/5977/5187 5225/6014/5218 5226/6017/5219
f 5182/5981/5175 5181/5978/5174 5212/6015/5205 5213/6018/5206
f 5209/5982/5202 5208/5979/5201 5239/6016/5232 5240/6019/5233
f 5196/5984/5189 5195/5980/5188 5226/6017/5219 5227/6020/5220
f 5183/5985/5176 5182/5981/5175 5213/6018/5206 5214/6021/5207
f 5210/5986/5203 5209/5982/5202 5240/6019/5233 5241/6022/5234
f 5197/5988/5190 5196/5984/5189 5227/6020/5220 5228/6023/5221
f 5184/5989/5177 5183/5985/5176 5214/6021/5207 5215/6024/5208
f 5490/5788/5483 5210/5986/5203 5241/6022/5234
f 5198/5991/5191 5197/5988/5190 5228/6023/5221 5229/6025/5222
f 5185/5992/5178 5184/5989/5177 5215/6024/5208 5216/6026/5209
f 5199/5994/5192 5198/5991/5191 5229/6025/5222 5230/6027/5223
f 5186/5995/5179 5185/5992/5178 5216/6026/5209 5217/6028/5210
f 5200/5997/5193 5199/5994/5192 5230/6027/5223 5231/6029/5224
f 5187/5998/5180 5186/5995/5179 5217/6028/5210 5218/6030/5211
f 5201/6000/5194 5200/5997/5193 5231/6029/5224 5232/6031/5225
f 5188/6005/5181 5187/6032/5180 5218/6033/5211 5219/6034/5212
f 5202/6003/5195 5201/6000/5194 5232/6031/5225 5233/6035/5226
f 5189/5967/5182 5188/6005/5181 5219/6034/5212 5220/6036/5213
f 5203/5966/5196 5202/5965/5195 5233/6037/5226 5234/6038/5227
f 5190/5968/5183 5189/5967/5182 5220/6036/5213 5221/6039/5214
f 5204/5969/5197 5203/5966/5196 5234/6038/5227 5235/6006/5228
f 5191/5970/5184 5190/5968/5183 5221/6039/5214 5222/6008/5215
f 5211/6012/5204 5491/5766/5484 5242/6040/5235
f 5238/6013/5231 5237/6010/5230 5268/6041/5261 5269/6042/5262
f 5225/6014/5218 5224/6011/5217 5255/6043/5248 5256/6044/5249
f 5212/6015/5205 5211/6012/5204 5242/6040/5235 5243/6045/5236
f 5239/6016/5232 5238/6013/5231 5269/6042/5262 5270/6046/5263
f 5226/6017/5219 5225/6014/5218 5256/6044/5249 5257/6047/5250
f 5213/6018/5206 5212/6015/5205 5243/6045/5236 5244/6048/5237
f 5240/6019/5233 5239/6016/5232 5270/6046/5263 5271/6049/5264
f 5227/6020/5220 5226/6017/5219 5257/6047/5250 5258/6050/5251
f 5214/6021/5207 5213/6018/5206 5244/6048/5237 5245/6051/5238
f 5241/6022/5234 5240/6019/5233 5271/6049/5264 5272/6052/5265
f 5228/6023/5221 5227/6020/5220 5258/6050/5251 5259/6053/5252
f 5215/6024/5208 5214/6021/5207 5245/6051/5238 5246/6054/5239
f 5490/5788/5483 5241/6022/5234 5272/6052/5265
f 5229/6025/5222 5228/6023/5221 5259/6053/5252 5260/6055/5253
f 5216/6026/5209 5215/6024/5208 5246/6054/5239 5247/6056/5240
f 5230/6027/5223 5229/6025/5222 5260/6055/5253 5261/6057/5254
f 5217/6028/5210 5216/6026/5209 5247/6056/5240 5248/6058/5241
f 5231/6029/5224 5230/6027/5223 5261/6057/5254 5262/6059/5255
f 5218/6030/5211 5217/6028/5210 5248/6058/5241 5249/6060/5242
f 5232/6031/5225 5231/6029/5224 5262/6059/5255 5263/6061/5256
f 5219/6034/5212 5218/6033/5211 5249/6062/5242 5250/6063/5243
f 5233/6035/5226 5232/6031/5225 5263/6061/5256 5264/6064/5257
f 5220/6036/5213 5219/6034/5212 5250/6063/5243 5251/6065/5244
f 5234/6066/5227 5233/6035/5226 5264/6064/5257 5265/6067/5258
f 5221/6039/5214 5220/6036/5213 5251/6065/5244 5252/6068/5245
f 5235/6006/5228 5234/6038/5227 5265/6069/5258 5266/6070/5259
f 5222/6008/5215 5221/6039/5214 5252/6068/5245 5253/6071/5246
f 5236/6007/5229 5235/6006/5228 5266/6070/5259 5267/6072/5260
f 5223/6009/5216 5222/6008/5215 5253/6071/5246 5254/6073/5247
f 5237/6010/5230 5236/6007/5229 5267/6072/5260 5268/6041/5261
f 5224/6011/5217 5223/6009/5216 5254/6073/5247 5255/6043/5248
f 5244/6048/5237 5243/6045/5236 5274/6074/5267 5275/6075/5268
f 5271/6049/5264 5270/6046/5263 5301/6076/5294 5302/6077/5295
f 5258/6050/5251 5257/6047/5250 5288/6078/5281 5289/6079/5282
f 5245/6051/5238 5244/6048/5237 5275/6075/5268 5276/6080/5269
f 5272/6052/5265 5271/6049/5264 5302/6077/5295 5303/6081/5296
f 5259/6053/5252 5258/6050/5251 5289/6079/5282 5290/6082/5283
f 5246/6054/5239 5245/6051/5238 5276/6080/5269 5277/6083/5270
f 5490/5788/5483 5272/6052/5265 5303/6081/5296
f 5260/6055/5253 5259/6053/5252 5290/6082/5283 5291/6084/5284
f 5247/6056/5240 5246/6054/5239 5277/6083/5270 5278/6085/5271
f 5261/6057/5254 5260/6055/5253 5291/6084/5284 5292/6086/5285
f 5248/6058/5241 5247/6056/5240 5278/6085/5271 5279/6087/5272
f 5262/6059/5255 5261/6057/5254 5292/6086/5285 5293/6088/5286
f 5249/6060/5242 5248/6058/5241 5279/6087/5272 5280/6089/5273
f 5263/6061/5256 5262/6059/5255 5293/6088/5286 5294/6090/5287
f 5250/6063/5243 5249/6062/5242 5280/6091/5273 5281/6092/5274
f 5264/6064/5257 5263/6061/5256 5294/6090/5287 5295/6093/5288
f 5251/6065/5244 5250/6063/5243 5281/6092/5274 5282/6094/5275
f 5265/6067/5258 5264/6064/5257 5295/6093/5288 5296/6095/5289
f 5252/6068/5245 5251/6065/5244 5282/6094/5275 5283/6096/5276
f 5266/6070/5259 5265/6069/5258 5296/6097/5289 5297/6098/5290
f 5253/6071/5246 5252/6068/5245 5283/6096/5276 5284/6099/5277
f 5267/6072/5260 5266/6070/5259 5297/6098/5290 5298/6100/5291
f 5254/6073/5247 5253/6071/5246 5284/6099/5277 5285/6101/5278
f 5268/6041/5261 5267/6072/5260 5298/6100/5291 5299/6102/5292
f 5255/6043/5248 5254/6073/5247 5285/6101/5278 5286/6103/5279
f 5242/6040/5235 5491/5766/5484 5273/6104/5266
f 5269/6042/5262 5268/6041/5261 5299/6102/5292 5300/6105/5293
f 5256/6044/5249 5255/6043/5248 5286/6103/5279 5287/6106/5280
f 5243/6045/5236 5242/6040/5235 5273/6104/5266 5274/6074/5267
f 5270/6046/5263 5269/6042/5262 5300/6105/5293 5301/6076/5294
f 5257/6047/5250 5256/6044/5249 5287/6106/5280 5288/6078/5281
f 5277/6083/5270 5276/6080/5269 5307/6107/5300 5308/6108/5301
f 5490/5788/5483 5303/6081/5296 5334/6109/5327
f 5291/6084/5284 5290/6082/5283 5321/6110/5314 5322/6111/5315
f 5278/6085/5271 5277/6083/5270 5308/6108/5301 5309/6112/5302
f 5292/6086/5285 5291/6084/5284 5322/6111/5315 5323/6113/5316
f 5279/6087/5272 5278/6085/5271 5309/6112/5302 5310/6114/5303
f 5293/6088/5286 5292/6086/5285 5323/6113/5316 5324/6115/5317
f 5280/6089/5273 5279/6087/5272 5310/6114/5303 5311/6116/5304
f 5294/6090/5287 5293/6088/5286 5324/6115/5317 5325/6117/5318
f 5281/6092/5274 5280/6091/5273 5311/6118/5304 5312/6119/5305
f 5295/6093/5288 5294/6090/5287 5325/6117/5318 5326/6120/5319
f 5282/6094/5275 5281/6092/5274 5312/6119/5305 5313/6121/5306
f 5296/6095/5289 5295/6093/5288 5326/6120/5319 5327/6122/5320
f 5283/6096/5276 5282/6094/5275 5313/6121/5306 5314/6123/5307
f 5297/6098/5290 5296/6097/5289 5327/6124/5320 5328/6125/5321
f 5284/6099/5277 5283/6096/5276 5314/6123/5307 5315/6126/5308
f 5298/6100/5291 5297/6098/5290 5328/6125/5321 5329/6127/5322
f 5285/6101/5278 5284/6099/5277 5315/6126/5308 5316/6128/5309
f 5299/6102/5292 5298/6100/5291 5329/6127/5322 5330/6129/5323
f 5286/6103/5279 5285/6101/5278 5316/6128/5309 5317/6130/5310
f 5273/6104/5266 5491/5766/5484 5304/6131/5297
f 5300/6105/5293 5299/6102/5292 5330/6129/5323 5331/6132/5324
f 5287/6106/5280 5286/6103/5279 5317/6130/5310 5318/6133/5311
f 5274/6074/5267 5273/6104/5266 5304/6131/5297 5305/6134/5298
f 5301/6076/5294 5300/6105/5293 5331/6132/5324 5332/6135/5325
f 5288/6078/5281 5287/6106/5280 5318/6133/5311 5319/6136/5312
f 5275/6075/5268 5274/6074/5267 5305/6134/5298 5306/6137/5299
f 5302/6077/5295 5301/6076/5294 5332/6135/5325 5333/6138/5326
f 5289/6079/5282 5288/6078/5281 5319/6136/5312 5320/6139/5313
f 5276/6080/5269 5275/6075/5268 5306/6137/5299 5307/6107/5300
f 5303/6081/5296 5302/6077/5295 5333/6138/5326 5334/6109/5327
f 5290/6082/5283 5289/6079/5282 5320/6139/5313 5321/6110/5314
f 5310/6114/5303 5309/6112/5302 5340/6140/5333 5341/6141/5334
f 5324/6115/5317 5323/6113/5316 5354/6142/5347 5355/6143/5348
f 5311/6116/5304 5310/6114/5303 5341/6141/5334 5342/6144/5335
f 5325/6117/5318 5324/6115/5317 5355/6143/5348 5356/6145/5349
f 5312/6119/5305 5311/6118/5304 5342/6146/5335 5343/6147/5336
f 5326/6120/5319 5325/6117/5318 5356/6145/5349 5357/6148/5350
f 5313/6121/5306 5312/6119/5305 5343/6147/5336 5344/6149/5337
f 5327/6124/5320 5326/6150/5319 5357/6151/5350 5358/6152/5351
f 5314/6123/5307 5313/6121/5306 5344/6149/5337 5345/6153/5338
f 5328/6125/5321 5327/6124/5320 5358/6152/5351 5359/6154/5352
f 5315/6126/5308 5314/6123/5307 5345/6153/5338 5346/6155/5339
f 5329/6127/5322 5328/6125/5321 5359/6154/5352 5360/6156/5353
f 5316/6128/5309 5315/6126/5308 5346/6155/5339 5347/6157/5340
f 5330/6129/5323 5329/6127/5322 5360/6156/5353 5361/6158/5354
f 5317/6130/5310 5316/6128/5309 5347/6157/5340 5348/6159/5341
f 5304/6131/5297 5491/5766/5484 5335/6160/5328
f 5331/6132/5324 5330/6129/5323 5361/6158/5354 5362/6161/5355
f 5318/6133/5311 5317/6130/5310 5348/6159/5341 5349/6162/5342
f 5305/6134/5298 5304/6131/5297 5335/6160/5328 5336/6163/5329
f 5332/6135/5325 5331/6132/5324 5362/6161/5355 5363/6164/5356
f 5319/6136/5312 5318/6133/5311 5349/6162/5342 5350/6165/5343
f 5306/6137/5299 5305/6134/5298 5336/6163/5329 5337/6166/5330
f 5333/6138/5326 5332/6135/5325 5363/6164/5356 5364/6167/5357
f 5320/6139/5313 5319/6136/5312 5350/6165/5343 5351/6168/5344
f 5307/6107/5300 5306/6137/5299 5337/6166/5330 5338/6169/5331
f 5334/6109/5327 5333/6138/5326 5364/6167/5357 5365/6170/5358
f 5321/6110/5314 5320/6139/5313 5351/6168/5344 5352/6171/5345
f 5308/6108/5301 5307/6107/5300 5338/6169/5331 5339/6172/5332
f 5490/5788/5483 5334/6109/5327 5365/6170/5358
f 5322/6111/5315 5321/6110/5314 5352/6171/5345 5353/6173/5346
f 5309/6112/5302 5308/6108/5301 5339/6172/5332 5340/6140/5333
f 5323/6113/5316 5322/6111/5315 5353/6173/5346 5354/6142/5347
f 5343/6174/5336 5342/6144/5335 5373/6175/5366 5374/6176/5367
f 5357/6148/5350 5356/6145/5349 5387/6177/5380 5388/6178/5381
f 5344/6149/5337 5343/6147/5336 5374/6179/5367 5375/6180/5368
f 5358/6152/5351 5357/6151/5350 5388/6181/5381 5389/6182/5382
f 5345/6153/5338 5344/6149/5337 5375/6180/5368 5376/6183/5369
f 5359/6154/5352 5358/6152/5351 5389/6182/5382 5390/6184/5383
f 5346/6155/5339 5345/6153/5338 5376/6183/5369 5377/6185/5370
f 5360/6156/5353 5359/6154/5352 5390/6184/5383 5391/6186/5384
f 5347/6157/5340 5346/6155/5339 5377/6185/5370 5378/6187/5371
f 5361/6158/5354 5360/6156/5353 5391/6186/5384 5392/6188/5385
f 5348/6159/5341 5347/6157/5340 5378/6187/5371 5379/6189/5372
f 5335/6160/5328 5491/5766/5484 5366/6190/5359
f 5362/6161/5355 5361/6158/5354 5392/6188/5385 5393/6191/5386
f 5349/6162/5342 5348/6159/5341 5379/6189/5372 5380/6192/5373
f 5336/6163/5329 5335/6160/5328 5366/6190/5359 5367/6193/5360
f 5363/6164/5356 5362/6161/5355 5393/6191/5386 5394/6194/5387
f 5350/6165/5343 5349/6162/5342 5380/6192/5373 5381/6195/5374
f 5337/6166/5330 5336/6163/5329 5367/6193/5360 5368/6196/5361
f 5364/6167/5357 5363/6164/5356 5394/6194/5387 5395/6197/5388
f 5351/6168/5344 5350/6165/5343 5381/6195/5374 5382/6198/5375
f 5338/6169/5331 5337/6166/5330 5368/6196/5361 5369/6199/5362
f 5365/6170/5358 5364/6167/5357 5395/6197/5388 5396/6200/5389
f 5352/6171/5345 5351/6168/5344 5382/6198/5375 5383/6201/5376
f 5339/6172/5332 5338/6169/5331 5369/6199/5362 5370/6202/5363
f 5490/5788/5483 5365/6170/5358 5396/6200/5389
f 5353/6173/5346 5352/6171/5345 5383/6201/5376 5384/6203/5377
f 5340/6140/5333 5339/6172/5332 5370/6202/5363 5371/6204/5364
f 5354/6142/5347 5353/6173/5346 5384/6203/5377 5385/6205/5378
f 5341/6141/5334 5340/6140/5333 5371/6204/5364 5372/6206/5365
f 5355/6143/5348 5354/6142/5347 5385/6205/5378 5386/6207/5379
f 5342/6144/5335 5341/6141/5334 5372/6206/5365 5373/6175/5366
f 5356/6145/5349 5355/6143/5348 5386/6207/5379 5387/6177/5380
f 5376/6208/5369 5375/6209/5368 5406/6210/5399 5407/6211/5400
f 5390/6184/5383 5389/6182/5382 5420/6212/5413 5421/6213/5414
f 5377/6185/5370 5376/6183/5369 5407/6214/5400 5408/6215/5401
f 5391/6186/5384 5390/6184/5383 5421/6213/5414 5422/6216/5415
f 5378/6187/5371 5377/6185/5370 5408/6215/5401 5409/6217/5402
f 5392/6188/5385 5391/6186/5384 5422/6216/5415 5423/6218/5416
f 5379/6219/5372 5378/6220/5371 5409/6221/5402 5410/6222/5403
f 5366/6190/5359 5491/5766/5484 5397/6223/5390
f 5393/6191/5386 5392/6188/5385 5423/6218/5416 5424/6224/5417
f 5380/6225/5373 5379/6219/5372 5410/6222/5403 5411/6226/5404
f 5367/6193/5360 5366/6190/5359 5397/6223/5390 5398/6227/5391
f 5394/6194/5387 5393/6191/5386 5424/6224/5417 5425/6228/5418
f 5381/6229/5374 5380/6225/5373 5411/6226/5404 5412/6230/5405
f 5368/6196/5361 5367/6193/5360 5398/6227/5391 5399/6231/5392
f 5395/6197/5388 5394/6194/5387 5425/6228/5418 5426/6232/5419
f 5382/6233/5375 5381/6229/5374 5412/6230/5405 5413/6234/5406
f 5369/6199/5362 5368/6196/5361 5399/6231/5392 5400/6235/5393
f 5396/6200/5389 5395/6197/5388 5426/6232/5419 5427/6236/5420
f 5383/6237/5376 5382/6233/5375 5413/6234/5406 5414/6238/5407
f 5370/6202/5363 5369/6199/5362 5400/6235/5393 5401/6239/5394
f 5490/5788/5483 5396/6200/5389 5427/6236/5420
f 5384/6240/5377 5383/6237/5376 5414/6238/5407 5415/6241/5408
f 5371/6204/5364 5370/6202/5363 5401/6239/5394 5402/6242/5395
f 5385/6243/5378 5384/6240/5377 5415/6241/5408 5416/6244/5409
f 5372/6206/5365 5371/6204/5364 5402/6242/5395 5403/6245/5396
f 5386/6207/5379 5385/6205/5378 5416/6246/5409 5417/6247/5410
f 5373/6175/5366 5372/6206/5365 5403/6245/5396 5404/6248/5397
f 5387/6249/5380 5386/6250/5379 5417/6251/5410 5418/6252/5411
f 5374/6176/5367 5373/6175/5366 5404/6248/5397 5405/6253/5398
f 5388/6181/5381 5387/6254/5380 5418/6255/5411 5419/6256/5412
f 5375/6209/5368 5374/6257/5367 5405/6258/5398 5406/6210/5399
f 5389/6182/5382 5388/6181/5381 5419/6256/5412 5420/6212/5413
f 5409/6221/5402 5408/6259/5401 5439/6260/5432 5440/6261/5433
f 5423/6218/5416 5422/6216/5415 5453/6262/5446 5454/6263/5447
f 5410/6222/5403 5409/6221/5402 5440/6261/5433 5441/6264/5434
f 5397/6223/5390 5491/5766/5484 5428/6265/5421
f 5424/6224/5417 5423/6218/5416 5454/6263/5447 5455/6266/5448
f 5411/6226/5404 5410/6222/5403 5441/6264/5434 5442/6267/5435
f 5398/6227/5391 5397/6223/5390 5428/6265/5421 5429/6268/5422
f 5425/6228/5418 5424/6224/5417 5455/6266/5448 5456/6269/5449
f 5412/6230/5405 5411/6226/5404 5442/6267/5435 5443/6270/5436
f 5399/6231/5392 5398/6227/5391 5429/6268/5422 5430/6271/5423
f 5426/6232/5419 5425/6228/5418 5456/6269/5449 5457/6272/5450
f 5413/6234/5406 5412/6230/5405 5443/6270/5436 5444/6273/5437
f 5400/6235/5393 5399/6231/5392 5430/6271/5423 5431/6274/5424
f 5427/6236/5420 5426/6232/5419 5457/6272/5450 5458/6275/5451
f 5414/6238/5407 5413/6234/5406 5444/6273/5437 5445/6276/5438
f 5401/6239/5394 5400/6235/5393 5431/6274/5424 5432/6277/5425
f 5490/5788/5483 5427/6236/5420 5458/6275/5451
f 5415/6241/5408 5414/6238/5407 5445/6276/5438 5446/6278/5439
f 5402/6242/5395 5401/6239/5394 5432/6277/5425 5433/6279/5426
f 5416/6244/5409 5415/6241/5408 5446/6278/5439 5447/6280/5440
f 5403/6245/5396 5402/6242/5395 5433/6279/5426 5434/6281/5427
f 5417/6251/5410 5416/6244/5409 5447/6280/5440 5448/6282/5441
f 5404/6248/5397 5403/6245/5396 5434/6281/5427 5435/6283/5428
f 5418/6252/5411 5417/6251/5410 5448/6282/5441 5449/6284/5442
f 5405/6253/5398 5404/6248/5397 5435/6283/5428 5436/6285/5429
f 5419/6286/5412 5418/6252/5411 5449/6284/5442 5450/6287/5443
f 5406/6210/5399 5405/6258/5398 5436/6288/5429 5437/6289/5430
f 5420/6212/5413 5419/6256/5412 5450/6290/5443 5451/6291/5444
f 5407/6211/5400 5406/6210/5399 5437/6289/5430 5438/6292/5431
f 5421/6213/5414 5420/6212/5413 5451/6291/5444 5452/6293/5445
f 5408/6259/5401 5407/6211/5400 5438/6292/5431 5439/6260/5432
f 5422/6216/5415 5421/6213/5414 5452/6293/5445 5453/6262/5446
f 5442/6267/5435 5441/6264/5434 5472/6294/5465 5473/6295/5466
f 5429/6268/5422 5428/6265/5421 5459/6296/5452 5460/6297/5453
f 5456/6269/5449 5455/6266/5448 5486/6298/5479 5487/6299/5480
f 5443/6270/5436 5442/6267/5435 5473/6295/5466 5474/6300/5467
f 5430/6271/5423 5429/6268/5422 5460/6297/5453 5461/6301/5454
f 5457/6272/5450 5456/6269/5449 5487/6299/5480 5488/6302/5481
f 5444/6273/5437 5443/6270/5436 5474/6300/5467 5475/6303/5468
f 5431/6274/5424 5430/6271/5423 5461/6301/5454 5462/6304/5455
f 5458/6275/5451 5457/6272/5450 5488/6302/5481 5489/6305/5482
f 5445/6276/5438 5444/6273/5437 5475/6303/5468 5476/6306/5469
f 5432/6277/5425 5431/6274/5424 5462/6304/5455 5463/6307/5456
f 5490/5788/5483 5458/6275/5451 5489/6305/5482
f 5446/6278/5439 5445/6276/5438 5476/6306/5469 5477/6308/5470
f 5433/6279/5426 5432/6277/5425 5463/6307/5456 5464/6309/5457
f 5447/6280/5440 5446/6278/5439 5477/6308/5470 5478/6310/5471
f 5434/6281/5427 5433/6279/5426 5464/6309/5457 5465/6311/5458
f 5448/6282/5441 5447/6280/5440 5478/6310/5471 5479/6312/5472
f 5435/6283/5428 5434/6281/5427 5465/6311/5458 5466/6313/5459
f 5449/6284/5442 5448/6282/5441 5479/6312/5472 5480/6314/5473
f 5436/6288/5429 5435/6315/5428 5466/6316/5459 5467/6317/5460
f 5450/6287/5443 5449/6284/5442 5480/6314/5473 5481/6318/5474
f 5437/6289/5430 5436/6288/5429 5467/6317/5460 5468/6319/5461
f 5451/6291/5444 5450/6290/5443 5481/6320/5474 5482/6321/5475
f 5438/6292/5431 5437/6289/5430 5468/6319/5461 5469/6322/5462
f 5452/6293/5445 5451/6291/5444 5482/6321/5475 5483/6323/5476
f 5439/6260/5432 5438/6292/5431 5469/6322/5462 5470/6324/5463
f 5453/6262/5446 5452/6293/5445 5483/6323/5476 5484/6325/5477
f 5440/6261/5433 5439/6260/5432 5470/6324/5463 5471/6326/5464
f 5454/6263/5447 5453/6262/5446 5484/6325/5477 5485/6327/5478
f 5441/6264/5434 5440/6261/5433 5471/6326/5464 5472/6294/5465
f 5428/6265/5421 5491/5766/5484 5459/6296/5452
f 5455/6266/5448 5454/6263/5447 5485/6327/5478 5486/6298/5479
f 5475/6303/5468 5474/6300/5467 5507/6328/5500 5508/6329/5501
f 5462/6304/5455 5461/6301/5454 5494/6330/5487 5495/6331/5488
f 5489/6305/5482 5488/6302/5481 5521/6332/5514 5522/6333/5515
f 5476/6306/5469 5475/6303/5468 5508/6329/5501 5509/6334/5502
f 5463/6307/5456 5462/6304/5455 5495/6331/5488 5496/6335/5489
f 5490/5788/5483 5489/6305/5482 5522/6333/5515
f 5477/6308/5470 5476/6306/5469 5509/6334/5502 5510/6336/5503
f 5464/6309/5457 5463/6307/5456 5496/6335/5489 5497/6337/5490
f 5478/6310/5471 5477/6308/5470 5510/6336/5503 5511/6338/5504
f 5465/6311/5458 5464/6309/5457 5497/6337/5490 5498/6339/5491
f 5479/6312/5472 5478/6310/5471 5511/6338/5504 5512/6340/5505
f 5466/6313/5459 5465/6311/5458 5498/6339/5491 5499/6341/5492
f 5480/6314/5473 5479/6312/5472 5512/6340/5505 5513/6342/5506
f 5467/6317/5460 5466/6316/5459 5499/6343/5492 5500/6344/5493
f 5481/6318/5474 5480/6314/5473 5513/6342/5506 5514/6345/5507
f 5468/6319/5461 5467/6317/5460 5500/6344/5493 5501/6346/5494
f 5482/6347/5475 5481/6318/5474 5514/6345/5507 5515/6348/5508
f 5469/6322/5462 5468/6319/5461 5501/6346/5494 5502/6349/5495
f 5483/6323/5476 5482/6321/5475 5515/6350/5508 5516/6351/5509
f 5470/6324/5463 5469/6322/5462 5502/6349/5495 5503/6352/5496
f 5484/6325/5477 5483/6323/5476 5516/6351/5509 5517/6353/5510
f 5471/6326/5464 5470/6324/5463 5503/6352/5496 5504/6354/5497
f 5485/6327/5478 5484/6325/5477 5517/6353/5510 5518/6355/5511
f 5472/6294/5465 5471/6326/5464 5504/6354/5497 5505/6356/5498
f 5459/6296/5452 5491/5766/5484 5492/6357/5485
f 5486/6298/5479 5485/6327/5478 5518/6355/5511 5519/6358/5512
f 5473/6295/5466 5472/6294/5465 5505/6356/5498 5506/6359/5499
f 5460/6297/5453 5459/6296/5452 5492/6357/5485 5493/6360/5486
f 5487/6299/5480 5486/6298/5479 5519/6358/5512 5520/6361/5513
f 5474/6300/5467 5473/6295/5466 5506/6359/5499 5507/6328/5500
f 5461/6301/5454 5460/6297/5453 5493/6360/5486 5494/6330/5487
f 5488/6302/5481 5487/6299/5480 5520/6361/5513 5521/6332/5514
f 5510/6336/5503 5509/6334/5502 5540/6362/5533 5541/6363/5534
f 5497/6337/5490 5496/6335/5489 5527/6364/5520 5528/6365/5521
f 5511/6338/5504 5510/6336/5503 5541/6363/5534 5542/6366/5535
f 5498/6339/5491 5497/6337/5490 5528/6365/5521 5529/6367/5522
f 5512/6340/5505 5511/6338/5504 5542/6366/5535 5543/6368/5536
f 5499/6341/5492 5498/6339/5491 5529/6367/5522 5530/6369/5523
f 5513/6342/5506 5512/6340/5505 5543/6368/5536 5544/6370/5537
f 5500/6344/5493 5499/6343/5492 5530/6371/5523 5531/6372/5524
f 5514/6345/5507 5513/6342/5506 5544/6370/5537 5545/6373/5538
f 5501/6346/5494 5500/6344/5493 5531/6372/5524 5532/6374/5525
f 5515/6348/5508 5514/6345/5507 5545/6373/5538 5546/6375/5539
f 5502/6349/5495 5501/6346/5494 5532/6374/5525 5533/6376/5526
f 5516/6351/5509 5515/6350/5508 5546/6377/5539 5547/6378/5540
f 5503/6352/5496 5502/6349/5495 5533/6376/5526 5534/6379/5527
f 5517/6353/5510 5516/6351/5509 5547/6378/5540 5548/6380/5541
f 5504/6354/5497 5503/6352/5496 5534/6379/5527 5535/6381/5528
f 5518/6355/5511 5517/6353/5510 5548/6380/5541 5549/6382/5542
f 5505/6356/5498 5504/6354/5497 5535/6381/5528 5536/6383/5529
f 5492/6357/5485 5491/5766/5484 5523/6384/5516
f 5519/6358/5512 5518/6355/5511 5549/6382/5542 5550/6385/5543
f 5506/6359/5499 5505/6356/5498 5536/6383/5529 5537/6386/5530
f 5493/6360/5486 5492/6357/5485 5523/6384/5516 5524/6387/5517
f 5520/6361/5513 5519/6358/5512 5550/6385/5543 5551/6388/5544
f 5507/6328/5500 5506/6359/5499 5537/6386/5530 5538/6389/5531
f 5494/6330/5487 5493/6360/5486 5524/6387/5517 5525/6390/5518
f 5521/6332/5514 5520/6361/5513 5551/6388/5544 5552/6391/5545
f 5508/6329/5501 5507/6328/5500 5538/6389/5531 5539/6392/5532
f 5495/6331/5488 5494/6330/5487 5525/6390/5518 5526/6393/5519
f 5522/6333/5515 5521/6332/5514 5552/6391/5545 5553/6394/5546
f 5509/6334/5502 5508/6329/5501 5539/6392/5532 5540/6362/5533
f 5496/6335/5489 5495/6331/5488 5526/6393/5519 5527/6364/5520
f 5490/5788/5483 5522/6333/5515 5553/6394/5546
f 5543/6368/5536 5542/6366/5535 5573/6395/5566 5574/6396/5567
f 5530/6369/5523 5529/6367/5522 5560/6397/5553 5561/6398/5554
f 5544/6370/5537 5543/6368/5536 5574/6396/5567 5575/6399/5568
f 5531/6372/5524 5530/6371/5523 5561/6400/5554 5562/6401/5555
f 5545/6373/5538 5544/6370/5537 5575/6399/5568 5576/6402/5569
f 5532/6374/5525 5531/6372/5524 5562/6401/5555 5563/6403/5556
f 5546/6375/5539 5545/6373/5538 5576/6402/5569 5577/6404/5570
f 5533/6376/5526 5532/6374/5525 5563/6403/5556 5564/6405/5557
f 5547/6378/5540 5546/6377/5539 5577/6406/5570 5578/6407/5571
f 5534/6379/5527 5533/6376/5526 5564/6405/5557 5565/6408/5558
f 5548/6380/5541 5547/6378/5540 5578/6407/5571 5579/6409/5572
f 5535/6381/5528 5534/6379/5527 5565/6408/5558 5566/6410/5559
f 5549/6382/5542 5548/6380/5541 5579/6409/5572 5580/6411/5573
f 5536/6383/5529 5535/6381/5528 5566/6410/5559 5567/6412/5560
f 5523/6384/5516 5491/5766/5484 5554/6413/5547
f 5550/6385/5543 5549/6382/5542 5580/6411/5573 5581/6414/5574
f 5537/6386/5530 5536/6383/5529 5567/6412/5560 5568/6415/5561
f 5524/6387/5517 5523/6384/5516 5554/6413/5547 5555/6416/5548
f 5551/6388/5544 5550/6385/5543 5581/6414/5574 5582/6417/5575
f 5538/6389/5531 5537/6386/5530 5568/6415/5561 5569/6418/5562
f 5525/6390/5518 5524/6387/5517 5555/6416/5548 5556/6419/5549
f 5552/6391/5545 5551/6388/5544 5582/6417/5575 5583/6420/5576
f 5539/6392/5532 5538/6389/5531 5569/6418/5562 5570/6421/5563
f 5526/6393/5519 5525/6390/5518 5556/6419/5549 5557/6422/5550
f 5553/6394/5546 5552/6391/5545 5583/6420/5576 5584/6423/5577
f 5540/6362/5533 5539/6392/5532 5570/6421/5563 5571/6424/5564
f 5527/6364/5520 5526/6393/5519 5557/6422/5550 5558/6425/5551
f 5490/5788/5483 5553/6394/5546 5584/6423/5577
f 5541/6363/5534 5540/6362/5533 5571/6424/5564 5572/6426/5565
f 5528/6365/5521 5527/6364/5520 5558/6425/5551 5559/6427/5552
f 5542/6366/5535 5541/6363/5534 5572/6426/5565 5573/6395/5566
f 5529/6367/5522 5528/6365/5521 5559/6427/5552 5560/6397/5553
f 5576/6402/5569 5575/6399/5568 5606/6428/5599 5607/6429/5600
f 5563/6403/5556 5562/6401/5555 5593/6430/5586 5594/6431/5587
f 5577/6406/5570 5576/6432/5569 5607/6433/5600 5608/6434/5601
f 5564/6405/5557 5563/6403/5556 5594/6431/5587 5595/6435/5588
f 5578/6407/5571 5577/6406/5570 5608/6434/5601 5609/6436/5602
f 5565/6408/5558 5564/6405/5557 5595/6435/5588 5596/6437/5589
f 5579/6409/5572 5578/6407/5571 5609/6436/5602 5610/6438/5603
f 5566/6410/5559 5565/6408/5558 5596/6437/5589 5597/6439/5590
f 5580/6411/5573 5579/6409/5572 5610/6438/5603 5611/6440/5604
f 5567/6412/5560 5566/6410/5559 5597/6439/5590 5598/6441/5591
f 5554/6413/5547 5491/5766/5484 5585/6442/5578
f 5581/6414/5574 5580/6411/5573 5611/6440/5604 5612/6443/5605
f 5568/6415/5561 5567/6412/5560 5598/6441/5591 5599/6444/5592
f 5555/6416/5548 5554/6413/5547 5585/6442/5578 5586/6445/5579
f 5582/6417/5575 5581/6414/5574 5612/6443/5605 5613/6446/5606
f 5569/6418/5562 5568/6415/5561 5599/6444/5592 5600/6447/5593
f 5556/6419/5549 5555/6416/5548 5586/6445/5579 5587/6448/5580
f 5583/6420/5576 5582/6417/5575 5613/6446/5606 5614/6449/5607
f 5570/6421/5563 5569/6418/5562 5600/6447/5593 5601/6450/5594
f 5557/6422/5550 5556/6419/5549 5587/6448/5580 5588/6451/5581
f 5584/6423/5577 5583/6420/5576 5614/6449/5607 5615/6452/5608
f 5571/6424/5564 5570/6421/5563 5601/6450/5594 5602/6453/5595
f 5558/6425/5551 5557/6422/5550 5588/6451/5581 5589/6454/5582
f 5490/5788/5483 5584/6423/5577 5615/6452/5608
f 5572/6426/5565 5571/6424/5564 5602/6453/5595 5603/6455/5596
f 5559/6427/5552 5558/6425/5551 5589/6454/5582 5590/6456/5583
f 5573/6395/5566 5572/6426/5565 5603/6455/5596 5604/6457/5597
f 5560/6397/5553 5559/6427/5552 5590/6456/5583 5591/6458/5584
f 5574/6396/5567 5573/6395/5566 5604/6457/5597 5605/6459/5598
f 5561/6398/5554 5560/6397/5553 5591/6458/5584 5592/6460/5585
f 5575/6399/5568 5574/6396/5567 5605/6459/5598 5606/6428/5599
f 5562/6401/5555 5561/6400/5554 5592/6461/5585 5593/6430/5586
f 5609/6436/5602 5608/6434/5601 5639/6462/5632 5640/6463/5633
f 5596/6437/5589 5595/6435/5588 5626/6464/5619 5627/6465/5620
f 5610/6438/5603 5609/6436/5602 5640/6463/5633 5641/6466/5634
f 5597/6439/5590 5596/6437/5589 5627/6465/5620 5628/6467/5621
f 5611/6440/5604 5610/6438/5603 5641/6466/5634 5642/6468/5635
f 5598/6441/5591 5597/6439/5590 5628/6467/5621 5629/6469/5622
f 5585/6442/5578 5491/5766/5484 5616/6470/5609
f 5612/6443/5605 5611/6440/5604 5642/6468/5635 5643/6471/5636
f 5599/6444/5592 5598/6441/5591 5629/6469/5622 5630/6472/5623
f 5586/6445/5579 5585/6442/5578 5616/6470/5609 5617/6473/5610
f 5613/6446/5606 5612/6443/5605 5643/6471/5636 5644/6474/5637
f 5600/6447/5593 5599/6444/5592 5630/6472/5623 5631/6475/5624
f 5587/6448/5580 5586/6445/5579 5617/6473/5610 5618/6476/5611
f 5614/6449/5607 5613/6446/5606 5644/6474/5637 5645/6477/5638
f 5601/6450/5594 5600/6447/5593 5631/6475/5624 5632/6478/5625
f 5588/6451/5581 5587/6448/5580 5618/6476/5611 5619/6479/5612
f 5615/6452/5608 5614/6449/5607 5645/6477/5638 5646/6480/5639
f 5602/6453/5595 5601/6450/5594 5632/6478/5625 5633/6481/5626
f 5589/6454/5582 5588/6451/5581 5619/6479/5612 5620/6482/5613
f 5490/5788/5483 5615/6452/5608 5646/6480/5639
f 5603/6455/5596 5602/6453/5595 5633/6481/5626 5634/6483/5627
f 5590/6456/5583 5589/6454/5582 5620/6482/5613 5621/6484/5614
f 5604/6457/5597 5603/6455/5596 5634/6483/5627 5635/6485/5628
f 5591/6458/5584 5590/6456/5583 5621/6484/5614 5622/6486/5615
f 5605/6459/5598 5604/6457/5597 5635/6485/5628 5636/6487/5629
f 5592/6460/5585 5591/6458/5584 5622/6486/5615 5623/6488/5616
f 5606/6428/5599 5605/6459/5598 5636/6487/5629 5637/6489/5630
f 5593/6490/5586 5592/6460/5585 5623/6488/5616 5624/6491/5617
f 5607/6429/5600 5606/6428/5599 5637/6489/5630 5638/6492/5631
f 5594/6431/5587 5593/6430/5586 5624/6493/5617 5625/6494/5618
f 5608/6434/5601 5607/6433/5600 5638/6495/5631 5639/6462/5632
f 5595/6435/5588 5594/6431/5587 5625/6494/5618 5626/6464/5619
f 5642/6468/5635 5641/6466/5634 5672/6496/5665 5673/6497/5666
f 5629/6469/5622 5628/6467/5621 5659/6498/5652 5660/6499/5653
f 5616/6470/5609 5491/5766/5484 5647/6500/5640
f 5643/6471/5636 5642/6468/5635 5673/6497/5666 5674/6501/5667
f 5630/6472/5623 5629/6469/5622 5660/6499/5653 5661/6502/5654
f 5617/6473/5610 5616/6470/5609 5647/6500/5640 5648/6503/5641
f 5644/6474/5637 5643/6471/5636 5674/6501/5667 5675/6504/5668
f 5631/6475/5624 5630/6472/5623 5661/6502/5654 5662/6505/5655
f 5618/6476/5611 5617/6473/5610 5648/6503/5641 5649/6506/5642
f 5645/6477/5638 5644/6474/5637 5675/6504/5668 5676/6507/5669
f 5632/6508/5625 5631/6509/5624 5662/6510/5655 5663/6511/5656
f 5619/6479/5612 5618/6476/5611 5649/6506/5642 5650/6512/5643
f 5646/6480/5639 5645/6477/5638 5676/6507/5669 5677/6513/5670
f 5633/6514/5626 5632/6508/5625 5663/6511/5656 5664/6515/5657
f 5620/6482/5613 5619/6479/5612 5650/6512/5643 5651/6516/5644
f 5490/5788/5483 5646/6480/5639 5677/6513/5670
f 5634/6517/5627 5633/6514/5626 5664/6515/5657 5665/6518/5658
f 5621/6484/5614 5620/6482/5613 5651/6516/5644 5652/6519/5645
f 5635/6520/5628 5634/6517/5627 5665/6518/5658 5666/6521/5659
f 5622/6486/5615 5621/6484/5614 5652/6519/5645 5653/6522/5646
f 5636/6523/5629 5635/6520/5628 5666/6521/5659 5667/6524/5660
f 5623/6488/5616 5622/6486/5615 5653/6522/5646 5654/6525/5647
f 5637/6526/5630 5636/6523/5629 5667/6524/5660 5668/6527/5661
f 5624/6491/5617 5623/6488/5616 5654/6525/5647 5655/6528/5648
f 5638/6495/5631 5637/6529/5630 5668/6530/5661 5669/6531/5662
f 5625/6494/5618 5624/6493/5617 5655/6532/5648 5656/6533/5649
f 5639/6462/5632 5638/6495/5631 5669/6531/5662 5670/6534/5663
f 5626/6464/5619 5625/6494/5618 5656/6533/5649 5657/6535/5650
f 5640/6463/5633 5639/6462/5632 5670/6534/5663 5671/6536/5664
f 5627/6465/5620 5626/6464/5619 5657/6535/5650 5658/6537/5651
f 5641/6466/5634 5640/6463/5633 5671/6536/5664 5672/6496/5665
f 5628/6467/5621 5627/6465/5620 5658/6537/5651 5659/6498/5652
f 5648/6503/5641 5647/6500/5640 5678/6538/5671 5679/6539/5672
f 5675/6504/5668 5674/6501/5667 5705/6540/5698 5706/6541/5699
f 5662/6510/5655 5661/6542/5654 5692/6543/5685 5693/6544/5686
f 5649/6506/5642 5648/6503/5641 5679/6539/5672 5680/6545/5673
f 5676/6507/5669 5675/6504/5668 5706/6541/5699 5707/6546/5700
f 5663/6511/5656 5662/6510/5655 5693/6544/5686 5694/6547/5687
f 5650/6512/5643 5649/6506/5642 5680/6545/5673 5681/6548/5674
f 5677/6513/5670 5676/6507/5669 5707/6546/5700 5708/6549/5701
f 5664/6515/5657 5663/6511/5656 5694/6547/5687 5695/6550/5688
f 5651/6516/5644 5650/6512/5643 5681/6548/5674 5682/6551/5675
f 5490/5788/5483 5677/6513/5670 5708/6549/5701
f 5665/6518/5658 5664/6515/5657 5695/6550/5688 5696/6552/5689
f 5652/6519/5645 5651/6516/5644 5682/6551/5675 5683/6553/5676
f 5666/6521/5659 5665/6518/5658 5696/6552/5689 5697/6554/5690
f 5653/6522/5646 5652/6519/5645 5683/6553/5676 5684/6555/5677
f 5667/6524/5660 5666/6521/5659 5697/6554/5690 5698/6556/5691
f 5654/6525/5647 5653/6522/5646 5684/6555/5677 5685/6557/5678
f 5668/6527/5661 5667/6524/5660 5698/6556/5691 5699/6558/5692
f 5655/6528/5648 5654/6525/5647 5685/6557/5678 5686/6559/5679
f 5669/6560/5662 5668/6527/5661 5699/6558/5692 5700/6561/5693
f 5656/6562/5649 5655/6563/5648 5686/6564/5679 5687/6565/5680
f 5670/6534/5663 5669/6531/5662 5700/6566/5693 5701/6567/5694
f 5657/6568/5650 5656/6562/5649 5687/6565/5680 5688/6569/5681
f 5671/6536/5664 5670/6534/5663 5701/6567/5694 5702/6570/5695
f 5658/6571/5651 5657/6568/5650 5688/6569/5681 5689/6572/5682
f 5672/6496/5665 5671/6536/5664 5702/6570/5695 5703/6573/5696
f 5659/6574/5652 5658/6571/5651 5689/6572/5682 5690/6575/5683
f 5673/6497/5666 5672/6496/5665 5703/6573/5696 5704/6576/5697
f 5660/6577/5653 5659/6574/5652 5690/6575/5683 5691/6578/5684
f 5647/6500/5640 5491/5766/5484 5678/6538/5671
f 5674/6501/5667 5673/6497/5666 5704/6576/5697 5705/6540/5698
f 5661/6542/5654 5660/6577/5653 5691/6578/5684 5692/6543/5685
f 5681/6548/5674 5680/6545/5673 5711/6579/5704 5712/6580/5705
f 5708/6549/5701 5707/6546/5700 5738/6581/5731 5739/6582/5732
f 5695/6550/5688 5694/6547/5687 5725/6583/5718 5726/6584/5719
f 5682/6551/5675 5681/6548/5674 5712/6580/5705 5713/6585/5706
f 5490/5788/5483 5708/6549/5701 5739/6582/5732
f 5696/6552/5689 5695/6550/5688 5726/6584/5719 5727/6586/5720
f 5683/6553/5676 5682/6551/5675 5713/6585/5706 5714/6587/5707
f 5697/6554/5690 5696/6552/5689 5727/6586/5720 5728/6588/5721
f 5684/6555/5677 5683/6553/5676 5714/6587/5707 5715/6589/5708
f 5698/6556/5691 5697/6554/5690 5728/6588/5721 5729/6590/5722
f 5685/6557/5678 5684/6555/5677 5715/6589/5708 5716/6591/5709
f 5699/6558/5692 5698/6556/5691 5729/6590/5722 5730/6592/5723
f 5686/6559/5679 5685/6557/5678 5716/6591/5709 5717/6593/5710
f 5700/6561/5693 5699/6558/5692 5730/6592/5723 5731/6594/5724
f 5687/6565/5680 5686/6564/5679 5717/6595/5710 5718/6596/5711
f 5701/6597/5694 5700/6561/5693 5731/6594/5724 5732/6598/5725
f 5688/6569/5681 5687/6565/5680 5718/6596/5711 5719/6599/5712
f 5702/6570/5695 5701/6567/5694 5732/6600/5725 5733/6601/5726
f 5689/6572/5682 5688/6569/5681 5719/6599/5712 5720/6602/5713
f 5703/6573/5696 5702/6570/5695 5733/6601/5726 5734/6603/5727
f 5690/6575/5683 5689/6572/5682 5720/6602/5713 5721/6604/5714
f 5704/6576/5697 5703/6573/5696 5734/6603/5727 5735/6605/5728
f 5691/6578/5684 5690/6575/5683 5721/6604/5714 5722/6606/5715
f 5678/6538/5671 5491/5766/5484 5709/6607/5702
f 5705/6540/5698 5704/6576/5697 5735/6605/5728 5736/6608/5729
f 5692/6543/5685 5691/6578/5684 5722/6606/5715 5723/6609/5716
f 5679/6539/5672 5678/6538/5671 5709/6607/5702 5710/6610/5703
f 5706/6541/5699 5705/6540/5698 5736/6608/5729 5737/6611/5730
f 5693/6544/5686 5692/6543/5685 5723/6609/5716 5724/6612/5717
f 5680/6545/5673 5679/6539/5672 5710/6610/5703 5711/6579/5704
f 5707/6546/5700 5706/6541/5699 5737/6611/5730 5738/6581/5731
f 5694/6547/5687 5693/6544/5686 5724/6612/5717 5725/6583/5718
f 5714/6587/5707 5713/6585/5706 5744/6613/5737 5745/6614/5738
f 5728/6588/5721 5727/6586/5720 5758/6615/5751 5759/6616/5752
f 5715/6589/5708 5714/6587/5707 5745/6614/5738 5746/6617/5739
f 5729/6590/5722 5728/6588/5721 5759/6616/5752 5760/6618/5753
f 5716/6591/5709 5715/6589/5708 5746/6617/5739 5747/6619/5740
f 5730/6592/5723 5729/6590/5722 5760/6618/5753 5761/6620/5754
f 5717/6595/5710 5716/6621/5709 5747/6622/5740 5748/6623/5741
f 5731/6594/5724 5730/6592/5723 5761/6620/5754 5762/6624/5755
f 5718/6596/5711 5717/6595/5710 5748/6623/5741 5749/6625/5742
f 5732/6598/5725 5731/6594/5724 5762/6624/5755 5763/6626/5756
f 5719/6599/5712 5718/6596/5711 5749/6625/5742 5750/6627/5743
f 5733/6601/5726 5732/6600/5725 5763/6628/5756 5764/6629/5757
f 5720/6602/5713 5719/6599/5712 5750/6627/5743 5751/6630/5744
f 5734/6603/5727 5733/6601/5726 5764/6629/5757 5765/6631/5758
f 5721/6604/5714 5720/6602/5713 5751/6630/5744 5752/6632/5745
f 5735/6605/5728 5734/6603/5727 5765/6631/5758 5766/6633/5759
f 5722/6606/5715 5721/6604/5714 5752/6632/5745 5753/6634/5746
f 5709/6607/5702 5491/5766/5484 5740/6635/5733
f 5736/6608/5729 5735/6605/5728 5766/6633/5759 5767/6636/5760
f 5723/6609/5716 5722/6606/5715 5753/6634/5746 5754/6637/5747
f 5710/6610/5703 5709/6607/5702 5740/6635/5733 5741/6638/5734
f 5737/6611/5730 5736/6608/5729 5767/6636/5760 5768/6639/5761
f 5724/6612/5717 5723/6609/5716 5754/6637/5747 5755/6640/5748
f 5711/6579/5704 5710/6610/5703 5741/6638/5734 5742/6641/5735
f 5738/6581/5731 5737/6611/5730 5768/6639/5761 5769/6642/5762
f 5725/6583/5718 5724/6612/5717 5755/6640/5748 5756/6643/5749
f 5712/6580/5705 5711/6579/5704 5742/6641/5735 5743/6644/5736
f 5739/6582/5732 5738/6581/5731 5769/6642/5762 5770/6645/5763
f 5726/6584/5719 5725/6583/5718 5756/6643/5749 5757/6646/5750
f 5713/6585/5706 5712/6580/5705 5743/6644/5736 5744/6613/5737
f 5490/5788/5483 5739/6582/5732 5770/6645/5763
f 5727/6586/5720 5726/6584/5719 5757/6646/5750 5758/6615/5751
f 5747/6619/5740 5746/6617/5739 5777/6647/5770 5778/6648/5771
f 5761/6620/5754 5760/6618/5753 5791/6649/5784 5792/6650/5785
f 5748/6623/5741 5747/6622/5740 5778/6651/5771 5779/6652/5772
f 5762/6624/5755 5761/6620/5754 5792/6650/5785 5793/6653/5786
f 5749/6625/5742 5748/6623/5741 5779/6652/5772 5780/6654/5773
f 5763/6626/5756 5762/6624/5755 5793/6653/5786 5794/6655/5787
f 5750/6627/5743 5749/6625/5742 5780/6654/5773 5781/6656/5774
f 5764/6629/5757 5763/6628/5756 5794/6657/5787 5795/6658/5788
f 5751/6630/5744 5750/6627/5743 5781/6656/5774 5782/6659/5775
f 5765/6631/5758 5764/6629/5757 5795/6658/5788 5796/6660/5789
f 5752/6632/5745 5751/6630/5744 5782/6659/5775 5783/6661/5776
f 5766/6633/5759 5765/6631/5758 5796/6660/5789 5797/6662/5790
f 5753/6634/5746 5752/6632/5745 5783/6661/5776 5784/6663/5777
f 5740/6635/5733 5491/5766/5484 5771/6664/5764
f 5767/6636/5760 5766/6633/5759 5797/6662/5790 5798/6665/5791
f 5754/6637/5747 5753/6634/5746 5784/6663/5777 5785/6666/5778
f 5741/6638/5734 5740/6635/5733 5771/6664/5764 5772/6667/5765
f 5768/6639/5761 5767/6636/5760 5798/6665/5791 5799/6668/5792
f 5755/6640/5748 5754/6637/5747 5785/6666/5778 5786/6669/5779
f 5742/6641/5735 5741/6638/5734 5772/6667/5765 5773/6670/5766
f 5769/6642/5762 5768/6639/5761 5799/6668/5792 5800/6671/5793
f 5756/6643/5749 5755/6640/5748 5786/6669/5779 5787/6672/5780
f 5743/6644/5736 5742/6641/5735 5773/6670/5766 5774/6673/5767
f 5770/6645/5763 5769/6642/5762 5800/6671/5793 5801/6674/5794
f 5757/6646/5750 5756/6643/5749 5787/6672/5780 5788/6675/5781
f 5744/6613/5737 5743/6644/5736 5774/6673/5767 5775/6676/5768
f 5490/5788/5483 5770/6645/5763 5801/6674/5794
f 5758/6615/5751 5757/6646/5750 5788/6675/5781 5789/6677/5782
f 5745/6614/5738 5744/6613/5737 5775/6676/5768 5776/6678/5769
f 5759/6616/5752 5758/6615/5751 5789/6677/5782 5790/6679/5783
f 5746/6617/5739 5745/6614/5738 5776/6678/5769 5777/6647/5770
f 5760/6618/5753 5759/6616/5752 5790/6679/5783 5791/6649/5784
f 5776/6678/5769 5775/6676/5768 5806/6680/5799 5807/6681/5800
f 5790/6679/5783 5789/6677/5782 5820/6682/5813 5821/6683/5814
f 5777/6647/5770 5776/6678/5769 5807/6681/5800 5808/6684/5801
f 5791/6649/5784 5790/6679/5783 5821/6683/5814 5822/6685/5815
f 5778/6648/5771 5777/6647/5770 5808/6684/5801 5809/6686/5802
f 5792/6650/5785 5791/6649/5784 5822/6685/5815 5823/6687/5816
f 5779/6652/5772 5778/6651/5771 5809/6688/5802 5810/6689/5803
f 5793/6653/5786 5792/6650/5785 5823/6687/5816 5824/6690/5817
f 5780/6654/5773 5779/6652/5772 5810/6689/5803 5811/6691/5804
f 5794/6655/5787 5793/6653/5786 5824/6690/5817 5825/6692/5818
f 5781/6656/5774 5780/6654/5773 5811/6691/5804 5812/6693/5805
f 5795/6658/5788 5794/6657/5787 5825/6694/5818 5826/6695/5819
f 5782/6659/5775 5781/6656/5774 5812/6693/5805 5813/6696/5806
f 5796/6660/5789 5795/6658/5788 5826/6695/5819 5827/6697/5820
f 5783/6661/5776 5782/6659/5775 5813/6696/5806 5814/6698/5807
f 5797/6662/5790 5796/6660/5789 5827/6697/5820 5828/6699/5821
f 5784/6663/5777 5783/6661/5776 5814/6698/5807 5815/6700/5808
f 5771/6664/5764 5491/5766/5484 5802/6701/5795
f 5798/6665/5791 5797/6662/5790 5828/6699/5821 5829/6702/5822
f 5785/6666/5778 5784/6663/5777 5815/6700/5808 5816/6703/5809
f 5772/6667/5765 5771/6664/5764 5802/6701/5795 5803/6704/5796
f 5799/6668/5792 5798/6665/5791 5829/6702/5822 5830/6705/5823
f 5786/6669/5779 5785/6666/5778 5816/6703/5809 5817/6706/5810
f 5773/6670/5766 5772/6667/5765 5803/6704/5796 5804/6707/5797
f 5800/6671/5793 5799/6668/5792 5830/6705/5823 5831/6708/5824
f 5787/6672/5780 5786/6669/5779 5817/6706/5810 5818/6709/5811
f 5774/6673/5767 5773/6670/5766 5804/6707/5797 5805/6710/5798
f 5801/6674/5794 5800/6671/5793 5831/6708/5824 5832/6711/5825
f 5788/6675/5781 5787/6672/5780 5818/6709/5811 5819/6712/5812
f 5775/6676/5768 5774/6673/5767 5805/6710/5798 5806/6680/5799
f 5490/5788/5483 5801/6674/5794 5832/6711/5825
f 5789/6677/5782 5788/6675/5781 5819/6712/5812 5820/6682/5813
f 5809/6686/5802 5808/6684/5801 5839/6713/5832 5840/6714/5833
f 5823/6687/5816 5822/6685/5815 5853/6715/5846 5854/6716/5847
f 5810/6717/5803 5809/6686/5802 5840/6714/5833 5841/6718/5834
f 5824/6690/5817 5823/6687/5816 5854/6716/5847 5855/6719/5848
f 5811/6691/5804 5810/6689/5803 5841/6720/5834 5842/6721/5835
f 5825/6692/5818 5824/6690/5817 5855/6719/5848 5856/6722/5849
f 5812/6693/5805 5811/6691/5804 5842/6721/5835 5843/6723/5836
f 5826/6695/5819 5825/6694/5818 5856/6724/5849 5857/6725/5850
f 5813/6696/5806 5812/6693/5805 5843/6723/5836 5844/6726/5837
f 5827/6697/5820 5826/6695/5819 5857/6725/5850 5858/6727/5851
f 5814/6698/5807 5813/6696/5806 5844/6726/5837 5845/6728/5838
f 5828/6699/5821 5827/6697/5820 5858/6727/5851 5859/6729/5852
f 5815/6700/5808 5814/6698/5807 5845/6728/5838 5846/6730/5839
f 5802/6701/5795 5491/5766/5484 5833/6731/5826
f 5829/6702/5822 5828/6699/5821 5859/6729/5852 5860/6732/5853
f 5816/6703/5809 5815/6700/5808 5846/6730/5839 5847/6733/5840
f 5803/6704/5796 5802/6701/5795 5833/6731/5826 5834/6734/5827
f 5830/6705/5823 5829/6702/5822 5860/6732/5853 5861/6735/5854
f 5817/6706/5810 5816/6703/5809 5847/6733/5840 5848/6736/5841
f 5804/6707/5797 5803/6704/5796 5834/6734/5827 5835/6737/5828
f 5831/6708/5824 5830/6705/5823 5861/6735/5854 5862/6738/5855
f 5818/6709/5811 5817/6706/5810 5848/6736/5841 5849/6739/5842
f 5805/6710/5798 5804/6707/5797 5835/6737/5828 5836/6740/5829
f 5832/6711/5825 5831/6708/5824 5862/6738/5855 5863/6741/5856
f 5819/6712/5812 5818/6709/5811 5849/6739/5842 5850/6742/5843
f 5806/6680/5799 5805/6710/5798 5836/6740/5829 5837/6743/5830
f 5490/5788/5483 5832/6711/5825 5863/6741/5856
f 5820/6682/5813 5819/6712/5812 5850/6742/5843 5851/6744/5844
f 5807/6681/5800 5806/6680/5799 5837/6743/5830 5838/6745/5831
f 5821/6683/5814 5820/6682/5813 5851/6744/5844 5852/6746/5845
f 5808/6684/5801 5807/6681/5800 5838/6745/5831 5839/6713/5832
f 5822/6685/5815 5821/6683/5814 5852/6746/5845 5853/6715/5846
f 5842/6721/5835 5841/6720/5834 5872/6747/5865 5873/6748/5866
f 5856/6724/5849 5855/6749/5848 5886/6750/5879 5887/6751/5880
f 5843/6723/5836 5842/6721/5835 5873/6748/5866 5874/6752/5867
f 5857/6725/5850 5856/6724/5849 5887/6751/5880 5888/6753/5881
f 5844/6726/5837 5843/6723/5836 5874/6752/5867 5875/6754/5868
f 5858/6727/5851 5857/6725/5850 5888/6753/5881 5889/6755/5882
f 5845/6728/5838 5844/6726/5837 5875/6754/5868 5876/6756/5869
f 5859/6729/5852 5858/6727/5851 5889/6755/5882 5890/6757/5883
f 5846/6730/5839 5845/6728/5838 5876/6756/5869 5877/6758/5870
f 5833/6731/5826 5491/5766/5484 5864/6759/5857
f 5860/6732/5853 5859/6729/5852 5890/6757/5883 5891/6760/5884
f 5847/6733/5840 5846/6730/5839 5877/6758/5870 5878/6761/5871
f 5834/6734/5827 5833/6731/5826 5864/6759/5857 5865/6762/5858
f 5861/6735/5854 5860/6732/5853 5891/6760/5884 5892/6763/5885
f 5848/6736/5841 5847/6733/5840 5878/6761/5871 5879/6764/5872
f 5835/6737/5828 5834/6734/5827 5865/6762/5858 5866/6765/5859
f 5862/6738/5855 5861/6735/5854 5892/6763/5885 5893/6766/5886
f 5849/6739/5842 5848/6736/5841 5879/6764/5872 5880/6767/5873
f 5836/6740/5829 5835/6737/5828 5866/6765/5859 5867/6768/5860
f 5863/6741/5856 5862/6738/5855 5893/6766/5886 5894/6769/5887
f 5850/6742/5843 5849/6739/5842 5880/6767/5873 5881/6770/5874
f 5837/6743/5830 5836/6740/5829 5867/6768/5860 5868/6771/5861
f 5490/5788/5483 5863/6741/5856 5894/6769/5887
f 5851/6744/5844 5850/6742/5843 5881/6770/5874 5882/6772/5875
f 5838/6745/5831 5837/6743/5830 5868/6771/5861 5869/6773/5862
f 5852/6746/5845 5851/6744/5844 5882/6772/5875 5883/6774/5876
f 5839/6713/5832 5838/6745/5831 5869/6773/5862 5870/6775/5863
f 5853/6715/5846 5852/6746/5845 5883/6774/5876 5884/6776/5877
f 5840/6714/5833 5839/6713/5832 5870/6775/5863 5871/6777/5864
f 5854/6716/5847 5853/6715/5846 5884/6776/5877 5885/6778/5878
f 5841/6718/5834 5840/6714/5833 5871/6777/5864 5872/6779/5865
f 5855/6719/5848 5854/6716/5847 5885/6778/5878 5886/6780/5879
f 5875/6781/5868 5874/6782/5867 5905/6783/5898 5906/6784/5899
f 5889/6755/5882 5888/6753/5881 5919/6785/5912 5920/6786/5913
f 5876/6787/5869 5875/6781/5868 5906/6784/5899 5907/6788/5900
f 5890/6757/5883 5889/6755/5882 5920/6786/5913 5921/6789/5914
f 5877/6790/5870 5876/6787/5869 5907/6788/5900 5908/6791/5901
f 5864/6759/5857 5491/5766/5484 5895/6792/5888
f 5891/6760/5884 5890/6757/5883 5921/6789/5914 5922/6793/5915
f 5878/6794/5871 5877/6790/5870 5908/6791/5901 5909/6795/5902
f 5865/6762/5858 5864/6759/5857 5895/6792/5888 5896/6796/5889
f 5892/6763/5885 5891/6760/5884 5922/6793/5915 5923/6797/5916
f 5879/6798/5872 5878/6794/5871 5909/6795/5902 5910/6799/5903
f 5866/6765/5859 5865/6762/5858 5896/6796/5889 5897/6800/5890
f 5893/6766/5886 5892/6763/5885 5923/6797/5916 5924/6801/5917
f 5880/6802/5873 5879/6798/5872 5910/6799/5903 5911/6803/5904
f 5867/6768/5860 5866/6765/5859 5897/6800/5890 5898/6804/5891
f 5894/6769/5887 5893/6766/5886 5924/6801/5917 5925/6805/5918
f 5881/6806/5874 5880/6802/5873 5911/6803/5904 5912/6807/5905
f 5868/6771/5861 5867/6768/5860 5898/6804/5891 5899/6808/5892
f 5490/5788/5483 5894/6769/5887 5925/6805/5918
f 5882/6809/5875 5881/6806/5874 5912/6807/5905 5913/6810/5906
f 5869/6773/5862 5868/6771/5861 5899/6808/5892 5900/6811/5893
f 5883/6812/5876 5882/6809/5875 5913/6810/5906 5914/6813/5907
f 5870/6775/5863 5869/6773/5862 5900/6811/5893 5901/6814/5894
f 5884/6815/5877 5883/6812/5876 5914/6813/5907 5915/6816/5908
f 5871/6777/5864 5870/6775/5863 5901/6814/5894 5902/6817/5895
f 5885/6818/5878 5884/6815/5877 5915/6816/5908 5916/6819/5909
f 5872/6779/5865 5871/6777/5864 5902/6817/5895 5903/6820/5896
f 5886/6821/5879 5885/6818/5878 5916/6819/5909 5917/6822/5910
f 5873/6823/5866 5872/6779/5865 5903/6820/5896 5904/6824/5897
f 5887/6751/5880 5886/6750/5879 5917/6825/5910 5918/6826/5911
f 5874/6782/5867 5873/6827/5866 5904/6828/5897 5905/6783/5898
f 5888/6753/5881 5887/6751/5880 5918/6826/5911 5919/6785/5912
f 5908/6791/5901 5907/6788/5900 5938/6829/5931 5939/6830/5932
f 5895/6792/5888 5491/5766/5484 5926/6831/5919
f 5922/6793/5915 5921/6789/5914 5952/6832/5945 5953/6833/5946
f 5909/6795/5902 5908/6791/5901 5939/6830/5932 5940/6834/5933
f 5896/6796/5889 5895/6792/5888 5926/6831/5919 5927/6835/5920
f 5923/6797/5916 5922/6793/5915 5953/6833/5946 5954/6836/5947
f 5910/6799/5903 5909/6795/5902 5940/6834/5933 5941/6837/5934
f 5897/6800/5890 5896/6796/5889 5927/6835/5920 5928/6838/5921
f 5924/6801/5917 5923/6797/5916 5954/6836/5947 5955/6839/5948
f 5911/6803/5904 5910/6799/5903 5941/6837/5934 5942/6840/5935
f 5898/6804/5891 5897/6800/5890 5928/6838/5921 5929/6841/5922
f 5925/6805/5918 5924/6801/5917 5955/6839/5948 5956/6842/5949
f 5912/6807/5905 5911/6803/5904 5942/6840/5935 5943/6843/5936
f 5899/6808/5892 5898/6804/5891 5929/6841/5922 5930/6844/5923
f 5490/5788/5483 5925/6805/5918 5956/6842/5949
f 5913/6810/5906 5912/6807/5905 5943/6843/5936 5944/6845/5937
f 5900/6811/5893 5899/6808/5892 5930/6844/5923 5931/6846/5924
f 5914/6813/5907 5913/6810/5906 5944/6845/5937 5945/6847/5938
f 5901/6814/5894 5900/6811/5893 5931/6846/5924 5932/6848/5925
f 5915/6816/5908 5914/6813/5907 5945/6847/5938 5946/6849/5939
f 5902/6817/5895 5901/6814/5894 5932/6848/5925 5933/6850/5926
f 5916/6819/5909 5915/6816/5908 5946/6849/5939 5947/6851/5940
f 5903/6820/5896 5902/6817/5895 5933/6850/5926 5934/6852/5927
f 5917/6822/5910 5916/6819/5909 5947/6851/5940 5948/6853/5941
f 5904/6828/5897 5903/6854/5896 5934/6855/5927 5935/6856/5928
f 5918/6826/5911 5917/6825/5910 5948/6857/5941 5949/6858/5942
f 5905/6783/5898 5904/6828/5897 5935/6856/5928 5936/6859/5929
f 5919/6785/5912 5918/6826/5911 5949/6858/5942 5950/6860/5943
f 5906/6784/5899 5905/6783/5898 5936/6859/5929 5937/6861/5930
f 5920/6786/5913 5919/6785/5912 5950/6860/5943 5951/6862/5944
f 5907/6788/5900 5906/6784/5899 5937/6861/5930 5938/6829/5931
f 5921/6789/5914 5920/6786/5913 5951/6862/5944 5952/6832/5945
f 5941/6837/5934 5940/6834/5933 4983/5770/4976 5966/5776/5959
f 5928/6838/5921 5927/6835/5920 5958/5772/5951 5959/5778/5952
f 5955/6839/5948 5954/6836/5947 5971/5774/5964 4992/5780/4985
f 5942/6840/5935 5941/6837/5934 5966/5776/5959 4984/5782/4977
f 5929/6841/5922 5928/6838/5921 5959/5778/5952 5960/5784/5953
f 5956/6842/5949 5955/6839/5948 4992/5780/4985 4993/5786/4986
f 5943/6843/5936 5942/6840/5935 4984/5782/4977 4985/5722/4978
f 5930/6844/5923 5929/6841/5922 5960/5784/5953 5961/5726/5954
f 5490/5788/5483 5956/6842/5949 4993/5786/4986
f 5944/6845/5937 5943/6843/5936 4985/5722/4978 5967/5721/5960
f 5931/6846/5924 5930/6844/5923 5961/5726/5954 5962/5725/5955
f 5945/6847/5938 5944/6845/5937 5967/5721/5960 5968/5729/5961
f 5932/6848/5925 5931/6846/5924 5962/5725/5955 4978/5731/4971
f 5946/6849/5939 5945/6847/5938 5968/5729/5961 4986/5733/4979
f 5933/6850/5926 5932/6848/5925 4978/5731/4971 5963/5735/5956
f 5947/6851/5940 5946/6849/5939 4986/5733/4979 4987/5737/4980
f 5934/6852/5927 5933/6850/5926 5963/5735/5956 4979/6863/4972
f 5948/6853/5941 5947/6851/5940 4987/5737/4980 4988/5743/4981
f 5935/6856/5928 5934/6855/5927 4979/5739/4972 5964/5745/5957
f 5949/6864/5942 5948/6853/5941 4988/5743/4981 5969/5747/5962
f 5936/6859/5929 5935/6856/5928 5964/5745/5957 5965/5749/5958
f 5950/6860/5943 5949/6858/5942 5969/5752/5962 4989/5751/4982
f 5937/6861/5930 5936/6859/5929 5965/5749/5958 4980/5755/4973
f 5951/6862/5944 5950/6860/5943 4989/5751/4982 4990/5757/4983
f 5938/6829/5931 5937/6861/5930 4980/5755/4973 4981/5759/4974
f 5952/6832/5945 5951/6862/5944 4990/5757/4983 4991/5761/4984
f 5939/6830/5932 5938/6829/5931 4981/5759/4974 4982/5763/4975
f 5926/6831/5919 5491/5766/5484 5957/5765/5950
f 5953/6833/5946 5952/6832/5945 4991/5761/4984 5970/5768/5963
f 5940/6834/5933 5939/6830/5932 4982/5763/4975 4983/5770/4976
f 5927/6835/5920 5926/6831/5919 5957/5765/5950 5958/5772/5951
f 5954/6836/5947 5953/6833/5946 5970/5768/5963 5971/5774/5964
o Hydrogen_ball
v 0.458377 0.269259 0.125316
v 0.458377 0.172608 0.028666
v 0.458377 -0.002896 -0.076527
v 0.458377 -0.067320 -0.099579
v 0.458377 -0.133694 -0.116204
v 0.458377 -0.201378 -0.126244
v 0.458377 -0.338063 -0.126244
v 0.458377 -0.405747 -0.116204
v 0.458377 -0.598400 -0.047272
v 0.458377 -0.657090 -0.012094
v 0.458377 -0.712049 0.028666
v 0.458377 -0.808700 0.125316
v 0.458377 -0.849460 0.180276
v 0.458377 -0.884637 0.238965
v 0.458377 -0.953570 0.431619
v 0.458377 -0.963610 0.499303
v 0.471710 0.424169 0.500616
v 0.484915 0.414129 0.434233
v 0.497864 0.397503 0.369134
v 0.510432 0.374452 0.305947
v 0.522500 0.345196 0.245281
v 0.533949 0.310019 0.187719
v 0.544671 0.269259 0.133816
v 0.554562 0.223308 0.084091
v 0.563527 0.172608 0.039022
v 0.571479 0.117649 -0.000955
v 0.578342 0.058959 -0.035456
v 0.584049 -0.002896 -0.064149
v 0.588546 -0.067320 -0.086758
v 0.591790 -0.133694 -0.103064
v 0.593749 -0.201378 -0.112911
v 0.594404 -0.269720 -0.116204
v 0.593749 -0.338063 -0.112911
v 0.591790 -0.405747 -0.103064
v 0.588546 -0.472121 -0.086758
v 0.584049 -0.536545 -0.064149
v 0.578342 -0.598400 -0.035456
v 0.571479 -0.657090 -0.000955
v 0.563527 -0.712049 0.039022
v 0.554562 -0.762748 0.084091
v 0.544671 -0.808700 0.133816
v 0.533949 -0.849460 0.187719
v 0.522500 -0.884637 0.245281
v 0.510432 -0.913893 0.305947
v 0.497864 -0.936944 0.369134
v 0.484915 -0.953570 0.434233
v 0.471710 -0.963610 0.500616
v 0.484531 0.424169 0.504505
v 0.510432 0.414129 0.441973
v 0.535833 0.397503 0.380652
v 0.560487 0.374452 0.321131
v 0.584158 0.345196 0.263985
v 0.606617 0.310019 0.209762
v 0.627649 0.269259 0.158987
v 0.647051 0.223308 0.112147
v 0.664636 0.172608 0.069693
v 0.680234 0.117649 0.032036
v 0.693696 0.058959 -0.000464
v 0.704891 -0.002896 -0.027492
v 0.713713 -0.067320 -0.048789
v 0.720075 -0.133694 -0.064149
v 0.723917 -0.201378 -0.073425
v 0.725202 -0.269720 -0.076527
v 0.723917 -0.338063 -0.073425
v 0.720075 -0.405747 -0.064149
v 0.713713 -0.472121 -0.048789
v 0.704891 -0.536545 -0.027492
v 0.693696 -0.598400 -0.000464
v 0.680234 -0.657090 0.032036
v 0.664636 -0.712049 0.069693
v 0.647051 -0.762748 0.112147
v 0.627649 -0.808700 0.158987
v 0.606617 -0.849460 0.209762
v 0.584158 -0.884637 0.263985
v 0.560487 -0.913893 0.321131
v 0.535833 -0.936944 0.380652
v 0.510432 -0.953570 0.441973
v 0.484531 -0.963610 0.504505
v 0.496346 0.424169 0.510821
v 0.533949 0.414129 0.454544
v 0.570825 0.397503 0.399356
v 0.606617 0.374452 0.345788
v 0.640982 0.345196 0.294358
v 0.673588 0.310019 0.245559
v 0.704122 0.269259 0.199862
v 0.732289 0.223308 0.157707
v 0.757818 0.172608 0.119500
v 0.780463 0.117649 0.085609
v 0.800007 0.058959 0.056361
v 0.816260 -0.002896 0.032036
v 0.829067 -0.067320 0.012869
v 0.838304 -0.133694 -0.000955
v 0.843882 -0.201378 -0.009303
v 0.845747 -0.269720 -0.012094
v 0.843882 -0.338063 -0.009303
v 0.838304 -0.405747 -0.000955
v 0.829067 -0.472121 0.012869
v 0.816260 -0.536545 0.032036
v 0.800007 -0.598400 0.056361
v 0.780463 -0.657090 0.085609
v 0.757818 -0.712049 0.119500
v 0.732289 -0.762748 0.157707
v 0.704122 -0.808700 0.199862
v 0.673588 -0.849460 0.245559
v 0.640982 -0.884637 0.294358
v 0.606617 -0.913893 0.345788
v 0.570825 -0.936944 0.399356
v 0.533949 -0.953570 0.454544
v 0.496346 -0.963610 0.510821
v 0.506703 0.424169 0.519320
v 0.554562 0.414129 0.471460
v 0.601496 0.397503 0.424527
v 0.647051 0.374452 0.378972
v 0.690789 0.345196 0.335233
v 0.732289 0.310019 0.293734
v 0.771151 0.269259 0.254872
v 0.807001 0.223308 0.219022
v 0.839493 0.172608 0.186529
v 0.868315 0.117649 0.157707
v 0.893189 0.058959 0.132833
v 0.913876 -0.002896 0.112147
v 0.930176 -0.067320 0.095847
v 0.941932 -0.133694 0.084091
v 0.949031 -0.201378 0.076991
v 0.951405 -0.269720 0.074617
v 0.949031 -0.338063 0.076991
v 0.941932 -0.405747 0.084091
v 0.930176 -0.472121 0.095847
v 0.913876 -0.536545 0.112147
v 0.893189 -0.598400 0.132833
v 0.868315 -0.657090 0.157707
v 0.839493 -0.712049 0.186529
v 0.807001 -0.762748 0.219022
v 0.771151 -0.808700 0.254872
v 0.732289 -0.849460 0.293734
v 0.690789 -0.884637 0.335233
v 0.647051 -0.913893 0.378972
v 0.601496 -0.936944 0.424527
v 0.554562 -0.953570 0.471460
v 0.506703 -0.963610 0.519320
v 0.515202 0.424169 0.529676
v 0.571479 0.414129 0.492073
v 0.626667 0.397503 0.455198
v 0.680234 0.374452 0.419405
v 0.731665 0.345196 0.385040
v 0.780463 0.310019 0.352434
v 0.826160 0.269259 0.321901
v 0.868315 0.223308 0.293733
v 0.906522 0.172608 0.268204
v 0.940413 0.117649 0.245559
v 0.969662 0.058959 0.226016
v 0.993987 -0.002896 0.209762
v 1.013154 -0.067320 0.196956
v 1.026978 -0.133694 0.187719
v 1.035325 -0.201378 0.182141
v 1.038117 -0.269720 0.180276
v 1.035325 -0.338063 0.182141
v 1.026978 -0.405747 0.187719
v 1.013154 -0.472121 0.196956
v 0.993987 -0.536545 0.209762
v 0.969662 -0.598400 0.226016
v 0.940413 -0.657090 0.245559
v 0.906522 -0.712049 0.268204
v 0.868315 -0.762748 0.293733
v 0.826160 -0.808700 0.321901
v 0.780463 -0.849460 0.352434
v 0.731665 -0.884637 0.385040
v 0.680234 -0.913893 0.419405
v 0.626667 -0.936944 0.455198
v 0.571479 -0.953570 0.492073
v 0.515202 -0.963610 0.529676
v 0.521517 0.424169 0.541492
v 0.584049 0.414129 0.515590
v 0.645371 0.397503 0.490190
v 0.704891 0.374452 0.465536
v 0.762038 0.345196 0.441865
v 0.816260 0.310019 0.419405
v 0.867036 0.269259 0.398373
v 0.913876 0.223308 0.378972
v 0.956329 0.172608 0.361387
v 0.993987 0.117649 0.345789
v 1.026486 0.058959 0.332327
v 1.053515 -0.002896 0.321131
v 1.074812 -0.067320 0.312310
v 1.090172 -0.133694 0.305947
v 1.099447 -0.201378 0.302105
v 1.102549 -0.269720 0.300820
v 1.099447 -0.338063 0.302105
v 1.090172 -0.405747 0.305947
v 1.074812 -0.472121 0.312310
v 1.053515 -0.536545 0.321131
v 1.026486 -0.598400 0.332327
v 0.993987 -0.657090 0.345789
v 0.956329 -0.712049 0.361387
v 0.913876 -0.762748 0.378972
v 0.867036 -0.808700 0.398373
v 0.816260 -0.849460 0.419405
v 0.762038 -0.884637 0.441865
v 0.704891 -0.913893 0.465536
v 0.645371 -0.936944 0.490190
v 0.584049 -0.953570 0.515590
v 0.521517 -0.963610 0.541492
v 0.525406 0.424169 0.554312
v 0.591790 0.414129 0.541108
v 0.656888 0.397503 0.528159
v 0.720075 0.374452 0.515590
v 0.780742 0.345196 0.503523
v 0.838304 0.310019 0.492073
v 0.892207 0.269259 0.481351
v 0.941932 0.223308 0.471460
v 0.987000 0.172608 0.462496
v 1.026977 0.117649 0.454544
v 1.061479 0.058959 0.447681
v 1.090172 -0.002896 0.441973
v 1.112781 -0.067320 0.437476
v 1.129087 -0.133694 0.434233
v 1.138934 -0.201378 0.432274
v 1.142227 -0.269720 0.431619
v 1.138934 -0.338063 0.432274
v 1.129087 -0.405747 0.434233
v 1.112781 -0.472121 0.437476
v 1.090172 -0.536545 0.441973
v 1.061479 -0.598400 0.447681
v 1.026977 -0.657090 0.454544
v 0.987000 -0.712049 0.462496
v 0.941932 -0.762748 0.471460
v 0.892207 -0.808700 0.481351
v 0.838304 -0.849460 0.492073
v 0.780742 -0.884637 0.503523
v 0.720075 -0.913893 0.515590
v 0.656888 -0.936944 0.528159
v 0.591790 -0.953570 0.541108
v 0.525406 -0.963610 0.554312
v 0.526720 0.424169 0.567645
v 0.594403 0.414129 0.567645
v 0.660777 0.397503 0.567645
v 0.725202 0.374452 0.567645
v 0.787057 0.345196 0.567645
v 0.845747 0.310019 0.567645
v 0.900706 0.269259 0.567645
v 0.951405 0.223308 0.567645
v 0.997356 0.172608 0.567645
v 1.038117 0.117649 0.567645
v 1.073294 0.058959 0.567645
v 1.102550 -0.002896 0.567645
v 1.125601 -0.067320 0.567645
v 1.142227 -0.133694 0.567645
v 1.152267 -0.201378 0.567645
v 1.155624 -0.269720 0.567645
v 1.152267 -0.338063 0.567645
v 1.142227 -0.405747 0.567645
v 1.125601 -0.472121 0.567645
v 1.102550 -0.536545 0.567645
v 1.073294 -0.598400 0.567645
v 1.038117 -0.657090 0.567645
v 0.997356 -0.712049 0.567645
v 0.951405 -0.762748 0.567645
v 0.900706 -0.808700 0.567645
v 0.845747 -0.849460 0.567645
v 0.787057 -0.884637 0.567645
v 0.725202 -0.913893 0.567645
v 0.660777 -0.936944 0.567645
v 0.594403 -0.953570 0.567645
v 0.526720 -0.963610 0.567645
v 0.525406 0.424169 0.580978
v 0.591790 0.414129 0.594183
v 0.656888 0.397503 0.607131
v 0.720075 0.374452 0.619700
v 0.780742 0.345196 0.631768
v 0.838304 0.310019 0.643217
v 0.892207 0.269259 0.653939
v 0.941932 0.223308 0.663830
v 0.987000 0.172608 0.672795
v 1.026977 0.117649 0.680747
v 1.061479 0.058959 0.687610
v 1.090172 -0.002896 0.693317
v 1.112780 -0.067320 0.697814
v 1.129087 -0.133694 0.701058
v 1.138934 -0.201378 0.703016
v 1.142227 -0.269720 0.703671
v 1.138934 -0.338063 0.703016
v 1.129087 -0.405747 0.701058
v 1.112780 -0.472121 0.697814
v 1.090172 -0.536545 0.693317
v 1.061479 -0.598400 0.687610
v 1.026977 -0.657090 0.680747
v 0.987000 -0.712049 0.672795
v 0.941932 -0.762748 0.663830
v 0.892207 -0.808700 0.653939
v 0.838304 -0.849460 0.643217
v 0.780742 -0.884637 0.631768
v 0.720075 -0.913893 0.619700
v 0.656888 -0.936944 0.607131
v 0.591790 -0.953570 0.594183
v 0.525406 -0.963610 0.580978
v 0.521517 0.424169 0.593799
v 0.584049 0.414129 0.619700
v 0.645371 0.397503 0.645100
v 0.704891 0.374452 0.669755
v 0.762038 0.345196 0.693426
v 0.816260 0.310019 0.715885
v 0.867036 0.269259 0.736917
v 0.913876 0.223308 0.756319
v 0.956329 0.172608 0.773904
v 0.993987 0.117649 0.789502
v 1.026486 0.058959 0.802964
v 1.053515 -0.002896 0.814159
v 1.074812 -0.067320 0.822981
v 1.090172 -0.133694 0.829343
v 1.099447 -0.201378 0.833185
v 1.102549 -0.269720 0.834470
v 1.099447 -0.338063 0.833185
v 1.090172 -0.405747 0.829343
v 1.074812 -0.472121 0.822981
v 1.053515 -0.536545 0.814159
v 1.026486 -0.598400 0.802964
v 0.993987 -0.657090 0.789502
v 0.956329 -0.712049 0.773904
v 0.913876 -0.762748 0.756319
v 0.867036 -0.808700 0.736917
v 0.816260 -0.849460 0.715885
v 0.762038 -0.884637 0.693426
v 0.704891 -0.913893 0.669755
v 0.645371 -0.936944 0.645100
v 0.584049 -0.953570 0.619700
v 0.521517 -0.963610 0.593799
v 0.515202 0.424169 0.605614
v 0.571479 0.414129 0.643217
v 0.626667 0.397503 0.680093
v 0.680234 0.374452 0.715885
v 0.731665 0.345196 0.750250
v 0.780463 0.310019 0.782856
v 0.826160 0.269259 0.813390
v 0.868315 0.223308 0.841557
v 0.906522 0.172608 0.867086
v 0.940413 0.117649 0.889731
v 0.969662 0.058959 0.909275
v 0.993987 -0.002896 0.925528
v 1.013154 -0.067320 0.938335
v 1.026977 -0.133694 0.947572
v 1.035325 -0.201378 0.953149
v 1.038117 -0.269720 0.955015
v 1.035325 -0.338063 0.953149
v 1.026977 -0.405747 0.947572
v 1.013154 -0.472121 0.938335
v 0.993987 -0.536545 0.925528
v 0.969662 -0.598400 0.909275
v 0.940413 -0.657090 0.889731
v 0.906522 -0.712049 0.867086
v 0.868315 -0.762748 0.841557
v 0.826160 -0.808700 0.813390
v 0.780463 -0.849460 0.782856
v 0.731665 -0.884637 0.750250
v 0.680234 -0.913893 0.715885
v 0.626667 -0.936944 0.680093
v 0.571479 -0.953570 0.643217
v 0.515202 -0.963610 0.605614
v 0.506703 0.424169 0.615970
v 0.554562 0.414129 0.663830
v 0.601496 0.397503 0.710764
v 0.647051 0.374452 0.756319
v 0.690789 0.345196 0.800057
v 0.732289 0.310019 0.841557
v 0.771151 0.269259 0.880419
v 0.807001 0.223308 0.916269
v 0.839493 0.172608 0.948761
v 0.868315 0.117649 0.977583
v 0.893189 0.058959 1.002457
v 0.913876 -0.002896 1.023144
v 0.930176 -0.067320 1.039444
v 0.941932 -0.133694 1.051200
v 0.949031 -0.201378 1.058299
v 0.951405 -0.269720 1.060673
v 0.949031 -0.338063 1.058299
v 0.941932 -0.405747 1.051200
v 0.930176 -0.472121 1.039444
v 0.913876 -0.536545 1.023144
v 0.893189 -0.598400 1.002457
v 0.868315 -0.657090 0.977583
v 0.839493 -0.712049 0.948761
v 0.807001 -0.762748 0.916269
v 0.771151 -0.808700 0.880419
v 0.732289 -0.849460 0.841557
v 0.690789 -0.884637 0.800057
v 0.647051 -0.913893 0.756319
v 0.601496 -0.936944 0.710764
v 0.554562 -0.953570 0.663830
v 0.506703 -0.963610 0.615970
v 0.496346 0.424169 0.624470
v 0.533949 0.414129 0.680747
v 0.570825 0.397503 0.735935
v 0.606617 0.374452 0.789502
v 0.640982 0.345196 0.840932
v 0.673588 0.310019 0.889731
v 0.704122 0.269259 0.935428
v 0.732289 0.223308 0.977583
v 0.757818 0.172608 1.015790
v 0.780463 0.117649 1.049681
v 0.800007 0.058959 1.078930
v 0.816260 -0.002896 1.103255
v 0.829067 -0.067320 1.122421
v 0.838304 -0.133694 1.136245
v 0.843881 -0.201378 1.144593
v 0.845747 -0.269720 1.147385
v 0.843881 -0.338063 1.144593
v 0.838304 -0.405747 1.136245
v 0.829067 -0.472121 1.122421
v 0.816260 -0.536545 1.103255
v 0.800007 -0.598400 1.078930
v 0.780463 -0.657090 1.049681
v 0.757818 -0.712049 1.015790
v 0.732289 -0.762748 0.977583
v 0.704122 -0.808700 0.935428
v 0.673588 -0.849460 0.889731
v 0.640982 -0.884637 0.840932
v 0.606617 -0.913893 0.789502
v 0.570825 -0.936944 0.735935
v 0.533949 -0.953570 0.680747
v 0.496346 -0.963610 0.624470
v 0.484531 0.424169 0.630785
v 0.510432 0.414129 0.693317
v 0.535832 0.397503 0.754638
v 0.560487 0.374452 0.814159
v 0.584158 0.345196 0.871306
v 0.606617 0.310019 0.925528
v 0.627649 0.269259 0.976304
v 0.647051 0.223308 1.023144
v 0.664636 0.172608 1.065597
v 0.680234 0.117649 1.103255
v 0.693696 0.058959 1.135754
v 0.704891 -0.002896 1.162783
v 0.713713 -0.067320 1.184079
v 0.720075 -0.133694 1.199440
v 0.723917 -0.201378 1.208715
v 0.725202 -0.269720 1.211817
v 0.723917 -0.338063 1.208715
v 0.720075 -0.405747 1.199440
v 0.713713 -0.472121 1.184079
v 0.704891 -0.536545 1.162783
v 0.693696 -0.598400 1.135754
v 0.680234 -0.657090 1.103255
v 0.664636 -0.712049 1.065597
v 0.647051 -0.762748 1.023144
v 0.627649 -0.808700 0.976304
v 0.606617 -0.849460 0.925528
v 0.584158 -0.884637 0.871306
v 0.560487 -0.913893 0.814159
v 0.535832 -0.936944 0.754638
v 0.510432 -0.953570 0.693317
v 0.484531 -0.963610 0.630785
v 0.471710 0.424169 0.634674
v 0.484915 0.414129 0.701058
v 0.497864 0.397503 0.766156
v 0.510432 0.374452 0.829343
v 0.522500 0.345196 0.890010
v 0.533949 0.310019 0.947572
v 0.544671 0.269259 1.001475
v 0.554562 0.223308 1.051200
v 0.563527 0.172608 1.096268
v 0.571479 0.117649 1.136245
v 0.578342 0.058959 1.170746
v 0.584049 -0.002896 1.199440
v 0.588546 -0.067320 1.222048
v 0.591790 -0.133694 1.238355
v 0.593748 -0.201378 1.248201
v 0.594403 -0.269720 1.251494
v 0.593748 -0.338063 1.248201
v 0.591790 -0.405747 1.238355
v 0.588546 -0.472121 1.222048
v 0.584049 -0.536545 1.199440
v 0.578342 -0.598400 1.170746
v 0.571479 -0.657090 1.136245
v 0.563527 -0.712049 1.096268
v 0.554562 -0.762748 1.051200
v 0.544671 -0.808700 1.001475
v 0.533949 -0.849460 0.947572
v 0.522500 -0.884637 0.890010
v 0.510432 -0.913893 0.829343
v 0.497864 -0.936944 0.766156
v 0.484915 -0.953570 0.701058
v 0.471710 -0.963610 0.634674
v 0.458377 0.424169 0.635987
v 0.458377 0.414129 0.703671
v 0.458377 0.397503 0.770045
v 0.458377 0.374452 0.834470
v 0.458377 0.345196 0.896325
v 0.458377 0.310019 0.955015
v 0.458377 0.269259 1.009974
v 0.458377 0.223308 1.060673
v 0.458377 0.172608 1.106624
v 0.458377 0.117649 1.147385
v 0.458377 0.058959 1.182562
v 0.458377 -0.002896 1.211817
v 0.458377 -0.067320 1.234869
v 0.458377 -0.133694 1.251495
v 0.458377 -0.201378 1.261534
v 0.458377 -0.269720 1.264892
v 0.458377 -0.338063 1.261534
v 0.458377 -0.405747 1.251495
v 0.458377 -0.472121 1.234869
v 0.458377 -0.536545 1.211817
v 0.458377 -0.598400 1.182562
v 0.458377 -0.657090 1.147385
v 0.458377 -0.712049 1.106624
v 0.458377 -0.762748 1.060673
v 0.458377 -0.808700 1.009974
v 0.458377 -0.849460 0.955015
v 0.458377 -0.884637 0.896325
v 0.458377 -0.913893 0.834470
v 0.458377 -0.936944 0.770045
v 0.458377 -0.953570 0.703671
v 0.458377 -0.963610 0.635987
v 0.458377 -0.966967 0.567645
v 0.458377 0.427527 0.567645
v 0.445044 0.424169 0.634674
v 0.431840 0.414129 0.701058
v 0.418891 0.397503 0.766156
v 0.406322 0.374452 0.829343
v 0.394255 0.345196 0.890010
v 0.382805 0.310019 0.947571
v 0.372083 0.269259 1.001475
v 0.362192 0.223308 1.051200
v 0.353228 0.172608 1.096268
v 0.345276 0.117649 1.136245
v 0.338413 0.058959 1.170746
v 0.332706 -0.002896 1.199440
v 0.328208 -0.067320 1.222048
v 0.324965 -0.133694 1.238354
v 0.323006 -0.201378 1.248201
v 0.322351 -0.269720 1.251494
v 0.323006 -0.338063 1.248201
v 0.324965 -0.405747 1.238354
v 0.328208 -0.472121 1.222048
v 0.332706 -0.536545 1.199440
v 0.338413 -0.598400 1.170746
v 0.345276 -0.657090 1.136245
v 0.353228 -0.712049 1.096268
v 0.362192 -0.762748 1.051200
v 0.372083 -0.808700 1.001475
v 0.382805 -0.849460 0.947571
v 0.394255 -0.884637 0.890010
v 0.406322 -0.913893 0.829343
v 0.418891 -0.936944 0.766156
v 0.431840 -0.953570 0.701058
v 0.445044 -0.963610 0.634674
v 0.432224 0.424169 0.630785
v 0.406322 0.414129 0.693317
v 0.380922 0.397503 0.754638
v 0.356268 0.374452 0.814159
v 0.332597 0.345196 0.871306
v 0.310137 0.310019 0.925528
v 0.289105 0.269259 0.976303
v 0.269704 0.223308 1.023144
v 0.252119 0.172608 1.065597
v 0.236521 0.117649 1.103255
v 0.223059 0.058959 1.135754
v 0.211863 -0.002896 1.162782
v 0.203042 -0.067320 1.184079
v 0.196679 -0.133694 1.199440
v 0.192837 -0.201378 1.208715
v 0.191552 -0.269720 1.211817
v 0.192837 -0.338063 1.208715
v 0.196679 -0.405747 1.199440
v 0.203042 -0.472121 1.184079
v 0.211863 -0.536545 1.162782
v 0.223059 -0.598400 1.135754
v 0.236521 -0.657090 1.103255
v 0.252119 -0.712049 1.065597
v 0.269704 -0.762748 1.023144
v 0.289105 -0.808700 0.976303
v 0.310137 -0.849460 0.925528
v 0.332597 -0.884637 0.871306
v 0.356268 -0.913893 0.814159
v 0.380922 -0.936944 0.754638
v 0.406322 -0.953570 0.693317
v 0.432224 -0.963610 0.630785
v 0.420409 0.424169 0.624470
v 0.382805 0.414129 0.680747
v 0.345930 0.397503 0.735935
v 0.310137 0.374452 0.789502
v 0.275773 0.345196 0.840932
v 0.243166 0.310019 0.889731
v 0.212633 0.269259 0.935428
v 0.184466 0.223308 0.977583
v 0.158937 0.172608 1.015790
v 0.136291 0.117649 1.049681
v 0.116748 0.058959 1.078930
v 0.100495 -0.002896 1.103255
v 0.087688 -0.067320 1.122421
v 0.078451 -0.133694 1.136245
v 0.072873 -0.201378 1.144593
v 0.071008 -0.269720 1.147384
v 0.072873 -0.338063 1.144593
v 0.078451 -0.405747 1.136245
v 0.087688 -0.472121 1.122421
v 0.100495 -0.536545 1.103255
v 0.116748 -0.598400 1.078930
v 0.136291 -0.657090 1.049681
v 0.158937 -0.712049 1.015790
v 0.184466 -0.762748 0.977583
v 0.212633 -0.808700 0.935428
v 0.243166 -0.849460 0.889731
v 0.275773 -0.884637 0.840932
v 0.310137 -0.913893 0.789502
v 0.345930 -0.936944 0.735935
v 0.382805 -0.953570 0.680747
v 0.420409 -0.963610 0.624470
v 0.410052 0.424169 0.615970
v 0.362192 0.414129 0.663830
v 0.315259 0.397503 0.710764
v 0.269704 0.374452 0.756319
v 0.225966 0.345196 0.800057
v 0.184466 0.310019 0.841557
v 0.145604 0.269259 0.880419
v 0.109754 0.223308 0.916269
v 0.077262 0.172608 0.948761
v 0.048440 0.117649 0.977583
v 0.023566 0.058959 1.002457
v 0.002879 -0.002896 1.023144
v -0.013421 -0.067320 1.039443
v -0.025177 -0.133694 1.051200
v -0.032276 -0.201378 1.058299
v -0.034650 -0.269720 1.060673
v -0.032276 -0.338063 1.058299
v -0.025177 -0.405747 1.051200
v -0.013421 -0.472121 1.039443
v 0.002879 -0.536545 1.023144
v 0.023566 -0.598400 1.002457
v 0.048440 -0.657090 0.977583
v 0.077262 -0.712049 0.948761
v 0.109754 -0.762748 0.916269
v 0.145604 -0.808700 0.880419
v 0.184466 -0.849460 0.841557
v 0.225966 -0.884637 0.800057
v 0.269704 -0.913893 0.756319
v 0.315259 -0.936944 0.710764
v 0.362192 -0.953570 0.663830
v 0.410052 -0.963610 0.615970
v 0.401553 0.424169 0.605614
v 0.345276 0.414129 0.643217
v 0.290088 0.397503 0.680093
v 0.236521 0.374452 0.715885
v 0.185090 0.345196 0.750250
v 0.136291 0.310019 0.782856
v 0.090595 0.269259 0.813390
v 0.048440 0.223308 0.841557
v 0.010233 0.172608 0.867086
v -0.023658 0.117649 0.889731
v -0.052907 0.058959 0.909274
v -0.077232 -0.002896 0.925528
v -0.096399 -0.067320 0.938335
v -0.110223 -0.133694 0.947571
v -0.118570 -0.201378 0.953149
v -0.121362 -0.269720 0.955014
v -0.118570 -0.338063 0.953149
v -0.110223 -0.405747 0.947571
v -0.096399 -0.472121 0.938335
v -0.077232 -0.536545 0.925528
v -0.052907 -0.598400 0.909274
v -0.023658 -0.657090 0.889731
v 0.010233 -0.712049 0.867086
v 0.048440 -0.762748 0.841557
v 0.090595 -0.808700 0.813390
v 0.136291 -0.849460 0.782856
v 0.185090 -0.884637 0.750250
v 0.236521 -0.913893 0.715885
v 0.290088 -0.936944 0.680093
v 0.345276 -0.953570 0.643217
v 0.401553 -0.963610 0.605614
v 0.395237 0.424169 0.593799
v 0.332706 0.414129 0.619700
v 0.271384 0.397503 0.645100
v 0.211863 0.374452 0.669755
v 0.154717 0.345196 0.693425
v 0.100495 0.310019 0.715885
v 0.049719 0.269259 0.736917
v 0.002879 0.223308 0.756319
v -0.039574 0.172608 0.773903
v -0.077232 0.117649 0.789502
v -0.109731 0.058959 0.802963
v -0.136760 -0.002896 0.814159
v -0.158057 -0.067320 0.822980
v -0.173417 -0.133694 0.829343
v -0.182692 -0.201378 0.833185
v -0.185794 -0.269720 0.834470
v -0.182692 -0.338063 0.833185
v -0.173417 -0.405747 0.829343
v -0.158057 -0.472121 0.822980
v -0.136760 -0.536545 0.814159
v -0.109731 -0.598400 0.802963
v -0.077232 -0.657090 0.789502
v -0.039574 -0.712049 0.773903
v 0.002879 -0.762748 0.756319
v 0.049719 -0.808700 0.736917
v 0.100495 -0.849460 0.715885
v 0.154717 -0.884637 0.693425
v 0.211863 -0.913893 0.669755
v 0.271384 -0.936944 0.645100
v 0.332706 -0.953570 0.619700
v 0.395237 -0.963610 0.593799
v 0.391348 0.424169 0.580978
v 0.324965 0.414129 0.594183
v 0.259866 0.397503 0.607131
v 0.196680 0.374452 0.619700
v 0.136013 0.345196 0.631767
v 0.078451 0.310019 0.643217
v 0.024548 0.269259 0.653939
v -0.025177 0.223308 0.663830
v -0.070245 0.172608 0.672795
v -0.110222 0.117649 0.680747
v -0.144724 0.058959 0.687609
v -0.173417 -0.002896 0.693317
v -0.196026 -0.067320 0.697814
v -0.212332 -0.133694 0.701057
v -0.222179 -0.201378 0.703016
v -0.225472 -0.269720 0.703671
v -0.222179 -0.338063 0.703016
v -0.212332 -0.405747 0.701057
v -0.196026 -0.472121 0.697814
v -0.173417 -0.536545 0.693317
v -0.144724 -0.598400 0.687609
v -0.110222 -0.657090 0.680747
v -0.070245 -0.712049 0.672795
v -0.025177 -0.762748 0.663830
v 0.024548 -0.808700 0.653939
v 0.078451 -0.849460 0.643217
v 0.136013 -0.884637 0.631767
v 0.196680 -0.913893 0.619700
v 0.259866 -0.936944 0.607131
v 0.324965 -0.953570 0.594183
v 0.391348 -0.963610 0.580978
v 0.390035 0.424169 0.567645
v 0.322351 0.414129 0.567645
v 0.255977 0.397503 0.567645
v 0.191553 0.374452 0.567645
v 0.129698 0.345196 0.567645
v 0.071008 0.310019 0.567645
v 0.016049 0.269259 0.567645
v -0.034651 0.223308 0.567645
v -0.080602 0.172608 0.567645
v -0.121362 0.117649 0.567645
v -0.156539 0.058959 0.567645
v -0.185795 -0.002896 0.567645
v -0.208846 -0.067320 0.567645
v -0.225472 -0.133694 0.567645
v -0.235512 -0.201378 0.567645
v -0.238869 -0.269720 0.567645
v -0.235512 -0.338063 0.567645
v -0.225472 -0.405747 0.567645
v -0.208846 -0.472121 0.567645
v -0.185795 -0.536545 0.567645
v -0.156539 -0.598400 0.567645
v -0.121362 -0.657090 0.567645
v -0.080602 -0.712049 0.567645
v -0.034651 -0.762748 0.567645
v 0.016049 -0.808700 0.567645
v 0.071008 -0.849460 0.567645
v 0.129698 -0.884637 0.567645
v 0.191553 -0.913893 0.567645
v 0.255977 -0.936944 0.567645
v 0.322351 -0.953570 0.567645
v 0.390035 -0.963610 0.567645
v 0.391348 0.424169 0.554312
v 0.324965 0.414129 0.541108
v 0.259866 0.397503 0.528159
v 0.196680 0.374452 0.515590
v 0.136013 0.345196 0.503523
v 0.078451 0.310019 0.492073
v 0.024548 0.269259 0.481351
v -0.025177 0.223308 0.471460
v -0.070245 0.172608 0.462496
v -0.110222 0.117649 0.454544
v -0.144724 0.058959 0.447681
v -0.173417 -0.002896 0.441973
v -0.196025 -0.067320 0.437476
v -0.212332 -0.133694 0.434233
v -0.222179 -0.201378 0.432274
v -0.225471 -0.269720 0.431619
v -0.222179 -0.338063 0.432274
v -0.212332 -0.405747 0.434233
v -0.196025 -0.472121 0.437476
v -0.173417 -0.536545 0.441973
v -0.144724 -0.598400 0.447681
v -0.110222 -0.657090 0.454544
v -0.070245 -0.712049 0.462496
v -0.025177 -0.762748 0.471460
v 0.024548 -0.808700 0.481351
v 0.078451 -0.849460 0.492073
v 0.136013 -0.884637 0.503523
v 0.196680 -0.913893 0.515590
v 0.259866 -0.936944 0.528159
v 0.324965 -0.953570 0.541108
v 0.391348 -0.963610 0.554312
v 0.395237 0.424169 0.541492
v 0.332706 0.414129 0.515590
v 0.271384 0.397503 0.490190
v 0.211863 0.374452 0.465536
v 0.154717 0.345196 0.441865
v 0.100495 0.310019 0.419405
v 0.049719 0.269259 0.398373
v 0.002879 0.223308 0.378972
v -0.039574 0.172608 0.361387
v -0.077232 0.117649 0.345788
v -0.109731 0.058959 0.332327
v -0.136760 -0.002896 0.321131
v -0.158057 -0.067320 0.312310
v -0.173417 -0.133694 0.305947
v -0.182692 -0.201378 0.302105
v -0.185794 -0.269720 0.300820
v -0.182692 -0.338063 0.302105
v -0.173417 -0.405747 0.305947
v -0.158057 -0.472121 0.312310
v -0.136760 -0.536545 0.321131
v -0.109731 -0.598400 0.332327
v -0.077232 -0.657090 0.345788
v -0.039574 -0.712049 0.361387
v 0.002879 -0.762748 0.378972
v 0.049719 -0.808700 0.398373
v 0.100495 -0.849460 0.419405
v 0.154717 -0.884637 0.441865
v 0.211863 -0.913893 0.465536
v 0.271384 -0.936944 0.490190
v 0.332706 -0.953570 0.515590
v 0.395237 -0.963610 0.541492
v 0.401553 0.424169 0.529676
v 0.345276 0.414129 0.492073
v 0.290088 0.397503 0.455198
v 0.236521 0.374452 0.419405
v 0.185090 0.345196 0.385040
v 0.136292 0.310019 0.352434
v 0.090595 0.269259 0.321901
v 0.048440 0.223308 0.293734
v 0.010233 0.172608 0.268204
v -0.023658 0.117649 0.245559
v -0.052907 0.058959 0.226016
v -0.077232 -0.002896 0.209762
v -0.096398 -0.067320 0.196956
v -0.110222 -0.133694 0.187719
v -0.118570 -0.201378 0.182141
v -0.121361 -0.269720 0.180276
v -0.118570 -0.338063 0.182141
v -0.110222 -0.405747 0.187719
v -0.096398 -0.472121 0.196956
v -0.077232 -0.536545 0.209762
v -0.052907 -0.598400 0.226016
v -0.023658 -0.657090 0.245559
v 0.010233 -0.712049 0.268204
v 0.048440 -0.762748 0.293734
v 0.090595 -0.808700 0.321901
v 0.136292 -0.849460 0.352434
v 0.185090 -0.884637 0.385040
v 0.236521 -0.913893 0.419405
v 0.290088 -0.936944 0.455198
v 0.345276 -0.953570 0.492073
v 0.401553 -0.963610 0.529676
v 0.410052 0.424169 0.519320
v 0.362192 0.414129 0.471460
v 0.315259 0.397503 0.424527
v 0.269704 0.374452 0.378972
v 0.225966 0.345196 0.335234
v 0.184466 0.310019 0.293734
v 0.145604 0.269259 0.254872
v 0.109754 0.223308 0.219022
v 0.077262 0.172608 0.186529
v 0.048440 0.117649 0.157708
v 0.023566 0.058959 0.132834
v 0.002879 -0.002896 0.112147
v -0.013421 -0.067320 0.095847
v -0.025177 -0.133694 0.084091
v -0.032276 -0.201378 0.076992
v -0.034650 -0.269720 0.074617
v -0.032276 -0.338063 0.076992
v -0.025177 -0.405747 0.084091
v -0.013421 -0.472121 0.095847
v 0.002879 -0.536545 0.112147
v 0.023566 -0.598400 0.132834
v 0.048440 -0.657090 0.157708
v 0.077262 -0.712049 0.186529
v 0.109754 -0.762748 0.219022
v 0.145604 -0.808700 0.254872
v 0.184466 -0.849460 0.293734
v 0.225966 -0.884637 0.335234
v 0.269704 -0.913893 0.378972
v 0.315259 -0.936944 0.424527
v 0.362192 -0.953570 0.471460
v 0.410052 -0.963610 0.519320
v 0.420409 0.424169 0.510821
v 0.382805 0.414129 0.454544
v 0.345930 0.397503 0.399356
v 0.310138 0.374452 0.345789
v 0.275773 0.345196 0.294358
v 0.243167 0.310019 0.245559
v 0.212633 0.269259 0.199863
v 0.184466 0.223308 0.157707
v 0.158937 0.172608 0.119501
v 0.136292 0.117649 0.085610
v 0.116748 0.058959 0.056361
v 0.100495 -0.002896 0.032036
v 0.087688 -0.067320 0.012869
v 0.078451 -0.133694 -0.000955
v 0.072874 -0.201378 -0.009302
v 0.071008 -0.269720 -0.012094
v 0.072874 -0.338063 -0.009302
v 0.078451 -0.405747 -0.000955
v 0.087688 -0.472121 0.012869
v 0.100495 -0.536545 0.032036
v 0.116748 -0.598400 0.056361
v 0.136292 -0.657090 0.085610
v 0.158937 -0.712049 0.119501
v 0.184466 -0.762748 0.157707
v 0.212633 -0.808700 0.199863
v 0.243167 -0.849460 0.245559
v 0.275773 -0.884637 0.294358
v 0.310138 -0.913893 0.345789
v 0.345930 -0.936944 0.399356
v 0.382805 -0.953570 0.454544
v 0.420409 -0.963610 0.510821
v 0.432224 0.424169 0.504505
v 0.406322 0.414129 0.441974
v 0.380922 0.397503 0.380652
v 0.356268 0.374452 0.321131
v 0.332597 0.345196 0.263985
v 0.310138 0.310019 0.209763
v 0.289106 0.269259 0.158987
v 0.269704 0.223308 0.112147
v 0.252119 0.172608 0.069694
v 0.236521 0.117649 0.032036
v 0.223059 0.058959 -0.000463
v 0.211863 -0.002896 -0.027492
v 0.203042 -0.067320 -0.048789
v 0.196680 -0.133694 -0.064149
v 0.192838 -0.201378 -0.073424
v 0.191553 -0.269720 -0.076526
v 0.192838 -0.338063 -0.073424
v 0.196680 -0.405747 -0.064149
v 0.203042 -0.472121 -0.048789
v 0.211863 -0.536545 -0.027492
v 0.223059 -0.598400 -0.000463
v 0.236521 -0.657090 0.032036
v 0.252119 -0.712049 0.069694
v 0.269704 -0.762748 0.112147
v 0.289106 -0.808700 0.158987
v 0.310138 -0.849460 0.209763
v 0.332597 -0.884637 0.263985
v 0.356268 -0.913893 0.321131
v 0.380922 -0.936944 0.380652
v 0.406322 -0.953570 0.441974
v 0.432224 -0.963610 0.504505
v 0.445044 0.424169 0.500616
v 0.431840 0.414129 0.434233
v 0.418891 0.397503 0.369134
v 0.406322 0.374452 0.305947
v 0.394255 0.345196 0.245281
v 0.382806 0.310019 0.187719
v 0.372084 0.269259 0.133816
v 0.362192 0.223308 0.084091
v 0.353228 0.172608 0.039023
v 0.345276 0.117649 -0.000955
v 0.338413 0.058959 -0.035456
v 0.332706 -0.002896 -0.064149
v 0.328209 -0.067320 -0.086758
v 0.324965 -0.133694 -0.103064
v 0.323007 -0.201378 -0.112911
v 0.322352 -0.269720 -0.116204
v 0.323007 -0.338063 -0.112911
v 0.324965 -0.405747 -0.103064
v 0.328209 -0.472121 -0.086758
v 0.332706 -0.536545 -0.064149
v 0.338413 -0.598400 -0.035456
v 0.345276 -0.657090 -0.000955
v 0.353228 -0.712049 0.039023
v 0.362192 -0.762748 0.084091
v 0.372084 -0.808700 0.133816
v 0.382806 -0.849460 0.187719
v 0.394255 -0.884637 0.245281
v 0.406322 -0.913893 0.305947
v 0.418891 -0.936944 0.369134
v 0.431840 -0.953570 0.434233
v 0.445044 -0.963610 0.500616
v 0.458377 0.424169 0.499303
v 0.458377 0.414129 0.431619
v 0.458377 0.397503 0.365245
v 0.458377 0.374452 0.300820
v 0.458377 0.345196 0.238966
v 0.458378 0.310019 0.180276
v 0.458377 0.223308 0.074617
v 0.458378 0.117649 -0.012094
v 0.458377 0.058959 -0.047271
v 0.458378 -0.269720 -0.129601
v 0.458378 -0.472121 -0.099578
v 0.458377 -0.536545 -0.076527
v 0.458377 -0.762748 0.074617
v 0.458377 -0.913893 0.300820
v 0.458377 -0.936944 0.365245
vn -0.0000 0.7715 -0.6362
vn -0.0000 0.6329 -0.7742
vn -0.0000 0.3816 -0.9243
vn -0.0000 0.2894 -0.9572
vn -0.0000 0.1945 -0.9809
vn -0.0000 0.0977 -0.9952
vn -0.0000 -0.0977 -0.9952
vn -0.0000 -0.1945 -0.9809
vn -0.0000 -0.4701 -0.8826
vn -0.0000 -0.5542 -0.8324
vn -0.0000 -0.6329 -0.7742
vn -0.0000 -0.7715 -0.6362
vn -0.0000 -0.8301 -0.5577
vn -0.0000 -0.8806 -0.4738
vn -0.0000 -0.9802 -0.1980
vn -0.0000 -0.9949 -0.1011
vn 0.0197 0.9949 -0.0991
vn 0.0386 0.9802 -0.1942
vn 0.0572 0.9561 -0.2875
vn 0.0752 0.9228 -0.3779
vn 0.0924 0.8806 -0.4647
vn 0.1088 0.8301 -0.5470
vn 0.1241 0.7715 -0.6240
vn 0.1382 0.7056 -0.6950
vn 0.1510 0.6329 -0.7594
vn 0.1624 0.5542 -0.8164
vn 0.1722 0.4701 -0.8656
vn 0.1803 0.3816 -0.9066
vn 0.1867 0.2894 -0.9388
vn 0.1914 0.1945 -0.9621
vn 0.1942 0.0977 -0.9761
vn 0.1951 -0.0000 -0.9808
vn 0.1942 -0.0977 -0.9761
vn 0.1914 -0.1945 -0.9621
vn 0.1867 -0.2894 -0.9388
vn 0.1803 -0.3816 -0.9066
vn 0.1722 -0.4701 -0.8656
vn 0.1624 -0.5542 -0.8164
vn 0.1510 -0.6329 -0.7594
vn 0.1382 -0.7056 -0.6950
vn 0.1241 -0.7715 -0.6240
vn 0.1088 -0.8301 -0.5470
vn 0.0924 -0.8806 -0.4647
vn 0.0752 -0.9228 -0.3779
vn 0.0572 -0.9561 -0.2875
vn 0.0386 -0.9802 -0.1942
vn 0.0197 -0.9949 -0.0991
vn 0.0387 0.9949 -0.0934
vn 0.0758 0.9802 -0.1830
vn 0.1122 0.9561 -0.2708
vn 0.1474 0.9228 -0.3560
vn 0.1813 0.8806 -0.4377
vn 0.2134 0.8301 -0.5152
vn 0.2435 0.7715 -0.5878
vn 0.2712 0.7056 -0.6547
vn 0.2963 0.6329 -0.7153
vn 0.3185 0.5542 -0.7690
vn 0.3378 0.4701 -0.8154
vn 0.3537 0.3816 -0.8540
vn 0.3663 0.2894 -0.8843
vn 0.3754 0.1945 -0.9062
vn 0.3809 0.0977 -0.9195
vn 0.3827 -0.0000 -0.9239
vn 0.3809 -0.0977 -0.9195
vn 0.3754 -0.1945 -0.9062
vn 0.3663 -0.2894 -0.8843
vn 0.3537 -0.3816 -0.8540
vn 0.3378 -0.4701 -0.8154
vn 0.3185 -0.5542 -0.7690
vn 0.2963 -0.6329 -0.7153
vn 0.2712 -0.7056 -0.6547
vn 0.2435 -0.7715 -0.5878
vn 0.2134 -0.8301 -0.5152
vn 0.1813 -0.8806 -0.4377
vn 0.1474 -0.9228 -0.3560
vn 0.1122 -0.9561 -0.2708
vn 0.0758 -0.9802 -0.1830
vn 0.0387 -0.9949 -0.0934
vn 0.0561 0.9949 -0.0840
vn 0.1100 0.9802 -0.1647
vn 0.1628 0.9561 -0.2437
vn 0.2141 0.9228 -0.3204
vn 0.2632 0.8806 -0.3939
vn 0.3098 0.8301 -0.4637
vn 0.3535 0.7715 -0.5290
vn 0.3937 0.7056 -0.5892
vn 0.4301 0.6329 -0.6438
vn 0.4625 0.5542 -0.6921
vn 0.4903 0.4701 -0.7339
vn 0.5135 0.3816 -0.7685
vn 0.5318 0.2894 -0.7959
vn 0.5450 0.1945 -0.8156
vn 0.5529 0.0977 -0.8275
vn 0.5556 -0.0000 -0.8315
vn 0.5529 -0.0977 -0.8275
vn 0.5450 -0.1945 -0.8156
vn 0.5318 -0.2894 -0.7959
vn 0.5135 -0.3816 -0.7685
vn 0.4903 -0.4701 -0.7339
vn 0.4625 -0.5542 -0.6921
vn 0.4301 -0.6329 -0.6438
vn 0.3937 -0.7056 -0.5892
vn 0.3535 -0.7715 -0.5290
vn 0.3098 -0.8301 -0.4637
vn 0.2632 -0.8806 -0.3939
vn 0.2141 -0.9228 -0.3204
vn 0.1628 -0.9561 -0.2437
vn 0.1100 -0.9802 -0.1647
vn 0.0561 -0.9949 -0.0840
vn 0.0715 0.9949 -0.0715
vn 0.1400 0.9802 -0.1400
vn 0.2072 0.9561 -0.2072
vn 0.2724 0.9228 -0.2724
vn 0.3350 0.8806 -0.3350
vn 0.3943 0.8301 -0.3943
vn 0.4499 0.7715 -0.4499
vn 0.5011 0.7056 -0.5011
vn 0.5475 0.6329 -0.5475
vn 0.5886 0.5542 -0.5886
vn 0.6241 0.4701 -0.6241
vn 0.6536 0.3816 -0.6536
vn 0.6768 0.2894 -0.6768
vn 0.6936 0.1945 -0.6936
vn 0.7037 0.0977 -0.7037
vn 0.7071 -0.0000 -0.7071
vn 0.7037 -0.0977 -0.7037
vn 0.6936 -0.1945 -0.6936
vn 0.6768 -0.2894 -0.6768
vn 0.6536 -0.3816 -0.6536
vn 0.6241 -0.4701 -0.6241
vn 0.5886 -0.5542 -0.5886
vn 0.5475 -0.6329 -0.5475
vn 0.5011 -0.7056 -0.5011
vn 0.4499 -0.7715 -0.4499
vn 0.3943 -0.8301 -0.3943
vn 0.3350 -0.8806 -0.3350
vn 0.2724 -0.9228 -0.2724
vn 0.2072 -0.9561 -0.2072
vn 0.1400 -0.9802 -0.1400
vn 0.0715 -0.9949 -0.0715
vn 0.0840 0.9949 -0.0561
vn 0.1647 0.9802 -0.1100
vn 0.2437 0.9561 -0.1628
vn 0.3204 0.9228 -0.2141
vn 0.3939 0.8806 -0.2632
vn 0.4637 0.8301 -0.3098
vn 0.5290 0.7715 -0.3535
vn 0.5892 0.7056 -0.3937
vn 0.6438 0.6329 -0.4301
vn 0.6921 0.5542 -0.4625
vn 0.7339 0.4701 -0.4903
vn 0.7685 0.3816 -0.5135
vn 0.7959 0.2894 -0.5318
vn 0.8156 0.1945 -0.5450
vn 0.8275 0.0977 -0.5529
vn 0.8315 -0.0000 -0.5556
vn 0.8275 -0.0977 -0.5529
vn 0.8156 -0.1945 -0.5450
vn 0.7959 -0.2894 -0.5318
vn 0.7685 -0.3816 -0.5135
vn 0.7339 -0.4701 -0.4903
vn 0.6921 -0.5542 -0.4625
vn 0.6438 -0.6329 -0.4301
vn 0.5892 -0.7056 -0.3937
vn 0.5290 -0.7715 -0.3535
vn 0.4637 -0.8301 -0.3098
vn 0.3939 -0.8806 -0.2632
vn 0.3204 -0.9228 -0.2141
vn 0.2437 -0.9561 -0.1628
vn 0.1647 -0.9802 -0.1100
vn 0.0840 -0.9949 -0.0561
vn 0.0934 0.9949 -0.0387
vn 0.1830 0.9802 -0.0758
vn 0.2708 0.9561 -0.1122
vn 0.3560 0.9228 -0.1474
vn 0.4377 0.8806 -0.1813
vn 0.5152 0.8301 -0.2134
vn 0.5878 0.7715 -0.2435
vn 0.6547 0.7056 -0.2712
vn 0.7153 0.6329 -0.2963
vn 0.7690 0.5542 -0.3185
vn 0.8154 0.4701 -0.3378
vn 0.8540 0.3816 -0.3537
vn 0.8843 0.2894 -0.3663
vn 0.9062 0.1945 -0.3754
vn 0.9195 0.0977 -0.3809
vn 0.9239 -0.0000 -0.3827
vn 0.9195 -0.0977 -0.3809
vn 0.9062 -0.1945 -0.3754
vn 0.8843 -0.2894 -0.3663
vn 0.8540 -0.3816 -0.3537
vn 0.8154 -0.4701 -0.3378
vn 0.7690 -0.5542 -0.3185
vn 0.7153 -0.6329 -0.2963
vn 0.6547 -0.7056 -0.2712
vn 0.5878 -0.7715 -0.2435
vn 0.5152 -0.8301 -0.2134
vn 0.4377 -0.8806 -0.1813
vn 0.3560 -0.9228 -0.1474
vn 0.2708 -0.9561 -0.1122
vn 0.1830 -0.9802 -0.0758
vn 0.0934 -0.9949 -0.0387
vn 0.0991 0.9949 -0.0197
vn 0.1942 0.9802 -0.0386
vn 0.2875 0.9561 -0.0572
vn 0.3779 0.9228 -0.0752
vn 0.4647 0.8806 -0.0924
vn 0.5470 0.8301 -0.1088
vn 0.6240 0.7715 -0.1241
vn 0.6950 0.7056 -0.1382
vn 0.7594 0.6329 -0.1510
vn 0.8164 0.5542 -0.1624
vn 0.8656 0.4701 -0.1722
vn 0.9066 0.3816 -0.1803
vn 0.9388 0.2894 -0.1867
vn 0.9621 0.1945 -0.1914
vn 0.9761 0.0977 -0.1942
vn 0.9808 -0.0000 -0.1951
vn 0.9761 -0.0977 -0.1942
vn 0.9621 -0.1945 -0.1914
vn 0.9388 -0.2894 -0.1867
vn 0.9066 -0.3816 -0.1803
vn 0.8656 -0.4701 -0.1722
vn 0.8164 -0.5542 -0.1624
vn 0.7594 -0.6329 -0.1510
vn 0.6950 -0.7056 -0.1382
vn 0.6240 -0.7715 -0.1241
vn 0.5470 -0.8301 -0.1088
vn 0.4647 -0.8806 -0.0924
vn 0.3779 -0.9228 -0.0752
vn 0.2875 -0.9561 -0.0572
vn 0.1942 -0.9802 -0.0386
vn 0.0991 -0.9949 -0.0197
vn 0.1011 0.9949 -0.0000
vn 0.1980 0.9802 -0.0000
vn 0.2931 0.9561 -0.0000
vn 0.3853 0.9228 -0.0000
vn 0.4738 0.8806 -0.0000
vn 0.5577 0.8301 -0.0000
vn 0.6362 0.7715 -0.0000
vn 0.7086 0.7056 -0.0000
vn 0.7742 0.6329 -0.0000
vn 0.8324 0.5542 -0.0000
vn 0.8826 0.4701 -0.0000
vn 0.9243 0.3816 -0.0000
vn 0.9572 0.2894 -0.0000
vn 0.9809 0.1945 -0.0000
vn 0.9952 0.0977 -0.0000
vn 1.0000 -0.0000 -0.0000
vn 0.9952 -0.0977 -0.0000
vn 0.9809 -0.1945 -0.0000
vn 0.9572 -0.2894 -0.0000
vn 0.9243 -0.3816 -0.0000
vn 0.8826 -0.4701 -0.0000
vn 0.8324 -0.5542 -0.0000
vn 0.7742 -0.6329 -0.0000
vn 0.7086 -0.7056 -0.0000
vn 0.6362 -0.7715 -0.0000
vn 0.5577 -0.8301 -0.0000
vn 0.4738 -0.8806 -0.0000
vn 0.3853 -0.9228 -0.0000
vn 0.2931 -0.9561 -0.0000
vn 0.1980 -0.9802 -0.0000
vn 0.1011 -0.9949 -0.0000
vn 0.0991 0.9949 0.0197
vn 0.1942 0.9802 0.0386
vn 0.2875 0.9561 0.0572
vn 0.3779 0.9228 0.0752
vn 0.4647 0.8806 0.0924
vn 0.5470 0.8301 0.1088
vn 0.6240 0.7715 0.1241
vn 0.6950 0.7056 0.1382
vn 0.7594 0.6329 0.1510
vn 0.8164 0.5542 0.1624
vn 0.8656 0.4701 0.1722
vn 0.9066 0.3816 0.1803
vn 0.9388 0.2894 0.1867
vn 0.9621 0.1945 0.1914
vn 0.9761 0.0977 0.1942
vn 0.9808 -0.0000 0.1951
vn 0.9761 -0.0977 0.1942
vn 0.9621 -0.1945 0.1914
vn 0.9388 -0.2894 0.1867
vn 0.9066 -0.3816 0.1803
vn 0.8656 -0.4701 0.1722
vn 0.8164 -0.5542 0.1624
vn 0.7594 -0.6329 0.1510
vn 0.6950 -0.7056 0.1382
vn 0.6240 -0.7715 0.1241
vn 0.5470 -0.8301 0.1088
vn 0.4647 -0.8806 0.0924
vn 0.3779 -0.9228 0.0752
vn 0.2875 -0.9561 0.0572
vn 0.1942 -0.9802 0.0386
vn 0.0991 -0.9949 0.0197
vn 0.0934 0.9949 0.0387
vn 0.1830 0.9802 0.0758
vn 0.2708 0.9561 0.1122
vn 0.3560 0.9228 0.1474
vn 0.4377 0.8806 0.1813
vn 0.5152 0.8301 0.2134
vn 0.5878 0.7715 0.2435
vn 0.6547 0.7056 0.2712
vn 0.7153 0.6329 0.2963
vn 0.7690 0.5542 0.3185
vn 0.8154 0.4701 0.3378
vn 0.8540 0.3816 0.3537
vn 0.8843 0.2894 0.3663
vn 0.9062 0.1945 0.3754
vn 0.9195 0.0977 0.3809
vn 0.9239 -0.0000 0.3827
vn 0.9195 -0.0977 0.3809
vn 0.9062 -0.1945 0.3754
vn 0.8843 -0.2894 0.3663
vn 0.8540 -0.3816 0.3537
vn 0.8154 -0.4701 0.3378
vn 0.7690 -0.5542 0.3185
vn 0.7153 -0.6329 0.2963
vn 0.6547 -0.7056 0.2712
vn 0.5878 -0.7715 0.2435
vn 0.5152 -0.8301 0.2134
vn 0.4377 -0.8806 0.1813
vn 0.3560 -0.9228 0.1474
vn 0.2708 -0.9561 0.1122
vn 0.1830 -0.9802 0.0758
vn 0.0934 -0.9949 0.0387
vn 0.0840 0.9949 0.0561
vn 0.1647 0.9802 0.1100
vn 0.2437 0.9561 0.1628
vn 0.3204 0.9228 0.2141
vn 0.3939 0.8806 0.2632
vn 0.4637 0.8301 0.3098
vn 0.5290 0.7715 0.3535
vn 0.5892 0.7056 0.3937
vn 0.6438 0.6329 0.4301
vn 0.6921 0.5542 0.4625
vn 0.7339 0.4701 0.4903
vn 0.7685 0.3816 0.5135
vn 0.7959 0.2894 0.5318
vn 0.8156 0.1945 0.5450
vn 0.8275 0.0977 0.5529
vn 0.8315 -0.0000 0.5556
vn 0.8275 -0.0977 0.5529
vn 0.8156 -0.1945 0.5450
vn 0.7959 -0.2894 0.5318
vn 0.7685 -0.3816 0.5135
vn 0.7339 -0.4701 0.4903
vn 0.6921 -0.5542 0.4625
vn 0.6438 -0.6329 0.4301
vn 0.5892 -0.7056 0.3937
vn 0.5290 -0.7715 0.3535
vn 0.4637 -0.8301 0.3098
vn 0.3939 -0.8806 0.2632
vn 0.3204 -0.9228 0.2141
vn 0.2437 -0.9561 0.1628
vn 0.1647 -0.9802 0.1100
vn 0.0840 -0.9949 0.0561
vn 0.0715 0.9949 0.0715
vn 0.1400 0.9802 0.1400
vn 0.2072 0.9561 0.2072
vn 0.2724 0.9228 0.2724
vn 0.3350 0.8806 0.3350
vn 0.3943 0.8301 0.3943
vn 0.4499 0.7715 0.4499
vn 0.5011 0.7056 0.5011
vn 0.5475 0.6329 0.5475
vn 0.5886 0.5542 0.5886
vn 0.6241 0.4701 0.6241
vn 0.6536 0.3816 0.6536
vn 0.6768 0.2894 0.6768
vn 0.6936 0.1945 0.6936
vn 0.7037 0.0977 0.7037
vn 0.7071 -0.0000 0.7071
vn 0.7037 -0.0977 0.7037
vn 0.6936 -0.1945 0.6936
vn 0.6768 -0.2894 0.6768
vn 0.6536 -0.3816 0.6536
vn 0.6241 -0.4701 0.6241
vn 0.5886 -0.5542 0.5886
vn 0.5475 -0.6329 0.5475
vn 0.5011 -0.7056 0.5011
vn 0.4499 -0.7715 0.4499
vn 0.3943 -0.8301 0.3943
vn 0.3350 -0.8806 0.3350
vn 0.2724 -0.9228 0.2724
vn 0.2072 -0.9561 0.2072
vn 0.1400 -0.9802 0.1400
vn 0.0715 -0.9949 0.0715
vn 0.0561 0.9949 0.0840
vn 0.1100 0.9802 0.1647
vn 0.1628 0.9561 0.2437
vn 0.2141 0.9228 0.3204
vn 0.2632 0.8806 0.3939
vn 0.3098 0.8301 0.4637
vn 0.3535 0.7715 0.5290
vn 0.3937 0.7056 0.5892
vn 0.4301 0.6329 0.6438
vn 0.4625 0.5542 0.6921
vn 0.4903 0.4701 0.7339
vn 0.5135 0.3816 0.7685
vn 0.5318 0.2894 0.7959
vn 0.5450 0.1945 0.8156
vn 0.5529 0.0977 0.8275
vn 0.5556 -0.0000 0.8315
vn 0.5529 -0.0977 0.8275
vn 0.5450 -0.1945 0.8156
vn 0.5318 -0.2894 0.7959
vn 0.5135 -0.3816 0.7685
vn 0.4903 -0.4701 0.7339
vn 0.4625 -0.5542 0.6921
vn 0.4301 -0.6329 0.6438
vn 0.3937 -0.7056 0.5892
vn 0.3535 -0.7715 0.5290
vn 0.3098 -0.8301 0.4637
vn 0.2632 -0.8806 0.3939
vn 0.2141 -0.9228 0.3204
vn 0.1628 -0.9561 0.2437
vn 0.1100 -0.9802 0.1647
vn 0.0561 -0.9949 0.0840
vn 0.0387 0.9949 0.0934
vn 0.0758 0.9802 0.1830
vn 0.1122 0.9561 0.2708
vn 0.1474 0.9228 0.3560
vn 0.1813 0.8806 0.4377
vn 0.2134 0.8301 0.5152
vn 0.2435 0.7715 0.5878
vn 0.2712 0.7056 0.6547
vn 0.2963 0.6329 0.7153
vn 0.3185 0.5542 0.7690
vn 0.3378 0.4701 0.8154
vn 0.3537 0.3816 0.8540
vn 0.3663 0.2894 0.8843
vn 0.3754 0.1945 0.9062
vn 0.3809 0.0977 0.9195
vn 0.3827 -0.0000 0.9239
vn 0.3809 -0.0977 0.9195
vn 0.3754 -0.1945 0.9062
vn 0.3663 -0.2894 0.8843
vn 0.3537 -0.3816 0.8540
vn 0.3378 -0.4701 0.8154
vn 0.3185 -0.5542 0.7690
vn 0.2963 -0.6329 0.7153
vn 0.2712 -0.7056 0.6547
vn 0.2435 -0.7715 0.5878
vn 0.2134 -0.8301 0.5152
vn 0.1813 -0.8806 0.4377
vn 0.1474 -0.9228 0.3560
vn 0.1122 -0.9561 0.2708
vn 0.0758 -0.9802 0.1830
vn 0.0387 -0.9949 0.0934
vn 0.0197 0.9949 0.0991
vn 0.0386 0.9802 0.1942
vn 0.0572 0.9561 0.2875
vn 0.0752 0.9228 0.3779
vn 0.0924 0.8806 0.4647
vn 0.1088 0.8301 0.5470
vn 0.1241 0.7715 0.6240
vn 0.1382 0.7056 0.6950
vn 0.1510 0.6329 0.7594
vn 0.1624 0.5542 0.8164
vn 0.1722 0.4701 0.8656
vn 0.1803 0.3816 0.9066
vn 0.1867 0.2894 0.9388
vn 0.1914 0.1945 0.9621
vn 0.1942 0.0977 0.9761
vn 0.1951 -0.0000 0.9808
vn 0.1942 -0.0977 0.9761
vn 0.1914 -0.1945 0.9621
vn 0.1867 -0.2894 0.9388
vn 0.1803 -0.3816 0.9066
vn 0.1722 -0.4701 0.8656
vn 0.1624 -0.5542 0.8164
vn 0.1510 -0.6329 0.7594
vn 0.1382 -0.7056 0.6950
vn 0.1241 -0.7715 0.6240
vn 0.1088 -0.8301 0.5470
vn 0.0924 -0.8806 0.4647
vn 0.0752 -0.9228 0.3779
vn 0.0572 -0.9561 0.2875
vn 0.0386 -0.9802 0.1942
vn 0.0197 -0.9949 0.0991
vn -0.0000 0.9949 0.1011
vn -0.0000 0.9802 0.1980
vn -0.0000 0.9561 0.2931
vn -0.0000 0.9228 0.3853
vn -0.0000 0.8806 0.4738
vn -0.0000 0.8301 0.5577
vn -0.0000 0.7715 0.6362
vn -0.0000 0.7056 0.7086
vn -0.0000 0.6329 0.7742
vn -0.0000 0.5542 0.8324
vn -0.0000 0.4701 0.8826
vn -0.0000 0.3816 0.9243
vn -0.0000 0.2894 0.9572
vn -0.0000 0.1945 0.9809
vn -0.0000 0.0977 0.9952
vn -0.0000 -0.0000 1.0000
vn -0.0000 -0.0977 0.9952
vn -0.0000 -0.1945 0.9809
vn -0.0000 -0.2894 0.9572
vn -0.0000 -0.3816 0.9243
vn -0.0000 -0.4701 0.8826
vn -0.0000 -0.5542 0.8324
vn -0.0000 -0.6329 0.7742
vn -0.0000 -0.7056 0.7086
vn -0.0000 -0.7715 0.6362
vn -0.0000 -0.8301 0.5577
vn -0.0000 -0.8806 0.4738
vn -0.0000 -0.9228 0.3853
vn -0.0000 -0.9561 0.2931
vn -0.0000 -0.9802 0.1980
vn -0.0000 -0.9949 0.1011
vn -0.0000 -1.0000 -0.0000
vn -0.0000 1.0000 -0.0000
vn -0.0197 0.9949 0.0991
vn -0.0386 0.9802 0.1942
vn -0.0572 0.9561 0.2875
vn -0.0752 0.9228 0.3779
vn -0.0924 0.8806 0.4647
vn -0.1088 0.8301 0.5470
vn -0.1241 0.7715 0.6240
vn -0.1382 0.7056 0.6950
vn -0.1510 0.6329 0.7594
vn -0.1624 0.5542 0.8164
vn -0.1722 0.4701 0.8656
vn -0.1803 0.3816 0.9066
vn -0.1867 0.2894 0.9388
vn -0.1914 0.1945 0.9621
vn -0.1942 0.0977 0.9761
vn -0.1951 -0.0000 0.9808
vn -0.1942 -0.0977 0.9761
vn -0.1914 -0.1945 0.9621
vn -0.1867 -0.2894 0.9388
vn -0.1803 -0.3816 0.9066
vn -0.1722 -0.4701 0.8656
vn -0.1624 -0.5542 0.8164
vn -0.1510 -0.6329 0.7594
vn -0.1382 -0.7056 0.6950
vn -0.1241 -0.7715 0.6240
vn -0.1088 -0.8301 0.5470
vn -0.0924 -0.8806 0.4647
vn -0.0752 -0.9228 0.3779
vn -0.0572 -0.9561 0.2875
vn -0.0386 -0.9802 0.1942
vn -0.0197 -0.9949 0.0991
vn -0.0387 0.9949 0.0934
vn -0.0758 0.9802 0.1830
vn -0.1122 0.9561 0.2708
vn -0.1474 0.9228 0.3560
vn -0.1813 0.8806 0.4377
vn -0.2134 0.8301 0.5152
vn -0.2435 0.7715 0.5878
vn -0.2712 0.7056 0.6547
vn -0.2963 0.6329 0.7153
vn -0.3185 0.5542 0.7690
vn -0.3378 0.4701 0.8154
vn -0.3537 0.3816 0.8540
vn -0.3663 0.2894 0.8843
vn -0.3754 0.1945 0.9062
vn -0.3809 0.0977 0.9195
vn -0.3827 -0.0000 0.9239
vn -0.3809 -0.0977 0.9195
vn -0.3754 -0.1945 0.9062
vn -0.3663 -0.2894 0.8843
vn -0.3537 -0.3816 0.8540
vn -0.3378 -0.4701 0.8154
vn -0.3185 -0.5542 0.7690
vn -0.2963 -0.6329 0.7153
vn -0.2712 -0.7056 0.6547
vn -0.2435 -0.7715 0.5878
vn -0.2134 -0.8301 0.5152
vn -0.1813 -0.8806 0.4377
vn -0.1474 -0.9228 0.3560
vn -0.1122 -0.9561 0.2708
vn -0.0758 -0.9802 0.1830
vn -0.0387 -0.9949 0.0934
vn -0.0561 0.9949 0.0840
vn -0.1100 0.9802 0.1647
vn -0.1628 0.9561 0.2437
vn -0.2141 0.9228 0.3204
vn -0.2632 0.8806 0.3939
vn -0.3098 0.8301 0.4637
vn -0.3535 0.7715 0.5290
vn -0.3937 0.7056 0.5892
vn -0.4301 0.6329 0.6438
vn -0.4625 0.5542 0.6921
vn -0.4903 0.4701 0.7339
vn -0.5135 0.3816 0.7685
vn -0.5318 0.2894 0.7959
vn -0.5450 0.1945 0.8156
vn -0.5529 0.0977 0.8275
vn -0.5556 -0.0000 0.8315
vn -0.5529 -0.0977 0.8275
vn -0.5450 -0.1945 0.8156
vn -0.5318 -0.2894 0.7959
vn -0.5135 -0.3816 0.7685
vn -0.4903 -0.4701 0.7339
vn -0.4625 -0.5542 0.6921
vn -0.4301 -0.6329 0.6438
vn -0.3937 -0.7056 0.5892
vn -0.3535 -0.7715 0.5290
vn -0.3098 -0.8301 0.4637
vn -0.2632 -0.8806 0.3939
vn -0.2141 -0.9228 0.3204
vn -0.1628 -0.9561 0.2437
vn -0.1100 -0.9802 0.1647
vn -0.0561 -0.9949 0.0840
vn -0.0715 0.9949 0.0715
vn -0.1400 0.9802 0.1400
vn -0.2072 0.9561 0.2072
vn -0.2724 0.9228 0.2724
vn -0.3350 0.8806 0.3350
vn -0.3943 0.8301 0.3943
vn -0.4499 0.7715 0.4499
vn -0.5011 0.7056 0.5011
vn -0.5475 0.6329 0.5475
vn -0.5886 0.5542 0.5886
vn -0.6241 0.4701 0.6241
vn -0.6536 0.3816 0.6536
vn -0.6768 0.2894 0.6768
vn -0.6936 0.1945 0.6936
vn -0.7037 0.0977 0.7037
vn -0.7071 -0.0000 0.7071
vn -0.7037 -0.0977 0.7037
vn -0.6936 -0.1945 0.6936
vn -0.6768 -0.2894 0.6768
vn -0.6536 -0.3816 0.6536
vn -0.6241 -0.4701 0.6241
vn -0.5886 -0.5542 0.5886
vn -0.5475 -0.6329 0.5475
vn -0.5011 -0.7056 0.5011
vn -0.4499 -0.7715 0.4499
vn -0.3943 -0.8301 0.3943
vn -0.3350 -0.8806 0.3350
vn -0.2724 -0.9228 0.2724
vn -0.2072 -0.9561 0.2072
vn -0.1400 -0.9802 0.1400
vn -0.0715 -0.9949 0.0715
vn -0.0840 0.9949 0.0561
vn -0.1647 0.9802 0.1100
vn -0.2437 0.9561 0.1628
vn -0.3204 0.9228 0.2141
vn -0.3939 0.8806 0.2632
vn -0.4637 0.8301 0.3098
vn -0.5290 0.7715 0.3535
vn -0.5892 0.7056 0.3937
vn -0.6438 0.6329 0.4301
vn -0.6921 0.5542 0.4625
vn -0.7339 0.4701 0.4903
vn -0.7685 0.3816 0.5135
vn -0.7959 0.2894 0.5318
vn -0.8156 0.1945 0.5450
vn -0.8275 0.0977 0.5529
vn -0.8315 -0.0000 0.5556
vn -0.8275 -0.0977 0.5529
vn -0.8156 -0.1945 0.5450
vn -0.7959 -0.2894 0.5318
vn -0.7685 -0.3816 0.5135
vn -0.7339 -0.4701 0.4903
vn -0.6921 -0.5542 0.4625
vn -0.6438 -0.6329 0.4301
vn -0.5892 -0.7056 0.3937
vn -0.5290 -0.7715 0.3535
vn -0.4637 -0.8301 0.3098
vn -0.3939 -0.8806 0.2632
vn -0.3204 -0.9228 0.2141
vn -0.2437 -0.9561 0.1628
vn -0.1647 -0.9802 0.1100
vn -0.0840 -0.9949 0.0561
vn -0.0934 0.9949 0.0387
vn -0.1830 0.9802 0.0758
vn -0.2708 0.9561 0.1122
vn -0.3560 0.9228 0.1474
vn -0.4377 0.8806 0.1813
vn -0.5152 0.8301 0.2134
vn -0.5878 0.7715 0.2435
vn -0.6547 0.7056 0.2712
vn -0.7153 0.6329 0.2963
vn -0.7690 0.5542 0.3185
vn -0.8154 0.4701 0.3378
vn -0.8540 0.3816 0.3537
vn -0.8843 0.2894 0.3663
vn -0.9062 0.1945 0.3754
vn -0.9195 0.0977 0.3809
vn -0.9239 -0.0000 0.3827
vn -0.9195 -0.0977 0.3809
vn -0.9062 -0.1945 0.3754
vn -0.8843 -0.2894 0.3663
vn -0.8540 -0.3816 0.3537
vn -0.8154 -0.4701 0.3378
vn -0.7690 -0.5542 0.3185
vn -0.7153 -0.6329 0.2963
vn -0.6547 -0.7056 0.2712
vn -0.5878 -0.7715 0.2435
vn -0.5152 -0.8301 0.2134
vn -0.4377 -0.8806 0.1813
vn -0.3560 -0.9228 0.1474
vn -0.2708 -0.9561 0.1122
vn -0.1830 -0.9802 0.0758
vn -0.0934 -0.9949 0.0387
vn -0.0991 0.9949 0.0197
vn -0.1942 0.9802 0.0386
vn -0.2875 0.9561 0.0572
vn -0.3779 0.9228 0.0752
vn -0.4647 0.8806 0.0924
vn -0.5470 0.8301 0.1088
vn -0.6240 0.7715 0.1241
vn -0.6950 0.7056 0.1382
vn -0.7594 0.6329 0.1510
vn -0.8164 0.5542 0.1624
vn -0.8656 0.4701 0.1722
vn -0.9066 0.3816 0.1803
vn -0.9388 0.2894 0.1867
vn -0.9621 0.1945 0.1914
vn -0.9761 0.0977 0.1942
vn -0.9808 -0.0000 0.1951
vn -0.9761 -0.0977 0.1942
vn -0.9621 -0.1945 0.1914
vn -0.9388 -0.2894 0.1867
vn -0.9066 -0.3816 0.1803
vn -0.8656 -0.4701 0.1722
vn -0.8164 -0.5542 0.1624
vn -0.7594 -0.6329 0.1510
vn -0.6950 -0.7056 0.1382
vn -0.6240 -0.7715 0.1241
vn -0.5470 -0.8301 0.1088
vn -0.4647 -0.8806 0.0924
vn -0.3779 -0.9228 0.0752
vn -0.2875 -0.9561 0.0572
vn -0.1942 -0.9802 0.0386
vn -0.0991 -0.9949 0.0197
vn -0.1011 0.9949 -0.0000
vn -0.1980 0.9802 -0.0000
vn -0.2931 0.9561 -0.0000
vn -0.3853 0.9228 -0.0000
vn -0.4738 0.8806 -0.0000
vn -0.5577 0.8301 -0.0000
vn -0.6362 0.7715 -0.0000
vn -0.7086 0.7056 -0.0000
vn -0.7742 0.6329 -0.0000
vn -0.8324 0.5542 -0.0000
vn -0.8826 0.4701 -0.0000
vn -0.9243 0.3816 -0.0000
vn -0.9572 0.2894 -0.0000
vn -0.9809 0.1945 -0.0000
vn -0.9952 0.0977 -0.0000
vn -1.0000 -0.0000 -0.0000
vn -0.9952 -0.0977 -0.0000
vn -0.9809 -0.1945 -0.0000
vn -0.9572 -0.2894 -0.0000
vn -0.9243 -0.3816 -0.0000
vn -0.8826 -0.4701 -0.0000
vn -0.8324 -0.5542 -0.0000
vn -0.7742 -0.6329 -0.0000
vn -0.7086 -0.7056 -0.0000
vn -0.6362 -0.7715 -0.0000
vn -0.5577 -0.8301 -0.0000
vn -0.4738 -0.8806 -0.0000
vn -0.3853 -0.9228 -0.0000
vn -0.2931 -0.9561 -0.0000
vn -0.1980 -0.9802 -0.0000
vn -0.1011 -0.9949 -0.0000
vn -0.0991 0.9949 -0.0197
vn -0.1942 0.9802 -0.0386
vn -0.2875 0.9561 -0.0572
vn -0.3779 0.9228 -0.0752
vn -0.4647 0.8806 -0.0924
vn -0.5470 0.8301 -0.1088
vn -0.6240 0.7715 -0.1241
vn -0.6950 0.7056 -0.1382
vn -0.7594 0.6329 -0.1510
vn -0.8164 0.5542 -0.1624
vn -0.8656 0.4701 -0.1722
vn -0.9066 0.3816 -0.1803
vn -0.9388 0.2894 -0.1867
vn -0.9621 0.1945 -0.1914
vn -0.9761 0.0977 -0.1942
vn -0.9808 -0.0000 -0.1951
vn -0.9761 -0.0977 -0.1942
vn -0.9621 -0.1945 -0.1914
vn -0.9388 -0.2894 -0.1867
vn -0.9066 -0.3816 -0.1803
vn -0.8656 -0.4701 -0.1722
vn -0.8164 -0.5542 -0.1624
vn -0.7594 -0.6329 -0.1510
vn -0.6950 -0.7056 -0.1382
vn -0.6240 -0.7715 -0.1241
vn -0.5470 -0.8301 -0.1088
vn -0.4647 -0.8806 -0.0924
vn -0.3779 -0.9228 -0.0752
vn -0.2875 -0.9561 -0.0572
vn -0.1942 -0.9802 -0.0386
vn -0.0991 -0.9949 -0.0197
vn -0.0934 0.9949 -0.0387
vn -0.1830 0.9802 -0.0758
vn -0.2708 0.9561 -0.1122
vn -0.3560 0.9228 -0.1474
vn -0.4377 0.8806 -0.1813
vn -0.5152 0.8301 -0.2134
vn -0.5878 0.7715 -0.2435
vn -0.6547 0.7056 -0.2712
vn -0.7153 0.6329 -0.2963
vn -0.7690 0.5542 -0.3186
vn -0.8154 0.4701 -0.3378
vn -0.8540 0.3816 -0.3537
vn -0.8843 0.2894 -0.3663
vn -0.9062 0.1945 -0.3754
vn -0.9195 0.0977 -0.3809
vn -0.9239 -0.0000 -0.3827
vn -0.9195 -0.0977 -0.3809
vn -0.9062 -0.1945 -0.3754
vn -0.8843 -0.2894 -0.3663
vn -0.8540 -0.3816 -0.3537
vn -0.8154 -0.4701 -0.3378
vn -0.7690 -0.5542 -0.3186
vn -0.7153 -0.6329 -0.2963
vn -0.6547 -0.7056 -0.2712
vn -0.5878 -0.7715 -0.2435
vn -0.5152 -0.8301 -0.2134
vn -0.4377 -0.8806 -0.1813
vn -0.3560 -0.9228 -0.1474
vn -0.2708 -0.9561 -0.1122
vn -0.1830 -0.9802 -0.0758
vn -0.0934 -0.9949 -0.0387
vn -0.0840 0.9949 -0.0561
vn -0.1647 0.9802 -0.1100
vn -0.2437 0.9561 -0.1628
vn -0.3204 0.9228 -0.2141
vn -0.3939 0.8806 -0.2632
vn -0.4637 0.8301 -0.3098
vn -0.5290 0.7715 -0.3535
vn -0.5892 0.7056 -0.3937
vn -0.6438 0.6329 -0.4301
vn -0.6921 0.5542 -0.4625
vn -0.7339 0.4701 -0.4903
vn -0.7685 0.3816 -0.5135
vn -0.7959 0.2894 -0.5318
vn -0.8156 0.1945 -0.5450
vn -0.8275 0.0977 -0.5529
vn -0.8315 -0.0000 -0.5556
vn -0.8275 -0.0977 -0.5529
vn -0.8156 -0.1945 -0.5450
vn -0.7959 -0.2894 -0.5318
vn -0.7685 -0.3816 -0.5135
vn -0.7339 -0.4701 -0.4903
vn -0.6921 -0.5542 -0.4625
vn -0.6438 -0.6329 -0.4301
vn -0.5892 -0.7056 -0.3937
vn -0.5290 -0.7715 -0.3535
vn -0.4637 -0.8301 -0.3098
vn -0.3939 -0.8806 -0.2632
vn -0.3204 -0.9228 -0.2141
vn -0.2437 -0.9561 -0.1628
vn -0.1647 -0.9802 -0.1100
vn -0.0840 -0.9949 -0.0561
vn -0.0715 0.9949 -0.0715
vn -0.1400 0.9802 -0.1400
vn -0.2072 0.9561 -0.2072
vn -0.2724 0.9228 -0.2724
vn -0.3350 0.8806 -0.3350
vn -0.3943 0.8301 -0.3943
vn -0.4499 0.7715 -0.4499
vn -0.5011 0.7056 -0.5011
vn -0.5475 0.6329 -0.5475
vn -0.5886 0.5542 -0.5886
vn -0.6241 0.4701 -0.6241
vn -0.6536 0.3816 -0.6536
vn -0.6768 0.2894 -0.6768
vn -0.6936 0.1945 -0.6936
vn -0.7037 0.0977 -0.7037
vn -0.7071 -0.0000 -0.7071
vn -0.7037 -0.0977 -0.7037
vn -0.6936 -0.1945 -0.6936
vn -0.6768 -0.2894 -0.6768
vn -0.6536 -0.3816 -0.6536
vn -0.6241 -0.4701 -0.6241
vn -0.5886 -0.5542 -0.5886
vn -0.5475 -0.6329 -0.5475
vn -0.5011 -0.7056 -0.5011
vn -0.4499 -0.7715 -0.4499
vn -0.3943 -0.8301 -0.3943
vn -0.3350 -0.8806 -0.3350
vn -0.2724 -0.9228 -0.2724
vn -0.2072 -0.9561 -0.2072
vn -0.1400 -0.9802 -0.1400
vn -0.0715 -0.9949 -0.0715
vn -0.0561 0.9949 -0.0840
vn -0.1100 0.9802 -0.1647
vn -0.1628 0.9561 -0.2437
vn -0.2141 0.9228 -0.3204
vn -0.2632 0.8806 -0.3939
vn -0.3098 0.8301 -0.4637
vn -0.3535 0.7715 -0.5290
vn -0.3937 0.7056 -0.5892
vn -0.4301 0.6329 -0.6438
vn -0.4625 0.5542 -0.6921
vn -0.4903 0.4701 -0.7339
vn -0.5135 0.3816 -0.7685
vn -0.5318 0.2894 -0.7959
vn -0.5450 0.1945 -0.8156
vn -0.5529 0.0977 -0.8275
vn -0.5556 -0.0000 -0.8315
vn -0.5529 -0.0977 -0.8275
vn -0.5450 -0.1945 -0.8156
vn -0.5318 -0.2894 -0.7959
vn -0.5135 -0.3816 -0.7685
vn -0.4903 -0.4701 -0.7339
vn -0.4625 -0.5542 -0.6921
vn -0.4301 -0.6329 -0.6438
vn -0.3937 -0.7056 -0.5892
vn -0.3535 -0.7715 -0.5290
vn -0.3098 -0.8301 -0.4637
vn -0.2632 -0.8806 -0.3939
vn -0.2141 -0.9228 -0.3204
vn -0.1628 -0.9561 -0.2437
vn -0.1100 -0.9802 -0.1647
vn -0.0561 -0.9949 -0.0840
vn -0.0387 0.9949 -0.0934
vn -0.0758 0.9802 -0.1830
vn -0.1122 0.9561 -0.2708
vn -0.1474 0.9228 -0.3560
vn -0.1813 0.8806 -0.4377
vn -0.2134 0.8301 -0.5152
vn -0.2435 0.7715 -0.5878
vn -0.2712 0.7056 -0.6547
vn -0.2963 0.6329 -0.7153
vn -0.3185 0.5542 -0.7690
vn -0.3378 0.4701 -0.8154
vn -0.3537 0.3816 -0.8540
vn -0.3663 0.2894 -0.8843
vn -0.3754 0.1945 -0.9062
vn -0.3809 0.0977 -0.9195
vn -0.3827 -0.0000 -0.9239
vn -0.3809 -0.0977 -0.9195
vn -0.3754 -0.1945 -0.9062
vn -0.3663 -0.2894 -0.8843
vn -0.3537 -0.3816 -0.8540
vn -0.3378 -0.4701 -0.8154
vn -0.3185 -0.5542 -0.7690
vn -0.2963 -0.6329 -0.7153
vn -0.2712 -0.7056 -0.6547
vn -0.2435 -0.7715 -0.5878
vn -0.2134 -0.8301 -0.5152
vn -0.1813 -0.8806 -0.4377
vn -0.1474 -0.9228 -0.3560
vn -0.1122 -0.9561 -0.2708
vn -0.0758 -0.9802 -0.1830
vn -0.0387 -0.9949 -0.0934
vn -0.0197 0.9949 -0.0991
vn -0.0386 0.9802 -0.1942
vn -0.0572 0.9561 -0.2875
vn -0.0752 0.9228 -0.3779
vn -0.0924 0.8806 -0.4647
vn -0.1088 0.8301 -0.5470
vn -0.1241 0.7715 -0.6240
vn -0.1382 0.7056 -0.6950
vn -0.1510 0.6329 -0.7594
vn -0.1624 0.5542 -0.8164
vn -0.1722 0.4701 -0.8656
vn -0.1803 0.3816 -0.9066
vn -0.1867 0.2894 -0.9388
vn -0.1914 0.1945 -0.9621
vn -0.1942 0.0977 -0.9761
vn -0.1951 -0.0000 -0.9808
vn -0.1942 -0.0977 -0.9761
vn -0.1914 -0.1945 -0.9621
vn -0.1867 -0.2894 -0.9388
vn -0.1803 -0.3816 -0.9066
vn -0.1722 -0.4701 -0.8656
vn -0.1624 -0.5542 -0.8164
vn -0.1510 -0.6329 -0.7594
vn -0.1382 -0.7056 -0.6950
vn -0.1241 -0.7715 -0.6240
vn -0.1088 -0.8301 -0.5470
vn -0.0924 -0.8806 -0.4647
vn -0.0752 -0.9228 -0.3779
vn -0.0572 -0.9561 -0.2875
vn -0.0386 -0.9802 -0.1942
vn -0.0197 -0.9949 -0.0991
vn -0.0000 0.9949 -0.1011
vn -0.0000 0.9802 -0.1980
vn -0.0000 0.9561 -0.2931
vn -0.0000 0.9228 -0.3853
vn -0.0000 0.8806 -0.4738
vn -0.0000 0.8301 -0.5577
vn -0.0000 0.7056 -0.7086
vn -0.0000 0.5542 -0.8324
vn -0.0000 0.4701 -0.8826
vn -0.0000 -0.0000 -1.0000
vn -0.0000 -0.2894 -0.9572
vn -0.0000 -0.3816 -0.9243
vn -0.0000 -0.7056 -0.7086
vn -0.0000 -0.9228 -0.3853
vn -0.0000 -0.9561 -0.2931
vt 0.262325 0.516543
vt 0.261699 0.510393
vt 0.278761 0.510272
vt 0.278973 0.516425
vt 0.269856 0.622954
vt 0.272067 0.617731
vt 0.280267 0.618883
vt 0.279521 0.624311
vt 0.263193 0.522544
vt 0.279266 0.522429
vt 0.267785 0.627861
vt 0.278822 0.629411
vt 0.264295 0.528336
vt 0.279638 0.528227
vt 0.265875 0.632406
vt 0.278177 0.634134
vt 0.265621 0.533866
vt 0.280086 0.533763
vt 0.267156 0.458090
vt 0.268887 0.453653
vt 0.281189 0.453565
vt 0.280604 0.457994
vt 0.267156 0.539078
vt 0.280604 0.538982
vt 0.265620 0.462940
vt 0.280086 0.462837
vt 0.268887 0.543924
vt 0.281189 0.543836
vt 0.264295 0.468157
vt 0.279638 0.468048
vt 0.441160 0.540360
vt 0.443070 0.544707
vt 0.430768 0.546435
vt 0.430124 0.541910
vt 0.263193 0.473690
vt 0.279266 0.473575
vt 0.439090 0.535628
vt 0.429424 0.536985
vt 0.262325 0.479485
vt 0.278973 0.479367
vt 0.436879 0.530557
vt 0.428678 0.531709
vt 0.261698 0.485488
vt 0.278761 0.485366
vt 0.281874 0.594732
vt 0.284448 0.588731
vt 0.283579 0.594971
vt 0.434549 0.525195
vt 0.427891 0.526130
vt 0.261320 0.491639
vt 0.278634 0.491516
vt 0.279324 0.600689
vt 0.282718 0.601165
vt 0.432122 0.519595
vt 0.427072 0.520305
vt 0.261194 0.497881
vt 0.278591 0.497757
vt 0.276824 0.606545
vt 0.281874 0.607254
vt 0.429621 0.513810
vt 0.426227 0.514287
vt 0.261320 0.504152
vt 0.278634 0.504029
vt 0.274397 0.612244
vt 0.281054 0.613179
vt 0.427072 0.507896
vt 0.425366 0.508136
vt 0.424497 0.501910
vt 0.419570 0.536985
vt 0.420316 0.531709
vt 0.295947 0.479367
vt 0.296159 0.485366
vt 0.285318 0.594971
vt 0.421103 0.526130
vt 0.296286 0.491516
vt 0.286179 0.601165
vt 0.421923 0.520305
vt 0.296329 0.497757
vt 0.287023 0.607254
vt 0.422767 0.514287
vt 0.296286 0.504029
vt 0.287842 0.613179
vt 0.423628 0.508136
vt 0.296159 0.510272
vt 0.288629 0.618883
vt 0.295947 0.516425
vt 0.289376 0.624311
vt 0.295654 0.522429
vt 0.290075 0.629411
vt 0.295282 0.528227
vt 0.290720 0.634134
vt 0.294834 0.533763
vt 0.293731 0.453565
vt 0.294316 0.457994
vt 0.294316 0.538982
vt 0.294834 0.462837
vt 0.293731 0.543836
vt 0.295282 0.468048
vt 0.418226 0.546435
vt 0.418871 0.541910
vt 0.295654 0.473575
vt 0.414445 0.525195
vt 0.416872 0.519595
vt 0.313600 0.491639
vt 0.313726 0.497881
vt 0.289573 0.600689
vt 0.292073 0.606545
vt 0.419373 0.513810
vt 0.313600 0.504152
vt 0.294500 0.612244
vt 0.421923 0.507896
vt 0.313222 0.510393
vt 0.296830 0.617731
vt 0.312595 0.516543
vt 0.299041 0.622954
vt 0.311727 0.522544
vt 0.301111 0.627861
vt 0.310625 0.528336
vt 0.303021 0.632406
vt 0.309300 0.533866
vt 0.306033 0.453653
vt 0.307764 0.458090
vt 0.307764 0.539078
vt 0.309300 0.462940
vt 0.306033 0.543924
vt 0.310625 0.468157
vt 0.405924 0.544707
vt 0.407834 0.540360
vt 0.311727 0.473690
vt 0.409904 0.535628
vt 0.312595 0.479485
vt 0.412115 0.530557
vt 0.313222 0.485488
vt 0.287023 0.594732
vt 0.416176 0.512875
vt 0.420316 0.507427
vt 0.329909 0.504394
vt 0.329295 0.510631
vt 0.300771 0.610410
vt 0.304555 0.615472
vt 0.328278 0.516776
vt 0.308146 0.620291
vt 0.326867 0.522768
vt 0.311508 0.624820
vt 0.325078 0.528551
vt 0.314609 0.629016
vt 0.322926 0.534068
vt 0.304752 0.636545
vt 0.317420 0.632839
vt 0.320432 0.539266
vt 0.320432 0.458278
vt 0.322926 0.463142
vt 0.317621 0.544095
vt 0.325078 0.468371
vt 0.394336 0.541317
vt 0.397438 0.537319
vt 0.326867 0.473914
vt 0.400800 0.532965
vt 0.328277 0.479717
vt 0.404390 0.528297
vt 0.329295 0.485726
vt 0.288629 0.594262
vt 0.408174 0.523361
vt 0.329909 0.491881
vt 0.292770 0.599753
vt 0.412115 0.518204
vt 0.330114 0.498124
vt 0.296830 0.605154
vt 0.342391 0.517113
vt 0.340493 0.523094
vt 0.316340 0.616425
vt 0.320864 0.620405
vt 0.338085 0.528862
vt 0.325038 0.624096
vt 0.335189 0.534361
vt 0.328821 0.627460
vt 0.331833 0.539538
vt 0.331833 0.458550
vt 0.335189 0.463435
vt 0.391525 0.544922
vt 0.380124 0.539543
vt 0.383907 0.536397
vt 0.338085 0.468682
vt 0.388081 0.532904
vt 0.340493 0.474240
vt 0.392606 0.529098
vt 0.342391 0.480055
vt 0.397438 0.525017
vt 0.343760 0.486072
vt 0.290075 0.593580
vt 0.402530 0.520698
vt 0.344586 0.492232
vt 0.295647 0.598396
vt 0.407834 0.516184
vt 0.344863 0.498476
vt 0.301111 0.603133
vt 0.413298 0.511518
vt 0.344586 0.504745
vt 0.306415 0.607747
vt 0.418871 0.506744
vt 0.343760 0.510977
vt 0.311508 0.612191
vt 0.349146 0.529257
vt 0.345618 0.534734
vt 0.333907 0.617833
vt 0.338517 0.620613
vt 0.341529 0.539885
vt 0.332177 0.630466
vt 0.342606 0.623101
vt 0.370429 0.532696
vt 0.375038 0.530134
vt 0.364190 0.378985
vt 0.367423 0.373463
vt 0.377868 0.373696
vt 0.375269 0.379232
vt 0.380124 0.527285
vt 0.361565 0.384771
vt 0.373171 0.385030
vt 0.385637 0.524178
vt 0.359574 0.390765
vt 0.371595 0.391034
vt 0.391525 0.520841
vt 0.358236 0.396911
vt 0.370557 0.397186
vt 0.291304 0.592712
vt 0.397730 0.517308
vt 0.357563 0.403148
vt 0.370065 0.403427
vt 0.298094 0.596668
vt 0.404193 0.513613
vt 0.357563 0.409416
vt 0.370126 0.409697
vt 0.304752 0.600562
vt 0.410851 0.509790
vt 0.357406 0.498925
vt 0.357069 0.505192
vt 0.311215 0.604357
vt 0.417641 0.505876
vt 0.356062 0.511417
vt 0.317420 0.608016
vt 0.354394 0.517543
vt 0.323308 0.611504
vt 0.352081 0.523509
vt 0.328821 0.614787
vt 0.362811 0.524645
vt 0.368070 0.522769
vt 0.390143 0.373826
vt 0.388288 0.379369
vt 0.373872 0.520678
vt 0.386810 0.385174
vt 0.380162 0.518392
vt 0.385722 0.391183
vt 0.386880 0.515932
vt 0.385035 0.397339
vt 0.292270 0.591691
vt 0.393959 0.513323
vt 0.384756 0.403582
vt 0.300017 0.594636
vt 0.401332 0.510589
vt 0.384888 0.409853
vt 0.307613 0.597539
vt 0.408929 0.507758
vt 0.370738 0.415936
vt 0.385429 0.416090
vt 0.314987 0.600372
vt 0.416675 0.504856
vt 0.371895 0.422083
vt 0.386373 0.422235
vt 0.322066 0.603107
vt 0.373586 0.428079
vt 0.387713 0.428228
vt 0.328783 0.605718
vt 0.375796 0.433867
vt 0.389434 0.434010
vt 0.335073 0.608180
vt 0.378502 0.439390
vt 0.391521 0.439527
vt 0.340876 0.610469
vt 0.381679 0.444596
vt 0.393953 0.444725
vt 0.346135 0.612563
vt 0.385296 0.449435
vt 0.396707 0.449555
vt 0.380945 0.368476
vt 0.392356 0.368596
vt 0.369566 0.513337
vt 0.376391 0.511962
vt 0.401957 0.385195
vt 0.401411 0.391205
vt 0.383680 0.510477
vt 0.401115 0.397362
vt 0.292935 0.590556
vt 0.391361 0.508894
vt 0.401073 0.403605
vt 0.301341 0.592378
vt 0.399362 0.507230
vt 0.401283 0.409876
vt 0.309584 0.594180
vt 0.407605 0.505500
vt 0.401745 0.416114
vt 0.317584 0.595943
vt 0.416010 0.503721
vt 0.402453 0.422258
vt 0.325266 0.597652
vt 0.403402 0.428250
vt 0.332554 0.599288
vt 0.404581 0.434032
vt 0.339379 0.600838
vt 0.405980 0.439548
vt 0.345675 0.602286
vt 0.407585 0.444745
vt 0.394907 0.363730
vt 0.406500 0.363747
vt 0.405030 0.368614
vt 0.409381 0.449573
vt 0.403775 0.373845
vt 0.357563 0.515700
vt 0.363270 0.514587
vt 0.402747 0.379390
vt 0.293275 0.589352
vt 0.382048 0.504686
vt 0.390037 0.504193
vt 0.418179 0.397255
vt 0.418386 0.403497
vt 0.302016 0.589982
vt 0.398357 0.503664
vt 0.418681 0.409767
vt 0.310588 0.590614
vt 0.406929 0.503103
vt 0.419059 0.416006
vt 0.318909 0.591242
vt 0.415671 0.502517
vt 0.419517 0.422152
vt 0.326897 0.591860
vt 0.420050 0.428146
vt 0.334477 0.592463
vt 0.420655 0.433932
vt 0.341575 0.593045
vt 0.421324 0.439452
vt 0.348122 0.593599
vt 0.422051 0.444655
vt 0.418802 0.363670
vt 0.418478 0.368530
vt 0.422829 0.449489
vt 0.418240 0.373755
vt 0.411350 0.453985
vt 0.423652 0.453909
vt 0.418091 0.379294
vt 0.360823 0.505900
vt 0.367371 0.505543
vt 0.418030 0.385095
vt 0.374469 0.505137
vt 0.418059 0.391101
vt 0.302016 0.587538
vt 0.310588 0.586978
vt 0.398357 0.500028
vt 0.406929 0.500660
vt 0.436412 0.409530
vt 0.436705 0.415770
vt 0.318909 0.586449
vt 0.415671 0.501289
vt 0.436908 0.421919
vt 0.326897 0.585956
vt 0.437019 0.427919
vt 0.334477 0.585504
vt 0.437037 0.433712
vt 0.341575 0.585098
vt 0.436962 0.439243
vt 0.348122 0.584742
vt 0.436794 0.444457
vt 0.431340 0.363502
vt 0.432185 0.368347
vt 0.436536 0.449306
vt 0.432984 0.373557
vt 0.436190 0.453741
vt 0.433728 0.379085
vt 0.360823 0.497043
vt 0.367371 0.497597
vt 0.434412 0.384876
vt 0.374469 0.498178
vt 0.435028 0.390874
vt 0.382048 0.498781
vt 0.435570 0.397022
vt 0.293275 0.588125
vt 0.390037 0.499400
vt 0.436033 0.403261
vt 0.317584 0.581747
vt 0.325266 0.580165
vt 0.416010 0.500085
vt 0.453958 0.421569
vt 0.453654 0.427578
vt 0.332554 0.578679
vt 0.453098 0.433383
vt 0.339379 0.577305
vt 0.452293 0.438929
vt 0.345675 0.576055
vt 0.451249 0.444161
vt 0.443633 0.363250
vt 0.445623 0.368071
vt 0.449974 0.449030
vt 0.447438 0.373261
vt 0.448482 0.453489
vt 0.449060 0.378771
vt 0.363270 0.488356
vt 0.369566 0.489803
vt 0.450473 0.384546
vt 0.376391 0.491353
vt 0.451663 0.390533
vt 0.383680 0.492990
vt 0.452620 0.396673
vt 0.292935 0.586920
vt 0.391361 0.494698
vt 0.453333 0.402906
vt 0.301341 0.585141
vt 0.399362 0.496462
vt 0.453797 0.409174
vt 0.309584 0.583412
vt 0.407605 0.498263
vt 0.454006 0.415415
vt 0.328783 0.572250
vt 0.335073 0.569963
vt 0.468221 0.432956
vt 0.466729 0.438521
vt 0.340876 0.567872
vt 0.464859 0.443777
vt 0.455207 0.362924
vt 0.458277 0.367714
vt 0.462628 0.448673
vt 0.461049 0.372877
vt 0.357563 0.487025
vt 0.362811 0.478079
vt 0.368070 0.480173
vt 0.463496 0.378363
vt 0.373872 0.482462
vt 0.465596 0.384120
vt 0.380162 0.484924
vt 0.467327 0.390091
vt 0.386880 0.487535
vt 0.468674 0.396220
vt 0.292270 0.585786
vt 0.393959 0.490270
vt 0.469623 0.402447
vt 0.300017 0.582884
vt 0.401332 0.493102
vt 0.470166 0.408712
vt 0.307613 0.580052
vt 0.408929 0.496006
vt 0.470296 0.414955
vt 0.314987 0.577319
vt 0.416675 0.498951
vt 0.470012 0.421116
vt 0.322066 0.574710
vt 0.469318 0.427136
vt 0.346135 0.565996
vt 0.333907 0.560508
vt 0.338517 0.557945
vt 0.477102 0.443320
vt 0.474010 0.448248
vt 0.469659 0.367289
vt 0.473291 0.372420
vt 0.370429 0.470028
vt 0.375038 0.472809
vt 0.476482 0.377878
vt 0.380124 0.475855
vt 0.479199 0.383612
vt 0.385637 0.479138
vt 0.481418 0.389565
vt 0.391525 0.482625
vt 0.483116 0.395680
vt 0.291304 0.584765
vt 0.397730 0.486284
vt 0.484277 0.401899
vt 0.298094 0.580852
vt 0.404193 0.490079
vt 0.484890 0.408162
vt 0.304752 0.577029
vt 0.410851 0.493974
vt 0.484949 0.414408
vt 0.311215 0.573333
vt 0.417641 0.497930
vt 0.484454 0.420577
vt 0.317420 0.569800
vt 0.483409 0.426610
vt 0.323308 0.566464
vt 0.481824 0.432448
vt 0.328821 0.563356
vt 0.479715 0.438036
vt 0.225774 0.377762
vt 0.229303 0.372285
vt 0.239731 0.372658
vt 0.236835 0.378157
vt 0.383907 0.466546
vt 0.388081 0.470236
vt 0.487518 0.377335
vt 0.490761 0.383042
vt 0.392606 0.474217
vt 0.493393 0.388975
vt 0.397438 0.478450
vt 0.218859 0.395602
vt 0.220527 0.389476
vt 0.232529 0.389906
vt 0.231160 0.396042
vt 0.290075 0.583897
vt 0.402530 0.482895
vt 0.217851 0.401828
vt 0.230334 0.402274
vt 0.295647 0.579124
vt 0.407834 0.487508
vt 0.217515 0.408094
vt 0.230057 0.408543
vt 0.301111 0.574458
vt 0.413298 0.492246
vt 0.217851 0.414341
vt 0.230334 0.414787
vt 0.306415 0.569944
vt 0.418871 0.497062
vt 0.218859 0.420507
vt 0.231160 0.420948
vt 0.311508 0.565625
vt 0.220527 0.426535
vt 0.232529 0.426964
vt 0.316340 0.561543
vt 0.222839 0.432365
vt 0.234427 0.432779
vt 0.320864 0.557738
vt 0.493386 0.431879
vt 0.490752 0.437493
vt 0.325038 0.554245
vt 0.229303 0.443211
vt 0.225774 0.437941
vt 0.236835 0.438337
vt 0.239731 0.443584
vt 0.328821 0.551099
vt 0.366340 0.467540
vt 0.376768 0.460176
vt 0.380124 0.463182
vt 0.233392 0.367134
vt 0.243087 0.367481
vt 0.234427 0.383925
vt 0.248053 0.384251
vt 0.246643 0.390243
vt 0.400800 0.470351
vt 0.404390 0.475170
vt 0.245626 0.396388
vt 0.288629 0.583215
vt 0.408174 0.480232
vt 0.245011 0.402625
vt 0.292770 0.577766
vt 0.412115 0.485488
vt 0.244806 0.408895
vt 0.296830 0.572438
vt 0.416176 0.490888
vt 0.245011 0.415138
vt 0.300771 0.567281
vt 0.420316 0.496380
vt 0.245626 0.421293
vt 0.304555 0.562345
vt 0.246643 0.427302
vt 0.308146 0.557677
vt 0.248053 0.433105
vt 0.311508 0.553323
vt 0.249843 0.438648
vt 0.314609 0.549324
vt 0.251995 0.443877
vt 0.317420 0.545720
vt 0.243087 0.448469
vt 0.254488 0.448741
vt 0.254488 0.367753
vt 0.251995 0.372951
vt 0.391525 0.457802
vt 0.394336 0.461625
vt 0.249843 0.378468
vt 0.397438 0.465821
vt 0.261699 0.396626
vt 0.261320 0.402867
vt 0.287023 0.582745
vt 0.289573 0.576831
vt 0.414445 0.478397
vt 0.416872 0.484097
vt 0.261194 0.409138
vt 0.292073 0.571046
vt 0.419373 0.489953
vt 0.261320 0.415380
vt 0.294500 0.565446
vt 0.421923 0.495910
vt 0.261699 0.421532
vt 0.296830 0.560085
vt 0.262325 0.427534
vt 0.299041 0.555014
vt 0.263193 0.433330
vt 0.301111 0.550282
vt 0.264295 0.438862
vt 0.303021 0.545935
vt 0.265621 0.444079
vt 0.257299 0.362924
vt 0.268887 0.363095
vt 0.267156 0.367941
vt 0.267156 0.448929
vt 0.265621 0.373153
vt 0.404193 0.454097
vt 0.405924 0.458236
vt 0.264295 0.378683
vt 0.407834 0.462781
vt 0.263193 0.384475
vt 0.409904 0.467688
vt 0.262325 0.390476
vt 0.412115 0.472910
vt 0.278591 0.409262
vt 0.278634 0.415503
vt 0.287023 0.570337
vt 0.287842 0.564511
vt 0.422767 0.489476
vt 0.423628 0.495671
vt 0.278762 0.421653
vt 0.288629 0.558933
vt 0.278973 0.427653
vt 0.289376 0.553656
vt 0.279266 0.433444
vt 0.290075 0.548732
vt 0.279638 0.438971
vt 0.290720 0.544207
vt 0.280086 0.444182
vt 0.281189 0.363183
vt 0.280604 0.368037
vt 0.280604 0.449025
vt 0.280086 0.373256
vt 0.268887 0.453366
vt 0.281189 0.453454
vt 0.279638 0.378792
vt 0.418226 0.456508
vt 0.418871 0.461230
vt 0.279266 0.384590
vt 0.419570 0.466330
vt 0.278973 0.390594
vt 0.420316 0.471758
vt 0.278762 0.396747
vt 0.285318 0.582506
vt 0.421103 0.477462
vt 0.278634 0.402990
vt 0.286179 0.576355
vt 0.421923 0.483387
vt 0.296159 0.421653
vt 0.295947 0.427653
vt 0.280268 0.558933
vt 0.279521 0.553656
vt 0.295654 0.433444
vt 0.278822 0.548732
vt 0.295282 0.438971
vt 0.278177 0.544207
vt 0.294834 0.444182
vt 0.293731 0.363183
vt 0.294316 0.368037
vt 0.294316 0.449025
vt 0.294834 0.373256
vt 0.293731 0.453454
vt 0.295282 0.378792
vt 0.430768 0.456508
vt 0.430124 0.461230
vt 0.295654 0.384590
vt 0.429424 0.466330
vt 0.295947 0.390594
vt 0.428678 0.471758
vt 0.296159 0.396747
vt 0.283579 0.582506
vt 0.427891 0.477462
vt 0.296286 0.402990
vt 0.282718 0.576355
vt 0.427072 0.483387
vt 0.296329 0.409262
vt 0.281874 0.570337
vt 0.426227 0.489476
vt 0.296286 0.415503
vt 0.281054 0.564511
vt 0.425366 0.495671
vt 0.311727 0.433330
vt 0.310625 0.438862
vt 0.267785 0.550282
vt 0.265875 0.545935
vt 0.309300 0.444079
vt 0.306033 0.363095
vt 0.307764 0.367941
vt 0.307764 0.448929
vt 0.309300 0.373153
vt 0.306033 0.453366
vt 0.310625 0.378683
vt 0.443070 0.458236
vt 0.441160 0.462781
vt 0.311727 0.384475
vt 0.439090 0.467688
vt 0.312595 0.390476
vt 0.436879 0.472910
vt 0.313222 0.396626
vt 0.281874 0.582745
vt 0.434549 0.478397
vt 0.313600 0.402867
vt 0.279324 0.576831
vt 0.432122 0.484097
vt 0.313726 0.409138
vt 0.276824 0.571046
vt 0.429621 0.489953
vt 0.313600 0.415380
vt 0.274397 0.565446
vt 0.427072 0.495910
vt 0.313222 0.421532
vt 0.272067 0.560085
vt 0.312595 0.427534
vt 0.269856 0.555014
vt 0.322926 0.443877
vt 0.320432 0.448741
vt 0.320432 0.367753
vt 0.322926 0.372951
vt 0.444801 0.454097
vt 0.457469 0.457802
vt 0.454658 0.461625
vt 0.325078 0.378468
vt 0.451557 0.465821
vt 0.326867 0.384251
vt 0.448194 0.470351
vt 0.328278 0.390243
vt 0.444604 0.475170
vt 0.329295 0.396388
vt 0.280268 0.583215
vt 0.440820 0.480232
vt 0.329909 0.402625
vt 0.276127 0.577767
vt 0.436879 0.485488
vt 0.330114 0.408895
vt 0.272067 0.572438
vt 0.432818 0.490888
vt 0.329909 0.415138
vt 0.268125 0.567281
vt 0.428678 0.496380
vt 0.329295 0.421293
vt 0.264341 0.562345
vt 0.328278 0.427302
vt 0.260751 0.557677
vt 0.326867 0.433105
vt 0.257389 0.553323
vt 0.325078 0.438648
vt 0.254287 0.549324
vt 0.317621 0.362924
vt 0.465087 0.466546
vt 0.460913 0.470236
vt 0.338085 0.378157
vt 0.340493 0.383925
vt 0.456388 0.474217
vt 0.342391 0.389906
vt 0.451557 0.478450
vt 0.343760 0.396042
vt 0.278822 0.583897
vt 0.446464 0.482895
vt 0.344586 0.402274
vt 0.273250 0.579124
vt 0.441160 0.487508
vt 0.344863 0.408543
vt 0.267785 0.574458
vt 0.435696 0.492246
vt 0.344586 0.414787
vt 0.262481 0.569944
vt 0.430124 0.497062
vt 0.343760 0.420948
vt 0.257389 0.565625
vt 0.342391 0.426964
vt 0.252557 0.561543
vt 0.340493 0.432779
vt 0.248032 0.557738
vt 0.338085 0.438337
vt 0.243858 0.554245
vt 0.335189 0.443584
vt 0.251476 0.545720
vt 0.240075 0.551099
vt 0.331833 0.448469
vt 0.331833 0.367481
vt 0.335189 0.372658
vt 0.468870 0.463182
vt 0.463357 0.479138
vt 0.457469 0.482625
vt 0.354394 0.389476
vt 0.356062 0.395602
vt 0.277592 0.584765
vt 0.451264 0.486284
vt 0.357069 0.401828
vt 0.270803 0.580852
vt 0.444801 0.490079
vt 0.357406 0.408094
vt 0.264144 0.577029
vt 0.438143 0.493974
vt 0.357900 0.598172
vt 0.357563 0.591906
vt 0.370106 0.591457
vt 0.370382 0.597726
vt 0.257681 0.573333
vt 0.431353 0.497930
vt 0.358907 0.604398
vt 0.371209 0.603958
vt 0.251476 0.569800
vt 0.360575 0.610524
vt 0.372578 0.610094
vt 0.245589 0.566464
vt 0.362888 0.616489
vt 0.374476 0.616075
vt 0.240075 0.563357
vt 0.365822 0.622238
vt 0.376884 0.621843
vt 0.234989 0.560508
vt 0.369351 0.627715
vt 0.379780 0.627342
vt 0.230380 0.557946
vt 0.472226 0.460176
vt 0.482655 0.467540
vt 0.478566 0.470028
vt 0.341529 0.367134
vt 0.345618 0.372285
vt 0.473956 0.472809
vt 0.349147 0.377762
vt 0.468870 0.475855
vt 0.352081 0.383511
vt 0.276627 0.585786
vt 0.268880 0.582884
vt 0.455035 0.490270
vt 0.447662 0.493102
vt 0.370382 0.585213
vt 0.385060 0.584862
vt 0.384855 0.591105
vt 0.261284 0.580052
vt 0.440065 0.496005
vt 0.385060 0.597375
vt 0.253910 0.577319
vt 0.432319 0.498951
vt 0.385674 0.603612
vt 0.246831 0.574710
vt 0.386691 0.609757
vt 0.240114 0.572250
vt 0.388102 0.615749
vt 0.233824 0.569964
vt 0.389891 0.621532
vt 0.228021 0.567872
vt 0.392043 0.627048
vt 0.222762 0.565996
vt 0.383136 0.632519
vt 0.394537 0.632247
vt 0.379780 0.556416
vt 0.383136 0.551531
vt 0.394537 0.551259
vt 0.392043 0.556123
vt 0.486183 0.478079
vt 0.480924 0.480173
vt 0.376884 0.561663
vt 0.389891 0.561352
vt 0.475122 0.482462
vt 0.374476 0.567221
vt 0.388102 0.566895
vt 0.468832 0.484924
vt 0.372578 0.573036
vt 0.386691 0.572698
vt 0.462115 0.487535
vt 0.371209 0.579052
vt 0.385674 0.578707
vt 0.259313 0.583412
vt 0.251312 0.581747
vt 0.441390 0.498263
vt 0.432984 0.500085
vt 0.401369 0.597133
vt 0.401747 0.603374
vt 0.243631 0.580165
vt 0.402374 0.609524
vt 0.236343 0.578679
vt 0.403242 0.615525
vt 0.229517 0.577305
vt 0.404344 0.621317
vt 0.223221 0.576055
vt 0.405669 0.626846
vt 0.217515 0.574942
vt 0.407205 0.632059
vt 0.407205 0.551071
vt 0.405669 0.555921
vt 0.397348 0.637076
vt 0.408936 0.636905
vt 0.404344 0.561138
vt 0.485724 0.488356
vt 0.479428 0.489803
vt 0.403242 0.566670
vt 0.472603 0.491353
vt 0.402374 0.572466
vt 0.465315 0.492990
vt 0.401747 0.578468
vt 0.275961 0.586920
vt 0.457633 0.494698
vt 0.401369 0.584620
vt 0.267556 0.585141
vt 0.449632 0.496462
vt 0.401243 0.590862
vt 0.242000 0.585956
vt 0.234420 0.585505
vt 0.419022 0.609406
vt 0.419315 0.615410
vt 0.227322 0.585099
vt 0.419687 0.621208
vt 0.220774 0.584742
vt 0.420134 0.626744
vt 0.408936 0.546634
vt 0.421237 0.546546
vt 0.420653 0.550975
vt 0.420653 0.631963
vt 0.420134 0.555818
vt 0.421237 0.636817
vt 0.419687 0.561029
vt 0.488171 0.497043
vt 0.481623 0.497597
vt 0.419315 0.566556
vt 0.474525 0.498178
vt 0.419022 0.572347
vt 0.466946 0.498781
vt 0.418810 0.578347
vt 0.275622 0.588125
vt 0.458957 0.499400
vt 0.418682 0.584497
vt 0.266881 0.587538
vt 0.450637 0.500028
vt 0.418640 0.590738
vt 0.258309 0.586978
vt 0.442065 0.500660
vt 0.418682 0.597010
vt 0.249988 0.586449
vt 0.433323 0.501289
vt 0.418810 0.603253
vt 0.227322 0.593045
vt 0.220774 0.593599
vt 0.435331 0.621208
vt 0.434883 0.626744
vt 0.433780 0.546546
vt 0.434365 0.550975
vt 0.434365 0.631963
vt 0.434883 0.555818
vt 0.433780 0.636817
vt 0.435331 0.561029
vt 0.488171 0.505900
vt 0.481623 0.505543
vt 0.435703 0.566556
vt 0.474525 0.505137
vt 0.435996 0.572347
vt 0.466946 0.504686
vt 0.436207 0.578347
vt 0.275622 0.589352
vt 0.458957 0.504193
vt 0.436335 0.584497
vt 0.266881 0.589982
vt 0.450637 0.503664
vt 0.436378 0.590738
vt 0.258309 0.590614
vt 0.442065 0.503103
vt 0.436335 0.597010
vt 0.249988 0.591242
vt 0.433323 0.502517
vt 0.436207 0.603253
vt 0.242000 0.591861
vt 0.435996 0.609406
vt 0.234420 0.592463
vt 0.435703 0.615410
vt 0.243631 0.597652
vt 0.236343 0.599289
vt 0.452644 0.609524
vt 0.451776 0.615525
vt 0.229517 0.600838
vt 0.450674 0.621317
vt 0.223221 0.602286
vt 0.449348 0.626846
vt 0.446082 0.546634
vt 0.447813 0.551071
vt 0.447813 0.632059
vt 0.449348 0.555921
vt 0.446082 0.636905
vt 0.450674 0.561138
vt 0.485724 0.514586
vt 0.479428 0.513337
vt 0.451776 0.566670
vt 0.472603 0.511962
vt 0.452644 0.572466
vt 0.465314 0.510477
vt 0.453270 0.578468
vt 0.275961 0.590556
vt 0.457633 0.508894
vt 0.453649 0.584620
vt 0.267556 0.592378
vt 0.449632 0.507230
vt 0.453775 0.590862
vt 0.259313 0.594180
vt 0.441390 0.505500
vt 0.453649 0.597133
vt 0.251312 0.595943
vt 0.432984 0.503721
vt 0.453270 0.603374
vt 0.233824 0.608180
vt 0.228021 0.610469
vt 0.465126 0.621532
vt 0.462974 0.627048
vt 0.217515 0.603617
vt 0.222762 0.612563
vt 0.460481 0.632247
vt 0.460481 0.551259
vt 0.462974 0.556123
vt 0.457670 0.637076
vt 0.465126 0.561352
vt 0.480924 0.522769
vt 0.475122 0.520678
vt 0.466916 0.566895
vt 0.468832 0.518391
vt 0.468326 0.572698
vt 0.462115 0.515932
vt 0.469343 0.578707
vt 0.276627 0.591691
vt 0.455035 0.513323
vt 0.469957 0.584862
vt 0.268880 0.594636
vt 0.447662 0.510589
vt 0.470163 0.591105
vt 0.261284 0.597539
vt 0.440065 0.507758
vt 0.469957 0.597375
vt 0.253910 0.600372
vt 0.432319 0.504856
vt 0.469343 0.603612
vt 0.246831 0.603107
vt 0.468326 0.609757
vt 0.240114 0.605718
vt 0.466916 0.615749
vt 0.471882 0.551531
vt 0.475237 0.556416
vt 0.486183 0.524645
vt 0.478566 0.532696
vt 0.473956 0.530134
vt 0.478133 0.561663
vt 0.468870 0.527285
vt 0.480542 0.567221
vt 0.463357 0.524178
vt 0.482440 0.573036
vt 0.457469 0.520841
vt 0.483809 0.579052
vt 0.277592 0.592712
vt 0.451264 0.517308
vt 0.484635 0.585213
vt 0.270803 0.596668
vt 0.444801 0.513613
vt 0.484912 0.591457
vt 0.264144 0.600562
vt 0.438143 0.509790
vt 0.484635 0.597726
vt 0.257681 0.604357
vt 0.431353 0.505876
vt 0.483809 0.603958
vt 0.251476 0.608016
vt 0.482440 0.610094
vt 0.245589 0.611504
vt 0.480542 0.616075
vt 0.240075 0.614787
vt 0.478133 0.621843
vt 0.234989 0.617833
vt 0.475237 0.627342
vt 0.230380 0.620613
vt 0.471882 0.632519
vt 0.222839 0.474654
vt 0.225774 0.469078
vt 0.236835 0.468682
vt 0.234427 0.474240
vt 0.460913 0.532904
vt 0.456388 0.529098
vt 0.220526 0.480484
vt 0.232529 0.480055
vt 0.451557 0.525017
vt 0.218859 0.486512
vt 0.231160 0.486072
vt 0.278822 0.593580
vt 0.446464 0.520698
vt 0.217851 0.492678
vt 0.230334 0.492232
vt 0.273250 0.598396
vt 0.441160 0.516184
vt 0.217515 0.498925
vt 0.230057 0.498476
vt 0.267785 0.603133
vt 0.435696 0.511518
vt 0.217851 0.505192
vt 0.230334 0.504745
vt 0.262481 0.607747
vt 0.430124 0.506744
vt 0.218859 0.511417
vt 0.231160 0.510977
vt 0.257389 0.612191
vt 0.220527 0.517543
vt 0.232529 0.517113
vt 0.252557 0.616425
vt 0.222839 0.523509
vt 0.234427 0.523094
vt 0.248032 0.620406
vt 0.225774 0.529257
vt 0.236835 0.528862
vt 0.243858 0.624096
vt 0.229303 0.534734
vt 0.239732 0.534361
vt 0.240075 0.627460
vt 0.233392 0.539885
vt 0.243087 0.539538
vt 0.226291 0.623101
vt 0.236720 0.630466
vt 0.468870 0.539543
vt 0.465087 0.536397
vt 0.229303 0.463809
vt 0.239731 0.463435
vt 0.246643 0.479717
vt 0.245626 0.485726
vt 0.280268 0.594262
vt 0.444604 0.528297
vt 0.440820 0.523361
vt 0.245011 0.491881
vt 0.276127 0.599753
vt 0.436879 0.518204
vt 0.244806 0.498124
vt 0.272067 0.605154
vt 0.432818 0.512875
vt 0.245011 0.504394
vt 0.268125 0.610410
vt 0.428678 0.507427
vt 0.245626 0.510631
vt 0.264341 0.615472
vt 0.246643 0.516776
vt 0.260751 0.620291
vt 0.248053 0.522768
vt 0.257389 0.624820
vt 0.249843 0.528551
vt 0.254287 0.629017
vt 0.251995 0.534068
vt 0.251476 0.632839
vt 0.254488 0.539266
vt 0.243087 0.458550
vt 0.254488 0.458278
vt 0.251994 0.463142
vt 0.457469 0.544922
vt 0.454658 0.541317
vt 0.249843 0.468371
vt 0.451557 0.537319
vt 0.248053 0.473914
vt 0.448194 0.532965
vt 0.264144 0.636545
vt 0.257299 0.544095
s 1
usemtl Hydrogen.002
f 6961/6865/6954 5979/6866/5972 6005/6867/5998 6006/6868/5999
f 6956/6869/6949 6955/6870/6948 5992/6871/5985 5993/6872/5986
f 6962/6873/6955 6961/6865/6954 6006/6868/5999 6007/6874/6000
f 5972/6875/5965 6956/6869/6949 5993/6872/5986 5994/6876/5987
f 5980/6877/5973 6962/6873/6955 6007/6874/6000 6008/6878/6001
f 6957/6879/6950 5972/6875/5965 5994/6876/5987 5995/6880/5988
f 5981/6881/5974 5980/6877/5973 6008/6878/6001 6009/6882/6002
f 5973/6883/5966 6957/6884/6950 5995/6885/5988 5996/6886/5989
f 5982/6887/5975 5981/6881/5974 6009/6882/6002 6010/6888/6003
f 6958/6889/6951 5973/6883/5966 5996/6886/5989 5997/6890/5990
f 6963/6891/6956 5982/6887/5975 6010/6888/6003 6011/6892/6004
f 6959/6893/6952 6958/6889/6951 5997/6890/5990 5998/6894/5991
f 5983/6895/5976 6963/6896/6956 6011/6897/6004 6012/6898/6005
f 5974/6899/5967 6959/6893/6952 5998/6894/5991 5999/6900/5992
f 5984/6901/5977 5983/6895/5976 6012/6898/6005 6013/6902/6006
f 5975/6903/5968 5974/6899/5967 5999/6900/5992 6000/6904/5993
f 5985/6905/5978 5984/6901/5977 6013/6902/6006 6014/6906/6007
f 5976/6907/5969 5975/6903/5968 6000/6904/5993 6001/6908/5994
f 6951/6909/6944 6485/6910/6478 5988/6911/5981
f 6964/6912/6957 5985/6905/5978 6014/6906/6007 6015/6913/6008
f 5977/6914/5970 5976/6907/5969 6001/6908/5994 6002/6915/5995
f 6952/6916/6945 6951/6909/6944 5988/6911/5981 5989/6917/5982
f 6965/6918/6958 6964/6912/6957 6015/6913/6008 6016/6919/6009
f 6960/6920/6953 5977/6914/5970 6002/6915/5995 6003/6921/5996
f 6953/6922/6946 6952/6916/6945 5989/6917/5982 5990/6923/5983
f 5986/6924/5979 6965/6918/6958 6016/6919/6009 6017/6925/6010
f 5978/6926/5971 6960/6920/6953 6003/6921/5996 6004/6927/5997
f 6954/6928/6947 6953/6922/6946 5990/6923/5983 5991/6929/5984
f 5987/6930/5980 5986/6924/5979 6017/6925/6010 6018/6931/6011
f 5979/6866/5972 5978/6926/5971 6004/6927/5997 6005/6867/5998
f 6955/6870/6948 6954/6928/6947 5991/6929/5984 5992/6871/5985
f 6484/6932/6477 5987/6930/5980 6018/6931/6011
f 6014/6906/6007 6013/6902/6006 6044/6933/6037 6045/6934/6038
f 6001/6908/5994 6000/6904/5993 6031/6935/6024 6032/6936/6025
f 5988/6911/5981 6485/6910/6478 6019/6937/6012
f 6015/6913/6008 6014/6906/6007 6045/6934/6038 6046/6938/6039
f 6002/6915/5995 6001/6908/5994 6032/6936/6025 6033/6939/6026
f 5989/6917/5982 5988/6911/5981 6019/6937/6012 6020/6940/6013
f 6016/6919/6009 6015/6913/6008 6046/6938/6039 6047/6941/6040
f 6003/6921/5996 6002/6915/5995 6033/6939/6026 6034/6942/6027
f 5990/6923/5983 5989/6917/5982 6020/6940/6013 6021/6943/6014
f 6017/6925/6010 6016/6919/6009 6047/6941/6040 6048/6944/6041
f 6004/6927/5997 6003/6921/5996 6034/6942/6027 6035/6945/6028
f 5991/6929/5984 5990/6923/5983 6021/6943/6014 6022/6946/6015
f 6018/6931/6011 6017/6925/6010 6048/6944/6041 6049/6947/6042
f 6005/6867/5998 6004/6927/5997 6035/6945/6028 6036/6948/6029
f 5992/6871/5985 5991/6929/5984 6022/6946/6015 6023/6949/6016
f 6484/6932/6477 6018/6931/6011 6049/6947/6042
f 6006/6868/5999 6005/6867/5998 6036/6948/6029 6037/6950/6030
f 5993/6872/5986 5992/6871/5985 6023/6949/6016 6024/6951/6017
f 6007/6874/6000 6006/6868/5999 6037/6950/6030 6038/6952/6031
f 5994/6876/5987 5993/6872/5986 6024/6951/6017 6025/6953/6018
f 6008/6878/6001 6007/6874/6000 6038/6952/6031 6039/6954/6032
f 5995/6880/5988 5994/6876/5987 6025/6953/6018 6026/6955/6019
f 6009/6882/6002 6008/6878/6001 6039/6954/6032 6040/6956/6033
f 5996/6886/5989 5995/6885/5988 6026/6957/6019 6027/6958/6020
f 6010/6888/6003 6009/6882/6002 6040/6956/6033 6041/6959/6034
f 5997/6890/5990 5996/6886/5989 6027/6958/6020 6028/6960/6021
f 6011/6892/6004 6010/6888/6003 6041/6959/6034 6042/6961/6035
f 5998/6894/5991 5997/6890/5990 6028/6960/6021 6029/6962/6022
f 6012/6898/6005 6011/6897/6004 6042/6963/6035 6043/6964/6036
f 5999/6900/5992 5998/6894/5991 6029/6962/6022 6030/6965/6023
f 6013/6902/6006 6012/6898/6005 6043/6964/6036 6044/6933/6037
f 6000/6904/5993 5999/6900/5992 6030/6965/6023 6031/6935/6024
f 6047/6941/6040 6046/6938/6039 6077/6966/6070 6078/6967/6071
f 6034/6942/6027 6033/6939/6026 6064/6968/6057 6065/6969/6058
f 6021/6943/6014 6020/6940/6013 6051/6970/6044 6052/6971/6045
f 6048/6944/6041 6047/6941/6040 6078/6967/6071 6079/6972/6072
f 6035/6945/6028 6034/6942/6027 6065/6969/6058 6066/6973/6059
f 6022/6946/6015 6021/6943/6014 6052/6971/6045 6053/6974/6046
f 6049/6947/6042 6048/6944/6041 6079/6972/6072 6080/6975/6073
f 6036/6948/6029 6035/6945/6028 6066/6973/6059 6067/6976/6060
f 6023/6949/6016 6022/6946/6015 6053/6974/6046 6054/6977/6047
f 6484/6932/6477 6049/6947/6042 6080/6975/6073
f 6037/6950/6030 6036/6948/6029 6067/6976/6060 6068/6978/6061
f 6024/6951/6017 6023/6949/6016 6054/6977/6047 6055/6979/6048
f 6038/6952/6031 6037/6950/6030 6068/6978/6061 6069/6980/6062
f 6025/6953/6018 6024/6951/6017 6055/6979/6048 6056/6981/6049
f 6039/6954/6032 6038/6952/6031 6069/6980/6062 6070/6982/6063
f 6026/6955/6019 6025/6953/6018 6056/6981/6049 6057/6983/6050
f 6040/6956/6033 6039/6954/6032 6070/6982/6063 6071/6984/6064
f 6027/6958/6020 6026/6957/6019 6057/6985/6050 6058/6986/6051
f 6041/6959/6034 6040/6956/6033 6071/6984/6064 6072/6987/6065
f 6028/6960/6021 6027/6958/6020 6058/6986/6051 6059/6988/6052
f 6042/6961/6035 6041/6959/6034 6072/6987/6065 6073/6989/6066
f 6029/6962/6022 6028/6960/6021 6059/6988/6052 6060/6990/6053
f 6043/6964/6036 6042/6963/6035 6073/6991/6066 6074/6992/6067
f 6030/6965/6023 6029/6962/6022 6060/6990/6053 6061/6993/6054
f 6044/6933/6037 6043/6964/6036 6074/6992/6067 6075/6994/6068
f 6031/6935/6024 6030/6965/6023 6061/6993/6054 6062/6995/6055
f 6045/6934/6038 6044/6933/6037 6075/6994/6068 6076/6996/6069
f 6032/6936/6025 6031/6935/6024 6062/6995/6055 6063/6997/6056
f 6019/6937/6012 6485/6910/6478 6050/6998/6043
f 6046/6938/6039 6045/6934/6038 6076/6996/6069 6077/6966/6070
f 6033/6939/6026 6032/6936/6025 6063/6997/6056 6064/6968/6057
f 6020/6940/6013 6019/6937/6012 6050/6998/6043 6051/6970/6044
f 6080/6975/6073 6079/6972/6072 6110/6999/6103 6111/7000/6104
f 6067/6976/6060 6066/6973/6059 6097/7001/6090 6098/7002/6091
f 6054/6977/6047 6053/6974/6046 6084/7003/6077 6085/7004/6078
f 6484/6932/6477 6080/6975/6073 6111/7000/6104
f 6068/6978/6061 6067/6976/6060 6098/7002/6091 6099/7005/6092
f 6055/6979/6048 6054/6977/6047 6085/7004/6078 6086/7006/6079
f 6069/6980/6062 6068/6978/6061 6099/7005/6092 6100/7007/6093
f 6056/6981/6049 6055/6979/6048 6086/7006/6079 6087/7008/6080
f 6070/6982/6063 6069/6980/6062 6100/7007/6093 6101/7009/6094
f 6057/6983/6050 6056/6981/6049 6087/7008/6080 6088/7010/6081
f 6071/6984/6064 6070/6982/6063 6101/7009/6094 6102/7011/6095
f 6058/7012/6051 6057/6983/6050 6088/7010/6081 6089/7013/6082
f 6072/6987/6065 6071/6984/6064 6102/7011/6095 6103/7014/6096
f 6059/6988/6052 6058/6986/6051 6089/7015/6082 6090/7016/6083
f 6073/6989/6066 6072/6987/6065 6103/7014/6096 6104/7017/6097
f 6060/6990/6053 6059/6988/6052 6090/7016/6083 6091/7018/6084
f 6074/6992/6067 6073/6991/6066 6104/7019/6097 6105/7020/6098
f 6061/6993/6054 6060/6990/6053 6091/7018/6084 6092/7021/6085
f 6075/6994/6068 6074/6992/6067 6105/7020/6098 6106/7022/6099
f 6062/6995/6055 6061/6993/6054 6092/7021/6085 6093/7023/6086
f 6076/6996/6069 6075/6994/6068 6106/7022/6099 6107/7024/6100
f 6063/6997/6056 6062/6995/6055 6093/7023/6086 6094/7025/6087
f 6050/6998/6043 6485/6910/6478 6081/7026/6074
f 6077/6966/6070 6076/6996/6069 6107/7024/6100 6108/7027/6101
f 6064/6968/6057 6063/6997/6056 6094/7025/6087 6095/7028/6088
f 6051/6970/6044 6050/6998/6043 6081/7026/6074 6082/7029/6075
f 6078/6967/6071 6077/6966/6070 6108/7027/6101 6109/7030/6102
f 6065/6969/6058 6064/6968/6057 6095/7028/6088 6096/7031/6089
f 6052/6971/6045 6051/6970/6044 6082/7029/6075 6083/7032/6076
f 6079/6972/6072 6078/6967/6071 6109/7030/6102 6110/6999/6103
f 6066/6973/6059 6065/6969/6058 6096/7031/6089 6097/7001/6090
f 6053/6974/6046 6052/6971/6045 6083/7032/6076 6084/7003/6077
f 6100/7007/6093 6099/7005/6092 6130/7033/6123 6131/7034/6124
f 6087/7008/6080 6086/7006/6079 6117/7035/6110 6118/7036/6111
f 6101/7009/6094 6100/7007/6093 6131/7034/6124 6132/7037/6125
f 6088/7010/6081 6087/7008/6080 6118/7036/6111 6119/7038/6112
f 6102/7011/6095 6101/7009/6094 6132/7037/6125 6133/7039/6126
f 6089/7013/6082 6088/7010/6081 6119/7038/6112 6120/7040/6113
f 6103/7014/6096 6102/7011/6095 6133/7039/6126 6134/7041/6127
f 6090/7016/6083 6089/7015/6082 6120/7042/6113 6121/7043/6114
f 6104/7019/6097 6103/7044/6096 6134/7045/6127 6135/7046/6128
f 6091/7018/6084 6090/7016/6083 6121/7043/6114 6122/7047/6115
f 6105/7020/6098 6104/7019/6097 6135/7046/6128 6136/7048/6129
f 6092/7021/6085 6091/7018/6084 6122/7047/6115 6123/7049/6116
f 6106/7022/6099 6105/7020/6098 6136/7048/6129 6137/7050/6130
f 6093/7023/6086 6092/7021/6085 6123/7049/6116 6124/7051/6117
f 6107/7024/6100 6106/7022/6099 6137/7050/6130 6138/7052/6131
f 6094/7025/6087 6093/7023/6086 6124/7051/6117 6125/7053/6118
f 6081/7026/6074 6485/6910/6478 6112/7054/6105
f 6108/7027/6101 6107/7024/6100 6138/7052/6131 6139/7055/6132
f 6095/7028/6088 6094/7025/6087 6125/7053/6118 6126/7056/6119
f 6082/7029/6075 6081/7026/6074 6112/7054/6105 6113/7057/6106
f 6109/7030/6102 6108/7027/6101 6139/7055/6132 6140/7058/6133
f 6096/7031/6089 6095/7028/6088 6126/7056/6119 6127/7059/6120
f 6083/7032/6076 6082/7029/6075 6113/7057/6106 6114/7060/6107
f 6110/6999/6103 6109/7030/6102 6140/7058/6133 6141/7061/6134
f 6097/7001/6090 6096/7031/6089 6127/7059/6120 6128/7062/6121
f 6084/7003/6077 6083/7032/6076 6114/7060/6107 6115/7063/6108
f 6111/7000/6104 6110/6999/6103 6141/7061/6134 6142/7064/6135
f 6098/7002/6091 6097/7001/6090 6128/7062/6121 6129/7065/6122
f 6085/7004/6078 6084/7003/6077 6115/7063/6108 6116/7066/6109
f 6484/6932/6477 6111/7000/6104 6142/7064/6135
f 6099/7005/6092 6098/7002/6091 6129/7065/6122 6130/7033/6123
f 6086/7006/6079 6085/7004/6078 6116/7066/6109 6117/7035/6110
f 6133/7039/6126 6132/7037/6125 6163/7067/6156 6164/7068/6157
f 6120/7040/6113 6119/7038/6112 6150/7069/6143 6151/7070/6144
f 6134/7041/6127 6133/7039/6126 6164/7068/6157 6165/7071/6158
f 6121/7072/6114 6120/7040/6113 6151/7070/6144 6152/7073/6145
f 6135/7046/6128 6134/7045/6127 6165/7074/6158 6166/7075/6159
f 6122/7076/6115 6121/7077/6114 6152/7078/6145 6153/7079/6146
f 6136/7048/6129 6135/7046/6128 6166/7075/6159 6167/7080/6160
f 6123/7081/6116 6122/7076/6115 6153/7079/6146 6154/7082/6147
f 6137/7050/6130 6136/7048/6129 6167/7080/6160 6168/7083/6161
f 6124/7084/6117 6123/7081/6116 6154/7082/6147 6155/7085/6148
f 6138/7052/6131 6137/7050/6130 6168/7083/6161 6169/7086/6162
f 6125/7087/6118 6124/7084/6117 6155/7085/6148 6156/7088/6149
f 6112/7054/6105 6485/6910/6478 6143/7089/6136
f 6139/7055/6132 6138/7052/6131 6169/7086/6162 6170/7090/6163
f 6126/7091/6119 6125/7087/6118 6156/7088/6149 6157/7092/6150
f 6113/7057/6106 6112/7054/6105 6143/7089/6136 6144/7093/6137
f 6140/7058/6133 6139/7055/6132 6170/7090/6163 6171/7094/6164
f 6127/7095/6120 6126/7091/6119 6157/7092/6150 6158/7096/6151
f 6114/7060/6107 6113/7057/6106 6144/7093/6137 6145/7097/6138
f 6141/7061/6134 6140/7058/6133 6171/7094/6164 6172/7098/6165
f 6128/7062/6121 6127/7059/6120 6158/7099/6151 6159/7100/6152
f 6115/7063/6108 6114/7060/6107 6145/7097/6138 6146/7101/6139
f 6142/7064/6135 6141/7061/6134 6172/7098/6165 6173/7102/6166
f 6129/7065/6122 6128/7062/6121 6159/7100/6152 6160/7103/6153
f 6116/7066/6109 6115/7063/6108 6146/7101/6139 6147/7104/6140
f 6484/6932/6477 6142/7064/6135 6173/7102/6166
f 6130/7033/6123 6129/7065/6122 6160/7103/6153 6161/7105/6154
f 6117/7035/6110 6116/7066/6109 6147/7104/6140 6148/7106/6141
f 6131/7034/6124 6130/7033/6123 6161/7105/6154 6162/7107/6155
f 6118/7036/6111 6117/7035/6110 6148/7106/6141 6149/7108/6142
f 6132/7037/6125 6131/7034/6124 6162/7107/6155 6163/7067/6156
f 6119/7038/6112 6118/7036/6111 6149/7108/6142 6150/7069/6143
f 6166/7075/6159 6165/7074/6158 6196/7109/6189 6197/7110/6190
f 6153/7079/6146 6152/7078/6145 6183/7111/6176 6184/7112/6177
f 6167/7080/6160 6166/7075/6159 6197/7110/6190 6198/7113/6191
f 6154/7082/6147 6153/7079/6146 6184/7112/6177 6185/7114/6178
f 6168/7083/6161 6167/7080/6160 6198/7113/6191 6199/7115/6192
f 6155/7085/6148 6154/7082/6147 6185/7114/6178 6186/7116/6179
f 6169/7086/6162 6168/7083/6161 6199/7115/6192 6200/7117/6193
f 6156/7088/6149 6155/7085/6148 6186/7116/6179 6187/7118/6180
f 6143/7089/6136 6485/6910/6478 6174/7119/6167
f 6170/7090/6163 6169/7086/6162 6200/7117/6193 6201/7120/6194
f 6157/7092/6150 6156/7088/6149 6187/7118/6180 6188/7121/6181
f 6144/7093/6137 6143/7089/6136 6174/7119/6167 6175/7122/6168
f 6171/7094/6164 6170/7090/6163 6201/7120/6194 6202/7123/6195
f 6158/7096/6151 6157/7092/6150 6188/7121/6181 6189/7124/6182
f 6145/7097/6138 6144/7093/6137 6175/7122/6168 6176/7125/6169
f 6172/7098/6165 6171/7094/6164 6202/7123/6195 6203/7126/6196
f 6159/7127/6152 6158/7096/6151 6189/7124/6182 6190/7128/6183
f 6146/7101/6139 6145/7097/6138 6176/7125/6169 6177/7129/6170
f 6173/7102/6166 6172/7098/6165 6203/7126/6196 6204/7130/6197
f 6160/7131/6153 6159/7127/6152 6190/7128/6183 6191/7132/6184
f 6147/7104/6140 6146/7101/6139 6177/7129/6170 6178/7133/6171
f 6484/6932/6477 6173/7102/6166 6204/7130/6197
f 6161/7134/6154 6160/7131/6153 6191/7132/6184 6192/7135/6185
f 6148/7106/6141 6147/7104/6140 6178/7133/6171 6179/7136/6172
f 6162/7137/6155 6161/7134/6154 6192/7135/6185 6193/7138/6186
f 6149/7108/6142 6148/7106/6141 6179/7136/6172 6180/7139/6173
f 6163/7140/6156 6162/7137/6155 6193/7138/6186 6194/7141/6187
f 6150/7069/6143 6149/7108/6142 6180/7139/6173 6181/7142/6174
f 6164/7143/6157 6163/7140/6156 6194/7141/6187 6195/7144/6188
f 6151/7070/6144 6150/7069/6143 6181/7142/6174 6182/7145/6175
f 6165/7146/6158 6164/7143/6157 6195/7144/6188 6196/7147/6189
f 6152/7078/6145 6151/7148/6144 6182/7149/6175 6183/7111/6176
f 6199/7115/6192 6198/7113/6191 6229/7150/6222 6230/7151/6223
f 6186/7116/6179 6185/7114/6178 6216/7152/6209 6217/7153/6210
f 6200/7117/6193 6199/7115/6192 6230/7151/6223 6231/7154/6224
f 6187/7118/6180 6186/7116/6179 6217/7153/6210 6218/7155/6211
f 6174/7119/6167 6485/6910/6478 6205/7156/6198
f 6201/7120/6194 6200/7117/6193 6231/7154/6224 6232/7157/6225
f 6188/7121/6181 6187/7118/6180 6218/7155/6211 6219/7158/6212
f 6175/7122/6168 6174/7119/6167 6205/7156/6198 6206/7159/6199
f 6202/7123/6195 6201/7120/6194 6232/7157/6225 6233/7160/6226
f 6189/7124/6182 6188/7121/6181 6219/7158/6212 6220/7161/6213
f 6176/7125/6169 6175/7122/6168 6206/7159/6199 6207/7162/6200
f 6203/7126/6196 6202/7123/6195 6233/7160/6226 6234/7163/6227
f 6190/7128/6183 6189/7124/6182 6220/7161/6213 6221/7164/6214
f 6177/7129/6170 6176/7125/6169 6207/7162/6200 6208/7165/6201
f 6204/7130/6197 6203/7126/6196 6234/7163/6227 6235/7166/6228
f 6191/7132/6184 6190/7128/6183 6221/7164/6214 6222/7167/6215
f 6178/7133/6171 6177/7129/6170 6208/7165/6201 6209/7168/6202
f 6484/6932/6477 6204/7130/6197 6235/7166/6228
f 6192/7135/6185 6191/7132/6184 6222/7167/6215 6223/7169/6216
f 6179/7136/6172 6178/7133/6171 6209/7168/6202 6210/7170/6203
f 6193/7138/6186 6192/7135/6185 6223/7169/6216 6224/7171/6217
f 6180/7139/6173 6179/7136/6172 6210/7170/6203 6211/7172/6204
f 6194/7141/6187 6193/7138/6186 6224/7171/6217 6225/7173/6218
f 6181/7142/6174 6180/7139/6173 6211/7172/6204 6212/7174/6205
f 6195/7144/6188 6194/7141/6187 6225/7173/6218 6226/7175/6219
f 6182/7149/6175 6181/7176/6174 6212/7177/6205 6213/7178/6206
f 6196/7147/6189 6195/7144/6188 6226/7175/6219 6227/7179/6220
f 6183/7111/6176 6182/7149/6175 6213/7178/6206 6214/7180/6207
f 6197/7110/6190 6196/7109/6189 6227/7181/6220 6228/7182/6221
f 6184/7112/6177 6183/7111/6176 6214/7180/6207 6215/7183/6208
f 6198/7113/6191 6197/7110/6190 6228/7182/6221 6229/7150/6222
f 6185/7114/6178 6184/7112/6177 6215/7183/6208 6216/7152/6209
f 6205/7156/6198 6485/6910/6478 6236/7184/6229
f 6232/7157/6225 6231/7154/6224 6262/7185/6255 6263/7186/6256
f 6219/7158/6212 6218/7155/6211 6249/7187/6242 6250/7188/6243
f 6206/7159/6199 6205/7156/6198 6236/7184/6229 6237/7189/6230
f 6233/7160/6226 6232/7157/6225 6263/7186/6256 6264/7190/6257
f 6220/7161/6213 6219/7158/6212 6250/7188/6243 6251/7191/6244
f 6207/7162/6200 6206/7159/6199 6237/7189/6230 6238/7192/6231
f 6234/7163/6227 6233/7160/6226 6264/7190/6257 6265/7193/6258
f 6221/7164/6214 6220/7161/6213 6251/7191/6244 6252/7194/6245
f 6208/7165/6201 6207/7162/6200 6238/7192/6231 6239/7195/6232
f 6235/7166/6228 6234/7163/6227 6265/7193/6258 6266/7196/6259
f 6222/7167/6215 6221/7164/6214 6252/7194/6245 6253/7197/6246
f 6209/7168/6202 6208/7165/6201 6239/7195/6232 6240/7198/6233
f 6484/6932/6477 6235/7166/6228 6266/7196/6259
f 6223/7169/6216 6222/7167/6215 6253/7197/6246 6254/7199/6247
f 6210/7170/6203 6209/7168/6202 6240/7198/6233 6241/7200/6234
f 6224/7171/6217 6223/7169/6216 6254/7199/6247 6255/7201/6248
f 6211/7172/6204 6210/7170/6203 6241/7200/6234 6242/7202/6235
f 6225/7173/6218 6224/7171/6217 6255/7201/6248 6256/7203/6249
f 6212/7174/6205 6211/7172/6204 6242/7202/6235 6243/7204/6236
f 6226/7175/6219 6225/7173/6218 6256/7203/6249 6257/7205/6250
f 6213/7178/6206 6212/7177/6205 6243/7206/6236 6244/7207/6237
f 6227/7179/6220 6226/7175/6219 6257/7205/6250 6258/7208/6251
f 6214/7180/6207 6213/7178/6206 6244/7207/6237 6245/7209/6238
f 6228/7210/6221 6227/7179/6220 6258/7208/6251 6259/7211/6252
f 6215/7183/6208 6214/7180/6207 6245/7209/6238 6246/7212/6239
f 6229/7150/6222 6228/7182/6221 6259/7213/6252 6260/7214/6253
f 6216/7152/6209 6215/7183/6208 6246/7212/6239 6247/7215/6240
f 6230/7151/6223 6229/7150/6222 6260/7214/6253 6261/7216/6254
f 6217/7153/6210 6216/7152/6209 6247/7215/6240 6248/7217/6241
f 6231/7154/6224 6230/7151/6223 6261/7216/6254 6262/7185/6255
f 6218/7155/6211 6217/7153/6210 6248/7217/6241 6249/7187/6242
f 6238/7192/6231 6237/7189/6230 6268/7218/6261 6269/7219/6262
f 6265/7193/6258 6264/7190/6257 6295/7220/6288 6296/7221/6289
f 6252/7194/6245 6251/7191/6244 6282/7222/6275 6283/7223/6276
f 6239/7195/6232 6238/7192/6231 6269/7219/6262 6270/7224/6263
f 6266/7196/6259 6265/7193/6258 6296/7221/6289 6297/7225/6290
f 6253/7197/6246 6252/7194/6245 6283/7223/6276 6284/7226/6277
f 6240/7198/6233 6239/7195/6232 6270/7224/6263 6271/7227/6264
f 6484/6932/6477 6266/7196/6259 6297/7225/6290
f 6254/7199/6247 6253/7197/6246 6284/7226/6277 6285/7228/6278
f 6241/7200/6234 6240/7198/6233 6271/7227/6264 6272/7229/6265
f 6255/7201/6248 6254/7199/6247 6285/7228/6278 6286/7230/6279
f 6242/7202/6235 6241/7200/6234 6272/7229/6265 6273/7231/6266
f 6256/7203/6249 6255/7201/6248 6286/7230/6279 6287/7232/6280
f 6243/7204/6236 6242/7202/6235 6273/7231/6266 6274/7233/6267
f 6257/7205/6250 6256/7203/6249 6287/7232/6280 6288/7234/6281
f 6244/7207/6237 6243/7206/6236 6274/7235/6267 6275/7236/6268
f 6258/7208/6251 6257/7205/6250 6288/7234/6281 6289/7237/6282
f 6245/7209/6238 6244/7207/6237 6275/7236/6268 6276/7238/6269
f 6259/7211/6252 6258/7208/6251 6289/7237/6282 6290/7239/6283
f 6246/7212/6239 6245/7209/6238 6276/7238/6269 6277/7240/6270
f 6260/7214/6253 6259/7213/6252 6290/7241/6283 6291/7242/6284
f 6247/7215/6240 6246/7212/6239 6277/7240/6270 6278/7243/6271
f 6261/7216/6254 6260/7214/6253 6291/7242/6284 6292/7244/6285
f 6248/7217/6241 6247/7215/6240 6278/7243/6271 6279/7245/6272
f 6262/7185/6255 6261/7216/6254 6292/7244/6285 6293/7246/6286
f 6249/7187/6242 6248/7217/6241 6279/7245/6272 6280/7247/6273
f 6236/7184/6229 6485/6910/6478 6267/7248/6260
f 6263/7186/6256 6262/7185/6255 6293/7246/6286 6294/7249/6287
f 6250/7188/6243 6249/7187/6242 6280/7247/6273 6281/7250/6274
f 6237/7189/6230 6236/7184/6229 6267/7248/6260 6268/7218/6261
f 6264/7190/6257 6263/7186/6256 6294/7249/6287 6295/7220/6288
f 6251/7191/6244 6250/7188/6243 6281/7250/6274 6282/7222/6275
f 6271/7227/6264 6270/7224/6263 6301/7251/6294 6302/7252/6295
f 6484/6932/6477 6297/7225/6290 6328/7253/6321
f 6285/7228/6278 6284/7226/6277 6315/7254/6308 6316/7255/6309
f 6272/7229/6265 6271/7227/6264 6302/7252/6295 6303/7256/6296
f 6286/7230/6279 6285/7228/6278 6316/7255/6309 6317/7257/6310
f 6273/7231/6266 6272/7229/6265 6303/7256/6296 6304/7258/6297
f 6287/7232/6280 6286/7230/6279 6317/7257/6310 6318/7259/6311
f 6274/7233/6267 6273/7231/6266 6304/7258/6297 6305/7260/6298
f 6288/7234/6281 6287/7232/6280 6318/7259/6311 6319/7261/6312
f 6275/7236/6268 6274/7235/6267 6305/7262/6298 6306/7263/6299
f 6289/7237/6282 6288/7234/6281 6319/7261/6312 6320/7264/6313
f 6276/7238/6269 6275/7236/6268 6306/7263/6299 6307/7265/6300
f 6290/7239/6283 6289/7237/6282 6320/7264/6313 6321/7266/6314
f 6277/7240/6270 6276/7238/6269 6307/7265/6300 6308/7267/6301
f 6291/7242/6284 6290/7241/6283 6321/7268/6314 6322/7269/6315
f 6278/7243/6271 6277/7240/6270 6308/7267/6301 6309/7270/6302
f 6292/7244/6285 6291/7242/6284 6322/7269/6315 6323/7271/6316
f 6279/7245/6272 6278/7243/6271 6309/7270/6302 6310/7272/6303
f 6293/7246/6286 6292/7244/6285 6323/7271/6316 6324/7273/6317
f 6280/7247/6273 6279/7245/6272 6310/7272/6303 6311/7274/6304
f 6267/7248/6260 6485/6910/6478 6298/7275/6291
f 6294/7249/6287 6293/7246/6286 6324/7273/6317 6325/7276/6318
f 6281/7250/6274 6280/7247/6273 6311/7274/6304 6312/7277/6305
f 6268/7218/6261 6267/7248/6260 6298/7275/6291 6299/7278/6292
f 6295/7220/6288 6294/7249/6287 6325/7276/6318 6326/7279/6319
f 6282/7222/6275 6281/7250/6274 6312/7277/6305 6313/7280/6306
f 6269/7219/6262 6268/7218/6261 6299/7278/6292 6300/7281/6293
f 6296/7221/6289 6295/7220/6288 6326/7279/6319 6327/7282/6320
f 6283/7223/6276 6282/7222/6275 6313/7280/6306 6314/7283/6307
f 6270/7224/6263 6269/7219/6262 6300/7281/6293 6301/7251/6294
f 6297/7225/6290 6296/7221/6289 6327/7282/6320 6328/7253/6321
f 6284/7226/6277 6283/7223/6276 6314/7283/6307 6315/7254/6308
f 6304/7258/6297 6303/7256/6296 6334/7284/6327 6335/7285/6328
f 6318/7259/6311 6317/7257/6310 6348/7286/6341 6349/7287/6342
f 6305/7260/6298 6304/7258/6297 6335/7285/6328 6336/7288/6329
f 6319/7261/6312 6318/7259/6311 6349/7287/6342 6350/7289/6343
f 6306/7263/6299 6305/7262/6298 6336/7290/6329 6337/7291/6330
f 6320/7264/6313 6319/7261/6312 6350/7289/6343 6351/7292/6344
f 6307/7265/6300 6306/7263/6299 6337/7291/6330 6338/7293/6331
f 6321/7268/6314 6320/7294/6313 6351/7295/6344 6352/7296/6345
f 6308/7267/6301 6307/7265/6300 6338/7293/6331 6339/7297/6332
f 6322/7269/6315 6321/7268/6314 6352/7296/6345 6353/7298/6346
f 6309/7270/6302 6308/7267/6301 6339/7297/6332 6340/7299/6333
f 6323/7271/6316 6322/7269/6315 6353/7298/6346 6354/7300/6347
f 6310/7272/6303 6309/7270/6302 6340/7299/6333 6341/7301/6334
f 6324/7273/6317 6323/7271/6316 6354/7300/6347 6355/7302/6348
f 6311/7274/6304 6310/7272/6303 6341/7301/6334 6342/7303/6335
f 6298/7275/6291 6485/6910/6478 6329/7304/6322
f 6325/7276/6318 6324/7273/6317 6355/7302/6348 6356/7305/6349
f 6312/7277/6305 6311/7274/6304 6342/7303/6335 6343/7306/6336
f 6299/7278/6292 6298/7275/6291 6329/7304/6322 6330/7307/6323
f 6326/7279/6319 6325/7276/6318 6356/7305/6349 6357/7308/6350
f 6313/7280/6306 6312/7277/6305 6343/7306/6336 6344/7309/6337
f 6300/7281/6293 6299/7278/6292 6330/7307/6323 6331/7310/6324
f 6327/7282/6320 6326/7279/6319 6357/7308/6350 6358/7311/6351
f 6314/7283/6307 6313/7280/6306 6344/7309/6337 6345/7312/6338
f 6301/7251/6294 6300/7281/6293 6331/7310/6324 6332/7313/6325
f 6328/7253/6321 6327/7282/6320 6358/7311/6351 6359/7314/6352
f 6315/7254/6308 6314/7283/6307 6345/7312/6338 6346/7315/6339
f 6302/7252/6295 6301/7251/6294 6332/7313/6325 6333/7316/6326
f 6484/6932/6477 6328/7253/6321 6359/7314/6352
f 6316/7255/6309 6315/7254/6308 6346/7315/6339 6347/7317/6340
f 6303/7256/6296 6302/7252/6295 6333/7316/6326 6334/7284/6327
f 6317/7257/6310 6316/7255/6309 6347/7317/6340 6348/7286/6341
f 6337/7318/6330 6336/7288/6329 6367/7319/6360 6368/7320/6361
f 6351/7292/6344 6350/7289/6343 6381/7321/6374 6382/7322/6375
f 6338/7293/6331 6337/7291/6330 6368/7323/6361 6369/7324/6362
f 6352/7296/6345 6351/7295/6344 6382/7325/6375 6383/7326/6376
f 6339/7297/6332 6338/7293/6331 6369/7324/6362 6370/7327/6363
f 6353/7298/6346 6352/7296/6345 6383/7326/6376 6384/7328/6377
f 6340/7299/6333 6339/7297/6332 6370/7327/6363 6371/7329/6364
f 6354/7300/6347 6353/7298/6346 6384/7328/6377 6385/7330/6378
f 6341/7301/6334 6340/7299/6333 6371/7329/6364 6372/7331/6365
f 6355/7302/6348 6354/7300/6347 6385/7330/6378 6386/7332/6379
f 6342/7303/6335 6341/7301/6334 6372/7331/6365 6373/7333/6366
f 6329/7304/6322 6485/6910/6478 6360/7334/6353
f 6356/7305/6349 6355/7302/6348 6386/7332/6379 6387/7335/6380
f 6343/7306/6336 6342/7303/6335 6373/7333/6366 6374/7336/6367
f 6330/7307/6323 6329/7304/6322 6360/7334/6353 6361/7337/6354
f 6357/7308/6350 6356/7305/6349 6387/7335/6380 6388/7338/6381
f 6344/7309/6337 6343/7306/6336 6374/7336/6367 6375/7339/6368
f 6331/7310/6324 6330/7307/6323 6361/7337/6354 6362/7340/6355
f 6358/7311/6351 6357/7308/6350 6388/7338/6381 6389/7341/6382
f 6345/7312/6338 6344/7309/6337 6375/7339/6368 6376/7342/6369
f 6332/7313/6325 6331/7310/6324 6362/7340/6355 6363/7343/6356
f 6359/7314/6352 6358/7311/6351 6389/7341/6382 6390/7344/6383
f 6346/7315/6339 6345/7312/6338 6376/7342/6369 6377/7345/6370
f 6333/7316/6326 6332/7313/6325 6363/7343/6356 6364/7346/6357
f 6484/6932/6477 6359/7314/6352 6390/7344/6383
f 6347/7317/6340 6346/7315/6339 6377/7345/6370 6378/7347/6371
f 6334/7284/6327 6333/7316/6326 6364/7346/6357 6365/7348/6358
f 6348/7286/6341 6347/7317/6340 6378/7347/6371 6379/7349/6372
f 6335/7285/6328 6334/7284/6327 6365/7348/6358 6366/7350/6359
f 6349/7287/6342 6348/7286/6341 6379/7349/6372 6380/7351/6373
f 6336/7288/6329 6335/7285/6328 6366/7350/6359 6367/7319/6360
f 6350/7289/6343 6349/7287/6342 6380/7351/6373 6381/7321/6374
f 6370/7352/6363 6369/7353/6362 6400/7354/6393 6401/7355/6394
f 6384/7328/6377 6383/7326/6376 6414/7356/6407 6415/7357/6408
f 6371/7329/6364 6370/7327/6363 6401/7358/6394 6402/7359/6395
f 6385/7330/6378 6384/7328/6377 6415/7357/6408 6416/7360/6409
f 6372/7331/6365 6371/7329/6364 6402/7359/6395 6403/7361/6396
f 6386/7332/6379 6385/7330/6378 6416/7360/6409 6417/7362/6410
f 6373/7363/6366 6372/7364/6365 6403/7365/6396 6404/7366/6397
f 6360/7334/6353 6485/6910/6478 6391/7367/6384
f 6387/7335/6380 6386/7332/6379 6417/7362/6410 6418/7368/6411
f 6374/7369/6367 6373/7363/6366 6404/7366/6397 6405/7370/6398
f 6361/7337/6354 6360/7334/6353 6391/7367/6384 6392/7371/6385
f 6388/7338/6381 6387/7335/6380 6418/7368/6411 6419/7372/6412
f 6375/7373/6368 6374/7369/6367 6405/7370/6398 6406/7374/6399
f 6362/7340/6355 6361/7337/6354 6392/7371/6385 6393/7375/6386
f 6389/7341/6382 6388/7338/6381 6419/7372/6412 6420/7376/6413
f 6376/7377/6369 6375/7373/6368 6406/7374/6399 6407/7378/6400
f 6363/7343/6356 6362/7340/6355 6393/7375/6386 6394/7379/6387
f 6390/7344/6383 6389/7341/6382 6420/7376/6413 6421/7380/6414
f 6377/7381/6370 6376/7377/6369 6407/7378/6400 6408/7382/6401
f 6364/7346/6357 6363/7343/6356 6394/7379/6387 6395/7383/6388
f 6484/6932/6477 6390/7344/6383 6421/7380/6414
f 6378/7384/6371 6377/7381/6370 6408/7382/6401 6409/7385/6402
f 6365/7348/6358 6364/7346/6357 6395/7383/6388 6396/7386/6389
f 6379/7387/6372 6378/7384/6371 6409/7385/6402 6410/7388/6403
f 6366/7350/6359 6365/7348/6358 6396/7386/6389 6397/7389/6390
f 6380/7351/6373 6379/7349/6372 6410/7390/6403 6411/7391/6404
f 6367/7319/6360 6366/7350/6359 6397/7389/6390 6398/7392/6391
f 6381/7393/6374 6380/7394/6373 6411/7395/6404 6412/7396/6405
f 6368/7320/6361 6367/7319/6360 6398/7392/6391 6399/7397/6392
f 6382/7325/6375 6381/7398/6374 6412/7399/6405 6413/7400/6406
f 6369/7353/6362 6368/7401/6361 6399/7402/6392 6400/7354/6393
f 6383/7326/6376 6382/7325/6375 6413/7400/6406 6414/7356/6407
f 6403/7365/6396 6402/7403/6395 6433/7404/6426 6434/7405/6427
f 6417/7362/6410 6416/7360/6409 6447/7406/6440 6448/7407/6441
f 6404/7366/6397 6403/7365/6396 6434/7405/6427 6435/7408/6428
f 6391/7367/6384 6485/6910/6478 6422/7409/6415
f 6418/7368/6411 6417/7362/6410 6448/7407/6441 6449/7410/6442
f 6405/7370/6398 6404/7366/6397 6435/7408/6428 6436/7411/6429
f 6392/7371/6385 6391/7367/6384 6422/7409/6415 6423/7412/6416
f 6419/7372/6412 6418/7368/6411 6449/7410/6442 6450/7413/6443
f 6406/7374/6399 6405/7370/6398 6436/7411/6429 6437/7414/6430
f 6393/7375/6386 6392/7371/6385 6423/7412/6416 6424/7415/6417
f 6420/7376/6413 6419/7372/6412 6450/7413/6443 6451/7416/6444
f 6407/7378/6400 6406/7374/6399 6437/7414/6430 6438/7417/6431
f 6394/7379/6387 6393/7375/6386 6424/7415/6417 6425/7418/6418
f 6421/7380/6414 6420/7376/6413 6451/7416/6444 6452/7419/6445
f 6408/7382/6401 6407/7378/6400 6438/7417/6431 6439/7420/6432
f 6395/7383/6388 6394/7379/6387 6425/7418/6418 6426/7421/6419
f 6484/6932/6477 6421/7380/6414 6452/7419/6445
f 6409/7385/6402 6408/7382/6401 6439/7420/6432 6440/7422/6433
f 6396/7386/6389 6395/7383/6388 6426/7421/6419 6427/7423/6420
f 6410/7388/6403 6409/7385/6402 6440/7422/6433 6441/7424/6434
f 6397/7389/6390 6396/7386/6389 6427/7423/6420 6428/7425/6421
f 6411/7395/6404 6410/7388/6403 6441/7424/6434 6442/7426/6435
f 6398/7392/6391 6397/7389/6390 6428/7425/6421 6429/7427/6422
f 6412/7396/6405 6411/7395/6404 6442/7426/6435 6443/7428/6436
f 6399/7397/6392 6398/7392/6391 6429/7427/6422 6430/7429/6423
f 6413/7430/6406 6412/7396/6405 6443/7428/6436 6444/7431/6437
f 6400/7354/6393 6399/7402/6392 6430/7432/6423 6431/7433/6424
f 6414/7356/6407 6413/7400/6406 6444/7434/6437 6445/7435/6438
f 6401/7355/6394 6400/7354/6393 6431/7433/6424 6432/7436/6425
f 6415/7357/6408 6414/7356/6407 6445/7435/6438 6446/7437/6439
f 6402/7403/6395 6401/7355/6394 6432/7436/6425 6433/7404/6426
f 6416/7360/6409 6415/7357/6408 6446/7437/6439 6447/7406/6440
f 6436/7411/6429 6435/7408/6428 6466/7438/6459 6467/7439/6460
f 6423/7412/6416 6422/7409/6415 6453/7440/6446 6454/7441/6447
f 6450/7413/6443 6449/7410/6442 6480/7442/6473 6481/7443/6474
f 6437/7414/6430 6436/7411/6429 6467/7439/6460 6468/7444/6461
f 6424/7415/6417 6423/7412/6416 6454/7441/6447 6455/7445/6448
f 6451/7416/6444 6450/7413/6443 6481/7443/6474 6482/7446/6475
f 6438/7417/6431 6437/7414/6430 6468/7444/6461 6469/7447/6462
f 6425/7418/6418 6424/7415/6417 6455/7445/6448 6456/7448/6449
f 6452/7419/6445 6451/7416/6444 6482/7446/6475 6483/7449/6476
f 6439/7420/6432 6438/7417/6431 6469/7447/6462 6470/7450/6463
f 6426/7421/6419 6425/7418/6418 6456/7448/6449 6457/7451/6450
f 6484/6932/6477 6452/7419/6445 6483/7449/6476
f 6440/7422/6433 6439/7420/6432 6470/7450/6463 6471/7452/6464
f 6427/7423/6420 6426/7421/6419 6457/7451/6450 6458/7453/6451
f 6441/7424/6434 6440/7422/6433 6471/7452/6464 6472/7454/6465
f 6428/7425/6421 6427/7423/6420 6458/7453/6451 6459/7455/6452
f 6442/7426/6435 6441/7424/6434 6472/7454/6465 6473/7456/6466
f 6429/7427/6422 6428/7425/6421 6459/7455/6452 6460/7457/6453
f 6443/7428/6436 6442/7426/6435 6473/7456/6466 6474/7458/6467
f 6430/7432/6423 6429/7459/6422 6460/7460/6453 6461/7461/6454
f 6444/7431/6437 6443/7428/6436 6474/7458/6467 6475/7462/6468
f 6431/7433/6424 6430/7432/6423 6461/7461/6454 6462/7463/6455
f 6445/7435/6438 6444/7434/6437 6475/7464/6468 6476/7465/6469
f 6432/7436/6425 6431/7433/6424 6462/7463/6455 6463/7466/6456
f 6446/7437/6439 6445/7435/6438 6476/7465/6469 6477/7467/6470
f 6433/7404/6426 6432/7436/6425 6463/7466/6456 6464/7468/6457
f 6447/7406/6440 6446/7437/6439 6477/7467/6470 6478/7469/6471
f 6434/7405/6427 6433/7404/6426 6464/7468/6457 6465/7470/6458
f 6448/7407/6441 6447/7406/6440 6478/7469/6471 6479/7471/6472
f 6435/7408/6428 6434/7405/6427 6465/7470/6458 6466/7438/6459
f 6422/7409/6415 6485/6910/6478 6453/7440/6446
f 6449/7410/6442 6448/7407/6441 6479/7471/6472 6480/7442/6473
f 6469/7447/6462 6468/7444/6461 6501/7472/6494 6502/7473/6495
f 6456/7448/6449 6455/7445/6448 6488/7474/6481 6489/7475/6482
f 6483/7449/6476 6482/7446/6475 6515/7476/6508 6516/7477/6509
f 6470/7450/6463 6469/7447/6462 6502/7473/6495 6503/7478/6496
f 6457/7451/6450 6456/7448/6449 6489/7475/6482 6490/7479/6483
f 6484/6932/6477 6483/7449/6476 6516/7477/6509
f 6471/7452/6464 6470/7450/6463 6503/7478/6496 6504/7480/6497
f 6458/7453/6451 6457/7451/6450 6490/7479/6483 6491/7481/6484
f 6472/7454/6465 6471/7452/6464 6504/7480/6497 6505/7482/6498
f 6459/7455/6452 6458/7453/6451 6491/7481/6484 6492/7483/6485
f 6473/7456/6466 6472/7454/6465 6505/7482/6498 6506/7484/6499
f 6460/7457/6453 6459/7455/6452 6492/7483/6485 6493/7485/6486
f 6474/7458/6467 6473/7456/6466 6506/7484/6499 6507/7486/6500
f 6461/7461/6454 6460/7460/6453 6493/7487/6486 6494/7488/6487
f 6475/7462/6468 6474/7458/6467 6507/7486/6500 6508/7489/6501
f 6462/7463/6455 6461/7461/6454 6494/7488/6487 6495/7490/6488
f 6476/7491/6469 6475/7462/6468 6508/7489/6501 6509/7492/6502
f 6463/7466/6456 6462/7463/6455 6495/7490/6488 6496/7493/6489
f 6477/7467/6470 6476/7465/6469 6509/7494/6502 6510/7495/6503
f 6464/7468/6457 6463/7466/6456 6496/7493/6489 6497/7496/6490
f 6478/7469/6471 6477/7467/6470 6510/7495/6503 6511/7497/6504
f 6465/7470/6458 6464/7468/6457 6497/7496/6490 6498/7498/6491
f 6479/7471/6472 6478/7469/6471 6511/7497/6504 6512/7499/6505
f 6466/7438/6459 6465/7470/6458 6498/7498/6491 6499/7500/6492
f 6453/7440/6446 6485/6910/6478 6486/7501/6479
f 6480/7442/6473 6479/7471/6472 6512/7499/6505 6513/7502/6506
f 6467/7439/6460 6466/7438/6459 6499/7500/6492 6500/7503/6493
f 6454/7441/6447 6453/7440/6446 6486/7501/6479 6487/7504/6480
f 6481/7443/6474 6480/7442/6473 6513/7502/6506 6514/7505/6507
f 6468/7444/6461 6467/7439/6460 6500/7503/6493 6501/7472/6494
f 6455/7445/6448 6454/7441/6447 6487/7504/6480 6488/7474/6481
f 6482/7446/6475 6481/7443/6474 6514/7505/6507 6515/7476/6508
f 6504/7480/6497 6503/7478/6496 6534/7506/6527 6535/7507/6528
f 6491/7481/6484 6490/7479/6483 6521/7508/6514 6522/7509/6515
f 6505/7482/6498 6504/7480/6497 6535/7507/6528 6536/7510/6529
f 6492/7483/6485 6491/7481/6484 6522/7509/6515 6523/7511/6516
f 6506/7484/6499 6505/7482/6498 6536/7510/6529 6537/7512/6530
f 6493/7485/6486 6492/7483/6485 6523/7511/6516 6524/7513/6517
f 6507/7486/6500 6506/7484/6499 6537/7512/6530 6538/7514/6531
f 6494/7488/6487 6493/7487/6486 6524/7515/6517 6525/7516/6518
f 6508/7489/6501 6507/7486/6500 6538/7514/6531 6539/7517/6532
f 6495/7490/6488 6494/7488/6487 6525/7516/6518 6526/7518/6519
f 6509/7492/6502 6508/7489/6501 6539/7517/6532 6540/7519/6533
f 6496/7493/6489 6495/7490/6488 6526/7518/6519 6527/7520/6520
f 6510/7495/6503 6509/7494/6502 6540/7521/6533 6541/7522/6534
f 6497/7496/6490 6496/7493/6489 6527/7520/6520 6528/7523/6521
f 6511/7497/6504 6510/7495/6503 6541/7522/6534 6542/7524/6535
f 6498/7498/6491 6497/7496/6490 6528/7523/6521 6529/7525/6522
f 6512/7499/6505 6511/7497/6504 6542/7524/6535 6543/7526/6536
f 6499/7500/6492 6498/7498/6491 6529/7525/6522 6530/7527/6523
f 6486/7501/6479 6485/6910/6478 6517/7528/6510
f 6513/7502/6506 6512/7499/6505 6543/7526/6536 6544/7529/6537
f 6500/7503/6493 6499/7500/6492 6530/7527/6523 6531/7530/6524
f 6487/7504/6480 6486/7501/6479 6517/7528/6510 6518/7531/6511
f 6514/7505/6507 6513/7502/6506 6544/7529/6537 6545/7532/6538
f 6501/7472/6494 6500/7503/6493 6531/7530/6524 6532/7533/6525
f 6488/7474/6481 6487/7504/6480 6518/7531/6511 6519/7534/6512
f 6515/7476/6508 6514/7505/6507 6545/7532/6538 6546/7535/6539
f 6502/7473/6495 6501/7472/6494 6532/7533/6525 6533/7536/6526
f 6489/7475/6482 6488/7474/6481 6519/7534/6512 6520/7537/6513
f 6516/7477/6509 6515/7476/6508 6546/7535/6539 6547/7538/6540
f 6503/7478/6496 6502/7473/6495 6533/7536/6526 6534/7506/6527
f 6490/7479/6483 6489/7475/6482 6520/7537/6513 6521/7508/6514
f 6484/6932/6477 6516/7477/6509 6547/7538/6540
f 6537/7512/6530 6536/7510/6529 6567/7539/6560 6568/7540/6561
f 6524/7513/6517 6523/7511/6516 6554/7541/6547 6555/7542/6548
f 6538/7514/6531 6537/7512/6530 6568/7540/6561 6569/7543/6562
f 6525/7516/6518 6524/7515/6517 6555/7544/6548 6556/7545/6549
f 6539/7517/6532 6538/7514/6531 6569/7543/6562 6570/7546/6563
f 6526/7518/6519 6525/7516/6518 6556/7545/6549 6557/7547/6550
f 6540/7519/6533 6539/7517/6532 6570/7546/6563 6571/7548/6564
f 6527/7520/6520 6526/7518/6519 6557/7547/6550 6558/7549/6551
f 6541/7522/6534 6540/7521/6533 6571/7550/6564 6572/7551/6565
f 6528/7523/6521 6527/7520/6520 6558/7549/6551 6559/7552/6552
f 6542/7524/6535 6541/7522/6534 6572/7551/6565 6573/7553/6566
f 6529/7525/6522 6528/7523/6521 6559/7552/6552 6560/7554/6553
f 6543/7526/6536 6542/7524/6535 6573/7553/6566 6574/7555/6567
f 6530/7527/6523 6529/7525/6522 6560/7554/6553 6561/7556/6554
f 6517/7528/6510 6485/6910/6478 6548/7557/6541
f 6544/7529/6537 6543/7526/6536 6574/7555/6567 6575/7558/6568
f 6531/7530/6524 6530/7527/6523 6561/7556/6554 6562/7559/6555
f 6518/7531/6511 6517/7528/6510 6548/7557/6541 6549/7560/6542
f 6545/7532/6538 6544/7529/6537 6575/7558/6568 6576/7561/6569
f 6532/7533/6525 6531/7530/6524 6562/7559/6555 6563/7562/6556
f 6519/7534/6512 6518/7531/6511 6549/7560/6542 6550/7563/6543
f 6546/7535/6539 6545/7532/6538 6576/7561/6569 6577/7564/6570
f 6533/7536/6526 6532/7533/6525 6563/7562/6556 6564/7565/6557
f 6520/7537/6513 6519/7534/6512 6550/7563/6543 6551/7566/6544
f 6547/7538/6540 6546/7535/6539 6577/7564/6570 6578/7567/6571
f 6534/7506/6527 6533/7536/6526 6564/7565/6557 6565/7568/6558
f 6521/7508/6514 6520/7537/6513 6551/7566/6544 6552/7569/6545
f 6484/6932/6477 6547/7538/6540 6578/7567/6571
f 6535/7507/6528 6534/7506/6527 6565/7568/6558 6566/7570/6559
f 6522/7509/6515 6521/7508/6514 6552/7569/6545 6553/7571/6546
f 6536/7510/6529 6535/7507/6528 6566/7570/6559 6567/7539/6560
f 6523/7511/6516 6522/7509/6515 6553/7571/6546 6554/7541/6547
f 6570/7546/6563 6569/7543/6562 6600/7572/6593 6601/7573/6594
f 6557/7547/6550 6556/7545/6549 6587/7574/6580 6588/7575/6581
f 6571/7550/6564 6570/7576/6563 6601/7577/6594 6602/7578/6595
f 6558/7549/6551 6557/7547/6550 6588/7575/6581 6589/7579/6582
f 6572/7551/6565 6571/7550/6564 6602/7578/6595 6603/7580/6596
f 6559/7552/6552 6558/7549/6551 6589/7579/6582 6590/7581/6583
f 6573/7553/6566 6572/7551/6565 6603/7580/6596 6604/7582/6597
f 6560/7554/6553 6559/7552/6552 6590/7581/6583 6591/7583/6584
f 6574/7555/6567 6573/7553/6566 6604/7582/6597 6605/7584/6598
f 6561/7556/6554 6560/7554/6553 6591/7583/6584 6592/7585/6585
f 6548/7557/6541 6485/6910/6478 6579/7586/6572
f 6575/7558/6568 6574/7555/6567 6605/7584/6598 6606/7587/6599
f 6562/7559/6555 6561/7556/6554 6592/7585/6585 6593/7588/6586
f 6549/7560/6542 6548/7557/6541 6579/7586/6572 6580/7589/6573
f 6576/7561/6569 6575/7558/6568 6606/7587/6599 6607/7590/6600
f 6563/7562/6556 6562/7559/6555 6593/7588/6586 6594/7591/6587
f 6550/7563/6543 6549/7560/6542 6580/7589/6573 6581/7592/6574
f 6577/7564/6570 6576/7561/6569 6607/7590/6600 6608/7593/6601
f 6564/7565/6557 6563/7562/6556 6594/7591/6587 6595/7594/6588
f 6551/7566/6544 6550/7563/6543 6581/7592/6574 6582/7595/6575
f 6578/7567/6571 6577/7564/6570 6608/7593/6601 6609/7596/6602
f 6565/7568/6558 6564/7565/6557 6595/7594/6588 6596/7597/6589
f 6552/7569/6545 6551/7566/6544 6582/7595/6575 6583/7598/6576
f 6484/6932/6477 6578/7567/6571 6609/7596/6602
f 6566/7570/6559 6565/7568/6558 6596/7597/6589 6597/7599/6590
f 6553/7571/6546 6552/7569/6545 6583/7598/6576 6584/7600/6577
f 6567/7539/6560 6566/7570/6559 6597/7599/6590 6598/7601/6591
f 6554/7541/6547 6553/7571/6546 6584/7600/6577 6585/7602/6578
f 6568/7540/6561 6567/7539/6560 6598/7601/6591 6599/7603/6592
f 6555/7542/6548 6554/7541/6547 6585/7602/6578 6586/7604/6579
f 6569/7543/6562 6568/7540/6561 6599/7603/6592 6600/7572/6593
f 6556/7545/6549 6555/7544/6548 6586/7605/6579 6587/7574/6580
f 6603/7580/6596 6602/7578/6595 6633/7606/6626 6634/7607/6627
f 6590/7581/6583 6589/7579/6582 6620/7608/6613 6621/7609/6614
f 6604/7582/6597 6603/7580/6596 6634/7607/6627 6635/7610/6628
f 6591/7583/6584 6590/7581/6583 6621/7609/6614 6622/7611/6615
f 6605/7584/6598 6604/7582/6597 6635/7610/6628 6636/7612/6629
f 6592/7585/6585 6591/7583/6584 6622/7611/6615 6623/7613/6616
f 6579/7586/6572 6485/6910/6478 6610/7614/6603
f 6606/7587/6599 6605/7584/6598 6636/7612/6629 6637/7615/6630
f 6593/7588/6586 6592/7585/6585 6623/7613/6616 6624/7616/6617
f 6580/7589/6573 6579/7586/6572 6610/7614/6603 6611/7617/6604
f 6607/7590/6600 6606/7587/6599 6637/7615/6630 6638/7618/6631
f 6594/7591/6587 6593/7588/6586 6624/7616/6617 6625/7619/6618
f 6581/7592/6574 6580/7589/6573 6611/7617/6604 6612/7620/6605
f 6608/7593/6601 6607/7590/6600 6638/7618/6631 6639/7621/6632
f 6595/7594/6588 6594/7591/6587 6625/7619/6618 6626/7622/6619
f 6582/7595/6575 6581/7592/6574 6612/7620/6605 6613/7623/6606
f 6609/7596/6602 6608/7593/6601 6639/7621/6632 6640/7624/6633
f 6596/7597/6589 6595/7594/6588 6626/7622/6619 6627/7625/6620
f 6583/7598/6576 6582/7595/6575 6613/7623/6606 6614/7626/6607
f 6484/6932/6477 6609/7596/6602 6640/7624/6633
f 6597/7599/6590 6596/7597/6589 6627/7625/6620 6628/7627/6621
f 6584/7600/6577 6583/7598/6576 6614/7626/6607 6615/7628/6608
f 6598/7601/6591 6597/7599/6590 6628/7627/6621 6629/7629/6622
f 6585/7602/6578 6584/7600/6577 6615/7628/6608 6616/7630/6609
f 6599/7603/6592 6598/7601/6591 6629/7629/6622 6630/7631/6623
f 6586/7604/6579 6585/7602/6578 6616/7630/6609 6617/7632/6610
f 6600/7572/6593 6599/7603/6592 6630/7631/6623 6631/7633/6624
f 6587/7634/6580 6586/7604/6579 6617/7632/6610 6618/7635/6611
f 6601/7573/6594 6600/7572/6593 6631/7633/6624 6632/7636/6625
f 6588/7575/6581 6587/7574/6580 6618/7637/6611 6619/7638/6612
f 6602/7578/6595 6601/7577/6594 6632/7639/6625 6633/7606/6626
f 6589/7579/6582 6588/7575/6581 6619/7638/6612 6620/7608/6613
f 6636/7612/6629 6635/7610/6628 6666/7640/6659 6667/7641/6660
f 6623/7613/6616 6622/7611/6615 6653/7642/6646 6654/7643/6647
f 6610/7614/6603 6485/6910/6478 6641/7644/6634
f 6637/7615/6630 6636/7612/6629 6667/7641/6660 6668/7645/6661
f 6624/7616/6617 6623/7613/6616 6654/7643/6647 6655/7646/6648
f 6611/7617/6604 6610/7614/6603 6641/7644/6634 6642/7647/6635
f 6638/7618/6631 6637/7615/6630 6668/7645/6661 6669/7648/6662
f 6625/7619/6618 6624/7616/6617 6655/7646/6648 6656/7649/6649
f 6612/7620/6605 6611/7617/6604 6642/7647/6635 6643/7650/6636
f 6639/7621/6632 6638/7618/6631 6669/7648/6662 6670/7651/6663
f 6626/7652/6619 6625/7653/6618 6656/7654/6649 6657/7655/6650
f 6613/7623/6606 6612/7620/6605 6643/7650/6636 6644/7656/6637
f 6640/7624/6633 6639/7621/6632 6670/7651/6663 6671/7657/6664
f 6627/7658/6620 6626/7652/6619 6657/7655/6650 6658/7659/6651
f 6614/7626/6607 6613/7623/6606 6644/7656/6637 6645/7660/6638
f 6484/6932/6477 6640/7624/6633 6671/7657/6664
f 6628/7661/6621 6627/7658/6620 6658/7659/6651 6659/7662/6652
f 6615/7628/6608 6614/7626/6607 6645/7660/6638 6646/7663/6639
f 6629/7664/6622 6628/7661/6621 6659/7662/6652 6660/7665/6653
f 6616/7630/6609 6615/7628/6608 6646/7663/6639 6647/7666/6640
f 6630/7667/6623 6629/7664/6622 6660/7665/6653 6661/7668/6654
f 6617/7632/6610 6616/7630/6609 6647/7666/6640 6648/7669/6641
f 6631/7670/6624 6630/7667/6623 6661/7668/6654 6662/7671/6655
f 6618/7635/6611 6617/7632/6610 6648/7669/6641 6649/7672/6642
f 6632/7639/6625 6631/7673/6624 6662/7674/6655 6663/7675/6656
f 6619/7638/6612 6618/7637/6611 6649/7676/6642 6650/7677/6643
f 6633/7606/6626 6632/7639/6625 6663/7675/6656 6664/7678/6657
f 6620/7608/6613 6619/7638/6612 6650/7677/6643 6651/7679/6644
f 6634/7607/6627 6633/7606/6626 6664/7678/6657 6665/7680/6658
f 6621/7609/6614 6620/7608/6613 6651/7679/6644 6652/7681/6645
f 6635/7610/6628 6634/7607/6627 6665/7680/6658 6666/7640/6659
f 6622/7611/6615 6621/7609/6614 6652/7681/6645 6653/7642/6646
f 6642/7647/6635 6641/7644/6634 6672/7682/6665 6673/7683/6666
f 6669/7648/6662 6668/7645/6661 6699/7684/6692 6700/7685/6693
f 6656/7654/6649 6655/7686/6648 6686/7687/6679 6687/7688/6680
f 6643/7650/6636 6642/7647/6635 6673/7683/6666 6674/7689/6667
f 6670/7651/6663 6669/7648/6662 6700/7685/6693 6701/7690/6694
f 6657/7655/6650 6656/7654/6649 6687/7688/6680 6688/7691/6681
f 6644/7656/6637 6643/7650/6636 6674/7689/6667 6675/7692/6668
f 6671/7657/6664 6670/7651/6663 6701/7690/6694 6702/7693/6695
f 6658/7659/6651 6657/7655/6650 6688/7691/6681 6689/7694/6682
f 6645/7660/6638 6644/7656/6637 6675/7692/6668 6676/7695/6669
f 6484/6932/6477 6671/7657/6664 6702/7693/6695
f 6659/7662/6652 6658/7659/6651 6689/7694/6682 6690/7696/6683
f 6646/7663/6639 6645/7660/6638 6676/7695/6669 6677/7697/6670
f 6660/7665/6653 6659/7662/6652 6690/7696/6683 6691/7698/6684
f 6647/7666/6640 6646/7663/6639 6677/7697/6670 6678/7699/6671
f 6661/7668/6654 6660/7665/6653 6691/7698/6684 6692/7700/6685
f 6648/7669/6641 6647/7666/6640 6678/7699/6671 6679/7701/6672
f 6662/7671/6655 6661/7668/6654 6692/7700/6685 6693/7702/6686
f 6649/7672/6642 6648/7669/6641 6679/7701/6672 6680/7703/6673
f 6663/7704/6656 6662/7671/6655 6693/7702/6686 6694/7705/6687
f 6650/7706/6643 6649/7707/6642 6680/7708/6673 6681/7709/6674
f 6664/7678/6657 6663/7675/6656 6694/7710/6687 6695/7711/6688
f 6651/7712/6644 6650/7706/6643 6681/7709/6674 6682/7713/6675
f 6665/7680/6658 6664/7678/6657 6695/7711/6688 6696/7714/6689
f 6652/7715/6645 6651/7712/6644 6682/7713/6675 6683/7716/6676
f 6666/7640/6659 6665/7680/6658 6696/7714/6689 6697/7717/6690
f 6653/7718/6646 6652/7715/6645 6683/7716/6676 6684/7719/6677
f 6667/7641/6660 6666/7640/6659 6697/7717/6690 6698/7720/6691
f 6654/7721/6647 6653/7718/6646 6684/7719/6677 6685/7722/6678
f 6641/7644/6634 6485/6910/6478 6672/7682/6665
f 6668/7645/6661 6667/7641/6660 6698/7720/6691 6699/7684/6692
f 6655/7686/6648 6654/7721/6647 6685/7722/6678 6686/7687/6679
f 6675/7692/6668 6674/7689/6667 6705/7723/6698 6706/7724/6699
f 6702/7693/6695 6701/7690/6694 6732/7725/6725 6733/7726/6726
f 6689/7694/6682 6688/7691/6681 6719/7727/6712 6720/7728/6713
f 6676/7695/6669 6675/7692/6668 6706/7724/6699 6707/7729/6700
f 6484/6932/6477 6702/7693/6695 6733/7726/6726
f 6690/7696/6683 6689/7694/6682 6720/7728/6713 6721/7730/6714
f 6677/7697/6670 6676/7695/6669 6707/7729/6700 6708/7731/6701
f 6691/7698/6684 6690/7696/6683 6721/7730/6714 6722/7732/6715
f 6678/7699/6671 6677/7697/6670 6708/7731/6701 6709/7733/6702
f 6692/7700/6685 6691/7698/6684 6722/7732/6715 6723/7734/6716
f 6679/7701/6672 6678/7699/6671 6709/7733/6702 6710/7735/6703
f 6693/7702/6686 6692/7700/6685 6723/7734/6716 6724/7736/6717
f 6680/7703/6673 6679/7701/6672 6710/7735/6703 6711/7737/6704
f 6694/7705/6687 6693/7702/6686 6724/7736/6717 6725/7738/6718
f 6681/7709/6674 6680/7708/6673 6711/7739/6704 6712/7740/6705
f 6695/7741/6688 6694/7705/6687 6725/7738/6718 6726/7742/6719
f 6682/7713/6675 6681/7709/6674 6712/7740/6705 6713/7743/6706
f 6696/7714/6689 6695/7711/6688 6726/7744/6719 6727/7745/6720
f 6683/7716/6676 6682/7713/6675 6713/7743/6706 6714/7746/6707
f 6697/7717/6690 6696/7714/6689 6727/7745/6720 6728/7747/6721
f 6684/7719/6677 6683/7716/6676 6714/7746/6707 6715/7748/6708
f 6698/7720/6691 6697/7717/6690 6728/7747/6721 6729/7749/6722
f 6685/7722/6678 6684/7719/6677 6715/7748/6708 6716/7750/6709
f 6672/7682/6665 6485/6910/6478 6703/7751/6696
f 6699/7684/6692 6698/7720/6691 6729/7749/6722 6730/7752/6723
f 6686/7687/6679 6685/7722/6678 6716/7750/6709 6717/7753/6710
f 6673/7683/6666 6672/7682/6665 6703/7751/6696 6704/7754/6697
f 6700/7685/6693 6699/7684/6692 6730/7752/6723 6731/7755/6724
f 6687/7688/6680 6686/7687/6679 6717/7753/6710 6718/7756/6711
f 6674/7689/6667 6673/7683/6666 6704/7754/6697 6705/7723/6698
f 6701/7690/6694 6700/7685/6693 6731/7755/6724 6732/7725/6725
f 6688/7691/6681 6687/7688/6680 6718/7756/6711 6719/7727/6712
f 6708/7731/6701 6707/7729/6700 6738/7757/6731 6739/7758/6732
f 6722/7732/6715 6721/7730/6714 6752/7759/6745 6753/7760/6746
f 6709/7733/6702 6708/7731/6701 6739/7758/6732 6740/7761/6733
f 6723/7734/6716 6722/7732/6715 6753/7760/6746 6754/7762/6747
f 6710/7735/6703 6709/7733/6702 6740/7761/6733 6741/7763/6734
f 6724/7736/6717 6723/7734/6716 6754/7762/6747 6755/7764/6748
f 6711/7739/6704 6710/7765/6703 6741/7766/6734 6742/7767/6735
f 6725/7738/6718 6724/7736/6717 6755/7764/6748 6756/7768/6749
f 6712/7740/6705 6711/7739/6704 6742/7767/6735 6743/7769/6736
f 6726/7742/6719 6725/7738/6718 6756/7768/6749 6757/7770/6750
f 6713/7743/6706 6712/7740/6705 6743/7769/6736 6744/7771/6737
f 6727/7745/6720 6726/7744/6719 6757/7772/6750 6758/7773/6751
f 6714/7746/6707 6713/7743/6706 6744/7771/6737 6745/7774/6738
f 6728/7747/6721 6727/7745/6720 6758/7773/6751 6759/7775/6752
f 6715/7748/6708 6714/7746/6707 6745/7774/6738 6746/7776/6739
f 6729/7749/6722 6728/7747/6721 6759/7775/6752 6760/7777/6753
f 6716/7750/6709 6715/7748/6708 6746/7776/6739 6747/7778/6740
f 6703/7751/6696 6485/6910/6478 6734/7779/6727
f 6730/7752/6723 6729/7749/6722 6760/7777/6753 6761/7780/6754
f 6717/7753/6710 6716/7750/6709 6747/7778/6740 6748/7781/6741
f 6704/7754/6697 6703/7751/6696 6734/7779/6727 6735/7782/6728
f 6731/7755/6724 6730/7752/6723 6761/7780/6754 6762/7783/6755
f 6718/7756/6711 6717/7753/6710 6748/7781/6741 6749/7784/6742
f 6705/7723/6698 6704/7754/6697 6735/7782/6728 6736/7785/6729
f 6732/7725/6725 6731/7755/6724 6762/7783/6755 6763/7786/6756
f 6719/7727/6712 6718/7756/6711 6749/7784/6742 6750/7787/6743
f 6706/7724/6699 6705/7723/6698 6736/7785/6729 6737/7788/6730
f 6733/7726/6726 6732/7725/6725 6763/7786/6756 6764/7789/6757
f 6720/7728/6713 6719/7727/6712 6750/7787/6743 6751/7790/6744
f 6707/7729/6700 6706/7724/6699 6737/7788/6730 6738/7757/6731
f 6484/6932/6477 6733/7726/6726 6764/7789/6757
f 6721/7730/6714 6720/7728/6713 6751/7790/6744 6752/7759/6745
f 6741/7763/6734 6740/7761/6733 6771/7791/6764 6772/7792/6765
f 6755/7764/6748 6754/7762/6747 6785/7793/6778 6786/7794/6779
f 6742/7767/6735 6741/7766/6734 6772/7795/6765 6773/7796/6766
f 6756/7768/6749 6755/7764/6748 6786/7794/6779 6787/7797/6780
f 6743/7769/6736 6742/7767/6735 6773/7796/6766 6774/7798/6767
f 6757/7770/6750 6756/7768/6749 6787/7797/6780 6788/7799/6781
f 6744/7771/6737 6743/7769/6736 6774/7798/6767 6775/7800/6768
f 6758/7773/6751 6757/7772/6750 6788/7801/6781 6789/7802/6782
f 6745/7774/6738 6744/7771/6737 6775/7800/6768 6776/7803/6769
f 6759/7775/6752 6758/7773/6751 6789/7802/6782 6790/7804/6783
f 6746/7776/6739 6745/7774/6738 6776/7803/6769 6777/7805/6770
f 6760/7777/6753 6759/7775/6752 6790/7804/6783 6791/7806/6784
f 6747/7778/6740 6746/7776/6739 6777/7805/6770 6778/7807/6771
f 6734/7779/6727 6485/6910/6478 6765/7808/6758
f 6761/7780/6754 6760/7777/6753 6791/7806/6784 6792/7809/6785
f 6748/7781/6741 6747/7778/6740 6778/7807/6771 6779/7810/6772
f 6735/7782/6728 6734/7779/6727 6765/7808/6758 6766/7811/6759
f 6762/7783/6755 6761/7780/6754 6792/7809/6785 6793/7812/6786
f 6749/7784/6742 6748/7781/6741 6779/7810/6772 6780/7813/6773
f 6736/7785/6729 6735/7782/6728 6766/7811/6759 6767/7814/6760
f 6763/7786/6756 6762/7783/6755 6793/7812/6786 6794/7815/6787
f 6750/7787/6743 6749/7784/6742 6780/7813/6773 6781/7816/6774
f 6737/7788/6730 6736/7785/6729 6767/7814/6760 6768/7817/6761
f 6764/7789/6757 6763/7786/6756 6794/7815/6787 6795/7818/6788
f 6751/7790/6744 6750/7787/6743 6781/7816/6774 6782/7819/6775
f 6738/7757/6731 6737/7788/6730 6768/7817/6761 6769/7820/6762
f 6484/6932/6477 6764/7789/6757 6795/7818/6788
f 6752/7759/6745 6751/7790/6744 6782/7819/6775 6783/7821/6776
f 6739/7758/6732 6738/7757/6731 6769/7820/6762 6770/7822/6763
f 6753/7760/6746 6752/7759/6745 6783/7821/6776 6784/7823/6777
f 6740/7761/6733 6739/7758/6732 6770/7822/6763 6771/7791/6764
f 6754/7762/6747 6753/7760/6746 6784/7823/6777 6785/7793/6778
f 6770/7822/6763 6769/7820/6762 6800/7824/6793 6801/7825/6794
f 6784/7823/6777 6783/7821/6776 6814/7826/6807 6815/7827/6808
f 6771/7791/6764 6770/7822/6763 6801/7825/6794 6802/7828/6795
f 6785/7793/6778 6784/7823/6777 6815/7827/6808 6816/7829/6809
f 6772/7792/6765 6771/7791/6764 6802/7828/6795 6803/7830/6796
f 6786/7794/6779 6785/7793/6778 6816/7829/6809 6817/7831/6810
f 6773/7796/6766 6772/7795/6765 6803/7832/6796 6804/7833/6797
f 6787/7797/6780 6786/7794/6779 6817/7831/6810 6818/7834/6811
f 6774/7798/6767 6773/7796/6766 6804/7833/6797 6805/7835/6798
f 6788/7799/6781 6787/7797/6780 6818/7834/6811 6819/7836/6812
f 6775/7800/6768 6774/7798/6767 6805/7835/6798 6806/7837/6799
f 6789/7802/6782 6788/7801/6781 6819/7838/6812 6820/7839/6813
f 6776/7803/6769 6775/7800/6768 6806/7837/6799 6807/7840/6800
f 6790/7804/6783 6789/7802/6782 6820/7839/6813 6821/7841/6814
f 6777/7805/6770 6776/7803/6769 6807/7840/6800 6808/7842/6801
f 6791/7806/6784 6790/7804/6783 6821/7841/6814 6822/7843/6815
f 6778/7807/6771 6777/7805/6770 6808/7842/6801 6809/7844/6802
f 6765/7808/6758 6485/6910/6478 6796/7845/6789
f 6792/7809/6785 6791/7806/6784 6822/7843/6815 6823/7846/6816
f 6779/7810/6772 6778/7807/6771 6809/7844/6802 6810/7847/6803
f 6766/7811/6759 6765/7808/6758 6796/7845/6789 6797/7848/6790
f 6793/7812/6786 6792/7809/6785 6823/7846/6816 6824/7849/6817
f 6780/7813/6773 6779/7810/6772 6810/7847/6803 6811/7850/6804
f 6767/7814/6760 6766/7811/6759 6797/7848/6790 6798/7851/6791
f 6794/7815/6787 6793/7812/6786 6824/7849/6817 6825/7852/6818
f 6781/7816/6774 6780/7813/6773 6811/7850/6804 6812/7853/6805
f 6768/7817/6761 6767/7814/6760 6798/7851/6791 6799/7854/6792
f 6795/7818/6788 6794/7815/6787 6825/7852/6818 6826/7855/6819
f 6782/7819/6775 6781/7816/6774 6812/7853/6805 6813/7856/6806
f 6769/7820/6762 6768/7817/6761 6799/7854/6792 6800/7824/6793
f 6484/6932/6477 6795/7818/6788 6826/7855/6819
f 6783/7821/6776 6782/7819/6775 6813/7856/6806 6814/7826/6807
f 6803/7830/6796 6802/7828/6795 6833/7857/6826 6834/7858/6827
f 6817/7831/6810 6816/7829/6809 6847/7859/6840 6848/7860/6841
f 6804/7861/6797 6803/7830/6796 6834/7858/6827 6835/7862/6828
f 6818/7834/6811 6817/7831/6810 6848/7860/6841 6849/7863/6842
f 6805/7835/6798 6804/7833/6797 6835/7864/6828 6836/7865/6829
f 6819/7836/6812 6818/7834/6811 6849/7863/6842 6850/7866/6843
f 6806/7837/6799 6805/7835/6798 6836/7865/6829 6837/7867/6830
f 6820/7839/6813 6819/7838/6812 6850/7868/6843 6851/7869/6844
f 6807/7840/6800 6806/7837/6799 6837/7867/6830 6838/7870/6831
f 6821/7841/6814 6820/7839/6813 6851/7869/6844 6852/7871/6845
f 6808/7842/6801 6807/7840/6800 6838/7870/6831 6839/7872/6832
f 6822/7843/6815 6821/7841/6814 6852/7871/6845 6853/7873/6846
f 6809/7844/6802 6808/7842/6801 6839/7872/6832 6840/7874/6833
f 6796/7845/6789 6485/6910/6478 6827/7875/6820
f 6823/7846/6816 6822/7843/6815 6853/7873/6846 6854/7876/6847
f 6810/7847/6803 6809/7844/6802 6840/7874/6833 6841/7877/6834
f 6797/7848/6790 6796/7845/6789 6827/7875/6820 6828/7878/6821
f 6824/7849/6817 6823/7846/6816 6854/7876/6847 6855/7879/6848
f 6811/7850/6804 6810/7847/6803 6841/7877/6834 6842/7880/6835
f 6798/7851/6791 6797/7848/6790 6828/7878/6821 6829/7881/6822
f 6825/7852/6818 6824/7849/6817 6855/7879/6848 6856/7882/6849
f 6812/7853/6805 6811/7850/6804 6842/7880/6835 6843/7883/6836
f 6799/7854/6792 6798/7851/6791 6829/7881/6822 6830/7884/6823
f 6826/7855/6819 6825/7852/6818 6856/7882/6849 6857/7885/6850
f 6813/7856/6806 6812/7853/6805 6843/7883/6836 6844/7886/6837
f 6800/7824/6793 6799/7854/6792 6830/7884/6823 6831/7887/6824
f 6484/6932/6477 6826/7855/6819 6857/7885/6850
f 6814/7826/6807 6813/7856/6806 6844/7886/6837 6845/7888/6838
f 6801/7825/6794 6800/7824/6793 6831/7887/6824 6832/7889/6825
f 6815/7827/6808 6814/7826/6807 6845/7888/6838 6846/7890/6839
f 6802/7828/6795 6801/7825/6794 6832/7889/6825 6833/7857/6826
f 6816/7829/6809 6815/7827/6808 6846/7890/6839 6847/7859/6840
f 6836/7865/6829 6835/7864/6828 6866/7891/6859 6867/7892/6860
f 6850/7868/6843 6849/7893/6842 6880/7894/6873 6881/7895/6874
f 6837/7867/6830 6836/7865/6829 6867/7892/6860 6868/7896/6861
f 6851/7869/6844 6850/7868/6843 6881/7895/6874 6882/7897/6875
f 6838/7870/6831 6837/7867/6830 6868/7896/6861 6869/7898/6862
f 6852/7871/6845 6851/7869/6844 6882/7897/6875 6883/7899/6876
f 6839/7872/6832 6838/7870/6831 6869/7898/6862 6870/7900/6863
f 6853/7873/6846 6852/7871/6845 6883/7899/6876 6884/7901/6877
f 6840/7874/6833 6839/7872/6832 6870/7900/6863 6871/7902/6864
f 6827/7875/6820 6485/6910/6478 6858/7903/6851
f 6854/7876/6847 6853/7873/6846 6884/7901/6877 6885/7904/6878
f 6841/7877/6834 6840/7874/6833 6871/7902/6864 6872/7905/6865
f 6828/7878/6821 6827/7875/6820 6858/7903/6851 6859/7906/6852
f 6855/7879/6848 6854/7876/6847 6885/7904/6878 6886/7907/6879
f 6842/7880/6835 6841/7877/6834 6872/7905/6865 6873/7908/6866
f 6829/7881/6822 6828/7878/6821 6859/7906/6852 6860/7909/6853
f 6856/7882/6849 6855/7879/6848 6886/7907/6879 6887/7910/6880
f 6843/7883/6836 6842/7880/6835 6873/7908/6866 6874/7911/6867
f 6830/7884/6823 6829/7881/6822 6860/7909/6853 6861/7912/6854
f 6857/7885/6850 6856/7882/6849 6887/7910/6880 6888/7913/6881
f 6844/7886/6837 6843/7883/6836 6874/7911/6867 6875/7914/6868
f 6831/7887/6824 6830/7884/6823 6861/7912/6854 6862/7915/6855
f 6484/6932/6477 6857/7885/6850 6888/7913/6881
f 6845/7888/6838 6844/7886/6837 6875/7914/6868 6876/7916/6869
f 6832/7889/6825 6831/7887/6824 6862/7915/6855 6863/7917/6856
f 6846/7890/6839 6845/7888/6838 6876/7916/6869 6877/7918/6870
f 6833/7857/6826 6832/7889/6825 6863/7917/6856 6864/7919/6857
f 6847/7859/6840 6846/7890/6839 6877/7918/6870 6878/7920/6871
f 6834/7858/6827 6833/7857/6826 6864/7919/6857 6865/7921/6858
f 6848/7860/6841 6847/7859/6840 6878/7920/6871 6879/7922/6872
f 6835/7862/6828 6834/7858/6827 6865/7921/6858 6866/7923/6859
f 6849/7863/6842 6848/7860/6841 6879/7922/6872 6880/7924/6873
f 6869/7925/6862 6868/7926/6861 6899/7927/6892 6900/7928/6893
f 6883/7899/6876 6882/7897/6875 6913/7929/6906 6914/7930/6907
f 6870/7931/6863 6869/7925/6862 6900/7928/6893 6901/7932/6894
f 6884/7901/6877 6883/7899/6876 6914/7930/6907 6915/7933/6908
f 6871/7934/6864 6870/7931/6863 6901/7932/6894 6902/7935/6895
f 6858/7903/6851 6485/6910/6478 6889/7936/6882
f 6885/7904/6878 6884/7901/6877 6915/7933/6908 6916/7937/6909
f 6872/7938/6865 6871/7934/6864 6902/7935/6895 6903/7939/6896
f 6859/7906/6852 6858/7903/6851 6889/7936/6882 6890/7940/6883
f 6886/7907/6879 6885/7904/6878 6916/7937/6909 6917/7941/6910
f 6873/7942/6866 6872/7938/6865 6903/7939/6896 6904/7943/6897
f 6860/7909/6853 6859/7906/6852 6890/7940/6883 6891/7944/6884
f 6887/7910/6880 6886/7907/6879 6917/7941/6910 6918/7945/6911
f 6874/7946/6867 6873/7942/6866 6904/7943/6897 6905/7947/6898
f 6861/7912/6854 6860/7909/6853 6891/7944/6884 6892/7948/6885
f 6888/7913/6881 6887/7910/6880 6918/7945/6911 6919/7949/6912
f 6875/7950/6868 6874/7946/6867 6905/7947/6898 6906/7951/6899
f 6862/7915/6855 6861/7912/6854 6892/7948/6885 6893/7952/6886
f 6484/6932/6477 6888/7913/6881 6919/7949/6912
f 6876/7953/6869 6875/7950/6868 6906/7951/6899 6907/7954/6900
f 6863/7917/6856 6862/7915/6855 6893/7952/6886 6894/7955/6887
f 6877/7956/6870 6876/7953/6869 6907/7954/6900 6908/7957/6901
f 6864/7919/6857 6863/7917/6856 6894/7955/6887 6895/7958/6888
f 6878/7959/6871 6877/7956/6870 6908/7957/6901 6909/7960/6902
f 6865/7921/6858 6864/7919/6857 6895/7958/6888 6896/7961/6889
f 6879/7962/6872 6878/7959/6871 6909/7960/6902 6910/7963/6903
f 6866/7923/6859 6865/7921/6858 6896/7961/6889 6897/7964/6890
f 6880/7965/6873 6879/7962/6872 6910/7963/6903 6911/7966/6904
f 6867/7967/6860 6866/7923/6859 6897/7964/6890 6898/7968/6891
f 6881/7895/6874 6880/7894/6873 6911/7969/6904 6912/7970/6905
f 6868/7926/6861 6867/7971/6860 6898/7972/6891 6899/7927/6892
f 6882/7897/6875 6881/7895/6874 6912/7970/6905 6913/7929/6906
f 6902/7935/6895 6901/7932/6894 6932/7973/6925 6933/7974/6926
f 6889/7936/6882 6485/6910/6478 6920/7975/6913
f 6916/7937/6909 6915/7933/6908 6946/7976/6939 6947/7977/6940
f 6903/7939/6896 6902/7935/6895 6933/7974/6926 6934/7978/6927
f 6890/7940/6883 6889/7936/6882 6920/7975/6913 6921/7979/6914
f 6917/7941/6910 6916/7937/6909 6947/7977/6940 6948/7980/6941
f 6904/7943/6897 6903/7939/6896 6934/7978/6927 6935/7981/6928
f 6891/7944/6884 6890/7940/6883 6921/7979/6914 6922/7982/6915
f 6918/7945/6911 6917/7941/6910 6948/7980/6941 6949/7983/6942
f 6905/7947/6898 6904/7943/6897 6935/7981/6928 6936/7984/6929
f 6892/7948/6885 6891/7944/6884 6922/7982/6915 6923/7985/6916
f 6919/7949/6912 6918/7945/6911 6949/7983/6942 6950/7986/6943
f 6906/7951/6899 6905/7947/6898 6936/7984/6929 6937/7987/6930
f 6893/7952/6886 6892/7948/6885 6923/7985/6916 6924/7988/6917
f 6484/6932/6477 6919/7949/6912 6950/7986/6943
f 6907/7954/6900 6906/7951/6899 6937/7987/6930 6938/7989/6931
f 6894/7955/6887 6893/7952/6886 6924/7988/6917 6925/7990/6918
f 6908/7957/6901 6907/7954/6900 6938/7989/6931 6939/7991/6932
f 6895/7958/6888 6894/7955/6887 6925/7990/6918 6926/7992/6919
f 6909/7960/6902 6908/7957/6901 6939/7991/6932 6940/7993/6933
f 6896/7961/6889 6895/7958/6888 6926/7992/6919 6927/7994/6920
f 6910/7963/6903 6909/7960/6902 6940/7993/6933 6941/7995/6934
f 6897/7964/6890 6896/7961/6889 6927/7994/6920 6928/7996/6921
f 6911/7966/6904 6910/7963/6903 6941/7995/6934 6942/7997/6935
f 6898/7972/6891 6897/7998/6890 6928/7999/6921 6929/8000/6922
f 6912/7970/6905 6911/7969/6904 6942/8001/6935 6943/8002/6936
f 6899/7927/6892 6898/7972/6891 6929/8000/6922 6930/8003/6923
f 6913/7929/6906 6912/7970/6905 6943/8002/6936 6944/8004/6937
f 6900/7928/6893 6899/7927/6892 6930/8003/6923 6931/8005/6924
f 6914/7930/6907 6913/7929/6906 6944/8004/6937 6945/8006/6938
f 6901/7932/6894 6900/7928/6893 6931/8005/6924 6932/7973/6925
f 6915/7933/6908 6914/7930/6907 6945/8006/6938 6946/7976/6939
f 6935/7981/6928 6934/7978/6927 5977/6914/5970 6960/6920/6953
f 6922/7982/6915 6921/7979/6914 6952/6916/6945 6953/6922/6946
f 6949/7983/6942 6948/7980/6941 6965/6918/6958 5986/6924/5979
f 6936/7984/6929 6935/7981/6928 6960/6920/6953 5978/6926/5971
f 6923/7985/6916 6922/7982/6915 6953/6922/6946 6954/6928/6947
f 6950/7986/6943 6949/7983/6942 5986/6924/5979 5987/6930/5980
f 6937/7987/6930 6936/7984/6929 5978/6926/5971 5979/6866/5972
f 6924/7988/6917 6923/7985/6916 6954/6928/6947 6955/6870/6948
f 6484/6932/6477 6950/7986/6943 5987/6930/5980
f 6938/7989/6931 6937/7987/6930 5979/6866/5972 6961/6865/6954
f 6925/7990/6918 6924/7988/6917 6955/6870/6948 6956/6869/6949
f 6939/7991/6932 6938/7989/6931 6961/6865/6954 6962/6873/6955
f 6926/7992/6919 6925/7990/6918 6956/6869/6949 5972/6875/5965
f 6940/7993/6933 6939/7991/6932 6962/6873/6955 5980/6877/5973
f 6927/7994/6920 6926/7992/6919 5972/6875/5965 6957/6879/6950
f 6941/7995/6934 6940/7993/6933 5980/6877/5973 5981/6881/5974
f 6928/7996/6921 6927/7994/6920 6957/6879/6950 5973/8007/5966
f 6942/7997/6935 6941/7995/6934 5981/6881/5974 5982/6887/5975
f 6929/8000/6922 6928/7999/6921 5973/6883/5966 6958/6889/6951
f 6943/8008/6936 6942/7997/6935 5982/6887/5975 6963/6891/6956
f 6930/8003/6923 6929/8000/6922 6958/6889/6951 6959/6893/6952
f 6944/8004/6937 6943/8002/6936 6963/6896/6956 5983/6895/5976
f 6931/8005/6924 6930/8003/6923 6959/6893/6952 5974/6899/5967
f 6945/8006/6938 6944/8004/6937 5983/6895/5976 5984/6901/5977
f 6932/7973/6925 6931/8005/6924 5974/6899/5967 5975/6903/5968
f 6946/7976/6939 6945/8006/6938 5984/6901/5977 5985/6905/5978
f 6933/7974/6926 6932/7973/6925 5975/6903/5968 5976/6907/5969
f 6920/7975/6913 6485/6910/6478 6951/6909/6944
f 6947/7977/6940 6946/7976/6939 5985/6905/5978 6964/6912/6957
f 6934/7978/6927 6933/7974/6926 5976/6907/5969 5977/6914/5970
f 6921/7979/6914 6920/7975/6913 6951/6909/6944 6952/6916/6945
f 6948/7980/6941 6947/7977/6940 6964/6912/6957 6965/6918/6958
