# Blender 4.1.0
# www.blender.org
mtllib metanol.mtl
o Oxygen_mesh
v 0.105417 0.134583 0.516167
o Oxygen_ball
v 0.105417 0.637040 0.103811
v 0.105417 0.546939 0.013710
v 0.105417 0.383328 -0.084355
v 0.105417 0.323268 -0.105844
v 0.105417 0.261392 -0.121344
v 0.105417 0.198294 -0.130703
v 0.105417 0.070872 -0.130703
v 0.105417 0.007775 -0.121344
v 0.105417 -0.171825 -0.057082
v 0.105417 -0.226537 -0.024289
v 0.105417 -0.277772 0.013710
v 0.105417 -0.367873 0.103811
v 0.105417 -0.405872 0.155046
v 0.105417 -0.438665 0.209759
v 0.105417 -0.502927 0.389358
v 0.105417 -0.512287 0.452456
v 0.117846 0.781453 0.453680
v 0.130156 0.772094 0.391795
v 0.142227 0.756595 0.331107
v 0.153944 0.735105 0.272202
v 0.165194 0.707832 0.215646
v 0.175868 0.675039 0.161985
v 0.185863 0.637040 0.111734
v 0.195084 0.594203 0.065379
v 0.203441 0.546939 0.023364
v 0.210854 0.495704 -0.013904
v 0.217252 0.440991 -0.046067
v 0.222573 0.383328 -0.072816
v 0.226765 0.323268 -0.093893
v 0.229789 0.261392 -0.109094
v 0.231615 0.198294 -0.118274
v 0.232225 0.134583 -0.121344
v 0.231615 0.070872 -0.118274
v 0.229789 0.007775 -0.109094
v 0.226765 -0.054102 -0.093893
v 0.222573 -0.114161 -0.072816
v 0.217252 -0.171825 -0.046067
v 0.210854 -0.226537 -0.013904
v 0.203441 -0.277772 0.023364
v 0.195084 -0.325036 0.065379
v 0.185863 -0.367873 0.111734
v 0.175868 -0.405872 0.161985
v 0.165194 -0.438665 0.215646
v 0.153944 -0.465938 0.272202
v 0.142227 -0.487428 0.331107
v 0.130156 -0.502927 0.391795
v 0.117846 -0.512287 0.453680
v 0.129798 0.781453 0.457305
v 0.153944 0.772094 0.399011
v 0.177623 0.756595 0.341844
v 0.200607 0.735105 0.286357
v 0.222674 0.707832 0.233083
v 0.243612 0.675039 0.182535
v 0.263218 0.637040 0.135200
v 0.281305 0.594203 0.091534
v 0.297699 0.546939 0.051957
v 0.312240 0.495704 0.016851
v 0.324789 0.440991 -0.013446
v 0.335226 0.383328 -0.038643
v 0.343450 0.323268 -0.058497
v 0.349381 0.261392 -0.072816
v 0.352963 0.198294 -0.081463
v 0.354161 0.134583 -0.084355
v 0.352963 0.070872 -0.081463
v 0.349381 0.007775 -0.072816
v 0.343450 -0.054102 -0.058497
v 0.335226 -0.114161 -0.038643
v 0.324789 -0.171825 -0.013446
v 0.312240 -0.226537 0.016851
v 0.297699 -0.277772 0.051957
v 0.281305 -0.325036 0.091534
v 0.263218 -0.367873 0.135200
v 0.243612 -0.405872 0.182535
v 0.222674 -0.438665 0.233083
v 0.200607 -0.465938 0.286357
v 0.177623 -0.487428 0.341844
v 0.153944 -0.502927 0.399011
v 0.129798 -0.512287 0.457305
v 0.140813 0.781453 0.463193
v 0.175868 0.772094 0.410729
v 0.210244 0.756595 0.359281
v 0.243612 0.735105 0.309343
v 0.275648 0.707832 0.261398
v 0.306045 0.675039 0.215906
v 0.334509 0.637040 0.173306
v 0.360768 0.594203 0.134007
v 0.384567 0.546939 0.098389
v 0.405677 0.495704 0.066795
v 0.423897 0.440991 0.039528
v 0.439049 0.383328 0.016851
v 0.450988 0.323268 -0.001017
v 0.459598 0.261392 -0.013904
v 0.464798 0.198294 -0.021686
v 0.466537 0.134583 -0.024288
v 0.464798 0.070872 -0.021686
v 0.459598 0.007775 -0.013904
v 0.450988 -0.054102 -0.001017
v 0.439049 -0.114161 0.016851
v 0.423897 -0.171825 0.039528
v 0.405677 -0.226537 0.066795
v 0.384567 -0.277772 0.098389
v 0.360768 -0.325036 0.134007
v 0.334509 -0.367873 0.173306
v 0.306045 -0.405872 0.215906
v 0.275648 -0.438665 0.261398
v 0.243612 -0.465938 0.309343
v 0.210244 -0.487428 0.359281
v 0.175868 -0.502927 0.410729
v 0.140813 -0.512287 0.463193
v 0.150467 0.781453 0.471116
v 0.195084 0.772094 0.426499
v 0.238837 0.756595 0.382746
v 0.281305 0.735105 0.340278
v 0.322080 0.707832 0.299504
v 0.360767 0.675039 0.260816
v 0.396996 0.637040 0.224587
v 0.430417 0.594203 0.191167
v 0.460707 0.546939 0.160876
v 0.487576 0.495704 0.134007
v 0.510765 0.440991 0.110819
v 0.530050 0.383328 0.091534
v 0.545245 0.323268 0.076338
v 0.556205 0.261392 0.065379
v 0.562823 0.198294 0.058761
v 0.565036 0.134583 0.056547
v 0.562823 0.070872 0.058761
v 0.556205 0.007775 0.065379
v 0.545245 -0.054102 0.076338
v 0.530050 -0.114161 0.091534
v 0.510765 -0.171825 0.110819
v 0.487576 -0.226537 0.134007
v 0.460707 -0.277772 0.160876
v 0.430417 -0.325036 0.191167
v 0.396996 -0.367873 0.224587
v 0.360767 -0.405872 0.260816
v 0.322080 -0.438665 0.299504
v 0.281305 -0.465938 0.340278
v 0.238837 -0.487428 0.382746
v 0.195084 -0.502927 0.426499
v 0.150467 -0.512287 0.471116
v 0.158391 0.781453 0.480771
v 0.210854 0.772094 0.445716
v 0.262303 0.756595 0.411339
v 0.312240 0.735105 0.377972
v 0.360185 0.707832 0.345936
v 0.405677 0.675039 0.315539
v 0.448278 0.637040 0.287074
v 0.487576 0.594203 0.260816
v 0.523194 0.546939 0.237017
v 0.554789 0.495704 0.215906
v 0.582056 0.440991 0.197687
v 0.604732 0.383328 0.182535
v 0.622600 0.323268 0.170596
v 0.635487 0.261392 0.161985
v 0.643269 0.198294 0.156785
v 0.645872 0.134583 0.155046
v 0.643269 0.070872 0.156785
v 0.635487 0.007775 0.161985
v 0.622600 -0.054102 0.170596
v 0.604732 -0.114161 0.182535
v 0.582056 -0.171825 0.197687
v 0.554789 -0.226537 0.215906
v 0.523194 -0.277772 0.237017
v 0.487576 -0.325036 0.260816
v 0.448278 -0.367873 0.287074
v 0.405677 -0.405872 0.315539
v 0.360185 -0.438665 0.345936
v 0.312240 -0.465938 0.377972
v 0.262303 -0.487428 0.411339
v 0.210854 -0.502927 0.445716
v 0.158391 -0.512287 0.480771
v 0.164278 0.781453 0.491785
v 0.222573 0.772094 0.467639
v 0.279739 0.756595 0.443960
v 0.335226 0.735105 0.420976
v 0.388501 0.707832 0.398910
v 0.439049 0.675039 0.377972
v 0.486384 0.637040 0.358365
v 0.530050 0.594203 0.340278
v 0.569626 0.546939 0.323885
v 0.604732 0.495704 0.309344
v 0.635029 0.440991 0.296794
v 0.660226 0.383328 0.286357
v 0.680080 0.323268 0.278133
v 0.694399 0.261392 0.272202
v 0.703047 0.198294 0.268620
v 0.705938 0.134583 0.267423
v 0.703047 0.070872 0.268620
v 0.694399 0.007775 0.272202
v 0.680080 -0.054102 0.278133
v 0.660226 -0.114161 0.286357
v 0.635029 -0.171825 0.296794
v 0.604732 -0.226537 0.309344
v 0.569626 -0.277772 0.323885
v 0.530050 -0.325036 0.340278
v 0.486384 -0.367873 0.358365
v 0.439049 -0.405872 0.377972
v 0.388501 -0.438665 0.398910
v 0.335226 -0.465938 0.420976
v 0.279739 -0.487428 0.443960
v 0.222573 -0.502927 0.467639
v 0.164278 -0.512287 0.491785
v 0.167904 0.781453 0.503737
v 0.229789 0.772094 0.491428
v 0.290476 0.756595 0.479356
v 0.349381 0.735105 0.467639
v 0.405937 0.707832 0.456390
v 0.459598 0.675039 0.445716
v 0.509849 0.637040 0.435720
v 0.556205 0.594203 0.426499
v 0.598219 0.546939 0.418142
v 0.635487 0.495704 0.410729
v 0.667651 0.440991 0.404331
v 0.694399 0.383328 0.399011
v 0.715476 0.323268 0.394818
v 0.730677 0.261392 0.391795
v 0.739857 0.198294 0.389969
v 0.742927 0.134583 0.389358
v 0.739857 0.070872 0.389969
v 0.730677 0.007775 0.391795
v 0.715476 -0.054102 0.394818
v 0.694399 -0.114161 0.399011
v 0.667651 -0.171825 0.404331
v 0.635487 -0.226537 0.410729
v 0.598219 -0.277772 0.418142
v 0.556205 -0.325036 0.426499
v 0.509849 -0.367873 0.435720
v 0.459598 -0.405872 0.445716
v 0.405937 -0.438665 0.456390
v 0.349381 -0.465938 0.467639
v 0.290476 -0.487428 0.479356
v 0.229789 -0.502927 0.491428
v 0.167904 -0.512287 0.503737
v 0.169128 0.781453 0.516167
v 0.232225 0.772094 0.516167
v 0.294102 0.756595 0.516167
v 0.354161 0.735105 0.516167
v 0.411824 0.707832 0.516167
v 0.466537 0.675039 0.516167
v 0.517772 0.637040 0.516167
v 0.565036 0.594203 0.516167
v 0.607873 0.546939 0.516167
v 0.645872 0.495704 0.516167
v 0.678665 0.440991 0.516167
v 0.705938 0.383328 0.516167
v 0.727428 0.323268 0.516167
v 0.742927 0.261392 0.516167
v 0.752287 0.198294 0.516167
v 0.755416 0.134583 0.516167
v 0.752287 0.070872 0.516167
v 0.742927 0.007775 0.516167
v 0.727428 -0.054102 0.516167
v 0.705938 -0.114161 0.516167
v 0.678665 -0.171825 0.516167
v 0.645872 -0.226537 0.516167
v 0.607873 -0.277772 0.516167
v 0.565036 -0.325036 0.516167
v 0.517772 -0.367873 0.516167
v 0.466537 -0.405872 0.516167
v 0.411824 -0.438665 0.516167
v 0.354161 -0.465938 0.516167
v 0.294102 -0.487428 0.516167
v 0.232225 -0.502927 0.516167
v 0.169128 -0.512287 0.516167
v 0.167904 0.781453 0.528596
v 0.229789 0.772094 0.540906
v 0.290476 0.756595 0.552977
v 0.349381 0.735105 0.564694
v 0.405937 0.707832 0.575944
v 0.459598 0.675039 0.586618
v 0.509849 0.637040 0.596613
v 0.556205 0.594203 0.605834
v 0.598219 0.546939 0.614191
v 0.635487 0.495704 0.621604
v 0.667650 0.440991 0.628002
v 0.694399 0.383328 0.633323
v 0.715476 0.323268 0.637515
v 0.730677 0.261392 0.640539
v 0.739857 0.198294 0.642365
v 0.742927 0.134583 0.642975
v 0.739857 0.070872 0.642365
v 0.730677 0.007775 0.640539
v 0.715476 -0.054102 0.637515
v 0.694399 -0.114161 0.633323
v 0.667650 -0.171825 0.628002
v 0.635487 -0.226537 0.621604
v 0.598219 -0.277772 0.614191
v 0.556205 -0.325036 0.605834
v 0.509849 -0.367873 0.596613
v 0.459598 -0.405872 0.586618
v 0.405937 -0.438665 0.575944
v 0.349381 -0.465938 0.564694
v 0.290476 -0.487428 0.552977
v 0.229789 -0.502927 0.540906
v 0.167904 -0.512287 0.528596
v 0.164278 0.781453 0.540548
v 0.222573 0.772094 0.564694
v 0.279739 0.756595 0.588373
v 0.335226 0.735105 0.611357
v 0.388501 0.707832 0.633424
v 0.439048 0.675039 0.654362
v 0.486383 0.637040 0.673968
v 0.530050 0.594203 0.692055
v 0.569626 0.546939 0.708449
v 0.604732 0.495704 0.722990
v 0.635029 0.440991 0.735539
v 0.660226 0.383328 0.745976
v 0.680080 0.323268 0.754200
v 0.694399 0.261392 0.760131
v 0.703046 0.198294 0.763713
v 0.705938 0.134583 0.764911
v 0.703046 0.070872 0.763713
v 0.694399 0.007775 0.760131
v 0.680080 -0.054102 0.754200
v 0.660226 -0.114161 0.745976
v 0.635029 -0.171825 0.735539
v 0.604732 -0.226537 0.722990
v 0.569626 -0.277772 0.708449
v 0.530050 -0.325036 0.692055
v 0.486383 -0.367873 0.673968
v 0.439048 -0.405872 0.654362
v 0.388501 -0.438665 0.633424
v 0.335226 -0.465938 0.611357
v 0.279739 -0.487428 0.588373
v 0.222573 -0.502927 0.564694
v 0.164278 -0.512287 0.540548
v 0.158391 0.781453 0.551563
v 0.210854 0.772094 0.586618
v 0.262302 0.756595 0.620994
v 0.312240 0.735105 0.654362
v 0.360185 0.707832 0.686398
v 0.405677 0.675039 0.716795
v 0.448278 0.637040 0.745259
v 0.487576 0.594203 0.771518
v 0.523194 0.546939 0.795317
v 0.554789 0.495704 0.816427
v 0.582055 0.440991 0.834647
v 0.604732 0.383328 0.849799
v 0.622600 0.323268 0.861738
v 0.635487 0.261392 0.870348
v 0.643269 0.198294 0.875548
v 0.645872 0.134583 0.877287
v 0.643269 0.070872 0.875548
v 0.635487 0.007775 0.870348
v 0.622600 -0.054102 0.861738
v 0.604732 -0.114161 0.849799
v 0.582055 -0.171825 0.834647
v 0.554789 -0.226537 0.816427
v 0.523194 -0.277772 0.795317
v 0.487576 -0.325036 0.771518
v 0.448278 -0.367873 0.745259
v 0.405677 -0.405872 0.716795
v 0.360185 -0.438665 0.686398
v 0.312240 -0.465938 0.654362
v 0.262302 -0.487428 0.620994
v 0.210854 -0.502927 0.586618
v 0.158391 -0.512287 0.551563
v 0.150467 0.781453 0.561217
v 0.195084 0.772094 0.605834
v 0.238837 0.756595 0.649587
v 0.281305 0.735105 0.692055
v 0.322080 0.707832 0.732830
v 0.360767 0.675039 0.771518
v 0.396996 0.637040 0.807746
v 0.430417 0.594203 0.841167
v 0.460707 0.546939 0.871457
v 0.487576 0.495704 0.898326
v 0.510765 0.440991 0.921515
v 0.530050 0.383328 0.940800
v 0.545245 0.323268 0.955995
v 0.556204 0.261392 0.966955
v 0.562823 0.198294 0.973573
v 0.565036 0.134583 0.975786
v 0.562823 0.070872 0.973573
v 0.556204 0.007775 0.966955
v 0.545245 -0.054102 0.955995
v 0.530050 -0.114161 0.940800
v 0.510765 -0.171825 0.921515
v 0.487576 -0.226537 0.898326
v 0.460707 -0.277772 0.871457
v 0.430417 -0.325036 0.841167
v 0.396996 -0.367873 0.807746
v 0.360767 -0.405872 0.771518
v 0.322080 -0.438665 0.732830
v 0.281305 -0.465938 0.692055
v 0.238837 -0.487428 0.649587
v 0.195084 -0.502927 0.605834
v 0.150467 -0.512287 0.561217
v 0.140813 0.781453 0.569141
v 0.175868 0.772094 0.621604
v 0.210244 0.756595 0.673052
v 0.243611 0.735105 0.722990
v 0.275648 0.707832 0.770935
v 0.306044 0.675039 0.816427
v 0.334509 0.637040 0.859028
v 0.360767 0.594203 0.898326
v 0.384567 0.546939 0.933944
v 0.405677 0.495704 0.965539
v 0.423896 0.440991 0.992805
v 0.439049 0.383328 1.015482
v 0.450987 0.323268 1.033350
v 0.459598 0.261392 1.046237
v 0.464798 0.198294 1.054019
v 0.466537 0.134583 1.056622
v 0.464798 0.070872 1.054019
v 0.459598 0.007775 1.046237
v 0.450987 -0.054102 1.033350
v 0.439049 -0.114161 1.015482
v 0.423896 -0.171825 0.992805
v 0.405677 -0.226537 0.965539
v 0.384567 -0.277772 0.933944
v 0.360767 -0.325036 0.898326
v 0.334509 -0.367873 0.859028
v 0.306044 -0.405872 0.816427
v 0.275648 -0.438665 0.770935
v 0.243611 -0.465938 0.722990
v 0.210244 -0.487428 0.673052
v 0.175868 -0.502927 0.621604
v 0.140813 -0.512287 0.569141
v 0.129798 0.781453 0.575028
v 0.153944 0.772094 0.633323
v 0.177623 0.756595 0.690489
v 0.200607 0.735105 0.745976
v 0.222674 0.707832 0.799250
v 0.243611 0.675039 0.849799
v 0.263218 0.637040 0.897133
v 0.281305 0.594203 0.940800
v 0.297698 0.546939 0.980376
v 0.312240 0.495704 1.015482
v 0.324789 0.440991 1.045779
v 0.335226 0.383328 1.070976
v 0.343450 0.323268 1.090830
v 0.349381 0.261392 1.105149
v 0.352963 0.198294 1.113796
v 0.354161 0.134583 1.116688
v 0.352963 0.070872 1.113796
v 0.349381 0.007775 1.105149
v 0.343450 -0.054102 1.090830
v 0.335226 -0.114161 1.070976
v 0.324789 -0.171825 1.045779
v 0.312240 -0.226537 1.015482
v 0.297698 -0.277772 0.980376
v 0.281305 -0.325036 0.940800
v 0.263218 -0.367873 0.897133
v 0.243611 -0.405872 0.849799
v 0.222674 -0.438665 0.799250
v 0.200607 -0.465938 0.745976
v 0.177623 -0.487428 0.690489
v 0.153944 -0.502927 0.633323
v 0.129798 -0.512287 0.575028
v 0.117846 0.781453 0.578654
v 0.130156 0.772094 0.640539
v 0.142227 0.756595 0.701226
v 0.153944 0.735105 0.760131
v 0.165194 0.707832 0.816687
v 0.175868 0.675039 0.870348
v 0.185863 0.637040 0.920599
v 0.195084 0.594203 0.966955
v 0.203441 0.546939 1.008969
v 0.210854 0.495704 1.046237
v 0.217252 0.440991 1.078400
v 0.222573 0.383328 1.105149
v 0.226765 0.323268 1.126226
v 0.229789 0.261392 1.141427
v 0.231615 0.198294 1.150607
v 0.232225 0.134583 1.153677
v 0.231615 0.070872 1.150607
v 0.229789 0.007775 1.141427
v 0.226765 -0.054102 1.126226
v 0.222573 -0.114161 1.105149
v 0.217252 -0.171825 1.078400
v 0.210854 -0.226537 1.046237
v 0.203441 -0.277772 1.008969
v 0.195084 -0.325036 0.966955
v 0.185863 -0.367873 0.920599
v 0.175868 -0.405872 0.870348
v 0.165194 -0.438665 0.816687
v 0.153944 -0.465938 0.760131
v 0.142227 -0.487428 0.701226
v 0.130156 -0.502927 0.640539
v 0.117846 -0.512287 0.578654
v 0.105417 0.781453 0.579878
v 0.105417 0.772094 0.642975
v 0.105417 0.756595 0.704852
v 0.105417 0.735105 0.764911
v 0.105417 0.707832 0.822574
v 0.105417 0.675039 0.877287
v 0.105417 0.637040 0.928522
v 0.105417 0.594203 0.975786
v 0.105417 0.546939 1.018623
v 0.105417 0.495704 1.056622
v 0.105417 0.440991 1.089415
v 0.105417 0.383328 1.116688
v 0.105417 0.323268 1.138178
v 0.105417 0.261392 1.153677
v 0.105417 0.198294 1.163036
v 0.105416 0.134583 1.166166
v 0.105417 0.070872 1.163036
v 0.105417 0.007775 1.153677
v 0.105417 -0.054102 1.138178
v 0.105417 -0.114161 1.116688
v 0.105417 -0.171825 1.089415
v 0.105417 -0.226537 1.056622
v 0.105417 -0.277772 1.018623
v 0.105417 -0.325036 0.975786
v 0.105417 -0.367873 0.928522
v 0.105417 -0.405872 0.877287
v 0.105417 -0.438665 0.822574
v 0.105417 -0.465938 0.764911
v 0.105417 -0.487428 0.704852
v 0.105417 -0.502927 0.642975
v 0.105417 -0.512287 0.579878
v 0.105417 -0.515417 0.516167
v 0.105417 0.784583 0.516167
v 0.092987 0.781453 0.578654
v 0.080678 0.772094 0.640539
v 0.068606 0.756595 0.701226
v 0.056889 0.735105 0.760131
v 0.045639 0.707832 0.816687
v 0.034965 0.675039 0.870348
v 0.024970 0.637040 0.920599
v 0.015749 0.594203 0.966955
v 0.007392 0.546939 1.008969
v -0.000021 0.495704 1.046237
v -0.006419 0.440991 1.078400
v -0.011739 0.383328 1.105149
v -0.015932 0.323268 1.126226
v -0.018955 0.261392 1.141427
v -0.020781 0.198294 1.150607
v -0.021392 0.134583 1.153677
v -0.020781 0.070872 1.150607
v -0.018955 0.007775 1.141427
v -0.015932 -0.054102 1.126226
v -0.011739 -0.114161 1.105149
v -0.006419 -0.171825 1.078400
v -0.000021 -0.226537 1.046237
v 0.007392 -0.277772 1.008969
v 0.015749 -0.325036 0.966955
v 0.024970 -0.367873 0.920599
v 0.034965 -0.405872 0.870348
v 0.045639 -0.438665 0.816687
v 0.056889 -0.465938 0.760131
v 0.068606 -0.487428 0.701226
v 0.080678 -0.502927 0.640539
v 0.092987 -0.512287 0.578654
v 0.081035 0.781453 0.575028
v 0.056889 0.772094 0.633323
v 0.033210 0.756595 0.690489
v 0.010226 0.735105 0.745976
v -0.011841 0.707832 0.799250
v -0.032778 0.675039 0.849798
v -0.052385 0.637040 0.897133
v -0.070472 0.594203 0.940800
v -0.086865 0.546939 0.980376
v -0.101407 0.495704 1.015482
v -0.113956 0.440991 1.045779
v -0.124393 0.383328 1.070976
v -0.132617 0.323268 1.090830
v -0.138548 0.261392 1.105149
v -0.142130 0.198294 1.113796
v -0.143328 0.134583 1.116688
v -0.142130 0.070872 1.113796
v -0.138548 0.007775 1.105149
v -0.132617 -0.054102 1.090830
v -0.124393 -0.114161 1.070976
v -0.113956 -0.171825 1.045779
v -0.101407 -0.226537 1.015482
v -0.086865 -0.277772 0.980376
v -0.070472 -0.325036 0.940800
v -0.052385 -0.367873 0.897133
v -0.032778 -0.405872 0.849798
v -0.011841 -0.438665 0.799250
v 0.010226 -0.465938 0.745976
v 0.033210 -0.487428 0.690489
v 0.056889 -0.502927 0.633323
v 0.081035 -0.512287 0.575028
v 0.070021 0.781453 0.569141
v 0.034966 0.772094 0.621604
v 0.000589 0.756595 0.673052
v -0.032778 0.735105 0.722990
v -0.064814 0.707832 0.770935
v -0.095211 0.675039 0.816427
v -0.123676 0.637040 0.859028
v -0.149934 0.594203 0.898326
v -0.173733 0.546939 0.933944
v -0.194844 0.495704 0.965539
v -0.213063 0.440991 0.992805
v -0.228215 0.383328 1.015482
v -0.240154 0.323268 1.033350
v -0.248765 0.261392 1.046237
v -0.253965 0.198294 1.054019
v -0.255704 0.134583 1.056621
v -0.253965 0.070872 1.054019
v -0.248765 0.007775 1.046237
v -0.240154 -0.054102 1.033350
v -0.228215 -0.114161 1.015482
v -0.213063 -0.171825 0.992805
v -0.194844 -0.226537 0.965539
v -0.173733 -0.277772 0.933944
v -0.149934 -0.325036 0.898326
v -0.123676 -0.367873 0.859028
v -0.095211 -0.405872 0.816427
v -0.064814 -0.438665 0.770935
v -0.032778 -0.465938 0.722990
v 0.000589 -0.487428 0.673052
v 0.034966 -0.502927 0.621604
v 0.070021 -0.512287 0.569141
v 0.060366 0.781453 0.561217
v 0.015749 0.772094 0.605834
v -0.028004 0.756595 0.649587
v -0.070472 0.735105 0.692055
v -0.111246 0.707832 0.732830
v -0.149934 0.675039 0.771517
v -0.186163 0.637040 0.807746
v -0.219583 0.594203 0.841167
v -0.249874 0.546939 0.871457
v -0.276743 0.495704 0.898326
v -0.299931 0.440991 0.921515
v -0.319216 0.383328 0.940799
v -0.334412 0.323268 0.955995
v -0.345371 0.261392 0.966954
v -0.351989 0.198294 0.973572
v -0.354203 0.134583 0.975785
v -0.351989 0.070872 0.973572
v -0.345371 0.007775 0.966954
v -0.334412 -0.054102 0.955995
v -0.319216 -0.114161 0.940799
v -0.299931 -0.171825 0.921515
v -0.276743 -0.226537 0.898326
v -0.249874 -0.277772 0.871457
v -0.219583 -0.325036 0.841167
v -0.186163 -0.367873 0.807746
v -0.149934 -0.405872 0.771517
v -0.111246 -0.438665 0.732830
v -0.070472 -0.465938 0.692055
v -0.028004 -0.487428 0.649587
v 0.015749 -0.502927 0.605834
v 0.060366 -0.512287 0.561217
v 0.052443 0.781453 0.551563
v -0.000021 0.772094 0.586618
v -0.051469 0.756595 0.620994
v -0.101407 0.735105 0.654361
v -0.149352 0.707832 0.686398
v -0.194844 0.675039 0.716794
v -0.237444 0.637040 0.745259
v -0.276743 0.594203 0.771517
v -0.312361 0.546939 0.795317
v -0.343955 0.495704 0.816427
v -0.371222 0.440991 0.834646
v -0.393899 0.383328 0.849799
v -0.411767 0.323268 0.861737
v -0.424654 0.261392 0.870348
v -0.432436 0.198294 0.875548
v -0.435038 0.134583 0.877287
v -0.432436 0.070872 0.875548
v -0.424654 0.007775 0.870348
v -0.411767 -0.054102 0.861737
v -0.393899 -0.114161 0.849799
v -0.371222 -0.171825 0.834646
v -0.343955 -0.226537 0.816427
v -0.312361 -0.277772 0.795317
v -0.276743 -0.325036 0.771517
v -0.237444 -0.367873 0.745259
v -0.194844 -0.405872 0.716794
v -0.149352 -0.438665 0.686398
v -0.101407 -0.465938 0.654361
v -0.051469 -0.487428 0.620994
v -0.000021 -0.502927 0.586618
v 0.052443 -0.512287 0.551563
v 0.046555 0.781453 0.540548
v -0.011739 0.772094 0.564694
v -0.068905 0.756595 0.588373
v -0.124393 0.735105 0.611357
v -0.177667 0.707832 0.633424
v -0.228215 0.675039 0.654361
v -0.275550 0.637040 0.673968
v -0.319216 0.594203 0.692055
v -0.358793 0.546939 0.708448
v -0.393899 0.495704 0.722990
v -0.424196 0.440991 0.735539
v -0.449393 0.383328 0.745976
v -0.469247 0.323268 0.754200
v -0.483566 0.261392 0.760131
v -0.492213 0.198294 0.763713
v -0.495105 0.134583 0.764910
v -0.492213 0.070872 0.763713
v -0.483566 0.007775 0.760131
v -0.469247 -0.054102 0.754200
v -0.449393 -0.114161 0.745976
v -0.424196 -0.171825 0.735539
v -0.393899 -0.226537 0.722990
v -0.358793 -0.277772 0.708448
v -0.319216 -0.325036 0.692055
v -0.275550 -0.367873 0.673968
v -0.228215 -0.405872 0.654361
v -0.177667 -0.438665 0.633424
v -0.124393 -0.465938 0.611357
v -0.068905 -0.487428 0.588373
v -0.011739 -0.502927 0.564694
v 0.046555 -0.512287 0.540548
v 0.042930 0.781453 0.528596
v -0.018955 0.772094 0.540906
v -0.079643 0.756595 0.552977
v -0.138548 0.735105 0.564694
v -0.195103 0.707832 0.575944
v -0.248765 0.675039 0.586618
v -0.299015 0.637040 0.596613
v -0.345371 0.594203 0.605834
v -0.387385 0.546939 0.614191
v -0.424654 0.495704 0.621604
v -0.456817 0.440991 0.628002
v -0.483566 0.383328 0.633323
v -0.504643 0.323268 0.637515
v -0.519844 0.261392 0.640539
v -0.529023 0.198294 0.642365
v -0.532093 0.134583 0.642975
v -0.529023 0.070872 0.642365
v -0.519844 0.007775 0.640539
v -0.504643 -0.054102 0.637515
v -0.483566 -0.114161 0.633323
v -0.456817 -0.171825 0.628002
v -0.424654 -0.226537 0.621604
v -0.387385 -0.277772 0.614191
v -0.345371 -0.325036 0.605834
v -0.299015 -0.367873 0.596613
v -0.248765 -0.405872 0.586618
v -0.195103 -0.438665 0.575944
v -0.138548 -0.465938 0.564694
v -0.079643 -0.487428 0.552977
v -0.018955 -0.502927 0.540906
v 0.042930 -0.512287 0.528596
v 0.041706 0.781453 0.516167
v -0.021392 0.772094 0.516167
v -0.083268 0.756595 0.516167
v -0.143327 0.735105 0.516167
v -0.200991 0.707832 0.516167
v -0.255704 0.675039 0.516167
v -0.306939 0.637040 0.516167
v -0.354203 0.594203 0.516167
v -0.397040 0.546939 0.516167
v -0.435038 0.495704 0.516167
v -0.467832 0.440991 0.516167
v -0.495105 0.383328 0.516167
v -0.516594 0.323268 0.516167
v -0.532093 0.261392 0.516167
v -0.541453 0.198294 0.516167
v -0.544583 0.134583 0.516166
v -0.541453 0.070872 0.516167
v -0.532093 0.007775 0.516167
v -0.516594 -0.054102 0.516167
v -0.495105 -0.114161 0.516167
v -0.467832 -0.171825 0.516167
v -0.435038 -0.226537 0.516167
v -0.397040 -0.277772 0.516167
v -0.354203 -0.325036 0.516167
v -0.306939 -0.367873 0.516167
v -0.255704 -0.405872 0.516167
v -0.200991 -0.438665 0.516167
v -0.143327 -0.465938 0.516167
v -0.083268 -0.487428 0.516167
v -0.021392 -0.502927 0.516167
v 0.041706 -0.512287 0.516167
v 0.042930 0.781453 0.503737
v -0.018955 0.772094 0.491428
v -0.079643 0.756595 0.479356
v -0.138548 0.735105 0.467639
v -0.195103 0.707832 0.456389
v -0.248765 0.675039 0.445716
v -0.299015 0.637040 0.435720
v -0.345371 0.594203 0.426499
v -0.387385 0.546939 0.418142
v -0.424654 0.495704 0.410729
v -0.456817 0.440991 0.404331
v -0.483566 0.383328 0.399011
v -0.504642 0.323268 0.394818
v -0.519844 0.261392 0.391794
v -0.529023 0.198294 0.389969
v -0.532093 0.134583 0.389358
v -0.529023 0.070872 0.389969
v -0.519844 0.007775 0.391794
v -0.504642 -0.054102 0.394818
v -0.483566 -0.114161 0.399011
v -0.456817 -0.171825 0.404331
v -0.424654 -0.226537 0.410729
v -0.387385 -0.277772 0.418142
v -0.345371 -0.325036 0.426499
v -0.299015 -0.367873 0.435720
v -0.248765 -0.405872 0.445716
v -0.195103 -0.438665 0.456389
v -0.138548 -0.465938 0.467639
v -0.079643 -0.487428 0.479356
v -0.018955 -0.502927 0.491428
v 0.042930 -0.512287 0.503737
v 0.046555 0.781453 0.491785
v -0.011739 0.772094 0.467639
v -0.068905 0.756595 0.443960
v -0.124393 0.735105 0.420976
v -0.177667 0.707832 0.398910
v -0.228215 0.675039 0.377972
v -0.275550 0.637040 0.358365
v -0.319216 0.594203 0.340278
v -0.358793 0.546939 0.323885
v -0.393899 0.495704 0.309343
v -0.424196 0.440991 0.296794
v -0.449393 0.383328 0.286357
v -0.469246 0.323268 0.278133
v -0.483566 0.261392 0.272202
v -0.492213 0.198294 0.268620
v -0.495104 0.134583 0.267422
v -0.492213 0.070872 0.268620
v -0.483566 0.007775 0.272202
v -0.469246 -0.054102 0.278133
v -0.449393 -0.114161 0.286357
v -0.424196 -0.171825 0.296794
v -0.393899 -0.226537 0.309343
v -0.358793 -0.277772 0.323885
v -0.319216 -0.325036 0.340278
v -0.275550 -0.367873 0.358365
v -0.228215 -0.405872 0.377972
v -0.177667 -0.438665 0.398910
v -0.124393 -0.465938 0.420976
v -0.068905 -0.487428 0.443960
v -0.011739 -0.502927 0.467639
v 0.046555 -0.512287 0.491785
v 0.052443 0.781453 0.480771
v -0.000021 0.772094 0.445716
v -0.051469 0.756595 0.411339
v -0.101406 0.735105 0.377972
v -0.149352 0.707832 0.345936
v -0.194844 0.675039 0.315539
v -0.237444 0.637040 0.287074
v -0.276743 0.594203 0.260816
v -0.312361 0.546939 0.237017
v -0.343955 0.495704 0.215906
v -0.371222 0.440991 0.197687
v -0.393899 0.383328 0.182535
v -0.411766 0.323268 0.170596
v -0.424653 0.261392 0.161985
v -0.432436 0.198294 0.156785
v -0.435038 0.134583 0.155046
v -0.432436 0.070872 0.156785
v -0.424653 0.007775 0.161985
v -0.411766 -0.054102 0.170596
v -0.393899 -0.114161 0.182535
v -0.371222 -0.171825 0.197687
v -0.343955 -0.226537 0.215906
v -0.312361 -0.277772 0.237017
v -0.276743 -0.325036 0.260816
v -0.237444 -0.367873 0.287074
v -0.194844 -0.405872 0.315539
v -0.149352 -0.438665 0.345936
v -0.101406 -0.465938 0.377972
v -0.051469 -0.487428 0.411339
v -0.000021 -0.502927 0.445716
v 0.052443 -0.512287 0.480771
v 0.060366 0.781453 0.471116
v 0.015749 0.772094 0.426499
v -0.028004 0.756595 0.382746
v -0.070472 0.735105 0.340278
v -0.111246 0.707832 0.299504
v -0.149934 0.675039 0.260816
v -0.186162 0.637040 0.224587
v -0.219583 0.594203 0.191167
v -0.249874 0.546939 0.160876
v -0.276743 0.495704 0.134007
v -0.299931 0.440991 0.110819
v -0.319216 0.383328 0.091534
v -0.334411 0.323268 0.076339
v -0.345371 0.261392 0.065379
v -0.351989 0.198294 0.058761
v -0.354202 0.134583 0.056548
v -0.351989 0.070872 0.058761
v -0.345371 0.007775 0.065379
v -0.334411 -0.054102 0.076339
v -0.319216 -0.114161 0.091534
v -0.299931 -0.171825 0.110819
v -0.276743 -0.226537 0.134007
v -0.249874 -0.277772 0.160876
v -0.219583 -0.325036 0.191167
v -0.186162 -0.367873 0.224587
v -0.149934 -0.405872 0.260816
v -0.111246 -0.438665 0.299504
v -0.070472 -0.465938 0.340278
v -0.028004 -0.487428 0.382746
v 0.015749 -0.502927 0.426499
v 0.060366 -0.512287 0.471116
v 0.070021 0.781453 0.463193
v 0.034966 0.772094 0.410729
v 0.000589 0.756595 0.359281
v -0.032778 0.735105 0.309344
v -0.064814 0.707832 0.261398
v -0.095211 0.675039 0.215906
v -0.123676 0.637040 0.173306
v -0.149934 0.594203 0.134007
v -0.173733 0.546939 0.098389
v -0.194844 0.495704 0.066795
v -0.213063 0.440991 0.039528
v -0.228215 0.383328 0.016851
v -0.240154 0.323268 -0.001016
v -0.248765 0.261392 -0.013904
v -0.253965 0.198294 -0.021686
v -0.255703 0.134583 -0.024288
v -0.253965 0.070872 -0.021686
v -0.248765 0.007775 -0.013904
v -0.240154 -0.054102 -0.001016
v -0.228215 -0.114161 0.016851
v -0.213063 -0.171825 0.039528
v -0.194844 -0.226537 0.066795
v -0.173733 -0.277772 0.098389
v -0.149934 -0.325036 0.134007
v -0.123676 -0.367873 0.173306
v -0.095211 -0.405872 0.215906
v -0.064814 -0.438665 0.261398
v -0.032778 -0.465938 0.309344
v 0.000589 -0.487428 0.359281
v 0.034966 -0.502927 0.410729
v 0.070021 -0.512287 0.463193
v 0.081035 0.781453 0.457305
v 0.056889 0.772094 0.399011
v 0.033210 0.756595 0.341845
v 0.010226 0.735105 0.286357
v -0.011840 0.707832 0.233083
v -0.032778 0.675039 0.182535
v -0.052385 0.637040 0.135200
v -0.070472 0.594203 0.091534
v -0.086865 0.546939 0.051957
v -0.101406 0.495704 0.016851
v -0.113956 0.440991 -0.013446
v -0.124393 0.383328 -0.038643
v -0.132616 0.323268 -0.058496
v -0.138548 0.261392 -0.072816
v -0.142129 0.198294 -0.081463
v -0.143327 0.134583 -0.084354
v -0.142129 0.070872 -0.081463
v -0.138548 0.007775 -0.072816
v -0.132616 -0.054102 -0.058496
v -0.124393 -0.114161 -0.038643
v -0.113956 -0.171825 -0.013446
v -0.101406 -0.226537 0.016851
v -0.086865 -0.277772 0.051957
v -0.070472 -0.325036 0.091534
v -0.052385 -0.367873 0.135200
v -0.032778 -0.405872 0.182535
v -0.011840 -0.438665 0.233083
v 0.010226 -0.465938 0.286357
v 0.033210 -0.487428 0.341845
v 0.056889 -0.502927 0.399011
v 0.081035 -0.512287 0.457305
v 0.092987 0.781453 0.453680
v 0.080678 0.772094 0.391795
v 0.068606 0.756595 0.331107
v 0.056889 0.735105 0.272202
v 0.045640 0.707832 0.215647
v 0.034966 0.675039 0.161985
v 0.024970 0.637040 0.111735
v 0.015749 0.594203 0.065379
v 0.007392 0.546939 0.023365
v -0.000021 0.495704 -0.013903
v -0.006418 0.440991 -0.046067
v -0.011739 0.383328 -0.072816
v -0.015931 0.323268 -0.093892
v -0.018955 0.261392 -0.109094
v -0.020781 0.198294 -0.118273
v -0.021392 0.134583 -0.121343
v -0.020781 0.070872 -0.118273
v -0.018955 0.007775 -0.109094
v -0.015931 -0.054102 -0.093892
v -0.011739 -0.114161 -0.072816
v -0.006418 -0.171825 -0.046067
v -0.000021 -0.226537 -0.013903
v 0.007392 -0.277772 0.023365
v 0.015749 -0.325036 0.065379
v 0.024970 -0.367873 0.111735
v 0.034966 -0.405872 0.161985
v 0.045640 -0.438665 0.215647
v 0.056889 -0.465938 0.272202
v 0.068606 -0.487428 0.331107
v 0.080678 -0.502927 0.391795
v 0.092987 -0.512287 0.453680
v 0.105417 0.781453 0.452456
v 0.105417 0.772094 0.389358
v 0.105417 0.756595 0.327482
v 0.105417 0.735105 0.267423
v 0.105417 0.707832 0.209759
v 0.105417 0.675039 0.155046
v 0.105417 0.594203 0.056547
v 0.105417 0.495704 -0.024288
v 0.105417 0.440991 -0.057082
v 0.105417 0.134583 -0.133833
v 0.105417 -0.054102 -0.105844
v 0.105417 -0.114161 -0.084355
v 0.105417 -0.325036 0.056547
v 0.105417 -0.465938 0.267423
v 0.105417 -0.487428 0.327482
vn -0.0000 0.7715 -0.6362
vn -0.0000 0.6329 -0.7742
vn -0.0000 0.3816 -0.9243
vn -0.0000 0.2894 -0.9572
vn -0.0000 0.1945 -0.9809
vn -0.0000 0.0977 -0.9952
vn -0.0000 -0.0977 -0.9952
vn -0.0000 -0.1945 -0.9809
vn -0.0000 -0.4701 -0.8826
vn -0.0000 -0.5542 -0.8324
vn -0.0000 -0.6329 -0.7742
vn -0.0000 -0.7715 -0.6362
vn -0.0000 -0.8301 -0.5577
vn -0.0000 -0.8806 -0.4738
vn -0.0000 -0.9802 -0.1980
vn -0.0000 -0.9949 -0.1011
vn 0.0197 0.9949 -0.0991
vn 0.0386 0.9802 -0.1942
vn 0.0572 0.9561 -0.2875
vn 0.0752 0.9228 -0.3779
vn 0.0924 0.8806 -0.4647
vn 0.1088 0.8301 -0.5470
vn 0.1241 0.7715 -0.6240
vn 0.1382 0.7056 -0.6950
vn 0.1510 0.6329 -0.7594
vn 0.1624 0.5542 -0.8164
vn 0.1722 0.4701 -0.8656
vn 0.1803 0.3816 -0.9066
vn 0.1867 0.2894 -0.9388
vn 0.1914 0.1945 -0.9621
vn 0.1942 0.0977 -0.9761
vn 0.1951 -0.0000 -0.9808
vn 0.1942 -0.0977 -0.9761
vn 0.1914 -0.1945 -0.9621
vn 0.1867 -0.2894 -0.9388
vn 0.1803 -0.3816 -0.9066
vn 0.1722 -0.4701 -0.8656
vn 0.1624 -0.5542 -0.8164
vn 0.1510 -0.6329 -0.7594
vn 0.1382 -0.7056 -0.6950
vn 0.1241 -0.7715 -0.6240
vn 0.1088 -0.8301 -0.5470
vn 0.0924 -0.8806 -0.4647
vn 0.0752 -0.9228 -0.3779
vn 0.0572 -0.9561 -0.2875
vn 0.0386 -0.9802 -0.1942
vn 0.0197 -0.9949 -0.0991
vn 0.0387 0.9949 -0.0934
vn 0.0758 0.9802 -0.1830
vn 0.1122 0.9561 -0.2708
vn 0.1474 0.9228 -0.3560
vn 0.1813 0.8806 -0.4377
vn 0.2134 0.8301 -0.5152
vn 0.2435 0.7715 -0.5878
vn 0.2712 0.7056 -0.6547
vn 0.2963 0.6329 -0.7153
vn 0.3185 0.5542 -0.7690
vn 0.3378 0.4701 -0.8154
vn 0.3537 0.3816 -0.8540
vn 0.3663 0.2894 -0.8843
vn 0.3754 0.1945 -0.9062
vn 0.3809 0.0977 -0.9195
vn 0.3827 -0.0000 -0.9239
vn 0.3809 -0.0977 -0.9195
vn 0.3754 -0.1945 -0.9062
vn 0.3663 -0.2894 -0.8843
vn 0.3537 -0.3816 -0.8540
vn 0.3378 -0.4701 -0.8154
vn 0.3185 -0.5542 -0.7690
vn 0.2963 -0.6329 -0.7153
vn 0.2712 -0.7056 -0.6547
vn 0.2435 -0.7715 -0.5878
vn 0.2134 -0.8301 -0.5152
vn 0.1813 -0.8806 -0.4377
vn 0.1474 -0.9228 -0.3560
vn 0.1122 -0.9561 -0.2708
vn 0.0758 -0.9802 -0.1830
vn 0.0387 -0.9949 -0.0934
vn 0.0561 0.9949 -0.0840
vn 0.1100 0.9802 -0.1647
vn 0.1628 0.9561 -0.2437
vn 0.2141 0.9228 -0.3204
vn 0.2632 0.8806 -0.3939
vn 0.3098 0.8301 -0.4637
vn 0.3535 0.7715 -0.5290
vn 0.3937 0.7056 -0.5892
vn 0.4301 0.6329 -0.6438
vn 0.4625 0.5542 -0.6921
vn 0.4903 0.4701 -0.7339
vn 0.5135 0.3816 -0.7685
vn 0.5318 0.2894 -0.7959
vn 0.5450 0.1945 -0.8156
vn 0.5529 0.0977 -0.8275
vn 0.5556 -0.0000 -0.8315
vn 0.5529 -0.0977 -0.8275
vn 0.5450 -0.1945 -0.8156
vn 0.5318 -0.2894 -0.7959
vn 0.5135 -0.3816 -0.7685
vn 0.4903 -0.4701 -0.7339
vn 0.4625 -0.5542 -0.6921
vn 0.4301 -0.6329 -0.6438
vn 0.3937 -0.7056 -0.5892
vn 0.3535 -0.7715 -0.5290
vn 0.3098 -0.8301 -0.4637
vn 0.2632 -0.8806 -0.3939
vn 0.2141 -0.9228 -0.3204
vn 0.1628 -0.9561 -0.2437
vn 0.1100 -0.9802 -0.1647
vn 0.0561 -0.9949 -0.0840
vn 0.0715 0.9949 -0.0715
vn 0.1400 0.9802 -0.1400
vn 0.2072 0.9561 -0.2072
vn 0.2724 0.9228 -0.2724
vn 0.3350 0.8806 -0.3350
vn 0.3943 0.8301 -0.3943
vn 0.4499 0.7715 -0.4499
vn 0.5011 0.7056 -0.5011
vn 0.5475 0.6329 -0.5475
vn 0.5886 0.5542 -0.5886
vn 0.6241 0.4701 -0.6241
vn 0.6536 0.3816 -0.6536
vn 0.6768 0.2894 -0.6768
vn 0.6936 0.1945 -0.6936
vn 0.7037 0.0977 -0.7037
vn 0.7071 -0.0000 -0.7071
vn 0.7037 -0.0977 -0.7037
vn 0.6936 -0.1945 -0.6936
vn 0.6768 -0.2894 -0.6768
vn 0.6536 -0.3816 -0.6536
vn 0.6241 -0.4701 -0.6241
vn 0.5886 -0.5542 -0.5886
vn 0.5475 -0.6329 -0.5475
vn 0.5011 -0.7056 -0.5011
vn 0.4499 -0.7715 -0.4499
vn 0.3943 -0.8301 -0.3943
vn 0.3350 -0.8806 -0.3350
vn 0.2724 -0.9228 -0.2724
vn 0.2072 -0.9561 -0.2072
vn 0.1400 -0.9802 -0.1400
vn 0.0715 -0.9949 -0.0715
vn 0.0840 0.9949 -0.0561
vn 0.1647 0.9802 -0.1100
vn 0.2437 0.9561 -0.1628
vn 0.3204 0.9228 -0.2141
vn 0.3939 0.8806 -0.2632
vn 0.4637 0.8301 -0.3098
vn 0.5290 0.7715 -0.3535
vn 0.5892 0.7056 -0.3937
vn 0.6438 0.6329 -0.4301
vn 0.6921 0.5542 -0.4625
vn 0.7339 0.4701 -0.4903
vn 0.7685 0.3816 -0.5135
vn 0.7959 0.2894 -0.5318
vn 0.8156 0.1945 -0.5450
vn 0.8275 0.0977 -0.5529
vn 0.8315 -0.0000 -0.5556
vn 0.8275 -0.0977 -0.5529
vn 0.8156 -0.1945 -0.5450
vn 0.7959 -0.2894 -0.5318
vn 0.7685 -0.3816 -0.5135
vn 0.7339 -0.4701 -0.4903
vn 0.6921 -0.5542 -0.4625
vn 0.6438 -0.6329 -0.4301
vn 0.5892 -0.7056 -0.3937
vn 0.5290 -0.7715 -0.3535
vn 0.4637 -0.8301 -0.3098
vn 0.3939 -0.8806 -0.2632
vn 0.3204 -0.9228 -0.2141
vn 0.2437 -0.9561 -0.1628
vn 0.1647 -0.9802 -0.1100
vn 0.0840 -0.9949 -0.0561
vn 0.0934 0.9949 -0.0387
vn 0.1830 0.9802 -0.0758
vn 0.2708 0.9561 -0.1122
vn 0.3560 0.9228 -0.1474
vn 0.4377 0.8806 -0.1813
vn 0.5152 0.8301 -0.2134
vn 0.5878 0.7715 -0.2435
vn 0.6547 0.7056 -0.2712
vn 0.7153 0.6329 -0.2963
vn 0.7690 0.5542 -0.3185
vn 0.8154 0.4701 -0.3378
vn 0.8540 0.3816 -0.3537
vn 0.8843 0.2894 -0.3663
vn 0.9062 0.1945 -0.3754
vn 0.9195 0.0977 -0.3809
vn 0.9239 -0.0000 -0.3827
vn 0.9195 -0.0977 -0.3809
vn 0.9062 -0.1945 -0.3754
vn 0.8843 -0.2894 -0.3663
vn 0.8540 -0.3816 -0.3537
vn 0.8154 -0.4701 -0.3378
vn 0.7690 -0.5542 -0.3185
vn 0.7153 -0.6329 -0.2963
vn 0.6547 -0.7056 -0.2712
vn 0.5878 -0.7715 -0.2435
vn 0.5152 -0.8301 -0.2134
vn 0.4377 -0.8806 -0.1813
vn 0.3560 -0.9228 -0.1474
vn 0.2708 -0.9561 -0.1122
vn 0.1830 -0.9802 -0.0758
vn 0.0934 -0.9949 -0.0387
vn 0.0991 0.9949 -0.0197
vn 0.1942 0.9802 -0.0386
vn 0.2875 0.9561 -0.0572
vn 0.3779 0.9228 -0.0752
vn 0.4647 0.8806 -0.0924
vn 0.5470 0.8301 -0.1088
vn 0.6240 0.7715 -0.1241
vn 0.6950 0.7056 -0.1382
vn 0.7594 0.6329 -0.1510
vn 0.8164 0.5542 -0.1624
vn 0.8656 0.4701 -0.1722
vn 0.9066 0.3816 -0.1803
vn 0.9388 0.2894 -0.1867
vn 0.9621 0.1945 -0.1914
vn 0.9761 0.0977 -0.1942
vn 0.9808 -0.0000 -0.1951
vn 0.9761 -0.0977 -0.1942
vn 0.9621 -0.1945 -0.1914
vn 0.9388 -0.2894 -0.1867
vn 0.9066 -0.3816 -0.1803
vn 0.8656 -0.4701 -0.1722
vn 0.8164 -0.5542 -0.1624
vn 0.7594 -0.6329 -0.1510
vn 0.6950 -0.7056 -0.1382
vn 0.6240 -0.7715 -0.1241
vn 0.5470 -0.8301 -0.1088
vn 0.4647 -0.8806 -0.0924
vn 0.3779 -0.9228 -0.0752
vn 0.2875 -0.9561 -0.0572
vn 0.1942 -0.9802 -0.0386
vn 0.0991 -0.9949 -0.0197
vn 0.1011 0.9949 -0.0000
vn 0.1980 0.9802 -0.0000
vn 0.2931 0.9561 -0.0000
vn 0.3853 0.9228 -0.0000
vn 0.4738 0.8806 -0.0000
vn 0.5577 0.8301 -0.0000
vn 0.6362 0.7715 -0.0000
vn 0.7086 0.7056 -0.0000
vn 0.7742 0.6329 -0.0000
vn 0.8324 0.5542 -0.0000
vn 0.8826 0.4701 -0.0000
vn 0.9243 0.3816 -0.0000
vn 0.9572 0.2894 -0.0000
vn 0.9809 0.1945 -0.0000
vn 0.9952 0.0977 -0.0000
vn 1.0000 -0.0000 -0.0000
vn 0.9952 -0.0977 -0.0000
vn 0.9809 -0.1945 -0.0000
vn 0.9572 -0.2894 -0.0000
vn 0.9243 -0.3816 -0.0000
vn 0.8826 -0.4701 -0.0000
vn 0.8324 -0.5542 -0.0000
vn 0.7742 -0.6329 -0.0000
vn 0.7086 -0.7056 -0.0000
vn 0.6362 -0.7715 -0.0000
vn 0.5577 -0.8301 -0.0000
vn 0.4738 -0.8806 -0.0000
vn 0.3853 -0.9228 -0.0000
vn 0.2931 -0.9561 -0.0000
vn 0.1980 -0.9802 -0.0000
vn 0.1011 -0.9949 -0.0000
vn 0.0991 0.9949 0.0197
vn 0.1942 0.9802 0.0386
vn 0.2875 0.9561 0.0572
vn 0.3779 0.9228 0.0752
vn 0.4647 0.8806 0.0924
vn 0.5470 0.8301 0.1088
vn 0.6240 0.7715 0.1241
vn 0.6950 0.7056 0.1382
vn 0.7594 0.6329 0.1510
vn 0.8164 0.5542 0.1624
vn 0.8656 0.4701 0.1722
vn 0.9066 0.3816 0.1803
vn 0.9388 0.2894 0.1867
vn 0.9621 0.1945 0.1914
vn 0.9761 0.0977 0.1942
vn 0.9808 -0.0000 0.1951
vn 0.9761 -0.0977 0.1942
vn 0.9621 -0.1945 0.1914
vn 0.9388 -0.2894 0.1867
vn 0.9066 -0.3816 0.1803
vn 0.8656 -0.4701 0.1722
vn 0.8164 -0.5542 0.1624
vn 0.7594 -0.6329 0.1510
vn 0.6950 -0.7056 0.1382
vn 0.6240 -0.7715 0.1241
vn 0.5470 -0.8301 0.1088
vn 0.4647 -0.8806 0.0924
vn 0.3779 -0.9228 0.0752
vn 0.2875 -0.9561 0.0572
vn 0.1942 -0.9802 0.0386
vn 0.0991 -0.9949 0.0197
vn 0.0934 0.9949 0.0387
vn 0.1830 0.9802 0.0758
vn 0.2708 0.9561 0.1122
vn 0.3560 0.9228 0.1474
vn 0.4377 0.8806 0.1813
vn 0.5152 0.8301 0.2134
vn 0.5878 0.7715 0.2435
vn 0.6547 0.7056 0.2712
vn 0.7153 0.6329 0.2963
vn 0.7690 0.5542 0.3185
vn 0.8154 0.4701 0.3378
vn 0.8540 0.3816 0.3537
vn 0.8843 0.2894 0.3663
vn 0.9062 0.1945 0.3754
vn 0.9195 0.0977 0.3809
vn 0.9239 -0.0000 0.3827
vn 0.9195 -0.0977 0.3809
vn 0.9062 -0.1945 0.3754
vn 0.8843 -0.2894 0.3663
vn 0.8540 -0.3816 0.3537
vn 0.8154 -0.4701 0.3378
vn 0.7690 -0.5542 0.3185
vn 0.7153 -0.6329 0.2963
vn 0.6547 -0.7056 0.2712
vn 0.5878 -0.7715 0.2435
vn 0.5152 -0.8301 0.2134
vn 0.4377 -0.8806 0.1813
vn 0.3560 -0.9228 0.1474
vn 0.2708 -0.9561 0.1122
vn 0.1830 -0.9802 0.0758
vn 0.0934 -0.9949 0.0387
vn 0.0840 0.9949 0.0561
vn 0.1647 0.9802 0.1100
vn 0.2437 0.9561 0.1628
vn 0.3204 0.9228 0.2141
vn 0.3939 0.8806 0.2632
vn 0.4637 0.8301 0.3098
vn 0.5290 0.7715 0.3535
vn 0.5892 0.7056 0.3937
vn 0.6438 0.6329 0.4301
vn 0.6921 0.5542 0.4625
vn 0.7339 0.4701 0.4903
vn 0.7685 0.3816 0.5135
vn 0.7959 0.2894 0.5318
vn 0.8156 0.1945 0.5450
vn 0.8275 0.0977 0.5529
vn 0.8315 -0.0000 0.5556
vn 0.8275 -0.0977 0.5529
vn 0.8156 -0.1945 0.5450
vn 0.7959 -0.2894 0.5318
vn 0.7685 -0.3816 0.5135
vn 0.7339 -0.4701 0.4903
vn 0.6921 -0.5542 0.4625
vn 0.6438 -0.6329 0.4301
vn 0.5892 -0.7056 0.3937
vn 0.5290 -0.7715 0.3535
vn 0.4637 -0.8301 0.3098
vn 0.3939 -0.8806 0.2632
vn 0.3204 -0.9228 0.2141
vn 0.2437 -0.9561 0.1628
vn 0.1647 -0.9802 0.1100
vn 0.0840 -0.9949 0.0561
vn 0.0715 0.9949 0.0715
vn 0.1400 0.9802 0.1400
vn 0.2072 0.9561 0.2072
vn 0.2724 0.9228 0.2724
vn 0.3350 0.8806 0.3350
vn 0.3943 0.8301 0.3943
vn 0.4499 0.7715 0.4499
vn 0.5011 0.7056 0.5011
vn 0.5475 0.6329 0.5475
vn 0.5886 0.5542 0.5886
vn 0.6241 0.4701 0.6241
vn 0.6536 0.3816 0.6536
vn 0.6768 0.2894 0.6768
vn 0.6936 0.1945 0.6936
vn 0.7037 0.0977 0.7037
vn 0.7071 -0.0000 0.7071
vn 0.7037 -0.0977 0.7037
vn 0.6936 -0.1945 0.6936
vn 0.6768 -0.2894 0.6768
vn 0.6536 -0.3816 0.6536
vn 0.6241 -0.4701 0.6241
vn 0.5886 -0.5542 0.5886
vn 0.5475 -0.6329 0.5475
vn 0.5011 -0.7056 0.5011
vn 0.4499 -0.7715 0.4499
vn 0.3943 -0.8301 0.3943
vn 0.3350 -0.8806 0.3350
vn 0.2724 -0.9228 0.2724
vn 0.2072 -0.9561 0.2072
vn 0.1400 -0.9802 0.1400
vn 0.0715 -0.9949 0.0715
vn 0.0561 0.9949 0.0840
vn 0.1100 0.9802 0.1647
vn 0.1628 0.9561 0.2437
vn 0.2141 0.9228 0.3204
vn 0.2632 0.8806 0.3939
vn 0.3098 0.8301 0.4637
vn 0.3535 0.7715 0.5290
vn 0.3937 0.7056 0.5892
vn 0.4301 0.6329 0.6438
vn 0.4625 0.5542 0.6921
vn 0.4903 0.4701 0.7339
vn 0.5135 0.3816 0.7685
vn 0.5318 0.2894 0.7959
vn 0.5450 0.1945 0.8156
vn 0.5529 0.0977 0.8275
vn 0.5556 -0.0000 0.8315
vn 0.5529 -0.0977 0.8275
vn 0.5450 -0.1945 0.8156
vn 0.5318 -0.2894 0.7959
vn 0.5135 -0.3816 0.7685
vn 0.4903 -0.4701 0.7339
vn 0.4625 -0.5542 0.6921
vn 0.4301 -0.6329 0.6438
vn 0.3937 -0.7056 0.5892
vn 0.3535 -0.7715 0.5290
vn 0.3098 -0.8301 0.4637
vn 0.2632 -0.8806 0.3939
vn 0.2141 -0.9228 0.3204
vn 0.1628 -0.9561 0.2437
vn 0.1100 -0.9802 0.1647
vn 0.0561 -0.9949 0.0840
vn 0.0387 0.9949 0.0934
vn 0.0758 0.9802 0.1830
vn 0.1122 0.9561 0.2708
vn 0.1474 0.9228 0.3560
vn 0.1813 0.8806 0.4377
vn 0.2134 0.8301 0.5152
vn 0.2435 0.7715 0.5878
vn 0.2712 0.7056 0.6547
vn 0.2963 0.6329 0.7153
vn 0.3185 0.5542 0.7690
vn 0.3378 0.4701 0.8154
vn 0.3537 0.3816 0.8540
vn 0.3663 0.2894 0.8843
vn 0.3754 0.1945 0.9062
vn 0.3809 0.0977 0.9195
vn 0.3827 -0.0000 0.9239
vn 0.3809 -0.0977 0.9195
vn 0.3754 -0.1945 0.9062
vn 0.3663 -0.2894 0.8843
vn 0.3537 -0.3816 0.8540
vn 0.3378 -0.4701 0.8154
vn 0.3185 -0.5542 0.7690
vn 0.2963 -0.6329 0.7153
vn 0.2712 -0.7056 0.6547
vn 0.2435 -0.7715 0.5878
vn 0.2134 -0.8301 0.5152
vn 0.1813 -0.8806 0.4377
vn 0.1474 -0.9228 0.3560
vn 0.1122 -0.9561 0.2708
vn 0.0758 -0.9802 0.1830
vn 0.0387 -0.9949 0.0934
vn 0.0197 0.9949 0.0991
vn 0.0386 0.9802 0.1942
vn 0.0572 0.9561 0.2875
vn 0.0752 0.9228 0.3779
vn 0.0924 0.8806 0.4647
vn 0.1088 0.8301 0.5470
vn 0.1241 0.7715 0.6240
vn 0.1382 0.7056 0.6950
vn 0.1510 0.6329 0.7594
vn 0.1624 0.5542 0.8164
vn 0.1722 0.4701 0.8656
vn 0.1803 0.3816 0.9066
vn 0.1867 0.2894 0.9388
vn 0.1914 0.1945 0.9621
vn 0.1942 0.0977 0.9761
vn 0.1951 -0.0000 0.9808
vn 0.1942 -0.0977 0.9761
vn 0.1914 -0.1945 0.9621
vn 0.1867 -0.2894 0.9388
vn 0.1803 -0.3816 0.9066
vn 0.1722 -0.4701 0.8656
vn 0.1624 -0.5542 0.8164
vn 0.1510 -0.6329 0.7594
vn 0.1382 -0.7056 0.6950
vn 0.1241 -0.7715 0.6240
vn 0.1088 -0.8301 0.5470
vn 0.0924 -0.8806 0.4647
vn 0.0752 -0.9228 0.3779
vn 0.0572 -0.9561 0.2875
vn 0.0386 -0.9802 0.1942
vn 0.0197 -0.9949 0.0991
vn -0.0000 0.9949 0.1011
vn -0.0000 0.9802 0.1980
vn -0.0000 0.9561 0.2931
vn -0.0000 0.9228 0.3853
vn -0.0000 0.8806 0.4738
vn -0.0000 0.8301 0.5577
vn -0.0000 0.7715 0.6362
vn -0.0000 0.7056 0.7086
vn -0.0000 0.6329 0.7742
vn -0.0000 0.5542 0.8324
vn -0.0000 0.4701 0.8826
vn -0.0000 0.3816 0.9243
vn -0.0000 0.2894 0.9572
vn -0.0000 0.1945 0.9809
vn -0.0000 0.0977 0.9952
vn -0.0000 -0.0000 1.0000
vn -0.0000 -0.0977 0.9952
vn -0.0000 -0.1945 0.9809
vn -0.0000 -0.2894 0.9572
vn -0.0000 -0.3816 0.9243
vn -0.0000 -0.4701 0.8826
vn -0.0000 -0.5542 0.8324
vn -0.0000 -0.6329 0.7742
vn -0.0000 -0.7056 0.7086
vn -0.0000 -0.7715 0.6362
vn -0.0000 -0.8301 0.5577
vn -0.0000 -0.8806 0.4738
vn -0.0000 -0.9228 0.3853
vn -0.0000 -0.9561 0.2931
vn -0.0000 -0.9802 0.1980
vn -0.0000 -0.9949 0.1011
vn -0.0000 -1.0000 -0.0000
vn -0.0000 1.0000 -0.0000
vn -0.0197 0.9949 0.0991
vn -0.0386 0.9802 0.1942
vn -0.0572 0.9561 0.2875
vn -0.0752 0.9228 0.3779
vn -0.0924 0.8806 0.4647
vn -0.1088 0.8301 0.5470
vn -0.1241 0.7715 0.6240
vn -0.1382 0.7056 0.6950
vn -0.1510 0.6329 0.7594
vn -0.1624 0.5542 0.8164
vn -0.1722 0.4701 0.8656
vn -0.1803 0.3816 0.9066
vn -0.1867 0.2894 0.9388
vn -0.1914 0.1945 0.9621
vn -0.1942 0.0977 0.9761
vn -0.1951 -0.0000 0.9808
vn -0.1942 -0.0977 0.9761
vn -0.1914 -0.1945 0.9621
vn -0.1867 -0.2894 0.9388
vn -0.1803 -0.3816 0.9066
vn -0.1722 -0.4701 0.8656
vn -0.1624 -0.5542 0.8164
vn -0.1510 -0.6329 0.7594
vn -0.1382 -0.7056 0.6950
vn -0.1241 -0.7715 0.6240
vn -0.1088 -0.8301 0.5470
vn -0.0924 -0.8806 0.4647
vn -0.0752 -0.9228 0.3779
vn -0.0572 -0.9561 0.2875
vn -0.0386 -0.9802 0.1942
vn -0.0197 -0.9949 0.0991
vn -0.0387 0.9949 0.0934
vn -0.0758 0.9802 0.1830
vn -0.1122 0.9561 0.2708
vn -0.1474 0.9228 0.3560
vn -0.1813 0.8806 0.4377
vn -0.2134 0.8301 0.5152
vn -0.2435 0.7715 0.5878
vn -0.2712 0.7056 0.6547
vn -0.2963 0.6329 0.7153
vn -0.3185 0.5542 0.7690
vn -0.3378 0.4701 0.8154
vn -0.3537 0.3816 0.8540
vn -0.3663 0.2894 0.8843
vn -0.3754 0.1945 0.9062
vn -0.3809 0.0977 0.9195
vn -0.3827 -0.0000 0.9239
vn -0.3809 -0.0977 0.9195
vn -0.3754 -0.1945 0.9062
vn -0.3663 -0.2894 0.8843
vn -0.3537 -0.3816 0.8540
vn -0.3378 -0.4701 0.8154
vn -0.3185 -0.5542 0.7690
vn -0.2963 -0.6329 0.7153
vn -0.2712 -0.7056 0.6547
vn -0.2435 -0.7715 0.5878
vn -0.2134 -0.8301 0.5152
vn -0.1813 -0.8806 0.4377
vn -0.1474 -0.9228 0.3560
vn -0.1122 -0.9561 0.2708
vn -0.0758 -0.9802 0.1830
vn -0.0387 -0.9949 0.0934
vn -0.0561 0.9949 0.0840
vn -0.1100 0.9802 0.1647
vn -0.1628 0.9561 0.2437
vn -0.2141 0.9228 0.3204
vn -0.2632 0.8806 0.3939
vn -0.3098 0.8301 0.4637
vn -0.3535 0.7715 0.5290
vn -0.3937 0.7056 0.5892
vn -0.4301 0.6329 0.6438
vn -0.4625 0.5542 0.6921
vn -0.4903 0.4701 0.7339
vn -0.5135 0.3816 0.7685
vn -0.5318 0.2894 0.7959
vn -0.5450 0.1945 0.8156
vn -0.5529 0.0977 0.8275
vn -0.5556 -0.0000 0.8315
vn -0.5529 -0.0977 0.8275
vn -0.5450 -0.1945 0.8156
vn -0.5318 -0.2894 0.7959
vn -0.5135 -0.3816 0.7685
vn -0.4903 -0.4701 0.7339
vn -0.4625 -0.5542 0.6921
vn -0.4301 -0.6329 0.6438
vn -0.3937 -0.7056 0.5892
vn -0.3535 -0.7715 0.5290
vn -0.3098 -0.8301 0.4637
vn -0.2632 -0.8806 0.3939
vn -0.2141 -0.9228 0.3204
vn -0.1628 -0.9561 0.2437
vn -0.1100 -0.9802 0.1647
vn -0.0561 -0.9949 0.0840
vn -0.0715 0.9949 0.0715
vn -0.1400 0.9802 0.1400
vn -0.2072 0.9561 0.2072
vn -0.2724 0.9228 0.2724
vn -0.3350 0.8806 0.3350
vn -0.3943 0.8301 0.3943
vn -0.4499 0.7715 0.4499
vn -0.5011 0.7056 0.5011
vn -0.5475 0.6329 0.5475
vn -0.5886 0.5542 0.5886
vn -0.6241 0.4701 0.6241
vn -0.6536 0.3816 0.6536
vn -0.6768 0.2894 0.6768
vn -0.6936 0.1945 0.6936
vn -0.7037 0.0977 0.7037
vn -0.7071 -0.0000 0.7071
vn -0.7037 -0.0977 0.7037
vn -0.6936 -0.1945 0.6936
vn -0.6768 -0.2894 0.6768
vn -0.6536 -0.3816 0.6536
vn -0.6241 -0.4701 0.6241
vn -0.5886 -0.5542 0.5886
vn -0.5475 -0.6329 0.5475
vn -0.5011 -0.7056 0.5011
vn -0.4499 -0.7715 0.4499
vn -0.3943 -0.8301 0.3943
vn -0.3350 -0.8806 0.3350
vn -0.2724 -0.9228 0.2724
vn -0.2072 -0.9561 0.2072
vn -0.1400 -0.9802 0.1400
vn -0.0715 -0.9949 0.0715
vn -0.0840 0.9949 0.0561
vn -0.1647 0.9802 0.1100
vn -0.2437 0.9561 0.1628
vn -0.3204 0.9228 0.2141
vn -0.3939 0.8806 0.2632
vn -0.4637 0.8301 0.3098
vn -0.5290 0.7715 0.3535
vn -0.5892 0.7056 0.3937
vn -0.6438 0.6329 0.4301
vn -0.6921 0.5542 0.4625
vn -0.7339 0.4701 0.4903
vn -0.7685 0.3816 0.5135
vn -0.7959 0.2894 0.5318
vn -0.8156 0.1945 0.5450
vn -0.8275 0.0977 0.5529
vn -0.8315 -0.0000 0.5556
vn -0.8275 -0.0977 0.5529
vn -0.8156 -0.1945 0.5450
vn -0.7959 -0.2894 0.5318
vn -0.7685 -0.3816 0.5135
vn -0.7339 -0.4701 0.4903
vn -0.6921 -0.5542 0.4625
vn -0.6438 -0.6329 0.4301
vn -0.5892 -0.7056 0.3937
vn -0.5290 -0.7715 0.3535
vn -0.4637 -0.8301 0.3098
vn -0.3939 -0.8806 0.2632
vn -0.3204 -0.9228 0.2141
vn -0.2437 -0.9561 0.1628
vn -0.1647 -0.9802 0.1100
vn -0.0840 -0.9949 0.0561
vn -0.0934 0.9949 0.0387
vn -0.1830 0.9802 0.0758
vn -0.2708 0.9561 0.1122
vn -0.3560 0.9228 0.1474
vn -0.4377 0.8806 0.1813
vn -0.5152 0.8301 0.2134
vn -0.5878 0.7715 0.2435
vn -0.6547 0.7056 0.2712
vn -0.7153 0.6329 0.2963
vn -0.7690 0.5542 0.3185
vn -0.8154 0.4701 0.3378
vn -0.8540 0.3816 0.3537
vn -0.8843 0.2894 0.3663
vn -0.9062 0.1945 0.3754
vn -0.9195 0.0977 0.3809
vn -0.9239 -0.0000 0.3827
vn -0.9195 -0.0977 0.3809
vn -0.9062 -0.1945 0.3754
vn -0.8843 -0.2894 0.3663
vn -0.8540 -0.3816 0.3537
vn -0.8154 -0.4701 0.3378
vn -0.7690 -0.5542 0.3185
vn -0.7153 -0.6329 0.2963
vn -0.6547 -0.7056 0.2712
vn -0.5878 -0.7715 0.2435
vn -0.5152 -0.8301 0.2134
vn -0.4377 -0.8806 0.1813
vn -0.3560 -0.9228 0.1474
vn -0.2708 -0.9561 0.1122
vn -0.1830 -0.9802 0.0758
vn -0.0934 -0.9949 0.0387
vn -0.0991 0.9949 0.0197
vn -0.1942 0.9802 0.0386
vn -0.2875 0.9561 0.0572
vn -0.3779 0.9228 0.0752
vn -0.4647 0.8806 0.0924
vn -0.5470 0.8301 0.1088
vn -0.6240 0.7715 0.1241
vn -0.6950 0.7056 0.1382
vn -0.7594 0.6329 0.1510
vn -0.8164 0.5542 0.1624
vn -0.8656 0.4701 0.1722
vn -0.9066 0.3816 0.1803
vn -0.9388 0.2894 0.1867
vn -0.9621 0.1945 0.1914
vn -0.9761 0.0977 0.1942
vn -0.9808 -0.0000 0.1951
vn -0.9761 -0.0977 0.1942
vn -0.9621 -0.1945 0.1914
vn -0.9388 -0.2894 0.1867
vn -0.9066 -0.3816 0.1803
vn -0.8656 -0.4701 0.1722
vn -0.8164 -0.5542 0.1624
vn -0.7594 -0.6329 0.1510
vn -0.6950 -0.7056 0.1382
vn -0.6240 -0.7715 0.1241
vn -0.5470 -0.8301 0.1088
vn -0.4647 -0.8806 0.0924
vn -0.3779 -0.9228 0.0752
vn -0.2875 -0.9561 0.0572
vn -0.1942 -0.9802 0.0386
vn -0.0991 -0.9949 0.0197
vn -0.1011 0.9949 -0.0000
vn -0.1980 0.9802 -0.0000
vn -0.2931 0.9561 -0.0000
vn -0.3853 0.9228 -0.0000
vn -0.4738 0.8806 -0.0000
vn -0.5577 0.8301 -0.0000
vn -0.6362 0.7715 -0.0000
vn -0.7086 0.7056 -0.0000
vn -0.7742 0.6329 -0.0000
vn -0.8324 0.5542 -0.0000
vn -0.8826 0.4701 -0.0000
vn -0.9243 0.3816 -0.0000
vn -0.9572 0.2894 -0.0000
vn -0.9809 0.1945 -0.0000
vn -0.9952 0.0977 -0.0000
vn -1.0000 -0.0000 -0.0000
vn -0.9952 -0.0977 -0.0000
vn -0.9809 -0.1945 -0.0000
vn -0.9572 -0.2894 -0.0000
vn -0.9243 -0.3816 -0.0000
vn -0.8826 -0.4701 -0.0000
vn -0.8324 -0.5542 -0.0000
vn -0.7742 -0.6329 -0.0000
vn -0.7086 -0.7056 -0.0000
vn -0.6362 -0.7715 -0.0000
vn -0.5577 -0.8301 -0.0000
vn -0.4738 -0.8806 -0.0000
vn -0.3853 -0.9228 -0.0000
vn -0.2931 -0.9561 -0.0000
vn -0.1980 -0.9802 -0.0000
vn -0.1011 -0.9949 -0.0000
vn -0.0991 0.9949 -0.0197
vn -0.1942 0.9802 -0.0386
vn -0.2875 0.9561 -0.0572
vn -0.3779 0.9228 -0.0752
vn -0.4647 0.8806 -0.0924
vn -0.5470 0.8301 -0.1088
vn -0.6240 0.7715 -0.1241
vn -0.6950 0.7056 -0.1382
vn -0.7594 0.6329 -0.1510
vn -0.8164 0.5542 -0.1624
vn -0.8656 0.4701 -0.1722
vn -0.9066 0.3816 -0.1803
vn -0.9388 0.2894 -0.1867
vn -0.9621 0.1945 -0.1914
vn -0.9761 0.0977 -0.1942
vn -0.9808 -0.0000 -0.1951
vn -0.9761 -0.0977 -0.1942
vn -0.9621 -0.1945 -0.1914
vn -0.9388 -0.2894 -0.1867
vn -0.9066 -0.3816 -0.1803
vn -0.8656 -0.4701 -0.1722
vn -0.8164 -0.5542 -0.1624
vn -0.7594 -0.6329 -0.1510
vn -0.6950 -0.7056 -0.1382
vn -0.6240 -0.7715 -0.1241
vn -0.5470 -0.8301 -0.1088
vn -0.4647 -0.8806 -0.0924
vn -0.3779 -0.9228 -0.0752
vn -0.2875 -0.9561 -0.0572
vn -0.1942 -0.9802 -0.0386
vn -0.0991 -0.9949 -0.0197
vn -0.0934 0.9949 -0.0387
vn -0.1830 0.9802 -0.0758
vn -0.2708 0.9561 -0.1122
vn -0.3560 0.9228 -0.1474
vn -0.4377 0.8806 -0.1813
vn -0.5152 0.8301 -0.2134
vn -0.5878 0.7715 -0.2435
vn -0.6547 0.7056 -0.2712
vn -0.7153 0.6329 -0.2963
vn -0.7690 0.5542 -0.3186
vn -0.8154 0.4701 -0.3378
vn -0.8540 0.3816 -0.3537
vn -0.8843 0.2894 -0.3663
vn -0.9062 0.1945 -0.3754
vn -0.9195 0.0977 -0.3809
vn -0.9239 -0.0000 -0.3827
vn -0.9195 -0.0977 -0.3809
vn -0.9062 -0.1945 -0.3754
vn -0.8843 -0.2894 -0.3663
vn -0.8540 -0.3816 -0.3537
vn -0.8154 -0.4701 -0.3378
vn -0.7690 -0.5542 -0.3186
vn -0.7153 -0.6329 -0.2963
vn -0.6547 -0.7056 -0.2712
vn -0.5878 -0.7715 -0.2435
vn -0.5152 -0.8301 -0.2134
vn -0.4377 -0.8806 -0.1813
vn -0.3560 -0.9228 -0.1474
vn -0.2708 -0.9561 -0.1122
vn -0.1830 -0.9802 -0.0758
vn -0.0934 -0.9949 -0.0387
vn -0.0840 0.9949 -0.0561
vn -0.1647 0.9802 -0.1100
vn -0.2437 0.9561 -0.1628
vn -0.3204 0.9228 -0.2141
vn -0.3939 0.8806 -0.2632
vn -0.4637 0.8301 -0.3098
vn -0.5290 0.7715 -0.3535
vn -0.5892 0.7056 -0.3937
vn -0.6438 0.6329 -0.4301
vn -0.6921 0.5542 -0.4625
vn -0.7339 0.4701 -0.4903
vn -0.7685 0.3816 -0.5135
vn -0.7959 0.2894 -0.5318
vn -0.8156 0.1945 -0.5450
vn -0.8275 0.0977 -0.5529
vn -0.8315 -0.0000 -0.5556
vn -0.8275 -0.0977 -0.5529
vn -0.8156 -0.1945 -0.5450
vn -0.7959 -0.2894 -0.5318
vn -0.7685 -0.3816 -0.5135
vn -0.7339 -0.4701 -0.4903
vn -0.6921 -0.5542 -0.4625
vn -0.6438 -0.6329 -0.4301
vn -0.5892 -0.7056 -0.3937
vn -0.5290 -0.7715 -0.3535
vn -0.4637 -0.8301 -0.3098
vn -0.3939 -0.8806 -0.2632
vn -0.3204 -0.9228 -0.2141
vn -0.2437 -0.9561 -0.1628
vn -0.1647 -0.9802 -0.1100
vn -0.0840 -0.9949 -0.0561
vn -0.0715 0.9949 -0.0715
vn -0.1400 0.9802 -0.1400
vn -0.2072 0.9561 -0.2072
vn -0.2724 0.9228 -0.2724
vn -0.3350 0.8806 -0.3350
vn -0.3943 0.8301 -0.3943
vn -0.4499 0.7715 -0.4499
vn -0.5011 0.7056 -0.5011
vn -0.5475 0.6329 -0.5475
vn -0.5886 0.5542 -0.5886
vn -0.6241 0.4701 -0.6241
vn -0.6536 0.3816 -0.6536
vn -0.6768 0.2894 -0.6768
vn -0.6936 0.1945 -0.6936
vn -0.7037 0.0977 -0.7037
vn -0.7071 -0.0000 -0.7071
vn -0.7037 -0.0977 -0.7037
vn -0.6936 -0.1945 -0.6936
vn -0.6768 -0.2894 -0.6768
vn -0.6536 -0.3816 -0.6536
vn -0.6241 -0.4701 -0.6241
vn -0.5886 -0.5542 -0.5886
vn -0.5475 -0.6329 -0.5475
vn -0.5011 -0.7056 -0.5011
vn -0.4499 -0.7715 -0.4499
vn -0.3943 -0.8301 -0.3943
vn -0.3350 -0.8806 -0.3350
vn -0.2724 -0.9228 -0.2724
vn -0.2072 -0.9561 -0.2072
vn -0.1400 -0.9802 -0.1400
vn -0.0715 -0.9949 -0.0715
vn -0.0561 0.9949 -0.0840
vn -0.1100 0.9802 -0.1647
vn -0.1628 0.9561 -0.2437
vn -0.2141 0.9228 -0.3204
vn -0.2632 0.8806 -0.3939
vn -0.3098 0.8301 -0.4637
vn -0.3535 0.7715 -0.5290
vn -0.3937 0.7056 -0.5892
vn -0.4301 0.6329 -0.6438
vn -0.4625 0.5542 -0.6921
vn -0.4903 0.4701 -0.7339
vn -0.5135 0.3816 -0.7685
vn -0.5318 0.2894 -0.7959
vn -0.5450 0.1945 -0.8156
vn -0.5529 0.0977 -0.8275
vn -0.5556 -0.0000 -0.8315
vn -0.5529 -0.0977 -0.8275
vn -0.5450 -0.1945 -0.8156
vn -0.5318 -0.2894 -0.7959
vn -0.5135 -0.3816 -0.7685
vn -0.4903 -0.4701 -0.7339
vn -0.4625 -0.5542 -0.6921
vn -0.4301 -0.6329 -0.6438
vn -0.3937 -0.7056 -0.5892
vn -0.3535 -0.7715 -0.5290
vn -0.3098 -0.8301 -0.4637
vn -0.2632 -0.8806 -0.3939
vn -0.2141 -0.9228 -0.3204
vn -0.1628 -0.9561 -0.2437
vn -0.1100 -0.9802 -0.1647
vn -0.0561 -0.9949 -0.0840
vn -0.0387 0.9949 -0.0934
vn -0.0758 0.9802 -0.1830
vn -0.1122 0.9561 -0.2708
vn -0.1474 0.9228 -0.3560
vn -0.1813 0.8806 -0.4377
vn -0.2134 0.8301 -0.5152
vn -0.2435 0.7715 -0.5878
vn -0.2712 0.7056 -0.6547
vn -0.2963 0.6329 -0.7153
vn -0.3185 0.5542 -0.7690
vn -0.3378 0.4701 -0.8154
vn -0.3537 0.3816 -0.8540
vn -0.3663 0.2894 -0.8843
vn -0.3754 0.1945 -0.9062
vn -0.3809 0.0977 -0.9195
vn -0.3827 -0.0000 -0.9239
vn -0.3809 -0.0977 -0.9195
vn -0.3754 -0.1945 -0.9062
vn -0.3663 -0.2894 -0.8843
vn -0.3537 -0.3816 -0.8540
vn -0.3378 -0.4701 -0.8154
vn -0.3185 -0.5542 -0.7690
vn -0.2963 -0.6329 -0.7153
vn -0.2712 -0.7056 -0.6547
vn -0.2435 -0.7715 -0.5878
vn -0.2134 -0.8301 -0.5152
vn -0.1813 -0.8806 -0.4377
vn -0.1474 -0.9228 -0.3560
vn -0.1122 -0.9561 -0.2708
vn -0.0758 -0.9802 -0.1830
vn -0.0387 -0.9949 -0.0934
vn -0.0197 0.9949 -0.0991
vn -0.0386 0.9802 -0.1942
vn -0.0572 0.9561 -0.2875
vn -0.0752 0.9228 -0.3779
vn -0.0924 0.8806 -0.4647
vn -0.1088 0.8301 -0.5470
vn -0.1241 0.7715 -0.6240
vn -0.1382 0.7056 -0.6950
vn -0.1510 0.6329 -0.7594
vn -0.1624 0.5542 -0.8164
vn -0.1722 0.4701 -0.8656
vn -0.1803 0.3816 -0.9066
vn -0.1867 0.2894 -0.9388
vn -0.1914 0.1945 -0.9621
vn -0.1942 0.0977 -0.9761
vn -0.1951 -0.0000 -0.9808
vn -0.1942 -0.0977 -0.9761
vn -0.1914 -0.1945 -0.9621
vn -0.1867 -0.2894 -0.9388
vn -0.1803 -0.3816 -0.9066
vn -0.1722 -0.4701 -0.8656
vn -0.1624 -0.5542 -0.8164
vn -0.1510 -0.6329 -0.7594
vn -0.1382 -0.7056 -0.6950
vn -0.1241 -0.7715 -0.6240
vn -0.1088 -0.8301 -0.5470
vn -0.0924 -0.8806 -0.4647
vn -0.0752 -0.9228 -0.3779
vn -0.0572 -0.9561 -0.2875
vn -0.0386 -0.9802 -0.1942
vn -0.0197 -0.9949 -0.0991
vn -0.0000 0.9949 -0.1011
vn -0.0000 0.9802 -0.1980
vn -0.0000 0.9561 -0.2931
vn -0.0000 0.9228 -0.3853
vn -0.0000 0.8806 -0.4738
vn -0.0000 0.8301 -0.5577
vn -0.0000 0.7056 -0.7086
vn -0.0000 0.5542 -0.8324
vn -0.0000 0.4701 -0.8826
vn -0.0000 -0.0000 -1.0000
vn -0.0000 -0.2894 -0.9572
vn -0.0000 -0.3816 -0.9243
vn -0.0000 -0.7056 -0.7086
vn -0.0000 -0.9228 -0.3853
vn -0.0000 -0.9561 -0.2931
vt 0.307632 0.207617
vt 0.305125 0.210848
vt 0.296724 0.208391
vt 0.298267 0.204878
vt 0.257031 0.195652
vt 0.255292 0.191426
vt 0.266972 0.191599
vt 0.268043 0.195815
vt 0.259047 0.134135
vt 0.261318 0.130232
vt 0.270683 0.130371
vt 0.269284 0.134287
vt 0.259047 0.199583
vt 0.269284 0.199734
vt 0.257032 0.138336
vt 0.268043 0.138499
vt 0.372060 0.209995
vt 0.369789 0.206906
vt 0.380026 0.203911
vt 0.381425 0.207256
vt 0.255292 0.142794
vt 0.266972 0.142967
vt 0.374567 0.213386
vt 0.382968 0.210928
vt 0.253846 0.147467
vt 0.266081 0.147648
vt 0.377284 0.217046
vt 0.384641 0.214894
vt 0.252707 0.152310
vt 0.265380 0.152497
vt 0.380185 0.220940
vt 0.386428 0.219114
vt 0.251885 0.157275
vt 0.264873 0.157468
vt 0.286637 0.235005
vt 0.283258 0.239462
vt 0.285338 0.234625
vt 0.383243 0.225031
vt 0.388311 0.223549
vt 0.251388 0.162316
vt 0.264568 0.162511
vt 0.289983 0.230602
vt 0.287399 0.229846
vt 0.386428 0.229279
vt 0.390272 0.228154
vt 0.251222 0.167383
vt 0.264466 0.167579
vt 0.293264 0.226295
vt 0.289420 0.225171
vt 0.389709 0.233643
vt 0.392293 0.232887
vt 0.251388 0.172428
vt 0.264568 0.172623
vt 0.296449 0.222128
vt 0.291381 0.220646
vt 0.393055 0.238081
vt 0.394354 0.237701
vt 0.251885 0.177402
vt 0.264873 0.177594
vt 0.299507 0.218139
vt 0.293264 0.216313
vt 0.396434 0.242550
vt 0.252707 0.182257
vt 0.265380 0.182445
vt 0.302408 0.214367
vt 0.295051 0.212215
vt 0.253846 0.186947
vt 0.266081 0.187128
vt 0.278559 0.162610
vt 0.278525 0.167679
vt 0.284656 0.229461
vt 0.285338 0.224598
vt 0.394353 0.227581
vt 0.395036 0.232502
vt 0.278559 0.172723
vt 0.286001 0.219890
vt 0.395732 0.237507
vt 0.278662 0.177692
vt 0.286637 0.215382
vt 0.278833 0.182541
vt 0.287240 0.211118
vt 0.279070 0.187221
vt 0.287805 0.207138
vt 0.279371 0.191688
vt 0.288326 0.203482
vt 0.279732 0.195898
vt 0.280624 0.130442
vt 0.280151 0.134364
vt 0.280151 0.199812
vt 0.279732 0.138582
vt 0.270683 0.203320
vt 0.280624 0.203391
vt 0.279371 0.143056
vt 0.391366 0.205859
vt 0.391887 0.209676
vt 0.279070 0.147741
vt 0.392452 0.213797
vt 0.278833 0.152593
vt 0.393055 0.218184
vt 0.278662 0.157566
vt 0.283960 0.234431
vt 0.393691 0.222793
vt 0.292824 0.172723
vt 0.292721 0.177692
vt 0.280515 0.219890
vt 0.279879 0.215382
vt 0.397137 0.237507
vt 0.292550 0.182541
vt 0.279276 0.211118
vt 0.292313 0.187221
vt 0.278711 0.207138
vt 0.292013 0.191688
vt 0.278190 0.203481
vt 0.291651 0.195898
vt 0.290760 0.130442
vt 0.291232 0.134364
vt 0.291232 0.199812
vt 0.291651 0.138582
vt 0.290760 0.203391
vt 0.292013 0.143056
vt 0.401502 0.205859
vt 0.400981 0.209676
vt 0.292313 0.147741
vt 0.400416 0.213797
vt 0.292550 0.152593
vt 0.399813 0.218184
vt 0.292721 0.157566
vt 0.282555 0.234431
vt 0.399177 0.222793
vt 0.292824 0.162610
vt 0.281860 0.229461
vt 0.398515 0.227581
vt 0.292859 0.167679
vt 0.281177 0.224598
vt 0.397832 0.232502
vt 0.306004 0.182445
vt 0.305302 0.187128
vt 0.271465 0.212215
vt 0.269792 0.208391
vt 0.304412 0.191599
vt 0.268249 0.204878
vt 0.303341 0.195815
vt 0.300701 0.130371
vt 0.302100 0.134287
vt 0.302100 0.199734
vt 0.303341 0.138499
vt 0.300701 0.203320
vt 0.304412 0.142967
vt 0.411443 0.207256
vt 0.409900 0.210929
vt 0.305302 0.147648
vt 0.408227 0.214894
vt 0.306004 0.152497
vt 0.406440 0.219114
vt 0.306510 0.157468
vt 0.281177 0.234625
vt 0.404557 0.223549
vt 0.306816 0.162511
vt 0.279117 0.229846
vt 0.402596 0.228154
vt 0.306918 0.167579
vt 0.277096 0.225171
vt 0.400575 0.232887
vt 0.306816 0.172623
vt 0.275135 0.220645
vt 0.398515 0.237701
vt 0.306510 0.177594
vt 0.273252 0.216313
vt 0.316091 0.191426
vt 0.314352 0.195652
vt 0.310065 0.130232
vt 0.312337 0.134135
vt 0.312337 0.199583
vt 0.314352 0.138336
vt 0.412842 0.203911
vt 0.423079 0.206906
vt 0.420808 0.209995
vt 0.316091 0.142794
vt 0.418301 0.213386
vt 0.317537 0.147467
vt 0.415584 0.217046
vt 0.318677 0.152310
vt 0.412683 0.220940
vt 0.319499 0.157275
vt 0.279879 0.235004
vt 0.409625 0.225031
vt 0.319995 0.162316
vt 0.276533 0.230601
vt 0.406440 0.229279
vt 0.320161 0.167383
vt 0.273252 0.226295
vt 0.403159 0.233643
vt 0.319995 0.172428
vt 0.270067 0.222128
vt 0.399813 0.238081
vt 0.319499 0.177402
vt 0.267009 0.218139
vt 0.318677 0.182257
vt 0.264108 0.214367
vt 0.317537 0.186947
vt 0.261391 0.210848
vt 0.258884 0.207617
vt 0.432292 0.211253
vt 0.429235 0.213971
vt 0.324262 0.138099
vt 0.326602 0.142543
vt 0.425862 0.216954
vt 0.328549 0.147204
vt 0.422206 0.220171
vt 0.330082 0.152037
vt 0.418301 0.223591
vt 0.331188 0.156995
vt 0.278711 0.235556
vt 0.414186 0.227183
vt 0.331856 0.162032
vt 0.274208 0.231698
vt 0.409900 0.230911
vt 0.332080 0.167098
vt 0.269792 0.227928
vt 0.405484 0.234740
vt 0.331856 0.172144
vt 0.265506 0.224280
vt 0.400981 0.238632
vt 0.331188 0.177122
vt 0.261391 0.220790
vt 0.330082 0.181984
vt 0.257486 0.217491
vt 0.328549 0.186684
vt 0.253830 0.214416
vt 0.326602 0.191175
vt 0.250457 0.211593
vt 0.324262 0.195415
vt 0.256613 0.204704
vt 0.247400 0.209051
vt 0.321550 0.199362
vt 0.321550 0.133915
vt 0.432292 0.221494
vt 0.427837 0.224147
vt 0.337913 0.146869
vt 0.339782 0.151690
vt 0.423079 0.226965
vt 0.341130 0.156640
vt 0.277718 0.236257
vt 0.418065 0.229922
vt 0.341944 0.161671
vt 0.272231 0.233095
vt 0.412842 0.232989
vt 0.342216 0.166735
vt 0.266850 0.230006
vt 0.407461 0.236136
vt 0.342344 0.098066
vt 0.342344 0.093000
vt 0.352496 0.092773
vt 0.352447 0.097840
vt 0.261627 0.227019
vt 0.401974 0.239333
vt 0.342887 0.103106
vt 0.352844 0.102883
vt 0.256613 0.224164
vt 0.343969 0.108072
vt 0.353683 0.107855
vt 0.251855 0.221468
vt 0.345578 0.112916
vt 0.354957 0.112707
vt 0.247400 0.218956
vt 0.347699 0.117592
vt 0.356652 0.117392
vt 0.243289 0.216654
vt 0.350312 0.122054
vt 0.358753 0.121866
vt 0.239564 0.214584
vt 0.435004 0.208824
vt 0.443432 0.214775
vt 0.440128 0.216786
vt 0.329385 0.133634
vt 0.332690 0.137797
vt 0.436403 0.219032
vt 0.335542 0.142223
vt 0.426833 0.230933
vt 0.421112 0.233143
vt 0.352990 0.087731
vt 0.353925 0.082764
vt 0.365626 0.082641
vt 0.364862 0.087606
vt 0.276937 0.237082
vt 0.270677 0.234737
vt 0.415154 0.235432
vt 0.364425 0.092647
vt 0.264538 0.232449
vt 0.409015 0.237778
vt 0.364319 0.097715
vt 0.258580 0.230240
vt 0.402755 0.240158
vt 0.364544 0.102760
vt 0.252859 0.228131
vt 0.365099 0.107735
vt 0.247430 0.226144
vt 0.365978 0.112591
vt 0.242347 0.224296
vt 0.367173 0.117281
vt 0.237658 0.222606
vt 0.368672 0.121761
vt 0.233408 0.221090
vt 0.361239 0.126085
vt 0.370460 0.125988
vt 0.361832 0.064570
vt 0.364755 0.060660
vt 0.373977 0.060563
vt 0.371751 0.064466
vt 0.446284 0.223291
vt 0.442034 0.224984
vt 0.359265 0.068777
vt 0.369786 0.068667
vt 0.437345 0.226833
vt 0.357078 0.073241
vt 0.368099 0.073125
vt 0.432262 0.228823
vt 0.355292 0.077918
vt 0.366708 0.077798
vt 0.416746 0.238147
vt 0.410085 0.239603
vt 0.377674 0.092628
vt 0.377504 0.097696
vt 0.262946 0.235163
vt 0.256480 0.233818
vt 0.403293 0.241075
vt 0.377539 0.102741
vt 0.250273 0.232540
vt 0.377778 0.107717
vt 0.244383 0.231339
vt 0.378219 0.112573
vt 0.238867 0.230228
vt 0.378858 0.117265
vt 0.233779 0.229218
vt 0.379688 0.121745
vt 0.229168 0.228319
vt 0.380702 0.125973
vt 0.384218 0.060549
vt 0.382767 0.064450
vt 0.372522 0.129919
vt 0.381890 0.129906
vt 0.381470 0.068650
vt 0.445913 0.231596
vt 0.440825 0.232766
vt 0.380340 0.073107
vt 0.435309 0.234018
vt 0.379387 0.077780
vt 0.429419 0.235341
vt 0.378620 0.082622
vt 0.276399 0.237999
vt 0.423212 0.236722
vt 0.378048 0.087587
vt 0.269607 0.236561
vt 0.403567 0.242048
vt 0.391328 0.102828
vt 0.391232 0.107801
vt 0.248955 0.237219
vt 0.242829 0.236855
vt 0.391208 0.112654
vt 0.237093 0.236526
vt 0.391257 0.117342
vt 0.231802 0.236238
vt 0.391378 0.121819
vt 0.385809 0.056983
vt 0.395751 0.057045
vt 0.395086 0.060617
vt 0.391570 0.126041
vt 0.394457 0.064523
vt 0.391832 0.129968
vt 0.393870 0.068728
vt 0.447890 0.238616
vt 0.442599 0.239064
vt 0.393329 0.073189
vt 0.436863 0.239534
vt 0.392841 0.077864
vt 0.430737 0.240021
vt 0.392409 0.082708
vt 0.276125 0.238972
vt 0.424282 0.240521
vt 0.392039 0.087675
vt 0.269061 0.238498
vt 0.417558 0.241029
vt 0.391734 0.092716
vt 0.262134 0.238045
vt 0.410631 0.241539
vt 0.391496 0.097783
vt 0.255410 0.237618
vt 0.404446 0.112832
vt 0.403894 0.117511
vt 0.237093 0.242948
vt 0.231802 0.243396
vt 0.403292 0.121978
vt 0.405883 0.057181
vt 0.406163 0.060765
vt 0.402647 0.126189
vt 0.406372 0.064683
vt 0.401964 0.130104
vt 0.406507 0.068897
vt 0.447890 0.245774
vt 0.442599 0.245486
vt 0.406568 0.073366
vt 0.436863 0.245158
vt 0.406553 0.078047
vt 0.430737 0.244793
vt 0.406463 0.082896
vt 0.276125 0.239964
vt 0.424282 0.244395
vt 0.406299 0.087866
vt 0.269061 0.240473
vt 0.417558 0.243967
vt 0.406063 0.092908
vt 0.262134 0.240984
vt 0.410631 0.243514
vt 0.405756 0.097974
vt 0.255410 0.241491
vt 0.403567 0.243040
vt 0.405382 0.103016
vt 0.248955 0.241991
vt 0.404944 0.107984
vt 0.242829 0.242478
vt 0.414973 0.122218
vt 0.413506 0.126412
vt 0.417023 0.060988
vt 0.418053 0.064922
vt 0.411898 0.130307
vt 0.418897 0.069151
vt 0.445913 0.252794
vt 0.440825 0.251784
vt 0.419547 0.073632
vt 0.435309 0.250673
vt 0.419997 0.078323
vt 0.429419 0.249473
vt 0.420242 0.083179
vt 0.276399 0.240937
vt 0.423212 0.248194
vt 0.420280 0.088152
vt 0.269607 0.242410
vt 0.416746 0.246849
vt 0.420112 0.093196
vt 0.262946 0.243865
vt 0.410085 0.245451
vt 0.419737 0.098261
vt 0.256480 0.245290
vt 0.403293 0.244013
vt 0.419161 0.103298
vt 0.250273 0.246671
vt 0.418388 0.108260
vt 0.244383 0.247994
vt 0.417426 0.113098
vt 0.238867 0.249246
vt 0.416284 0.117765
vt 0.233779 0.250416
vt 0.415817 0.057384
vt 0.442034 0.259406
vt 0.437345 0.257716
vt 0.430563 0.069480
vt 0.431768 0.073977
vt 0.432262 0.255869
vt 0.432655 0.078680
vt 0.426833 0.253881
vt 0.433216 0.083545
vt 0.276937 0.241854
vt 0.421112 0.251773
vt 0.433445 0.088524
vt 0.270677 0.244234
vt 0.415154 0.249564
vt 0.433340 0.093569
vt 0.264538 0.246580
vt 0.409015 0.247275
vt 0.432901 0.098632
vt 0.258580 0.248869
vt 0.402755 0.244930
vt 0.432134 0.103664
vt 0.252859 0.251079
vt 0.431046 0.108617
vt 0.247430 0.253189
vt 0.429647 0.113443
vt 0.242347 0.255179
vt 0.427950 0.118094
vt 0.237658 0.257028
vt 0.425972 0.122528
vt 0.229168 0.251492
vt 0.233408 0.258721
vt 0.423732 0.126700
vt 0.427248 0.061276
vt 0.429051 0.065233
vt 0.421251 0.130571
vt 0.427837 0.260544
vt 0.423079 0.257848
vt 0.444042 0.079105
vt 0.444886 0.083981
vt 0.277718 0.242679
vt 0.418065 0.254993
vt 0.445286 0.088966
vt 0.272231 0.245876
vt 0.412842 0.252007
vt 0.445239 0.094014
vt 0.266850 0.249023
vt 0.407461 0.248917
vt 0.444743 0.099074
vt 0.261627 0.252090
vt 0.401974 0.245755
vt 0.443805 0.104100
vt 0.256613 0.255047
vt 0.442433 0.109042
vt 0.251855 0.257865
vt 0.440640 0.113853
vt 0.247400 0.260518
vt 0.438444 0.118486
vt 0.243289 0.262980
vt 0.435866 0.122897
vt 0.239564 0.265227
vt 0.432930 0.127044
vt 0.436446 0.061620
vt 0.438945 0.065602
vt 0.446284 0.260923
vt 0.440128 0.267428
vt 0.436403 0.265358
vt 0.441057 0.069872
vt 0.432292 0.263056
vt 0.442761 0.074387
vt 0.278711 0.243380
vt 0.274208 0.247272
vt 0.414186 0.257732
vt 0.409900 0.254084
vt 0.229168 0.093639
vt 0.229440 0.088591
vt 0.239527 0.088230
vt 0.239304 0.093276
vt 0.269792 0.251101
vt 0.405484 0.250314
vt 0.229440 0.098703
vt 0.239527 0.098342
vt 0.265506 0.254829
vt 0.400981 0.246456
vt 0.230254 0.103734
vt 0.240195 0.103378
vt 0.261391 0.258421
vt 0.231602 0.108684
vt 0.241301 0.108337
vt 0.257486 0.261842
vt 0.452110 0.109519
vt 0.449983 0.114313
vt 0.253830 0.265059
vt 0.447362 0.118926
vt 0.250457 0.268041
vt 0.444274 0.123312
vt 0.247400 0.270759
vt 0.241998 0.126740
vt 0.238694 0.122577
vt 0.247122 0.122275
vt 0.249833 0.126459
vt 0.236260 0.267237
vt 0.244688 0.273188
vt 0.432293 0.272961
vt 0.429235 0.270419
vt 0.447353 0.066016
vt 0.449975 0.070311
vt 0.425862 0.267596
vt 0.452104 0.074848
vt 0.422206 0.264521
vt 0.231602 0.078737
vt 0.233470 0.074025
vt 0.242835 0.073690
vt 0.241301 0.078390
vt 0.418301 0.261222
vt 0.230254 0.083607
vt 0.240195 0.083252
vt 0.273252 0.252733
vt 0.270067 0.256981
vt 0.403159 0.251411
vt 0.399813 0.247008
vt 0.251388 0.098058
vt 0.251885 0.103099
vt 0.267009 0.261072
vt 0.252707 0.108064
vt 0.264108 0.264966
vt 0.242835 0.113170
vt 0.253846 0.112907
vt 0.261391 0.268626
vt 0.244781 0.117831
vt 0.255293 0.117580
vt 0.258884 0.272017
vt 0.257032 0.122038
vt 0.256613 0.275107
vt 0.259047 0.126239
vt 0.247122 0.064959
vt 0.249833 0.061011
vt 0.259047 0.060791
vt 0.257032 0.064722
vt 0.423079 0.277308
vt 0.420808 0.274395
vt 0.244781 0.069199
vt 0.255293 0.068948
vt 0.418301 0.271164
vt 0.253846 0.073427
vt 0.415584 0.267645
vt 0.252707 0.078117
vt 0.412683 0.263873
vt 0.251885 0.082972
vt 0.279879 0.243932
vt 0.409625 0.259884
vt 0.251388 0.087946
vt 0.276533 0.248369
vt 0.406440 0.255717
vt 0.251222 0.092991
vt 0.273252 0.262898
vt 0.271465 0.267118
vt 0.265380 0.107876
vt 0.266081 0.112725
vt 0.269792 0.271084
vt 0.266972 0.117407
vt 0.268249 0.274756
vt 0.268043 0.121875
vt 0.266850 0.278101
vt 0.269284 0.126087
vt 0.269284 0.060639
vt 0.268043 0.064559
vt 0.261318 0.130142
vt 0.270683 0.130003
vt 0.266972 0.068775
vt 0.411443 0.277134
vt 0.409900 0.273621
vt 0.266081 0.073246
vt 0.408227 0.269797
vt 0.265380 0.077929
vt 0.406440 0.265699
vt 0.264874 0.082780
vt 0.281177 0.244311
vt 0.404557 0.261367
vt 0.264568 0.087751
vt 0.279117 0.249125
vt 0.402596 0.256841
vt 0.264466 0.092795
vt 0.277096 0.253858
vt 0.400575 0.252166
vt 0.264568 0.097863
vt 0.275135 0.258463
vt 0.398515 0.247387
vt 0.264874 0.102906
vt 0.278711 0.272336
vt 0.278190 0.276153
vt 0.279371 0.117318
vt 0.279732 0.121792
vt 0.270683 0.057054
vt 0.280624 0.056983
vt 0.280151 0.060562
vt 0.280151 0.126010
vt 0.279732 0.064476
vt 0.280624 0.129932
vt 0.279371 0.068686
vt 0.401502 0.278531
vt 0.400981 0.274874
vt 0.279070 0.073153
vt 0.400416 0.270894
vt 0.278833 0.077833
vt 0.399813 0.266630
vt 0.278662 0.082682
vt 0.282555 0.244505
vt 0.399177 0.262122
vt 0.278559 0.087651
vt 0.281860 0.249510
vt 0.398515 0.257414
vt 0.278525 0.092695
vt 0.281177 0.254431
vt 0.397832 0.252552
vt 0.278559 0.097763
vt 0.280515 0.259219
vt 0.397137 0.247581
vt 0.278662 0.102808
vt 0.279879 0.263829
vt 0.278833 0.107781
vt 0.279276 0.268215
vt 0.279070 0.112633
vt 0.291232 0.060562
vt 0.291651 0.064476
vt 0.291232 0.126010
vt 0.290760 0.129932
vt 0.292013 0.068686
vt 0.391366 0.278531
vt 0.391887 0.274874
vt 0.292313 0.073153
vt 0.392452 0.270894
vt 0.292550 0.077833
vt 0.393055 0.266630
vt 0.292721 0.082682
vt 0.283960 0.244505
vt 0.393691 0.262122
vt 0.292825 0.087651
vt 0.284656 0.249510
vt 0.394354 0.257414
vt 0.292859 0.092695
vt 0.285338 0.254431
vt 0.395036 0.252552
vt 0.292825 0.097763
vt 0.286001 0.259219
vt 0.395732 0.247581
vt 0.292721 0.102808
vt 0.286637 0.263829
vt 0.292550 0.107781
vt 0.287240 0.268215
vt 0.292313 0.112633
vt 0.287805 0.272336
vt 0.292013 0.117318
vt 0.288326 0.276153
vt 0.291651 0.121792
vt 0.290760 0.056983
vt 0.304412 0.068775
vt 0.305302 0.073246
vt 0.382968 0.273621
vt 0.384641 0.269797
vt 0.306004 0.077929
vt 0.386428 0.265699
vt 0.306510 0.082780
vt 0.285338 0.244311
vt 0.388311 0.261367
vt 0.306816 0.087751
vt 0.287399 0.249125
vt 0.390272 0.256841
vt 0.306918 0.092795
vt 0.289420 0.253858
vt 0.392293 0.252166
vt 0.306816 0.097863
vt 0.291381 0.258464
vt 0.394354 0.247387
vt 0.306510 0.102906
vt 0.293264 0.262898
vt 0.306004 0.107876
vt 0.295051 0.267118
vt 0.305302 0.112725
vt 0.296724 0.271084
vt 0.304412 0.117407
vt 0.298267 0.274757
vt 0.303341 0.121875
vt 0.300701 0.057054
vt 0.302100 0.060639
vt 0.302100 0.126087
vt 0.303341 0.064559
vt 0.300701 0.130003
vt 0.381425 0.277134
vt 0.318677 0.078117
vt 0.319499 0.082972
vt 0.286637 0.243932
vt 0.380185 0.263873
vt 0.383243 0.259884
vt 0.319995 0.087946
vt 0.289983 0.248370
vt 0.386428 0.255717
vt 0.320161 0.092991
vt 0.293264 0.252733
vt 0.389709 0.251411
vt 0.319995 0.098058
vt 0.296449 0.256981
vt 0.393055 0.247008
vt 0.319499 0.103099
vt 0.299507 0.261072
vt 0.318677 0.108064
vt 0.302408 0.264966
vt 0.317537 0.112907
vt 0.305125 0.268626
vt 0.316091 0.117580
vt 0.307632 0.272017
vt 0.314352 0.122038
vt 0.299666 0.278101
vt 0.309903 0.275107
vt 0.312337 0.126239
vt 0.312337 0.060791
vt 0.314352 0.064722
vt 0.310065 0.130142
vt 0.316091 0.068948
vt 0.372060 0.274395
vt 0.374567 0.271164
vt 0.317537 0.073427
vt 0.377284 0.267645
vt 0.331856 0.088230
vt 0.332080 0.093276
vt 0.292308 0.247272
vt 0.296724 0.251101
vt 0.382968 0.254084
vt 0.387384 0.250314
vt 0.331856 0.098342
vt 0.301010 0.254829
vt 0.391887 0.246456
vt 0.331189 0.103378
vt 0.305125 0.258421
vt 0.330082 0.108337
vt 0.309030 0.261842
vt 0.328549 0.113170
vt 0.312686 0.265059
vt 0.326602 0.117831
vt 0.316059 0.268041
vt 0.324262 0.122275
vt 0.319116 0.270760
vt 0.321550 0.126459
vt 0.321550 0.061011
vt 0.324262 0.064959
vt 0.369789 0.277308
vt 0.360576 0.272961
vt 0.363633 0.270419
vt 0.326602 0.069199
vt 0.367006 0.267596
vt 0.328549 0.073690
vt 0.370662 0.264521
vt 0.330082 0.078390
vt 0.374567 0.261222
vt 0.331189 0.083252
vt 0.287805 0.243380
vt 0.378682 0.257732
vt 0.341944 0.098703
vt 0.341130 0.103734
vt 0.304889 0.252090
vt 0.309903 0.255047
vt 0.390894 0.245755
vt 0.339782 0.108684
vt 0.314661 0.257865
vt 0.337913 0.113505
vt 0.319116 0.260518
vt 0.335542 0.118151
vt 0.323226 0.262980
vt 0.332690 0.122577
vt 0.326952 0.265227
vt 0.329385 0.126740
vt 0.321828 0.273188
vt 0.330256 0.267237
vt 0.352740 0.267428
vt 0.356466 0.265358
vt 0.349018 0.142653
vt 0.351870 0.138227
vt 0.360298 0.138529
vt 0.357957 0.142973
vt 0.360576 0.263056
vt 0.346647 0.147298
vt 0.356011 0.147634
vt 0.365031 0.260544
vt 0.344778 0.152120
vt 0.354477 0.152467
vt 0.369789 0.257848
vt 0.343430 0.157070
vt 0.353371 0.157425
vt 0.288798 0.242679
vt 0.374803 0.254993
vt 0.342616 0.162101
vt 0.352703 0.162462
vt 0.294285 0.245876
vt 0.380026 0.252007
vt 0.342344 0.167165
vt 0.352480 0.167527
vt 0.299666 0.249023
vt 0.385407 0.248917
vt 0.342216 0.093639
vt 0.356011 0.187113
vt 0.354477 0.182414
vt 0.365883 0.182687
vt 0.367022 0.187377
vt 0.319085 0.253189
vt 0.324169 0.255179
vt 0.357957 0.191605
vt 0.368469 0.191856
vt 0.328858 0.257029
vt 0.360298 0.195844
vt 0.370208 0.196081
vt 0.333108 0.258721
vt 0.363009 0.199792
vt 0.372223 0.200012
vt 0.363009 0.134344
vt 0.372223 0.134565
vt 0.370208 0.138766
vt 0.346584 0.260922
vt 0.350834 0.259406
vt 0.368469 0.143224
vt 0.355523 0.257716
vt 0.367022 0.147897
vt 0.360607 0.255869
vt 0.365883 0.152739
vt 0.366035 0.253881
vt 0.365061 0.157705
vt 0.289579 0.241854
vt 0.371756 0.251772
vt 0.364564 0.162745
vt 0.295839 0.244234
vt 0.377714 0.249564
vt 0.364399 0.167812
vt 0.301978 0.246580
vt 0.383853 0.247275
vt 0.352703 0.172574
vt 0.364564 0.172857
vt 0.307936 0.248869
vt 0.390113 0.244930
vt 0.353371 0.177552
vt 0.365061 0.177831
vt 0.313657 0.251079
vt 0.380148 0.192029
vt 0.381219 0.196245
vt 0.374494 0.130662
vt 0.383859 0.130801
vt 0.382460 0.134716
vt 0.382460 0.200164
vt 0.381219 0.138929
vt 0.342344 0.253693
vt 0.346955 0.252794
vt 0.380148 0.143397
vt 0.352043 0.251784
vt 0.379257 0.148078
vt 0.357559 0.250673
vt 0.378556 0.152927
vt 0.363449 0.249473
vt 0.378050 0.157897
vt 0.290117 0.240937
vt 0.369656 0.248194
vt 0.377744 0.162941
vt 0.296909 0.242410
vt 0.376122 0.246849
vt 0.377642 0.168009
vt 0.303570 0.243865
vt 0.382783 0.245451
vt 0.377744 0.173053
vt 0.310036 0.245290
vt 0.389575 0.244013
vt 0.378050 0.178024
vt 0.316243 0.246671
vt 0.378556 0.182875
vt 0.322133 0.247994
vt 0.379257 0.187558
vt 0.327649 0.249246
vt 0.332737 0.250416
vt 0.383859 0.203750
vt 0.393328 0.200241
vt 0.393800 0.203821
vt 0.392909 0.139012
vt 0.392547 0.143485
vt 0.344978 0.245774
vt 0.350269 0.245486
vt 0.392246 0.148171
vt 0.356005 0.245158
vt 0.392009 0.153023
vt 0.362131 0.244793
vt 0.391838 0.157995
vt 0.290391 0.239964
vt 0.368586 0.244394
vt 0.391735 0.163040
vt 0.297455 0.240473
vt 0.375310 0.243967
vt 0.391701 0.168109
vt 0.304382 0.240984
vt 0.382237 0.243514
vt 0.391735 0.173152
vt 0.311106 0.241491
vt 0.389301 0.243040
vt 0.391838 0.178122
vt 0.317561 0.241991
vt 0.392009 0.182970
vt 0.323687 0.242478
vt 0.392246 0.187650
vt 0.329423 0.242948
vt 0.392547 0.192117
vt 0.334714 0.243396
vt 0.392909 0.196328
vt 0.393800 0.130871
vt 0.393328 0.134794
vt 0.405490 0.187650
vt 0.405189 0.192117
vt 0.329423 0.236527
vt 0.334714 0.236239
vt 0.404827 0.196328
vt 0.403936 0.130871
vt 0.404408 0.134794
vt 0.404408 0.200241
vt 0.404827 0.139012
vt 0.403936 0.203821
vt 0.405189 0.143485
vt 0.344978 0.238616
vt 0.350269 0.239064
vt 0.405490 0.148171
vt 0.356005 0.239534
vt 0.405726 0.153023
vt 0.362131 0.240021
vt 0.405897 0.157995
vt 0.290391 0.238972
vt 0.368586 0.240521
vt 0.406001 0.163040
vt 0.297455 0.238498
vt 0.375310 0.241029
vt 0.406035 0.168109
vt 0.304382 0.238045
vt 0.382237 0.241539
vt 0.406001 0.173152
vt 0.311106 0.237618
vt 0.389301 0.242048
vt 0.405897 0.178122
vt 0.317561 0.237220
vt 0.405726 0.182970
vt 0.323687 0.236855
vt 0.416517 0.196245
vt 0.415276 0.200164
vt 0.415276 0.134716
vt 0.416517 0.138929
vt 0.413877 0.203750
vt 0.417588 0.143397
vt 0.346955 0.231596
vt 0.352043 0.232766
vt 0.418478 0.148078
vt 0.357559 0.234018
vt 0.419180 0.152927
vt 0.363449 0.235341
vt 0.419686 0.157897
vt 0.290117 0.237999
vt 0.369656 0.236722
vt 0.419992 0.162941
vt 0.296909 0.236561
vt 0.376122 0.238147
vt 0.420094 0.168009
vt 0.303570 0.235163
vt 0.382783 0.239602
vt 0.419992 0.173053
vt 0.310036 0.233818
vt 0.389575 0.241075
vt 0.419686 0.178024
vt 0.316243 0.232540
vt 0.419180 0.182875
vt 0.322133 0.231339
vt 0.418478 0.187558
vt 0.327649 0.230229
vt 0.417588 0.192029
vt 0.332737 0.229219
vt 0.413877 0.130801
vt 0.350834 0.224984
vt 0.355523 0.226833
vt 0.429267 0.143224
vt 0.430713 0.147897
vt 0.360607 0.228823
vt 0.431853 0.152739
vt 0.366035 0.230933
vt 0.432675 0.157705
vt 0.289579 0.237082
vt 0.371756 0.233143
vt 0.433171 0.162745
vt 0.295839 0.234737
vt 0.377714 0.235432
vt 0.433337 0.167812
vt 0.301978 0.232449
vt 0.383853 0.237778
vt 0.433171 0.172857
vt 0.307936 0.230240
vt 0.390113 0.240158
vt 0.432675 0.177831
vt 0.313657 0.228131
vt 0.431853 0.182687
vt 0.319085 0.226144
vt 0.430713 0.187377
vt 0.324169 0.224296
vt 0.429267 0.191856
vt 0.328858 0.222606
vt 0.427528 0.196081
vt 0.423241 0.130662
vt 0.425513 0.134565
vt 0.425513 0.200012
vt 0.427528 0.138766
vt 0.342344 0.230520
vt 0.346584 0.223291
vt 0.365031 0.224147
vt 0.369789 0.226965
vt 0.443258 0.152467
vt 0.444365 0.157425
vt 0.288798 0.236257
vt 0.374803 0.229922
vt 0.445033 0.162462
vt 0.294285 0.233095
vt 0.380026 0.232989
vt 0.445256 0.167527
vt 0.299666 0.230006
vt 0.385407 0.236136
vt 0.445033 0.172574
vt 0.304889 0.227019
vt 0.390894 0.239333
vt 0.444365 0.177552
vt 0.309903 0.224164
vt 0.443258 0.182414
vt 0.314661 0.221468
vt 0.441725 0.187113
vt 0.319116 0.218957
vt 0.439778 0.191605
vt 0.323226 0.216655
vt 0.437438 0.195844
vt 0.333108 0.221090
vt 0.326952 0.214584
vt 0.434726 0.199792
vt 0.434726 0.134344
vt 0.437438 0.138529
vt 0.352740 0.216785
vt 0.356466 0.219032
vt 0.439778 0.142973
vt 0.360576 0.221494
vt 0.441725 0.147634
vt 0.287805 0.235556
vt 0.292308 0.231699
vt 0.378682 0.227183
vt 0.382968 0.230911
vt 0.229168 0.166735
vt 0.229440 0.161671
vt 0.239527 0.162032
vt 0.239304 0.167098
vt 0.296724 0.227928
vt 0.387384 0.234740
vt 0.229440 0.171783
vt 0.239527 0.172144
vt 0.301010 0.224280
vt 0.391887 0.238632
vt 0.230254 0.176766
vt 0.240195 0.177122
vt 0.305125 0.220790
vt 0.231602 0.181637
vt 0.241301 0.181984
vt 0.309030 0.217491
vt 0.233470 0.186349
vt 0.242835 0.186684
vt 0.312686 0.214416
vt 0.451089 0.186778
vt 0.448718 0.191285
vt 0.316059 0.211593
vt 0.238694 0.195113
vt 0.235842 0.190855
vt 0.244781 0.191175
vt 0.247122 0.195415
vt 0.319116 0.209051
vt 0.349436 0.214775
vt 0.357864 0.208824
vt 0.360576 0.211253
vt 0.238694 0.137797
vt 0.241998 0.133634
vt 0.249833 0.133915
vt 0.247122 0.138099
vt 0.363633 0.213971
vt 0.235842 0.142223
vt 0.244781 0.142543
vt 0.367006 0.216953
vt 0.448718 0.142653
vt 0.451089 0.147298
vt 0.370662 0.220171
vt 0.231602 0.151690
vt 0.233470 0.146869
vt 0.242835 0.147204
vt 0.241301 0.152037
vt 0.374567 0.223591
vt 0.230254 0.156640
vt 0.240195 0.156995
vt 0.309903 0.204704
vt 0.249833 0.199362
s 1
usemtl Oxygen.002
f 987/1/986 2/2/1 24/3/23 25/4/24
f 11/5/10 10/6/9 38/7/37 39/8/38
f 3/9/2 987/10/986 25/11/24 26/12/25
f 12/13/11 11/5/10 39/8/38 40/14/39
f 988/15/987 3/9/2 26/12/25 27/16/26
f 993/17/992 12/18/11 40/19/39 41/20/40
f 989/21/988 988/15/987 27/16/26 28/22/27
f 13/23/12 993/17/992 41/20/40 42/24/41
f 4/25/3 989/21/988 28/22/27 29/26/28
f 14/27/13 13/23/12 42/24/41 43/28/42
f 5/29/4 4/25/3 29/26/28 30/30/29
f 15/31/14 14/27/13 43/28/42 44/32/43
f 6/33/5 5/29/4 30/30/29 31/34/30
f 981/35/980 515/36/514 18/37/17
f 994/38/993 15/31/14 44/32/43 45/39/44
f 7/40/6 6/33/5 31/34/30 32/41/31
f 982/42/981 981/35/980 18/37/17 19/43/18
f 995/44/994 994/38/993 45/39/44 46/45/45
f 990/46/989 7/40/6 32/41/31 33/47/32
f 983/48/982 982/42/981 19/43/18 20/49/19
f 16/50/15 995/44/994 46/45/45 47/51/46
f 8/52/7 990/46/989 33/47/32 34/53/33
f 984/54/983 983/48/982 20/49/19 21/55/20
f 17/56/16 16/50/15 47/51/46 48/57/47
f 9/58/8 8/52/7 34/53/33 35/59/34
f 985/60/984 984/54/983 21/55/20 22/61/21
f 514/62/513 17/56/16 48/57/47
f 991/63/990 9/58/8 35/59/34 36/64/35
f 986/65/985 985/60/984 22/61/21 23/66/22
f 992/67/991 991/63/990 36/64/35 37/68/36
f 2/2/1 986/65/985 23/66/22 24/3/23
f 10/6/9 992/67/991 37/68/36 38/7/37
f 33/47/32 32/41/31 63/69/62 64/70/63
f 20/49/19 19/43/18 50/71/49 51/72/50
f 47/51/46 46/45/45 77/73/76 78/74/77
f 34/53/33 33/47/32 64/70/63 65/75/64
f 21/55/20 20/49/19 51/72/50 52/76/51
f 48/57/47 47/51/46 78/74/77 79/77/78
f 35/59/34 34/53/33 65/75/64 66/78/65
f 22/61/21 21/55/20 52/76/51 53/79/52
f 514/62/513 48/57/47 79/77/78
f 36/64/35 35/59/34 66/78/65 67/80/66
f 23/66/22 22/61/21 53/79/52 54/81/53
f 37/68/36 36/64/35 67/80/66 68/82/67
f 24/3/23 23/66/22 54/81/53 55/83/54
f 38/7/37 37/68/36 68/82/67 69/84/68
f 25/4/24 24/3/23 55/83/54 56/85/55
f 39/8/38 38/7/37 69/84/68 70/86/69
f 26/12/25 25/11/24 56/87/55 57/88/56
f 40/14/39 39/8/38 70/86/69 71/89/70
f 27/16/26 26/12/25 57/88/56 58/90/57
f 41/91/40 40/14/39 71/89/70 72/92/71
f 28/22/27 27/16/26 58/90/57 59/93/58
f 42/24/41 41/20/40 72/94/71 73/95/72
f 29/26/28 28/22/27 59/93/58 60/96/59
f 43/28/42 42/24/41 73/95/72 74/97/73
f 30/30/29 29/26/28 60/96/59 61/98/60
f 44/32/43 43/28/42 74/97/73 75/99/74
f 31/34/30 30/30/29 61/98/60 62/100/61
f 18/37/17 515/36/514 49/101/48
f 45/39/44 44/32/43 75/99/74 76/102/75
f 32/41/31 31/34/30 62/100/61 63/69/62
f 19/43/18 18/37/17 49/101/48 50/71/49
f 46/45/45 45/39/44 76/102/75 77/73/76
f 66/78/65 65/75/64 96/103/95 97/104/96
f 53/79/52 52/76/51 83/105/82 84/106/83
f 514/62/513 79/77/78 110/107/109
f 67/80/66 66/78/65 97/104/96 98/108/97
f 54/81/53 53/79/52 84/106/83 85/109/84
f 68/82/67 67/80/66 98/108/97 99/110/98
f 55/83/54 54/81/53 85/109/84 86/111/85
f 69/84/68 68/82/67 99/110/98 100/112/99
f 56/85/55 55/83/54 86/111/85 87/113/86
f 70/86/69 69/84/68 100/112/99 101/114/100
f 57/88/56 56/87/55 87/115/86 88/116/87
f 71/89/70 70/86/69 101/114/100 102/117/101
f 58/90/57 57/88/56 88/116/87 89/118/88
f 72/92/71 71/89/70 102/117/101 103/119/102
f 59/93/58 58/90/57 89/118/88 90/120/89
f 73/95/72 72/94/71 103/121/102 104/122/103
f 60/96/59 59/93/58 90/120/89 91/123/90
f 74/97/73 73/95/72 104/122/103 105/124/104
f 61/98/60 60/96/59 91/123/90 92/125/91
f 75/99/74 74/97/73 105/124/104 106/126/105
f 62/100/61 61/98/60 92/125/91 93/127/92
f 49/101/48 515/36/514 80/128/79
f 76/102/75 75/99/74 106/126/105 107/129/106
f 63/69/62 62/100/61 93/127/92 94/130/93
f 50/71/49 49/101/48 80/128/79 81/131/80
f 77/73/76 76/102/75 107/129/106 108/132/107
f 64/70/63 63/69/62 94/130/93 95/133/94
f 51/72/50 50/71/49 81/131/80 82/134/81
f 78/74/77 77/73/76 108/132/107 109/135/108
f 65/75/64 64/70/63 95/133/94 96/103/95
f 52/76/51 51/72/50 82/134/81 83/105/82
f 79/77/78 78/74/77 109/135/108 110/107/109
f 99/110/98 98/108/97 129/136/128 130/137/129
f 86/111/85 85/109/84 116/138/115 117/139/116
f 100/112/99 99/110/98 130/137/129 131/140/130
f 87/113/86 86/111/85 117/139/116 118/141/117
f 101/114/100 100/112/99 131/140/130 132/142/131
f 88/116/87 87/115/86 118/143/117 119/144/118
f 102/117/101 101/114/100 132/142/131 133/145/132
f 89/118/88 88/116/87 119/144/118 120/146/119
f 103/119/102 102/117/101 133/145/132 134/147/133
f 90/120/89 89/118/88 120/146/119 121/148/120
f 104/122/103 103/121/102 134/149/133 135/150/134
f 91/123/90 90/120/89 121/148/120 122/151/121
f 105/124/104 104/122/103 135/150/134 136/152/135
f 92/125/91 91/123/90 122/151/121 123/153/122
f 106/126/105 105/124/104 136/152/135 137/154/136
f 93/127/92 92/125/91 123/153/122 124/155/123
f 80/128/79 515/36/514 111/156/110
f 107/129/106 106/126/105 137/154/136 138/157/137
f 94/130/93 93/127/92 124/155/123 125/158/124
f 81/131/80 80/128/79 111/156/110 112/159/111
f 108/132/107 107/129/106 138/157/137 139/160/138
f 95/133/94 94/130/93 125/158/124 126/161/125
f 82/134/81 81/131/80 112/159/111 113/162/112
f 109/135/108 108/132/107 139/160/138 140/163/139
f 96/103/95 95/133/94 126/161/125 127/164/126
f 83/105/82 82/134/81 113/162/112 114/165/113
f 110/107/109 109/135/108 140/163/139 141/166/140
f 97/104/96 96/103/95 127/164/126 128/167/127
f 84/106/83 83/105/82 114/165/113 115/168/114
f 514/62/513 110/107/109 141/166/140
f 98/108/97 97/104/96 128/167/127 129/136/128
f 85/109/84 84/106/83 115/168/114 116/138/115
f 132/142/131 131/140/130 162/169/161 163/170/162
f 119/144/118 118/143/117 149/171/148 150/172/149
f 133/145/132 132/142/131 163/170/162 164/173/163
f 120/146/119 119/144/118 150/172/149 151/174/150
f 134/149/133 133/175/132 164/176/163 165/177/164
f 121/148/120 120/146/119 151/174/150 152/178/151
f 135/150/134 134/149/133 165/177/164 166/179/165
f 122/151/121 121/148/120 152/178/151 153/180/152
f 136/152/135 135/150/134 166/179/165 167/181/166
f 123/153/122 122/151/121 153/180/152 154/182/153
f 137/154/136 136/152/135 167/181/166 168/183/167
f 124/155/123 123/153/122 154/182/153 155/184/154
f 111/156/110 515/36/514 142/185/141
f 138/157/137 137/154/136 168/183/167 169/186/168
f 125/158/124 124/155/123 155/184/154 156/187/155
f 112/159/111 111/156/110 142/185/141 143/188/142
f 139/160/138 138/157/137 169/186/168 170/189/169
f 126/161/125 125/158/124 156/187/155 157/190/156
f 113/162/112 112/159/111 143/188/142 144/191/143
f 140/163/139 139/160/138 170/189/169 171/192/170
f 127/164/126 126/161/125 157/190/156 158/193/157
f 114/165/113 113/162/112 144/191/143 145/194/144
f 141/166/140 140/163/139 171/192/170 172/195/171
f 128/167/127 127/164/126 158/193/157 159/196/158
f 115/168/114 114/165/113 145/194/144 146/197/145
f 514/62/513 141/166/140 172/195/171
f 129/136/128 128/167/127 159/196/158 160/198/159
f 116/138/115 115/168/114 146/197/145 147/199/146
f 130/137/129 129/136/128 160/198/159 161/200/160
f 117/139/116 116/138/115 147/199/146 148/201/147
f 131/140/130 130/137/129 161/200/160 162/169/161
f 118/141/117 117/139/116 148/201/147 149/202/148
f 165/177/164 164/176/163 195/203/194 196/204/195
f 152/178/151 151/174/150 182/205/181 183/206/182
f 166/179/165 165/177/164 196/204/195 197/207/196
f 153/180/152 152/178/151 183/206/182 184/208/183
f 167/181/166 166/179/165 197/207/196 198/209/197
f 154/182/153 153/180/152 184/208/183 185/210/184
f 168/183/167 167/181/166 198/209/197 199/211/198
f 155/184/154 154/182/153 185/210/184 186/212/185
f 142/185/141 515/36/514 173/213/172
f 169/186/168 168/183/167 199/211/198 200/214/199
f 156/187/155 155/184/154 186/212/185 187/215/186
f 143/188/142 142/185/141 173/213/172 174/216/173
f 170/189/169 169/186/168 200/214/199 201/217/200
f 157/190/156 156/187/155 187/215/186 188/218/187
f 144/191/143 143/188/142 174/216/173 175/219/174
f 171/192/170 170/189/169 201/217/200 202/220/201
f 158/193/157 157/190/156 188/218/187 189/221/188
f 145/194/144 144/191/143 175/219/174 176/222/175
f 172/195/171 171/192/170 202/220/201 203/223/202
f 159/196/158 158/193/157 189/221/188 190/224/189
f 146/197/145 145/194/144 176/222/175 177/225/176
f 514/62/513 172/195/171 203/223/202
f 160/198/159 159/196/158 190/224/189 191/226/190
f 147/199/146 146/197/145 177/225/176 178/227/177
f 161/200/160 160/198/159 191/226/190 192/228/191
f 148/201/147 147/199/146 178/227/177 179/229/178
f 162/169/161 161/200/160 192/228/191 193/230/192
f 149/202/148 148/201/147 179/229/178 180/231/179
f 163/170/162 162/169/161 193/230/192 194/232/193
f 150/233/149 149/202/148 180/231/179 181/234/180
f 164/173/163 163/170/162 194/232/193 195/235/194
f 151/174/150 150/172/149 181/236/180 182/205/181
f 198/209/197 197/207/196 228/237/227 229/238/228
f 185/210/184 184/208/183 215/239/214 216/240/215
f 199/211/198 198/209/197 229/238/228 230/241/229
f 186/212/185 185/210/184 216/240/215 217/242/216
f 173/213/172 515/36/514 204/243/203
f 200/214/199 199/211/198 230/241/229 231/244/230
f 187/215/186 186/212/185 217/242/216 218/245/217
f 174/216/173 173/213/172 204/243/203 205/246/204
f 201/217/200 200/214/199 231/244/230 232/247/231
f 188/218/187 187/215/186 218/245/217 219/248/218
f 175/219/174 174/216/173 205/246/204 206/249/205
f 202/220/201 201/217/200 232/247/231 233/250/232
f 189/251/188 188/252/187 219/253/218 220/254/219
f 176/222/175 175/219/174 206/249/205 207/255/206
f 203/223/202 202/220/201 233/250/232 234/256/233
f 190/257/189 189/251/188 220/254/219 221/258/220
f 177/225/176 176/222/175 207/255/206 208/259/207
f 514/62/513 203/223/202 234/256/233
f 191/260/190 190/257/189 221/258/220 222/261/221
f 178/227/177 177/225/176 208/259/207 209/262/208
f 192/263/191 191/260/190 222/261/221 223/264/222
f 179/229/178 178/227/177 209/262/208 210/265/209
f 193/266/192 192/263/191 223/264/222 224/267/223
f 180/231/179 179/229/178 210/265/209 211/268/210
f 194/269/193 193/266/192 224/267/223 225/270/224
f 181/234/180 180/231/179 211/268/210 212/271/211
f 195/203/194 194/272/193 225/273/224 226/274/225
f 182/205/181 181/236/180 212/275/211 213/276/212
f 196/204/195 195/203/194 226/274/225 227/277/226
f 183/206/182 182/205/181 213/276/212 214/278/213
f 197/207/196 196/204/195 227/277/226 228/237/227
f 184/208/183 183/206/182 214/278/213 215/239/214
f 231/244/230 230/241/229 261/279/260 262/280/261
f 218/281/217 217/282/216 248/283/247 249/284/248
f 205/246/204 204/243/203 235/285/234 236/286/235
f 232/247/231 231/244/230 262/280/261 263/287/262
f 219/253/218 218/281/217 249/284/248 250/288/249
f 206/249/205 205/246/204 236/286/235 237/289/236
f 233/250/232 232/247/231 263/287/262 264/290/263
f 220/254/219 219/253/218 250/288/249 251/291/250
f 207/255/206 206/249/205 237/289/236 238/292/237
f 234/256/233 233/250/232 264/290/263 265/293/264
f 221/258/220 220/254/219 251/291/250 252/294/251
f 208/259/207 207/255/206 238/292/237 239/295/238
f 514/62/513 234/256/233 265/293/264
f 222/261/221 221/258/220 252/294/251 253/296/252
f 209/262/208 208/259/207 239/295/238 240/297/239
f 223/264/222 222/261/221 253/296/252 254/298/253
f 210/265/209 209/262/208 240/297/239 241/299/240
f 224/267/223 223/264/222 254/298/253 255/300/254
f 211/268/210 210/265/209 241/299/240 242/301/241
f 225/270/224 224/267/223 255/300/254 256/302/255
f 212/271/211 211/268/210 242/301/241 243/303/242
f 226/304/225 225/270/224 256/302/255 257/305/256
f 213/306/212 212/307/211 243/308/242 244/309/243
f 227/277/226 226/274/225 257/310/256 258/311/257
f 214/312/213 213/306/212 244/309/243 245/313/244
f 228/237/227 227/277/226 258/311/257 259/314/258
f 215/315/214 214/312/213 245/313/244 246/316/245
f 229/238/228 228/237/227 259/314/258 260/317/259
f 216/318/215 215/315/214 246/316/245 247/319/246
f 230/241/229 229/238/228 260/317/259 261/279/260
f 217/282/216 216/318/215 247/319/246 248/283/247
f 204/243/203 515/36/514 235/285/234
f 264/290/263 263/287/262 294/320/293 295/321/294
f 251/291/250 250/288/249 281/322/280 282/323/281
f 238/292/237 237/289/236 268/324/267 269/325/268
f 265/293/264 264/290/263 295/321/294 296/326/295
f 252/294/251 251/291/250 282/323/281 283/327/282
f 239/295/238 238/292/237 269/325/268 270/328/269
f 514/62/513 265/293/264 296/326/295
f 253/296/252 252/294/251 283/327/282 284/329/283
f 240/297/239 239/295/238 270/328/269 271/330/270
f 254/298/253 253/296/252 284/329/283 285/331/284
f 241/299/240 240/297/239 271/330/270 272/332/271
f 255/300/254 254/298/253 285/331/284 286/333/285
f 242/301/241 241/299/240 272/332/271 273/334/272
f 256/302/255 255/300/254 286/333/285 287/335/286
f 243/303/242 242/301/241 273/334/272 274/336/273
f 257/305/256 256/302/255 287/335/286 288/337/287
f 244/309/243 243/308/242 274/338/273 275/339/274
f 258/340/257 257/305/256 288/337/287 289/341/288
f 245/313/244 244/309/243 275/339/274 276/342/275
f 259/314/258 258/311/257 289/343/288 290/344/289
f 246/316/245 245/313/244 276/342/275 277/345/276
f 260/317/259 259/314/258 290/344/289 291/346/290
f 247/319/246 246/316/245 277/345/276 278/347/277
f 261/279/260 260/317/259 291/346/290 292/348/291
f 248/283/247 247/319/246 278/347/277 279/349/278
f 235/285/234 515/36/514 266/350/265
f 262/280/261 261/279/260 292/348/291 293/351/292
f 249/284/248 248/283/247 279/349/278 280/352/279
f 236/286/235 235/285/234 266/350/265 267/353/266
f 263/287/262 262/280/261 293/351/292 294/320/293
f 250/288/249 249/284/248 280/352/279 281/322/280
f 237/289/236 236/286/235 267/353/266 268/324/267
f 514/62/513 296/326/295 327/354/326
f 284/329/283 283/327/282 314/355/313 315/356/314
f 271/330/270 270/328/269 301/357/300 302/358/301
f 285/331/284 284/329/283 315/356/314 316/359/315
f 272/332/271 271/330/270 302/358/301 303/360/302
f 286/333/285 285/331/284 316/359/315 317/361/316
f 273/334/272 272/332/271 303/360/302 304/362/303
f 287/335/286 286/333/285 317/361/316 318/363/317
f 274/338/273 273/364/272 304/365/303 305/366/304
f 288/337/287 287/335/286 318/363/317 319/367/318
f 275/339/274 274/338/273 305/366/304 306/368/305
f 289/341/288 288/337/287 319/367/318 320/369/319
f 276/342/275 275/339/274 306/368/305 307/370/306
f 290/344/289 289/343/288 320/371/319 321/372/320
f 277/345/276 276/342/275 307/370/306 308/373/307
f 291/346/290 290/344/289 321/372/320 322/374/321
f 278/347/277 277/345/276 308/373/307 309/375/308
f 292/348/291 291/346/290 322/374/321 323/376/322
f 279/349/278 278/347/277 309/375/308 310/377/309
f 266/350/265 515/36/514 297/378/296
f 293/351/292 292/348/291 323/376/322 324/379/323
f 280/352/279 279/349/278 310/377/309 311/380/310
f 267/353/266 266/350/265 297/378/296 298/381/297
f 294/320/293 293/351/292 324/379/323 325/382/324
f 281/322/280 280/352/279 311/380/310 312/383/311
f 268/324/267 267/353/266 298/381/297 299/384/298
f 295/321/294 294/320/293 325/382/324 326/385/325
f 282/323/281 281/322/280 312/383/311 313/386/312
f 269/325/268 268/324/267 299/384/298 300/387/299
f 296/326/295 295/321/294 326/385/325 327/354/326
f 283/327/282 282/323/281 313/386/312 314/355/313
f 270/328/269 269/325/268 300/387/299 301/357/300
f 317/361/316 316/359/315 347/388/346 348/389/347
f 304/362/303 303/360/302 334/390/333 335/391/334
f 318/363/317 317/361/316 348/389/347 349/392/348
f 305/366/304 304/365/303 335/393/334 336/394/335
f 319/367/318 318/363/317 349/392/348 350/395/349
f 306/368/305 305/366/304 336/394/335 337/396/336
f 320/369/319 319/367/318 350/395/349 351/397/350
f 307/370/306 306/368/305 337/396/336 338/398/337
f 321/372/320 320/371/319 351/399/350 352/400/351
f 308/373/307 307/370/306 338/398/337 339/401/338
f 322/374/321 321/372/320 352/400/351 353/402/352
f 309/375/308 308/373/307 339/401/338 340/403/339
f 323/376/322 322/374/321 353/402/352 354/404/353
f 310/377/309 309/375/308 340/403/339 341/405/340
f 297/378/296 515/36/514 328/406/327
f 324/379/323 323/376/322 354/404/353 355/407/354
f 311/380/310 310/377/309 341/405/340 342/408/341
f 298/381/297 297/378/296 328/406/327 329/409/328
f 325/382/324 324/379/323 355/407/354 356/410/355
f 312/383/311 311/380/310 342/408/341 343/411/342
f 299/384/298 298/381/297 329/409/328 330/412/329
f 326/385/325 325/382/324 356/410/355 357/413/356
f 313/386/312 312/383/311 343/411/342 344/414/343
f 300/387/299 299/384/298 330/412/329 331/415/330
f 327/354/326 326/385/325 357/413/356 358/416/357
f 314/355/313 313/386/312 344/414/343 345/417/344
f 301/357/300 300/387/299 331/415/330 332/418/331
f 514/62/513 327/354/326 358/416/357
f 315/356/314 314/355/313 345/417/344 346/419/345
f 302/358/301 301/357/300 332/418/331 333/420/332
f 316/359/315 315/356/314 346/419/345 347/388/346
f 303/360/302 302/358/301 333/420/332 334/390/333
f 350/395/349 349/392/348 380/421/379 381/422/380
f 337/396/336 336/394/335 367/423/366 368/424/367
f 351/397/350 350/395/349 381/422/380 382/425/381
f 338/398/337 337/396/336 368/424/367 369/426/368
f 352/400/351 351/399/350 382/427/381 383/428/382
f 339/401/338 338/398/337 369/426/368 370/429/369
f 353/402/352 352/400/351 383/428/382 384/430/383
f 340/403/339 339/401/338 370/429/369 371/431/370
f 354/404/353 353/402/352 384/430/383 385/432/384
f 341/405/340 340/403/339 371/431/370 372/433/371
f 328/406/327 515/36/514 359/434/358
f 355/407/354 354/404/353 385/432/384 386/435/385
f 342/408/341 341/405/340 372/433/371 373/436/372
f 329/409/328 328/406/327 359/434/358 360/437/359
f 356/410/355 355/407/354 386/435/385 387/438/386
f 343/411/342 342/408/341 373/436/372 374/439/373
f 330/412/329 329/409/328 360/437/359 361/440/360
f 357/413/356 356/410/355 387/438/386 388/441/387
f 344/414/343 343/411/342 374/439/373 375/442/374
f 331/415/330 330/412/329 361/440/360 362/443/361
f 358/416/357 357/413/356 388/441/387 389/444/388
f 345/417/344 344/414/343 375/442/374 376/445/375
f 332/418/331 331/415/330 362/443/361 363/446/362
f 514/62/513 358/416/357 389/444/388
f 346/419/345 345/417/344 376/445/375 377/447/376
f 333/420/332 332/418/331 363/446/362 364/448/363
f 347/388/346 346/419/345 377/447/376 378/449/377
f 334/390/333 333/420/332 364/448/363 365/450/364
f 348/389/347 347/388/346 378/449/377 379/451/378
f 335/391/334 334/390/333 365/450/364 366/452/365
f 349/392/348 348/389/347 379/451/378 380/421/379
f 336/394/335 335/393/334 366/453/365 367/423/366
f 383/428/382 382/427/381 413/454/412 414/455/413
f 370/429/369 369/426/368 400/456/399 401/457/400
f 384/430/383 383/428/382 414/455/413 415/458/414
f 371/431/370 370/429/369 401/457/400 402/459/401
f 385/432/384 384/430/383 415/458/414 416/460/415
f 372/433/371 371/431/370 402/459/401 403/461/402
f 359/434/358 515/36/514 390/462/389
f 386/435/385 385/432/384 416/460/415 417/463/416
f 373/436/372 372/433/371 403/461/402 404/464/403
f 360/437/359 359/434/358 390/462/389 391/465/390
f 387/438/386 386/435/385 417/463/416 418/466/417
f 374/439/373 373/436/372 404/464/403 405/467/404
f 361/440/360 360/437/359 391/465/390 392/468/391
f 388/441/387 387/438/386 418/466/417 419/469/418
f 375/442/374 374/439/373 405/467/404 406/470/405
f 362/443/361 361/440/360 392/468/391 393/471/392
f 389/444/388 388/441/387 419/469/418 420/472/419
f 376/445/375 375/442/374 406/470/405 407/473/406
f 363/446/362 362/443/361 393/471/392 394/474/393
f 514/62/513 389/444/388 420/472/419
f 377/447/376 376/445/375 407/473/406 408/475/407
f 364/448/363 363/446/362 394/474/393 395/476/394
f 378/449/377 377/447/376 408/475/407 409/477/408
f 365/450/364 364/448/363 395/476/394 396/478/395
f 379/451/378 378/449/377 409/477/408 410/479/409
f 366/452/365 365/450/364 396/478/395 397/480/396
f 380/421/379 379/451/378 410/479/409 411/481/410
f 367/482/366 366/452/365 397/480/396 398/483/397
f 381/422/380 380/421/379 411/481/410 412/484/411
f 368/424/367 367/423/366 398/485/397 399/486/398
f 382/425/381 381/422/380 412/484/411 413/487/412
f 369/426/368 368/424/367 399/486/398 400/456/399
f 416/460/415 415/458/414 446/488/445 447/489/446
f 403/461/402 402/459/401 433/490/432 434/491/433
f 390/462/389 515/36/514 421/492/420
f 417/463/416 416/460/415 447/489/446 448/493/447
f 404/464/403 403/461/402 434/491/433 435/494/434
f 391/465/390 390/462/389 421/492/420 422/495/421
f 418/466/417 417/463/416 448/493/447 449/496/448
f 405/467/404 404/464/403 435/494/434 436/497/435
f 392/468/391 391/465/390 422/495/421 423/498/422
f 419/469/418 418/466/417 449/496/448 450/499/449
f 406/470/405 405/467/404 436/497/435 437/500/436
f 393/471/392 392/468/391 423/498/422 424/501/423
f 420/472/419 419/469/418 450/499/449 451/502/450
f 407/473/406 406/470/405 437/500/436 438/503/437
f 394/474/393 393/471/392 424/501/423 425/504/424
f 514/62/513 420/472/419 451/502/450
f 408/475/407 407/473/406 438/503/437 439/505/438
f 395/476/394 394/474/393 425/504/424 426/506/425
f 409/477/408 408/475/407 439/505/438 440/507/439
f 396/478/395 395/476/394 426/506/425 427/508/426
f 410/479/409 409/477/408 440/507/439 441/509/440
f 397/480/396 396/478/395 427/508/426 428/510/427
f 411/481/410 410/479/409 441/509/440 442/511/441
f 398/483/397 397/480/396 428/510/427 429/512/428
f 412/484/411 411/481/410 442/511/441 443/513/442
f 399/486/398 398/485/397 429/514/428 430/515/429
f 413/454/412 412/516/411 443/517/442 444/518/443
f 400/456/399 399/486/398 430/515/429 431/519/430
f 414/455/413 413/454/412 444/518/443 445/520/444
f 401/457/400 400/456/399 431/519/430 432/521/431
f 415/458/414 414/455/413 445/520/444 446/488/445
f 402/459/401 401/457/400 432/521/431 433/490/432
f 422/495/421 421/492/420 452/522/451 453/523/452
f 449/496/448 448/493/447 479/524/478 480/525/479
f 436/526/435 435/527/434 466/528/465 467/529/466
f 423/498/422 422/495/421 453/523/452 454/530/453
f 450/499/449 449/496/448 480/525/479 481/531/480
f 437/532/436 436/526/435 467/529/466 468/533/467
f 424/501/423 423/498/422 454/530/453 455/534/454
f 451/502/450 450/499/449 481/531/480 482/535/481
f 438/536/437 437/532/436 468/533/467 469/537/468
f 425/504/424 424/501/423 455/534/454 456/538/455
f 514/62/513 451/502/450 482/535/481
f 439/539/438 438/536/437 469/537/468 470/540/469
f 426/506/425 425/504/424 456/538/455 457/541/456
f 440/507/439 439/505/438 470/542/469 471/543/470
f 427/508/426 426/506/425 457/541/456 458/544/457
f 441/509/440 440/507/439 471/543/470 472/545/471
f 428/510/427 427/508/426 458/544/457 459/546/458
f 442/511/441 441/509/440 472/545/471 473/547/472
f 429/512/428 428/510/427 459/546/458 460/548/459
f 443/549/442 442/550/441 473/551/472 474/552/473
f 430/553/429 429/512/428 460/548/459 461/554/460
f 444/518/443 443/517/442 474/555/473 475/556/474
f 431/519/430 430/515/429 461/557/460 462/558/461
f 445/520/444 444/518/443 475/556/474 476/559/475
f 432/521/431 431/519/430 462/558/461 463/560/462
f 446/488/445 445/520/444 476/559/475 477/561/476
f 433/562/432 432/563/431 463/564/462 464/565/463
f 447/489/446 446/488/445 477/561/476 478/566/477
f 434/567/433 433/562/432 464/565/463 465/568/464
f 421/492/420 515/36/514 452/522/451
f 448/493/447 447/489/446 478/566/477 479/524/478
f 435/527/434 434/567/433 465/568/464 466/528/465
f 455/534/454 454/530/453 485/569/484 486/570/485
f 482/535/481 481/531/480 512/571/511 513/572/512
f 469/537/468 468/533/467 499/573/498 500/574/499
f 456/538/455 455/534/454 486/570/485 487/575/486
f 514/62/513 482/535/481 513/572/512
f 470/540/469 469/537/468 500/574/499 501/576/500
f 457/541/456 456/538/455 487/575/486 488/577/487
f 471/578/470 470/540/469 501/576/500 502/579/501
f 458/544/457 457/541/456 488/577/487 489/580/488
f 472/581/471 471/578/470 502/579/501 503/582/502
f 459/546/458 458/544/457 489/580/488 490/583/489
f 473/551/472 472/581/471 503/582/502 504/584/503
f 460/548/459 459/546/458 490/583/489 491/585/490
f 474/552/473 473/551/472 504/584/503 505/586/504
f 461/587/460 460/588/459 491/589/490 492/590/491
f 475/556/474 474/555/473 505/591/504 506/592/505
f 462/593/461 461/587/460 492/590/491 493/594/492
f 476/559/475 475/556/474 506/592/505 507/595/506
f 463/564/462 462/593/461 493/594/492 494/596/493
f 477/561/476 476/559/475 507/595/506 508/597/507
f 464/565/463 463/564/462 494/596/493 495/598/494
f 478/566/477 477/561/476 508/597/507 509/599/508
f 465/568/464 464/565/463 495/598/494 496/600/495
f 452/522/451 515/36/514 483/601/482
f 479/524/478 478/566/477 509/599/508 510/602/509
f 466/528/465 465/568/464 496/600/495 497/603/496
f 453/523/452 452/522/451 483/601/482 484/604/483
f 480/525/479 479/524/478 510/602/509 511/605/510
f 467/529/466 466/528/465 497/603/496 498/606/497
f 454/530/453 453/523/452 484/604/483 485/569/484
f 481/531/480 480/525/479 511/605/510 512/571/511
f 468/533/467 467/529/466 498/606/497 499/573/498
f 488/577/487 487/575/486 520/607/519 521/608/520
f 502/579/501 501/576/500 534/609/533 535/610/534
f 489/580/488 488/577/487 521/608/520 522/611/521
f 503/582/502 502/579/501 535/610/534 536/612/535
f 490/583/489 489/580/488 522/611/521 523/613/522
f 504/584/503 503/582/502 536/612/535 537/614/536
f 491/585/490 490/583/489 523/613/522 524/615/523
f 505/586/504 504/584/503 537/614/536 538/616/537
f 492/590/491 491/589/490 524/617/523 525/618/524
f 506/619/505 505/586/504 538/616/537 539/620/538
f 493/594/492 492/590/491 525/618/524 526/621/525
f 507/595/506 506/592/505 539/622/538 540/623/539
f 494/596/493 493/594/492 526/621/525 527/624/526
f 508/597/507 507/595/506 540/623/539 541/625/540
f 495/598/494 494/596/493 527/624/526 528/626/527
f 509/599/508 508/597/507 541/625/540 542/627/541
f 496/600/495 495/598/494 528/626/527 529/628/528
f 483/601/482 515/36/514 516/629/515
f 510/602/509 509/599/508 542/627/541 543/630/542
f 497/603/496 496/600/495 529/628/528 530/631/529
f 484/604/483 483/601/482 516/629/515 517/632/516
f 511/605/510 510/602/509 543/630/542 544/633/543
f 498/606/497 497/603/496 530/631/529 531/634/530
f 485/569/484 484/604/483 517/632/516 518/635/517
f 512/571/511 511/605/510 544/633/543 545/636/544
f 499/573/498 498/606/497 531/634/530 532/637/531
f 486/570/485 485/569/484 518/635/517 519/638/518
f 513/572/512 512/571/511 545/636/544 546/639/545
f 500/574/499 499/573/498 532/637/531 533/640/532
f 487/575/486 486/570/485 519/638/518 520/607/519
f 514/62/513 513/572/512 546/639/545
f 501/576/500 500/574/499 533/640/532 534/609/533
f 523/613/522 522/611/521 553/641/552 554/642/553
f 537/614/536 536/612/535 567/643/566 568/644/567
f 524/617/523 523/645/522 554/646/553 555/647/554
f 538/616/537 537/614/536 568/644/567 569/648/568
f 525/618/524 524/617/523 555/647/554 556/649/555
f 539/620/538 538/616/537 569/648/568 570/650/569
f 526/621/525 525/618/524 556/649/555 557/651/556
f 540/623/539 539/622/538 570/652/569 571/653/570
f 527/624/526 526/621/525 557/651/556 558/654/557
f 541/625/540 540/623/539 571/653/570 572/655/571
f 528/626/527 527/624/526 558/654/557 559/656/558
f 542/627/541 541/625/540 572/655/571 573/657/572
f 529/628/528 528/626/527 559/656/558 560/658/559
f 516/629/515 515/36/514 547/659/546
f 543/630/542 542/627/541 573/657/572 574/660/573
f 530/631/529 529/628/528 560/658/559 561/661/560
f 517/632/516 516/629/515 547/659/546 548/662/547
f 544/633/543 543/630/542 574/660/573 575/663/574
f 531/634/530 530/631/529 561/661/560 562/664/561
f 518/635/517 517/632/516 548/662/547 549/665/548
f 545/636/544 544/633/543 575/663/574 576/666/575
f 532/637/531 531/634/530 562/664/561 563/667/562
f 519/638/518 518/635/517 549/665/548 550/668/549
f 546/639/545 545/636/544 576/666/575 577/669/576
f 533/640/532 532/637/531 563/667/562 564/670/563
f 520/607/519 519/638/518 550/668/549 551/671/550
f 514/62/513 546/639/545 577/669/576
f 534/609/533 533/640/532 564/670/563 565/672/564
f 521/608/520 520/607/519 551/671/550 552/673/551
f 535/610/534 534/609/533 565/672/564 566/674/565
f 522/611/521 521/608/520 552/673/551 553/641/552
f 536/612/535 535/610/534 566/674/565 567/643/566
f 556/649/555 555/647/554 586/675/585 587/676/586
f 570/650/569 569/648/568 600/677/599 601/678/600
f 557/651/556 556/649/555 587/676/586 588/679/587
f 571/653/570 570/652/569 601/680/600 602/681/601
f 558/654/557 557/651/556 588/679/587 589/682/588
f 572/655/571 571/653/570 602/681/601 603/683/602
f 559/656/558 558/654/557 589/682/588 590/684/589
f 573/657/572 572/655/571 603/683/602 604/685/603
f 560/658/559 559/656/558 590/684/589 591/686/590
f 547/659/546 515/36/514 578/687/577
f 574/660/573 573/657/572 604/685/603 605/688/604
f 561/661/560 560/658/559 591/686/590 592/689/591
f 548/662/547 547/659/546 578/687/577 579/690/578
f 575/663/574 574/660/573 605/688/604 606/691/605
f 562/664/561 561/661/560 592/689/591 593/692/592
f 549/665/548 548/662/547 579/690/578 580/693/579
f 576/666/575 575/663/574 606/691/605 607/694/606
f 563/667/562 562/664/561 593/692/592 594/695/593
f 550/668/549 549/665/548 580/693/579 581/696/580
f 577/669/576 576/666/575 607/694/606 608/697/607
f 564/670/563 563/667/562 594/695/593 595/698/594
f 551/671/550 550/668/549 581/696/580 582/699/581
f 514/62/513 577/669/576 608/697/607
f 565/672/564 564/670/563 595/698/594 596/700/595
f 552/673/551 551/671/550 582/699/581 583/701/582
f 566/674/565 565/672/564 596/700/595 597/702/596
f 553/641/552 552/673/551 583/701/582 584/703/583
f 567/643/566 566/674/565 597/702/596 598/704/597
f 554/642/553 553/641/552 584/703/583 585/705/584
f 568/644/567 567/643/566 598/704/597 599/706/598
f 555/647/554 554/646/553 585/707/584 586/675/585
f 569/648/568 568/644/567 599/706/598 600/677/599
f 589/682/588 588/679/587 619/708/618 620/709/619
f 603/683/602 602/681/601 633/710/632 634/711/633
f 590/684/589 589/682/588 620/709/619 621/712/620
f 604/685/603 603/683/602 634/711/633 635/713/634
f 591/686/590 590/684/589 621/712/620 622/714/621
f 578/687/577 515/36/514 609/715/608
f 605/688/604 604/685/603 635/713/634 636/716/635
f 592/689/591 591/686/590 622/714/621 623/717/622
f 579/690/578 578/687/577 609/715/608 610/718/609
f 606/691/605 605/688/604 636/716/635 637/719/636
f 593/692/592 592/689/591 623/717/622 624/720/623
f 580/693/579 579/690/578 610/718/609 611/721/610
f 607/694/606 606/691/605 637/719/636 638/722/637
f 594/695/593 593/692/592 624/720/623 625/723/624
f 581/696/580 580/693/579 611/721/610 612/724/611
f 608/697/607 607/694/606 638/722/637 639/725/638
f 595/698/594 594/695/593 625/723/624 626/726/625
f 582/699/581 581/696/580 612/724/611 613/727/612
f 514/62/513 608/697/607 639/725/638
f 596/700/595 595/698/594 626/726/625 627/728/626
f 583/701/582 582/699/581 613/727/612 614/729/613
f 597/702/596 596/700/595 627/728/626 628/730/627
f 584/703/583 583/701/582 614/729/613 615/731/614
f 598/704/597 597/702/596 628/730/627 629/732/628
f 585/705/584 584/703/583 615/731/614 616/733/615
f 599/706/598 598/704/597 629/732/628 630/734/629
f 586/675/585 585/707/584 616/735/615 617/736/616
f 600/677/599 599/706/598 630/734/629 631/737/630
f 587/676/586 586/675/585 617/736/616 618/738/617
f 601/678/600 600/677/599 631/737/630 632/739/631
f 588/679/587 587/676/586 618/738/617 619/708/618
f 602/681/601 601/680/600 632/740/631 633/710/632
f 622/714/621 621/712/620 652/741/651 653/742/652
f 609/715/608 515/36/514 640/743/639
f 636/716/635 635/713/634 666/744/665 667/745/666
f 623/717/622 622/714/621 653/742/652 654/746/653
f 610/718/609 609/715/608 640/743/639 641/747/640
f 637/719/636 636/716/635 667/745/666 668/748/667
f 624/720/623 623/717/622 654/746/653 655/749/654
f 611/721/610 610/718/609 641/747/640 642/750/641
f 638/722/637 637/719/636 668/748/667 669/751/668
f 625/723/624 624/720/623 655/749/654 656/752/655
f 612/724/611 611/721/610 642/750/641 643/753/642
f 639/725/638 638/722/637 669/751/668 670/754/669
f 626/726/625 625/723/624 656/752/655 657/755/656
f 613/727/612 612/724/611 643/753/642 644/756/643
f 514/62/513 639/725/638 670/754/669
f 627/728/626 626/726/625 657/755/656 658/757/657
f 614/729/613 613/727/612 644/756/643 645/758/644
f 628/730/627 627/728/626 658/757/657 659/759/658
f 615/731/614 614/729/613 645/758/644 646/760/645
f 629/732/628 628/730/627 659/759/658 660/761/659
f 616/733/615 615/731/614 646/760/645 647/762/646
f 630/734/629 629/732/628 660/761/659 661/763/660
f 617/764/616 616/733/615 647/762/646 648/765/647
f 631/737/630 630/734/629 661/763/660 662/766/661
f 618/738/617 617/736/616 648/767/647 649/768/648
f 632/739/631 631/737/630 662/766/661 663/769/662
f 619/708/618 618/738/617 649/768/648 650/770/649
f 633/710/632 632/740/631 663/771/662 664/772/663
f 620/709/619 619/708/618 650/770/649 651/773/650
f 634/711/633 633/710/632 664/772/663 665/774/664
f 621/712/620 620/709/619 651/773/650 652/741/651
f 635/713/634 634/711/633 665/774/664 666/744/665
f 655/749/654 654/746/653 685/775/684 686/776/685
f 642/750/641 641/747/640 672/777/671 673/778/672
f 669/751/668 668/748/667 699/779/698 700/780/699
f 656/752/655 655/749/654 686/776/685 687/781/686
f 643/753/642 642/750/641 673/778/672 674/782/673
f 670/754/669 669/751/668 700/780/699 701/783/700
f 657/755/656 656/752/655 687/781/686 688/784/687
f 644/756/643 643/753/642 674/782/673 675/785/674
f 514/62/513 670/754/669 701/783/700
f 658/757/657 657/755/656 688/784/687 689/786/688
f 645/758/644 644/756/643 675/785/674 676/787/675
f 659/759/658 658/757/657 689/786/688 690/788/689
f 646/760/645 645/758/644 676/787/675 677/789/676
f 660/761/659 659/759/658 690/788/689 691/790/690
f 647/762/646 646/760/645 677/789/676 678/791/677
f 661/763/660 660/761/659 691/790/690 692/792/691
f 648/765/647 647/762/646 678/791/677 679/793/678
f 662/766/661 661/763/660 692/792/691 693/794/692
f 649/768/648 648/767/647 679/795/678 680/796/679
f 663/771/662 662/797/661 693/798/692 694/799/693
f 650/770/649 649/768/648 680/796/679 681/800/680
f 664/772/663 663/771/662 694/799/693 695/801/694
f 651/773/650 650/770/649 681/800/680 682/802/681
f 665/774/664 664/772/663 695/801/694 696/803/695
f 652/741/651 651/773/650 682/802/681 683/804/682
f 666/744/665 665/774/664 696/803/695 697/805/696
f 653/742/652 652/741/651 683/804/682 684/806/683
f 640/743/639 515/36/514 671/807/670
f 667/745/666 666/744/665 697/805/696 698/808/697
f 654/746/653 653/742/652 684/806/683 685/775/684
f 641/747/640 640/743/639 671/807/670 672/777/671
f 668/748/667 667/745/666 698/808/697 699/779/698
f 688/784/687 687/781/686 718/809/717 719/810/718
f 675/785/674 674/782/673 705/811/704 706/812/705
f 514/62/513 701/783/700 732/813/731
f 689/786/688 688/784/687 719/810/718 720/814/719
f 676/787/675 675/785/674 706/812/705 707/815/706
f 690/788/689 689/786/688 720/814/719 721/816/720
f 677/789/676 676/787/675 707/815/706 708/817/707
f 691/790/690 690/788/689 721/816/720 722/818/721
f 678/791/677 677/789/676 708/817/707 709/819/708
f 692/792/691 691/790/690 722/818/721 723/820/722
f 679/793/678 678/791/677 709/819/708 710/821/709
f 693/794/692 692/792/691 723/820/722 724/822/723
f 680/823/679 679/793/678 710/821/709 711/824/710
f 694/799/693 693/798/692 724/825/723 725/826/724
f 681/827/680 680/828/679 711/829/710 712/830/711
f 695/801/694 694/799/693 725/826/724 726/831/725
f 682/832/681 681/827/680 712/830/711 713/833/712
f 696/803/695 695/801/694 726/831/725 727/834/726
f 683/835/682 682/832/681 713/833/712 714/836/713
f 697/805/696 696/803/695 727/834/726 728/837/727
f 684/838/683 683/835/682 714/836/713 715/839/714
f 671/807/670 515/36/514 702/840/701
f 698/808/697 697/805/696 728/837/727 729/841/728
f 685/842/684 684/838/683 715/839/714 716/843/715
f 672/777/671 671/807/670 702/840/701 703/844/702
f 699/779/698 698/808/697 729/841/728 730/845/729
f 686/846/685 685/842/684 716/843/715 717/847/716
f 673/778/672 672/777/671 703/844/702 704/848/703
f 700/780/699 699/779/698 730/845/729 731/849/730
f 687/781/686 686/776/685 717/850/716 718/809/717
f 674/782/673 673/778/672 704/848/703 705/811/704
f 701/783/700 700/780/699 731/849/730 732/813/731
f 721/851/720 720/852/719 751/853/750 752/854/751
f 708/817/707 707/815/706 738/855/737 739/856/738
f 722/857/721 721/851/720 752/854/751 753/858/752
f 709/819/708 708/817/707 739/856/738 740/859/739
f 723/860/722 722/857/721 753/858/752 754/861/753
f 710/821/709 709/819/708 740/859/739 741/862/740
f 724/863/723 723/860/722 754/861/753 755/864/754
f 711/829/710 710/865/709 741/866/740 742/867/741
f 725/826/724 724/825/723 755/868/754 756/869/755
f 712/830/711 711/829/710 742/867/741 743/870/742
f 726/831/725 725/826/724 756/869/755 757/871/756
f 713/833/712 712/830/711 743/870/742 744/872/743
f 727/834/726 726/831/725 757/871/756 758/873/757
f 714/836/713 713/833/712 744/872/743 745/874/744
f 728/837/727 727/834/726 758/873/757 759/875/758
f 715/839/714 714/836/713 745/874/744 746/876/745
f 702/840/701 515/36/514 733/877/732
f 729/841/728 728/837/727 759/875/758 760/878/759
f 716/843/715 715/839/714 746/876/745 747/879/746
f 703/844/702 702/840/701 733/877/732 734/880/733
f 730/845/729 729/841/728 760/878/759 761/881/760
f 717/847/716 716/843/715 747/879/746 748/882/747
f 704/848/703 703/844/702 734/880/733 735/883/734
f 731/849/730 730/845/729 761/881/760 762/884/761
f 718/885/717 717/847/716 748/882/747 749/886/748
f 705/811/704 704/848/703 735/883/734 736/887/735
f 732/813/731 731/849/730 762/884/761 763/888/762
f 719/889/718 718/885/717 749/886/748 750/890/749
f 706/812/705 705/811/704 736/887/735 737/891/736
f 514/62/513 732/813/731 763/888/762
f 720/852/719 719/889/718 750/890/749 751/853/750
f 707/815/706 706/812/705 737/891/736 738/855/737
f 754/861/753 753/858/752 784/892/783 785/893/784
f 741/866/740 740/894/739 771/895/770 772/896/771
f 755/864/754 754/861/753 785/893/784 786/897/785
f 742/867/741 741/866/740 772/896/771 773/898/772
f 756/869/755 755/868/754 786/899/785 787/900/786
f 743/870/742 742/867/741 773/898/772 774/901/773
f 757/871/756 756/869/755 787/900/786 788/902/787
f 744/872/743 743/870/742 774/901/773 775/903/774
f 758/873/757 757/871/756 788/902/787 789/904/788
f 745/874/744 744/872/743 775/903/774 776/905/775
f 759/875/758 758/873/757 789/904/788 790/906/789
f 746/876/745 745/874/744 776/905/775 777/907/776
f 733/877/732 515/36/514 764/908/763
f 760/878/759 759/875/758 790/906/789 791/909/790
f 747/879/746 746/876/745 777/907/776 778/910/777
f 734/880/733 733/877/732 764/908/763 765/911/764
f 761/881/760 760/878/759 791/909/790 792/912/791
f 748/882/747 747/879/746 778/910/777 779/913/778
f 735/883/734 734/880/733 765/911/764 766/914/765
f 762/884/761 761/881/760 792/912/791 793/915/792
f 749/886/748 748/882/747 779/913/778 780/916/779
f 736/887/735 735/883/734 766/914/765 767/917/766
f 763/888/762 762/884/761 793/915/792 794/918/793
f 750/890/749 749/886/748 780/916/779 781/919/780
f 737/891/736 736/887/735 767/917/766 768/920/767
f 514/62/513 763/888/762 794/918/793
f 751/853/750 750/890/749 781/919/780 782/921/781
f 738/855/737 737/891/736 768/920/767 769/922/768
f 752/854/751 751/853/750 782/921/781 783/923/782
f 739/856/738 738/855/737 769/922/768 770/924/769
f 753/858/752 752/854/751 783/923/782 784/892/783
f 740/859/739 739/856/738 770/924/769 771/925/770
f 787/926/786 786/897/785 817/927/816 818/928/817
f 774/901/773 773/898/772 804/929/803 805/930/804
f 788/902/787 787/900/786 818/931/817 819/932/818
f 775/903/774 774/901/773 805/930/804 806/933/805
f 789/904/788 788/902/787 819/932/818 820/934/819
f 776/905/775 775/903/774 806/933/805 807/935/806
f 790/906/789 789/904/788 820/934/819 821/936/820
f 777/907/776 776/905/775 807/935/806 808/937/807
f 764/908/763 515/36/514 795/938/794
f 791/909/790 790/906/789 821/936/820 822/939/821
f 778/910/777 777/907/776 808/937/807 809/940/808
f 765/911/764 764/908/763 795/938/794 796/941/795
f 792/912/791 791/909/790 822/939/821 823/942/822
f 779/913/778 778/910/777 809/940/808 810/943/809
f 766/914/765 765/911/764 796/941/795 797/944/796
f 793/915/792 792/912/791 823/942/822 824/945/823
f 780/916/779 779/913/778 810/943/809 811/946/810
f 767/917/766 766/914/765 797/944/796 798/947/797
f 794/918/793 793/915/792 824/945/823 825/948/824
f 781/919/780 780/916/779 811/946/810 812/949/811
f 768/920/767 767/917/766 798/947/797 799/950/798
f 514/62/513 794/918/793 825/948/824
f 782/921/781 781/919/780 812/949/811 813/951/812
f 769/922/768 768/920/767 799/950/798 800/952/799
f 783/923/782 782/921/781 813/951/812 814/953/813
f 770/924/769 769/922/768 800/952/799 801/954/800
f 784/892/783 783/923/782 814/953/813 815/955/814
f 771/925/770 770/924/769 801/954/800 802/956/801
f 785/893/784 784/892/783 815/955/814 816/957/815
f 772/896/771 771/895/770 802/958/801 803/959/802
f 786/897/785 785/893/784 816/957/815 817/927/816
f 773/898/772 772/896/771 803/959/802 804/929/803
f 815/955/814 814/953/813 845/960/844 846/961/845
f 802/956/801 801/954/800 832/962/831 833/963/832
f 816/957/815 815/955/814 846/961/845 847/964/846
f 803/959/802 802/958/801 833/965/832 834/966/833
f 817/927/816 816/957/815 847/964/846 848/967/847
f 804/929/803 803/959/802 834/966/833 835/968/834
f 818/928/817 817/927/816 848/967/847 849/969/848
f 805/930/804 804/929/803 835/968/834 836/970/835
f 819/932/818 818/931/817 849/971/848 850/972/849
f 806/933/805 805/930/804 836/970/835 837/973/836
f 820/934/819 819/932/818 850/972/849 851/974/850
f 807/935/806 806/933/805 837/973/836 838/975/837
f 821/936/820 820/934/819 851/974/850 852/976/851
f 808/937/807 807/935/806 838/975/837 839/977/838
f 795/938/794 515/36/514 826/978/825
f 822/939/821 821/936/820 852/976/851 853/979/852
f 809/940/808 808/937/807 839/977/838 840/980/839
f 796/941/795 795/938/794 826/978/825 827/981/826
f 823/942/822 822/939/821 853/979/852 854/982/853
f 810/943/809 809/940/808 840/980/839 841/983/840
f 797/944/796 796/941/795 827/981/826 828/984/827
f 824/945/823 823/942/822 854/982/853 855/985/854
f 811/946/810 810/943/809 841/983/840 842/986/841
f 798/947/797 797/944/796 828/984/827 829/987/828
f 825/948/824 824/945/823 855/985/854 856/988/855
f 812/949/811 811/946/810 842/986/841 843/989/842
f 799/950/798 798/947/797 829/987/828 830/990/829
f 514/62/513 825/948/824 856/988/855
f 813/951/812 812/949/811 843/989/842 844/991/843
f 800/952/799 799/950/798 830/990/829 831/992/830
f 814/953/813 813/951/812 844/991/843 845/960/844
f 801/954/800 800/952/799 831/992/830 832/962/831
f 848/967/847 847/964/846 878/993/877 879/994/878
f 835/968/834 834/966/833 865/995/864 866/996/865
f 849/969/848 848/967/847 879/994/878 880/997/879
f 836/970/835 835/968/834 866/996/865 867/998/866
f 850/972/849 849/971/848 880/999/879 881/1000/880
f 837/973/836 836/970/835 867/998/866 868/1001/867
f 851/974/850 850/972/849 881/1000/880 882/1002/881
f 838/975/837 837/973/836 868/1001/867 869/1003/868
f 852/976/851 851/974/850 882/1002/881 883/1004/882
f 839/977/838 838/975/837 869/1003/868 870/1005/869
f 826/978/825 515/36/514 857/1006/856
f 853/979/852 852/976/851 883/1004/882 884/1007/883
f 840/980/839 839/977/838 870/1005/869 871/1008/870
f 827/981/826 826/978/825 857/1006/856 858/1009/857
f 854/982/853 853/979/852 884/1007/883 885/1010/884
f 841/983/840 840/980/839 871/1008/870 872/1011/871
f 828/984/827 827/981/826 858/1009/857 859/1012/858
f 855/985/854 854/982/853 885/1010/884 886/1013/885
f 842/986/841 841/983/840 872/1011/871 873/1014/872
f 829/987/828 828/984/827 859/1012/858 860/1015/859
f 856/988/855 855/985/854 886/1013/885 887/1016/886
f 843/989/842 842/986/841 873/1014/872 874/1017/873
f 830/990/829 829/987/828 860/1015/859 861/1018/860
f 514/62/513 856/988/855 887/1016/886
f 844/991/843 843/989/842 874/1017/873 875/1019/874
f 831/992/830 830/990/829 861/1018/860 862/1020/861
f 845/960/844 844/991/843 875/1019/874 876/1021/875
f 832/962/831 831/992/830 862/1020/861 863/1022/862
f 846/961/845 845/960/844 876/1021/875 877/1023/876
f 833/963/832 832/962/831 863/1022/862 864/1024/863
f 847/964/846 846/961/845 877/1023/876 878/993/877
f 834/966/833 833/965/832 864/1025/863 865/995/864
f 881/1000/880 880/999/879 911/1026/910 912/1027/911
f 868/1001/867 867/998/866 898/1028/897 899/1029/898
f 882/1002/881 881/1000/880 912/1027/911 913/1030/912
f 869/1003/868 868/1001/867 899/1029/898 900/1031/899
f 883/1004/882 882/1002/881 913/1030/912 914/1032/913
f 870/1005/869 869/1003/868 900/1031/899 901/1033/900
f 857/1006/856 515/36/514 888/1034/887
f 884/1007/883 883/1004/882 914/1032/913 915/1035/914
f 871/1008/870 870/1005/869 901/1033/900 902/1036/901
f 858/1009/857 857/1006/856 888/1034/887 889/1037/888
f 885/1010/884 884/1007/883 915/1035/914 916/1038/915
f 872/1011/871 871/1008/870 902/1036/901 903/1039/902
f 859/1012/858 858/1009/857 889/1037/888 890/1040/889
f 886/1013/885 885/1010/884 916/1038/915 917/1041/916
f 873/1014/872 872/1011/871 903/1039/902 904/1042/903
f 860/1015/859 859/1012/858 890/1040/889 891/1043/890
f 887/1016/886 886/1013/885 917/1041/916 918/1044/917
f 874/1017/873 873/1014/872 904/1042/903 905/1045/904
f 861/1018/860 860/1015/859 891/1043/890 892/1046/891
f 514/62/513 887/1016/886 918/1044/917
f 875/1019/874 874/1017/873 905/1045/904 906/1047/905
f 862/1020/861 861/1018/860 892/1046/891 893/1048/892
f 876/1021/875 875/1019/874 906/1047/905 907/1049/906
f 863/1022/862 862/1020/861 893/1048/892 894/1050/893
f 877/1023/876 876/1021/875 907/1049/906 908/1051/907
f 864/1024/863 863/1022/862 894/1050/893 895/1052/894
f 878/993/877 877/1023/876 908/1051/907 909/1053/908
f 865/995/864 864/1025/863 895/1054/894 896/1055/895
f 879/994/878 878/993/877 909/1053/908 910/1056/909
f 866/996/865 865/995/864 896/1055/895 897/1057/896
f 880/999/879 879/1058/878 910/1059/909 911/1026/910
f 867/998/866 866/996/865 897/1057/896 898/1028/897
f 914/1032/913 913/1030/912 944/1060/943 945/1061/944
f 901/1033/900 900/1031/899 931/1062/930 932/1063/931
f 888/1034/887 515/36/514 919/1064/918
f 915/1035/914 914/1032/913 945/1061/944 946/1065/945
f 902/1036/901 901/1033/900 932/1063/931 933/1066/932
f 889/1037/888 888/1034/887 919/1064/918 920/1067/919
f 916/1038/915 915/1035/914 946/1065/945 947/1068/946
f 903/1039/902 902/1036/901 933/1066/932 934/1069/933
f 890/1040/889 889/1037/888 920/1067/919 921/1070/920
f 917/1041/916 916/1038/915 947/1068/946 948/1071/947
f 904/1042/903 903/1039/902 934/1069/933 935/1072/934
f 891/1043/890 890/1040/889 921/1070/920 922/1073/921
f 918/1044/917 917/1041/916 948/1071/947 949/1074/948
f 905/1045/904 904/1042/903 935/1072/934 936/1075/935
f 892/1046/891 891/1043/890 922/1073/921 923/1076/922
f 514/62/513 918/1044/917 949/1074/948
f 906/1047/905 905/1045/904 936/1075/935 937/1077/936
f 893/1048/892 892/1046/891 923/1076/922 924/1078/923
f 907/1049/906 906/1047/905 937/1077/936 938/1079/937
f 894/1050/893 893/1048/892 924/1078/923 925/1080/924
f 908/1051/907 907/1049/906 938/1079/937 939/1081/938
f 895/1052/894 894/1050/893 925/1080/924 926/1082/925
f 909/1053/908 908/1051/907 939/1081/938 940/1083/939
f 896/1084/895 895/1052/894 926/1082/925 927/1085/926
f 910/1056/909 909/1053/908 940/1083/939 941/1086/940
f 897/1057/896 896/1055/895 927/1087/926 928/1088/927
f 911/1026/910 910/1059/909 941/1089/940 942/1090/941
f 898/1028/897 897/1057/896 928/1088/927 929/1091/928
f 912/1027/911 911/1026/910 942/1090/941 943/1092/942
f 899/1029/898 898/1028/897 929/1091/928 930/1093/929
f 913/1030/912 912/1027/911 943/1092/942 944/1060/943
f 900/1031/899 899/1029/898 930/1093/929 931/1062/930
f 920/1067/919 919/1064/918 950/1094/949 951/1095/950
f 947/1068/946 946/1065/945 977/1096/976 978/1097/977
f 934/1098/933 933/1099/932 964/1100/963 965/1101/964
f 921/1070/920 920/1067/919 951/1095/950 952/1102/951
f 948/1071/947 947/1068/946 978/1097/977 979/1103/978
f 935/1104/934 934/1098/933 965/1101/964 966/1105/965
f 922/1073/921 921/1070/920 952/1102/951 953/1106/952
f 949/1074/948 948/1071/947 979/1103/978 980/1107/979
f 936/1108/935 935/1104/934 966/1105/965 967/1109/966
f 923/1076/922 922/1073/921 953/1106/952 954/1110/953
f 514/62/513 949/1074/948 980/1107/979
f 937/1111/936 936/1108/935 967/1109/966 968/1112/967
f 924/1078/923 923/1076/922 954/1110/953 955/1113/954
f 938/1114/937 937/1111/936 968/1112/967 969/1115/968
f 925/1080/924 924/1078/923 955/1113/954 956/1116/955
f 939/1081/938 938/1079/937 969/1117/968 970/1118/969
f 926/1082/925 925/1080/924 956/1116/955 957/1119/956
f 940/1120/939 939/1121/938 970/1122/969 971/1123/970
f 927/1085/926 926/1082/925 957/1119/956 958/1124/957
f 941/1089/940 940/1125/939 971/1126/970 972/1127/971
f 928/1128/927 927/1129/926 958/1130/957 959/1131/958
f 942/1090/941 941/1089/940 972/1127/971 973/1132/972
f 929/1133/928 928/1128/927 959/1131/958 960/1134/959
f 943/1092/942 942/1090/941 973/1132/972 974/1135/973
f 930/1093/929 929/1091/928 960/1136/959 961/1137/960
f 944/1060/943 943/1092/942 974/1135/973 975/1138/974
f 931/1139/930 930/1140/929 961/1141/960 962/1142/961
f 945/1061/944 944/1060/943 975/1138/974 976/1143/975
f 932/1144/931 931/1139/930 962/1142/961 963/1145/962
f 919/1064/918 515/36/514 950/1094/949
f 946/1065/945 945/1061/944 976/1143/975 977/1096/976
f 933/1099/932 932/1144/931 963/1145/962 964/1100/963
f 953/1106/952 952/1102/951 983/48/982 984/54/983
f 980/1107/979 979/1103/978 16/50/15 17/56/16
f 967/1109/966 966/1105/965 8/52/7 9/58/8
f 954/1110/953 953/1106/952 984/54/983 985/60/984
f 514/62/513 980/1107/979 17/56/16
f 968/1112/967 967/1109/966 9/58/8 991/63/990
f 955/1113/954 954/1110/953 985/60/984 986/65/985
f 969/1115/968 968/1112/967 991/63/990 992/67/991
f 956/1116/955 955/1113/954 986/65/985 2/2/1
f 970/1122/969 969/1115/968 992/67/991 10/6/9
f 957/1119/956 956/1116/955 2/2/1 987/1/986
f 971/1123/970 970/1122/969 10/6/9 11/5/10
f 958/1124/957 957/1119/956 987/1/986 3/1146/2
f 972/1147/971 971/1123/970 11/5/10 12/13/11
f 959/1131/958 958/1130/957 3/9/2 988/15/987
f 973/1132/972 972/1127/971 12/18/11 993/17/992
f 960/1134/959 959/1131/958 988/15/987 989/21/988
f 974/1135/973 973/1132/972 993/17/992 13/23/12
f 961/1141/960 960/1134/959 989/21/988 4/25/3
f 975/1138/974 974/1135/973 13/23/12 14/27/13
f 962/1142/961 961/1141/960 4/25/3 5/29/4
f 976/1143/975 975/1138/974 14/27/13 15/31/14
f 963/1145/962 962/1142/961 5/29/4 6/33/5
f 950/1094/949 515/36/514 981/35/980
f 977/1096/976 976/1143/975 15/31/14 994/38/993
f 964/1100/963 963/1145/962 6/33/5 7/40/6
f 951/1095/950 950/1094/949 981/35/980 982/42/981
f 978/1097/977 977/1096/976 994/38/993 995/44/994
f 965/1101/964 964/1100/963 7/40/6 990/46/989
f 952/1102/951 951/1095/950 982/42/981 983/48/982
f 979/1103/978 978/1097/977 995/44/994 16/50/15
f 966/1105/965 965/1101/964 990/46/989 8/52/7
o Carbon_mesh
v -0.127583 -0.033917 -0.130333
o Carbon_ball
v -0.127583 0.669523 -0.707631
v -0.127583 0.543381 -0.833773
v -0.127583 0.314325 -0.971064
v -0.127583 0.230242 -1.001149
v -0.127583 0.143616 -1.022848
v -0.127583 0.055279 -1.035951
v -0.127583 -0.123112 -1.035951
v -0.127583 -0.211449 -1.022848
v -0.127583 -0.462888 -0.932882
v -0.127583 -0.539486 -0.886971
v -0.127583 -0.611215 -0.833773
v -0.127583 -0.737356 -0.707631
v -0.127583 -0.790554 -0.635902
v -0.127583 -0.836465 -0.559304
v -0.127583 -0.926431 -0.307866
v -0.127583 -0.939535 -0.219529
v -0.110182 0.871701 -0.217815
v -0.092949 0.858598 -0.304454
v -0.076048 0.836899 -0.389417
v -0.059645 0.806814 -0.471884
v -0.043895 0.768632 -0.551062
v -0.028952 0.722721 -0.626188
v -0.014958 0.669523 -0.696539
v -0.002049 0.609551 -0.761436
v 0.009651 0.543381 -0.820256
v 0.020029 0.471652 -0.872432
v 0.028986 0.395054 -0.917461
v 0.036435 0.314325 -0.954909
v 0.042304 0.230242 -0.984417
v 0.046538 0.143616 -1.005698
v 0.049094 0.055279 -1.018550
v 0.049949 -0.033917 -1.022848
v 0.049094 -0.123112 -1.018550
v 0.046538 -0.211449 -1.005698
v 0.042304 -0.298076 -0.984417
v 0.036435 -0.382159 -0.954909
v 0.028986 -0.462888 -0.917461
v 0.020029 -0.539486 -0.872432
v 0.009651 -0.611215 -0.820256
v -0.002049 -0.677384 -0.761436
v -0.014958 -0.737356 -0.696539
v -0.028952 -0.790554 -0.626188
v -0.043895 -0.836465 -0.551062
v -0.059645 -0.874647 -0.471884
v -0.076048 -0.904732 -0.389417
v -0.092949 -0.926431 -0.304454
v -0.110182 -0.939535 -0.217815
v -0.093450 0.871701 -0.212739
v -0.059645 0.858598 -0.294352
v -0.026494 0.836899 -0.374384
v 0.005683 0.806814 -0.452067
v 0.036577 0.768632 -0.526651
v 0.065890 0.722721 -0.597418
v 0.093339 0.669523 -0.663687
v 0.118661 0.609551 -0.724819
v 0.141611 0.543381 -0.780227
v 0.161969 0.471652 -0.829375
v 0.179539 0.395054 -0.871791
v 0.194150 0.314325 -0.907067
v 0.205663 0.230242 -0.934862
v 0.213967 0.143616 -0.954909
v 0.218982 0.055279 -0.967015
v 0.220659 -0.033917 -0.971064
v 0.218982 -0.123112 -0.967015
v 0.213967 -0.211449 -0.954909
v 0.205663 -0.298076 -0.934862
v 0.194150 -0.382159 -0.907067
v 0.179539 -0.462888 -0.871791
v 0.161969 -0.539486 -0.829375
v 0.141611 -0.611215 -0.780227
v 0.118661 -0.677384 -0.724819
v 0.093339 -0.737356 -0.663687
v 0.065890 -0.790554 -0.597418
v 0.036577 -0.836465 -0.526651
v 0.005683 -0.874647 -0.452067
v -0.026494 -0.904732 -0.374384
v -0.059645 -0.926431 -0.294352
v -0.093450 -0.939535 -0.212739
v -0.078029 0.871701 -0.204497
v -0.028952 0.858598 -0.277946
v 0.019176 0.836899 -0.349973
v 0.065890 0.806814 -0.419886
v 0.110740 0.768632 -0.487010
v 0.153296 0.722721 -0.550698
v 0.193146 0.669523 -0.610339
v 0.229908 0.609551 -0.665357
v 0.263227 0.543381 -0.715222
v 0.292782 0.471652 -0.759454
v 0.318289 0.395054 -0.797628
v 0.339501 0.314325 -0.829375
v 0.356216 0.230242 -0.854390
v 0.368271 0.143616 -0.872432
v 0.375551 0.055279 -0.883327
v 0.377986 -0.033917 -0.886971
v 0.375551 -0.123112 -0.883327
v 0.368271 -0.211449 -0.872432
v 0.356216 -0.298076 -0.854390
v 0.339501 -0.382159 -0.829375
v 0.318289 -0.462888 -0.797628
v 0.292782 -0.539486 -0.759454
v 0.263227 -0.611215 -0.715222
v 0.229908 -0.677384 -0.665357
v 0.193146 -0.737356 -0.610339
v 0.153296 -0.790554 -0.550698
v 0.110740 -0.836465 -0.487010
v 0.065890 -0.874647 -0.419886
v 0.019176 -0.904732 -0.349973
v -0.028952 -0.926431 -0.277946
v -0.078029 -0.939535 -0.204497
v -0.064513 0.871701 -0.193404
v -0.002049 0.858598 -0.255867
v 0.059205 0.836899 -0.317122
v 0.118661 0.806814 -0.376577
v 0.175745 0.768632 -0.433662
v 0.229908 0.722721 -0.487824
v 0.280628 0.669523 -0.538545
v 0.327417 0.609551 -0.585333
v 0.369824 0.543381 -0.627740
v 0.407440 0.471652 -0.665357
v 0.439904 0.395054 -0.697821
v 0.466903 0.314325 -0.724819
v 0.488176 0.230242 -0.746093
v 0.503520 0.143616 -0.761436
v 0.512785 0.055279 -0.770702
v 0.515884 -0.033917 -0.773800
v 0.512785 -0.123112 -0.770702
v 0.503520 -0.211449 -0.761436
v 0.488176 -0.298076 -0.746093
v 0.466903 -0.382159 -0.724819
v 0.439904 -0.462888 -0.697821
v 0.407440 -0.539486 -0.665357
v 0.369824 -0.611215 -0.627740
v 0.327417 -0.677384 -0.585333
v 0.280628 -0.737356 -0.538545
v 0.229908 -0.790554 -0.487824
v 0.175745 -0.836465 -0.433662
v 0.118661 -0.874647 -0.376577
v 0.059205 -0.904732 -0.317122
v -0.002049 -0.926431 -0.255867
v -0.064513 -0.939535 -0.193404
v -0.053420 0.871701 -0.179888
v 0.020029 0.858598 -0.228965
v 0.092057 0.836899 -0.277092
v 0.161969 0.806814 -0.323806
v 0.229093 0.768632 -0.368657
v 0.292782 0.722721 -0.411212
v 0.352422 0.669523 -0.451063
v 0.407440 0.609551 -0.487824
v 0.457305 0.543381 -0.521143
v 0.501538 0.471652 -0.550698
v 0.539711 0.395054 -0.576205
v 0.571458 0.314325 -0.597418
v 0.596473 0.230242 -0.614132
v 0.614515 0.143616 -0.626188
v 0.625410 0.055279 -0.633468
v 0.629054 -0.033917 -0.635902
v 0.625410 -0.123112 -0.633468
v 0.614515 -0.211449 -0.626188
v 0.596473 -0.298076 -0.614132
v 0.571458 -0.382159 -0.597418
v 0.539711 -0.462888 -0.576205
v 0.501538 -0.539486 -0.550698
v 0.457305 -0.611215 -0.521143
v 0.407440 -0.677384 -0.487824
v 0.352422 -0.737356 -0.451063
v 0.292782 -0.790554 -0.411212
v 0.229093 -0.836465 -0.368657
v 0.161969 -0.874647 -0.323806
v 0.092057 -0.904732 -0.277092
v 0.020029 -0.926431 -0.228965
v -0.053420 -0.939535 -0.179888
v -0.045177 0.871701 -0.164467
v 0.036435 0.858598 -0.198272
v 0.116468 0.836899 -0.231423
v 0.194150 0.806814 -0.263600
v 0.268734 0.768632 -0.294493
v 0.339501 0.722721 -0.323806
v 0.405770 0.669523 -0.351256
v 0.466903 0.609551 -0.376578
v 0.522310 0.543381 -0.399528
v 0.571458 0.471652 -0.419886
v 0.613874 0.395054 -0.437455
v 0.649150 0.314325 -0.452067
v 0.676945 0.230242 -0.463580
v 0.696993 0.143616 -0.471884
v 0.709099 0.055279 -0.476898
v 0.713147 -0.033917 -0.478575
v 0.709099 -0.123112 -0.476898
v 0.696993 -0.211449 -0.471884
v 0.676945 -0.298076 -0.463580
v 0.649150 -0.382159 -0.452067
v 0.613874 -0.462888 -0.437455
v 0.571458 -0.539486 -0.419886
v 0.522310 -0.611215 -0.399528
v 0.466903 -0.677384 -0.376578
v 0.405770 -0.737356 -0.351256
v 0.339501 -0.790554 -0.323806
v 0.268734 -0.836465 -0.294493
v 0.194150 -0.874647 -0.263600
v 0.116468 -0.904732 -0.231423
v 0.036435 -0.926431 -0.198272
v -0.045177 -0.939535 -0.164467
v -0.040102 0.871701 -0.147734
v 0.046538 0.858598 -0.164968
v 0.131500 0.836899 -0.181868
v 0.213967 0.806814 -0.198272
v 0.293145 0.768632 -0.214021
v 0.368271 0.722721 -0.228965
v 0.438622 0.669523 -0.242958
v 0.503520 0.609551 -0.255868
v 0.562340 0.543381 -0.267567
v 0.614515 0.471652 -0.277946
v 0.659544 0.395054 -0.286903
v 0.696993 0.314325 -0.294352
v 0.726500 0.230242 -0.300221
v 0.747782 0.143616 -0.304454
v 0.760633 0.055279 -0.307011
v 0.764931 -0.033917 -0.307865
v 0.760633 -0.123112 -0.307011
v 0.747782 -0.211449 -0.304454
v 0.726500 -0.298076 -0.300221
v 0.696993 -0.382159 -0.294352
v 0.659544 -0.462888 -0.286903
v 0.614515 -0.539486 -0.277946
v 0.562340 -0.611215 -0.267567
v 0.503520 -0.677384 -0.255868
v 0.438622 -0.737356 -0.242958
v 0.368271 -0.790554 -0.228965
v 0.293145 -0.836465 -0.214021
v 0.213967 -0.874647 -0.198272
v 0.131500 -0.904732 -0.181868
v 0.046538 -0.926431 -0.164968
v -0.040102 -0.939535 -0.147734
v -0.038388 0.871701 -0.130333
v 0.049949 0.858598 -0.130333
v 0.136576 0.836899 -0.130333
v 0.220659 0.806814 -0.130333
v 0.301388 0.768632 -0.130333
v 0.377985 0.722721 -0.130333
v 0.449714 0.669523 -0.130333
v 0.515884 0.609551 -0.130333
v 0.575856 0.543381 -0.130333
v 0.629054 0.471652 -0.130333
v 0.674965 0.395054 -0.130333
v 0.713147 0.314325 -0.130333
v 0.743232 0.230242 -0.130333
v 0.764931 0.143616 -0.130333
v 0.778035 0.055279 -0.130333
v 0.782416 -0.033917 -0.130333
v 0.778035 -0.123112 -0.130333
v 0.764931 -0.211449 -0.130333
v 0.743232 -0.298076 -0.130333
v 0.713147 -0.382159 -0.130333
v 0.674965 -0.462888 -0.130333
v 0.629054 -0.539486 -0.130333
v 0.575856 -0.611215 -0.130333
v 0.515884 -0.677384 -0.130333
v 0.449714 -0.737356 -0.130333
v 0.377985 -0.790554 -0.130333
v 0.301388 -0.836465 -0.130333
v 0.220659 -0.874647 -0.130333
v 0.136576 -0.904732 -0.130333
v 0.049949 -0.926431 -0.130333
v -0.038388 -0.939535 -0.130333
v -0.040102 0.871701 -0.112932
v 0.046538 0.858598 -0.095698
v 0.131500 0.836899 -0.078798
v 0.213967 0.806814 -0.062395
v 0.293145 0.768632 -0.046645
v 0.368271 0.722721 -0.031702
v 0.438622 0.669523 -0.017708
v 0.503520 0.609551 -0.004799
v 0.562340 0.543381 0.006901
v 0.614515 0.471652 0.017279
v 0.659544 0.395054 0.026236
v 0.696993 0.314325 0.033685
v 0.726500 0.230242 0.039554
v 0.747782 0.143616 0.043788
v 0.760633 0.055279 0.046344
v 0.764931 -0.033917 0.047199
v 0.760633 -0.123112 0.046344
v 0.747782 -0.211449 0.043788
v 0.726500 -0.298076 0.039554
v 0.696993 -0.382159 0.033685
v 0.659544 -0.462888 0.026236
v 0.614515 -0.539486 0.017279
v 0.562340 -0.611215 0.006901
v 0.503520 -0.677384 -0.004799
v 0.438622 -0.737356 -0.017708
v 0.368271 -0.790554 -0.031702
v 0.293145 -0.836465 -0.046645
v 0.213967 -0.874647 -0.062395
v 0.131500 -0.904732 -0.078798
v 0.046538 -0.926431 -0.095698
v -0.040102 -0.939535 -0.112932
v -0.045177 0.871701 -0.096200
v 0.036435 0.858598 -0.062395
v 0.116468 0.836899 -0.029244
v 0.194150 0.806814 0.002933
v 0.268734 0.768632 0.033827
v 0.339501 0.722721 0.063140
v 0.405770 0.669523 0.090589
v 0.466903 0.609551 0.115911
v 0.522310 0.543381 0.138861
v 0.571458 0.471652 0.159219
v 0.613874 0.395054 0.176789
v 0.649150 0.314325 0.191400
v 0.676945 0.230242 0.202913
v 0.696992 0.143616 0.211217
v 0.709098 0.055279 0.216232
v 0.713147 -0.033917 0.217909
v 0.709098 -0.123112 0.216232
v 0.696992 -0.211449 0.211217
v 0.676945 -0.298076 0.202913
v 0.649150 -0.382159 0.191400
v 0.613874 -0.462888 0.176789
v 0.571458 -0.539486 0.159219
v 0.522310 -0.611215 0.138861
v 0.466903 -0.677384 0.115911
v 0.405770 -0.737356 0.090589
v 0.339501 -0.790554 0.063140
v 0.268734 -0.836465 0.033827
v 0.194150 -0.874647 0.002933
v 0.116468 -0.904732 -0.029244
v 0.036435 -0.926431 -0.062395
v -0.045177 -0.939535 -0.096200
v -0.053420 0.871701 -0.080779
v 0.020029 0.858598 -0.031702
v 0.092057 0.836899 0.016426
v 0.161969 0.806814 0.063140
v 0.229093 0.768632 0.107990
v 0.292782 0.722721 0.150546
v 0.352422 0.669523 0.190396
v 0.407440 0.609551 0.227158
v 0.457305 0.543381 0.260477
v 0.501537 0.471652 0.290032
v 0.539711 0.395054 0.315539
v 0.571458 0.314325 0.336751
v 0.596473 0.230242 0.353466
v 0.614515 0.143616 0.365521
v 0.625410 0.055279 0.372801
v 0.629054 -0.033917 0.375236
v 0.625410 -0.123112 0.372801
v 0.614515 -0.211449 0.365521
v 0.596473 -0.298076 0.353466
v 0.571458 -0.382159 0.336751
v 0.539711 -0.462888 0.315539
v 0.501537 -0.539486 0.290032
v 0.457305 -0.611215 0.260477
v 0.407440 -0.677384 0.227158
v 0.352422 -0.737356 0.190396
v 0.292782 -0.790554 0.150546
v 0.229093 -0.836465 0.107990
v 0.161969 -0.874647 0.063140
v 0.092057 -0.904732 0.016426
v 0.020029 -0.926431 -0.031702
v -0.053420 -0.939535 -0.080779
v -0.064513 0.871701 -0.067262
v -0.002049 0.858598 -0.004799
v 0.059205 0.836899 0.056455
v 0.118661 0.806814 0.115911
v 0.175745 0.768632 0.172995
v 0.229908 0.722721 0.227158
v 0.280628 0.669523 0.277878
v 0.327417 0.609551 0.324667
v 0.369823 0.543381 0.367074
v 0.407440 0.471652 0.404690
v 0.439904 0.395054 0.437154
v 0.466903 0.314325 0.464153
v 0.488176 0.230242 0.485426
v 0.503520 0.143616 0.500770
v 0.512785 0.055279 0.510035
v 0.515883 -0.033917 0.513134
v 0.512785 -0.123112 0.510035
v 0.503520 -0.211449 0.500770
v 0.488176 -0.298076 0.485426
v 0.466903 -0.382159 0.464153
v 0.439904 -0.462888 0.437154
v 0.407440 -0.539486 0.404690
v 0.369823 -0.611215 0.367074
v 0.327417 -0.677384 0.324667
v 0.280628 -0.737356 0.277878
v 0.229908 -0.790554 0.227158
v 0.175745 -0.836465 0.172995
v 0.118661 -0.874647 0.115911
v 0.059205 -0.904732 0.056455
v -0.002049 -0.926431 -0.004799
v -0.064513 -0.939535 -0.067262
v -0.078029 0.871701 -0.056170
v -0.028952 0.858598 0.017279
v 0.019175 0.836899 0.089307
v 0.065889 0.806814 0.159219
v 0.110740 0.768632 0.226343
v 0.153296 0.722721 0.290032
v 0.193146 0.669523 0.349672
v 0.229908 0.609551 0.404690
v 0.263227 0.543381 0.454555
v 0.292782 0.471652 0.498788
v 0.318289 0.395054 0.536961
v 0.339501 0.314325 0.568708
v 0.356216 0.230242 0.593723
v 0.368271 0.143616 0.611765
v 0.375551 0.055279 0.622660
v 0.377985 -0.033917 0.626304
v 0.375551 -0.123112 0.622660
v 0.368271 -0.211449 0.611765
v 0.356216 -0.298076 0.593723
v 0.339501 -0.382159 0.568708
v 0.318289 -0.462888 0.536961
v 0.292782 -0.539486 0.498788
v 0.263227 -0.611215 0.454555
v 0.229908 -0.677384 0.404690
v 0.193146 -0.737356 0.349672
v 0.153296 -0.790554 0.290032
v 0.110740 -0.836465 0.226343
v 0.065889 -0.874647 0.159219
v 0.019175 -0.904732 0.089307
v -0.028952 -0.926431 0.017279
v -0.078029 -0.939535 -0.056170
v -0.093450 0.871701 -0.047927
v -0.059645 0.858598 0.033685
v -0.026494 0.836899 0.113718
v 0.005683 0.806814 0.191400
v 0.036577 0.768632 0.265984
v 0.065889 0.722721 0.336751
v 0.093339 0.669523 0.403020
v 0.118661 0.609551 0.464153
v 0.141611 0.543381 0.519560
v 0.161969 0.471652 0.568708
v 0.179539 0.395054 0.611124
v 0.194150 0.314325 0.646400
v 0.205663 0.230242 0.674195
v 0.213967 0.143616 0.694242
v 0.218981 0.055279 0.706348
v 0.220658 -0.033917 0.710397
v 0.218981 -0.123112 0.706348
v 0.213967 -0.211449 0.694242
v 0.205663 -0.298076 0.674195
v 0.194150 -0.382159 0.646400
v 0.179539 -0.462888 0.611124
v 0.161969 -0.539486 0.568708
v 0.141611 -0.611215 0.519560
v 0.118661 -0.677384 0.464153
v 0.093339 -0.737356 0.403020
v 0.065889 -0.790554 0.336751
v 0.036577 -0.836465 0.265984
v 0.005683 -0.874647 0.191400
v -0.026494 -0.904732 0.113718
v -0.059645 -0.926431 0.033685
v -0.093450 -0.939535 -0.047927
v -0.110182 0.871701 -0.042852
v -0.092949 0.858598 0.043788
v -0.076048 0.836899 0.128750
v -0.059645 0.806814 0.211217
v -0.043895 0.768632 0.290395
v -0.028952 0.722721 0.365521
v -0.014958 0.669523 0.435872
v -0.002049 0.609551 0.500770
v 0.009651 0.543381 0.559590
v 0.020029 0.471652 0.611765
v 0.028986 0.395054 0.656794
v 0.036435 0.314325 0.694242
v 0.042304 0.230242 0.723750
v 0.046537 0.143616 0.745032
v 0.049094 0.055279 0.757883
v 0.049948 -0.033917 0.762181
v 0.049094 -0.123112 0.757883
v 0.046537 -0.211449 0.745032
v 0.042304 -0.298076 0.723750
v 0.036435 -0.382159 0.694242
v 0.028986 -0.462888 0.656794
v 0.020029 -0.539486 0.611765
v 0.009651 -0.611215 0.559590
v -0.002049 -0.677384 0.500770
v -0.014958 -0.737356 0.435872
v -0.028952 -0.790554 0.365521
v -0.043895 -0.836465 0.290395
v -0.059645 -0.874647 0.211217
v -0.076048 -0.904732 0.128750
v -0.092949 -0.926431 0.043788
v -0.110182 -0.939535 -0.042852
v -0.127583 0.871701 -0.041138
v -0.127583 0.858598 0.047199
v -0.127583 0.836899 0.133826
v -0.127583 0.806814 0.217909
v -0.127583 0.768632 0.298638
v -0.127583 0.722721 0.375235
v -0.127583 0.669523 0.446964
v -0.127583 0.609551 0.513134
v -0.127583 0.543381 0.573106
v -0.127583 0.471652 0.626304
v -0.127583 0.395054 0.672215
v -0.127583 0.314325 0.710397
v -0.127583 0.230242 0.740482
v -0.127583 0.143616 0.762181
v -0.127583 0.055279 0.775284
v -0.127584 -0.033917 0.779666
v -0.127583 -0.123112 0.775284
v -0.127583 -0.211449 0.762181
v -0.127583 -0.298076 0.740482
v -0.127583 -0.382159 0.710397
v -0.127583 -0.462888 0.672215
v -0.127583 -0.539486 0.626304
v -0.127583 -0.611215 0.573106
v -0.127583 -0.677384 0.513134
v -0.127583 -0.737356 0.446964
v -0.127583 -0.790554 0.375235
v -0.127583 -0.836465 0.298638
v -0.127583 -0.874647 0.217909
v -0.127583 -0.904732 0.133826
v -0.127583 -0.926431 0.047199
v -0.127583 -0.939535 -0.041138
v -0.127583 -0.943917 -0.130333
v -0.127583 0.876083 -0.130333
v -0.144985 0.871701 -0.042852
v -0.162218 0.858598 0.043788
v -0.179118 0.836899 0.128750
v -0.195522 0.806814 0.211217
v -0.211271 0.768632 0.290395
v -0.226215 0.722721 0.365521
v -0.240209 0.669523 0.435872
v -0.253118 0.609551 0.500770
v -0.264818 0.543381 0.559590
v -0.275196 0.471652 0.611765
v -0.284153 0.395054 0.656794
v -0.291602 0.314325 0.694242
v -0.297471 0.230242 0.723750
v -0.301704 0.143616 0.745032
v -0.304261 0.055279 0.757883
v -0.305116 -0.033917 0.762181
v -0.304261 -0.123112 0.757883
v -0.301704 -0.211449 0.745032
v -0.297471 -0.298076 0.723750
v -0.291602 -0.382159 0.694242
v -0.284153 -0.462888 0.656794
v -0.275196 -0.539486 0.611765
v -0.264818 -0.611215 0.559590
v -0.253118 -0.677384 0.500770
v -0.240209 -0.737356 0.435872
v -0.226215 -0.790554 0.365521
v -0.211271 -0.836465 0.290395
v -0.195522 -0.874647 0.211217
v -0.179118 -0.904732 0.128750
v -0.162218 -0.926431 0.043788
v -0.144985 -0.939535 -0.042852
v -0.161717 0.871701 -0.047927
v -0.195522 0.858598 0.033685
v -0.228673 0.836899 0.113718
v -0.260850 0.806814 0.191400
v -0.291743 0.768632 0.265984
v -0.321056 0.722721 0.336751
v -0.348506 0.669523 0.403020
v -0.373828 0.609551 0.464153
v -0.396778 0.543381 0.519560
v -0.417136 0.471652 0.568708
v -0.434705 0.395054 0.611124
v -0.449317 0.314325 0.646400
v -0.460830 0.230242 0.674195
v -0.469134 0.143616 0.694242
v -0.474148 0.055279 0.706348
v -0.475825 -0.033917 0.710396
v -0.474148 -0.123112 0.706348
v -0.469134 -0.211449 0.694242
v -0.460830 -0.298076 0.674195
v -0.449317 -0.382159 0.646400
v -0.434705 -0.462888 0.611124
v -0.417136 -0.539486 0.568708
v -0.396778 -0.611215 0.519560
v -0.373828 -0.677384 0.464153
v -0.348506 -0.737356 0.403020
v -0.321056 -0.790554 0.336751
v -0.291743 -0.836465 0.265984
v -0.260850 -0.874647 0.191400
v -0.228673 -0.904732 0.113718
v -0.195522 -0.926431 0.033685
v -0.161717 -0.939535 -0.047927
v -0.177138 0.871701 -0.056170
v -0.226215 0.858598 0.017279
v -0.274342 0.836899 0.089307
v -0.321056 0.806814 0.159219
v -0.365907 0.768632 0.226343
v -0.408462 0.722721 0.290032
v -0.448313 0.669523 0.349672
v -0.485074 0.609551 0.404690
v -0.518393 0.543381 0.454555
v -0.547948 0.471652 0.498787
v -0.573455 0.395054 0.536961
v -0.594668 0.314325 0.568708
v -0.611383 0.230242 0.593723
v -0.623438 0.143616 0.611765
v -0.630718 0.055279 0.622660
v -0.633152 -0.033917 0.626303
v -0.630718 -0.123112 0.622660
v -0.623438 -0.211449 0.611765
v -0.611383 -0.298076 0.593723
v -0.594668 -0.382159 0.568708
v -0.573455 -0.462888 0.536961
v -0.547948 -0.539486 0.498787
v -0.518393 -0.611215 0.454555
v -0.485074 -0.677384 0.404690
v -0.448313 -0.737356 0.349672
v -0.408462 -0.790554 0.290032
v -0.365907 -0.836465 0.226343
v -0.321056 -0.874647 0.159219
v -0.274342 -0.904732 0.089307
v -0.226215 -0.926431 0.017279
v -0.177138 -0.939535 -0.056170
v -0.190654 0.871701 -0.067263
v -0.253117 0.858598 -0.004799
v -0.314372 0.836899 0.056455
v -0.373828 0.806814 0.115911
v -0.430912 0.768632 0.172995
v -0.485074 0.722721 0.227158
v -0.535794 0.669523 0.277878
v -0.582583 0.609551 0.324667
v -0.624990 0.543381 0.367073
v -0.662607 0.471652 0.404690
v -0.695070 0.395054 0.437154
v -0.722069 0.314325 0.464153
v -0.743343 0.230242 0.485426
v -0.758686 0.143616 0.500769
v -0.767952 0.055279 0.510035
v -0.771050 -0.033917 0.513133
v -0.767952 -0.123112 0.510035
v -0.758686 -0.211449 0.500769
v -0.743343 -0.298076 0.485426
v -0.722069 -0.382159 0.464153
v -0.695070 -0.462888 0.437154
v -0.662607 -0.539486 0.404690
v -0.624990 -0.611215 0.367073
v -0.582583 -0.677384 0.324667
v -0.535794 -0.737356 0.277878
v -0.485074 -0.790554 0.227158
v -0.430912 -0.836465 0.172995
v -0.373828 -0.874647 0.115911
v -0.314372 -0.904732 0.056455
v -0.253117 -0.926431 -0.004799
v -0.190654 -0.939535 -0.067263
v -0.201747 0.871701 -0.080779
v -0.275196 0.858598 -0.031702
v -0.347223 0.836899 0.016426
v -0.417136 0.806814 0.063139
v -0.484260 0.768632 0.107990
v -0.547948 0.722721 0.150545
v -0.607589 0.669523 0.190396
v -0.662607 0.609551 0.227158
v -0.712472 0.543381 0.260477
v -0.756704 0.471652 0.290032
v -0.794878 0.395054 0.315538
v -0.826625 0.314325 0.336751
v -0.851640 0.230242 0.353466
v -0.869682 0.143616 0.365521
v -0.880577 0.055279 0.372801
v -0.884220 -0.033917 0.375235
v -0.880577 -0.123112 0.372801
v -0.869682 -0.211449 0.365521
v -0.851640 -0.298076 0.353466
v -0.826625 -0.382159 0.336751
v -0.794878 -0.462888 0.315538
v -0.756704 -0.539486 0.290032
v -0.712472 -0.611215 0.260477
v -0.662607 -0.677384 0.227158
v -0.607589 -0.737356 0.190396
v -0.547948 -0.790554 0.150545
v -0.484260 -0.836465 0.107990
v -0.417136 -0.874647 0.063139
v -0.347223 -0.904732 0.016426
v -0.275196 -0.926431 -0.031702
v -0.201747 -0.939535 -0.080779
v -0.209989 0.871701 -0.096200
v -0.291602 0.858598 -0.062395
v -0.371634 0.836899 -0.029244
v -0.449317 0.806814 0.002933
v -0.523901 0.768632 0.033827
v -0.594668 0.722721 0.063139
v -0.660937 0.669523 0.090589
v -0.722069 0.609551 0.115911
v -0.777476 0.543381 0.138861
v -0.826625 0.471652 0.159219
v -0.869041 0.395054 0.176788
v -0.904317 0.314325 0.191400
v -0.932112 0.230242 0.202913
v -0.952159 0.143616 0.211217
v -0.964265 0.055279 0.216231
v -0.968313 -0.033917 0.217908
v -0.964265 -0.123112 0.216231
v -0.952159 -0.211449 0.211217
v -0.932112 -0.298076 0.202913
v -0.904317 -0.382159 0.191400
v -0.869041 -0.462888 0.176788
v -0.826625 -0.539486 0.159219
v -0.777476 -0.611215 0.138861
v -0.722069 -0.677384 0.115911
v -0.660937 -0.737356 0.090589
v -0.594668 -0.790554 0.063139
v -0.523901 -0.836465 0.033827
v -0.449317 -0.874647 0.002933
v -0.371634 -0.904732 -0.029244
v -0.291602 -0.926431 -0.062395
v -0.209989 -0.939535 -0.096200
v -0.215065 0.871701 -0.112932
v -0.301704 0.858598 -0.095699
v -0.386667 0.836899 -0.078798
v -0.469134 0.806814 -0.062395
v -0.548312 0.768632 -0.046645
v -0.623438 0.722721 -0.031702
v -0.693788 0.669523 -0.017708
v -0.758686 0.609551 -0.004799
v -0.817506 0.543381 0.006901
v -0.869682 0.471652 0.017279
v -0.914710 0.395054 0.026236
v -0.952159 0.314325 0.033685
v -0.981666 0.230242 0.039554
v -1.002948 0.143616 0.043787
v -1.015800 0.055279 0.046344
v -1.020097 -0.033917 0.047198
v -1.015800 -0.123112 0.046344
v -1.002948 -0.211449 0.043787
v -0.981666 -0.298076 0.039554
v -0.952159 -0.382159 0.033685
v -0.914710 -0.462888 0.026236
v -0.869682 -0.539486 0.017279
v -0.817506 -0.611215 0.006901
v -0.758686 -0.677384 -0.004799
v -0.693788 -0.737356 -0.017708
v -0.623438 -0.790554 -0.031702
v -0.548312 -0.836465 -0.046645
v -0.469134 -0.874647 -0.062395
v -0.386667 -0.904732 -0.078798
v -0.301704 -0.926431 -0.095699
v -0.215065 -0.939535 -0.112932
v -0.216779 0.871701 -0.130333
v -0.305115 0.858598 -0.130333
v -0.391742 0.836899 -0.130333
v -0.475825 0.806814 -0.130333
v -0.556554 0.768632 -0.130333
v -0.633152 0.722721 -0.130333
v -0.704881 0.669523 -0.130333
v -0.771050 0.609551 -0.130333
v -0.831023 0.543381 -0.130333
v -0.884220 0.471652 -0.130333
v -0.930131 0.395054 -0.130333
v -0.968313 0.314325 -0.130333
v -0.998399 0.230242 -0.130333
v -1.020097 0.143616 -0.130334
v -1.033201 0.055279 -0.130333
v -1.037582 -0.033917 -0.130334
v -1.033201 -0.123112 -0.130333
v -1.020097 -0.211449 -0.130334
v -0.998399 -0.298076 -0.130333
v -0.968313 -0.382159 -0.130333
v -0.930131 -0.462888 -0.130333
v -0.884220 -0.539486 -0.130333
v -0.831023 -0.611215 -0.130333
v -0.771050 -0.677384 -0.130333
v -0.704881 -0.737356 -0.130333
v -0.633152 -0.790554 -0.130333
v -0.556554 -0.836465 -0.130333
v -0.475825 -0.874647 -0.130333
v -0.391742 -0.904732 -0.130333
v -0.305115 -0.926431 -0.130333
v -0.216779 -0.939535 -0.130333
v -0.215065 0.871701 -0.147734
v -0.301704 0.858598 -0.164968
v -0.386666 0.836899 -0.181868
v -0.469134 0.806814 -0.198272
v -0.548311 0.768632 -0.214021
v -0.623437 0.722721 -0.228965
v -0.693788 0.669523 -0.242959
v -0.758686 0.609551 -0.255868
v -0.817506 0.543381 -0.267568
v -0.869682 0.471652 -0.277946
v -0.914710 0.395054 -0.286903
v -0.952159 0.314325 -0.294352
v -0.981666 0.230242 -0.300221
v -1.002948 0.143616 -0.304454
v -1.015799 0.055279 -0.307011
v -1.020097 -0.033917 -0.307866
v -1.015799 -0.123112 -0.307011
v -1.002948 -0.211449 -0.304454
v -0.981666 -0.298076 -0.300221
v -0.952159 -0.382159 -0.294352
v -0.914710 -0.462888 -0.286903
v -0.869682 -0.539486 -0.277946
v -0.817506 -0.611215 -0.267568
v -0.758686 -0.677384 -0.255868
v -0.693788 -0.737356 -0.242959
v -0.623437 -0.790554 -0.228965
v -0.548311 -0.836465 -0.214021
v -0.469134 -0.874647 -0.198272
v -0.386666 -0.904732 -0.181868
v -0.301704 -0.926431 -0.164968
v -0.215065 -0.939535 -0.147734
v -0.209989 0.871701 -0.164467
v -0.291602 0.858598 -0.198272
v -0.371634 0.836899 -0.231423
v -0.449317 0.806814 -0.263600
v -0.523901 0.768632 -0.294493
v -0.594668 0.722721 -0.323806
v -0.660937 0.669523 -0.351256
v -0.722069 0.609551 -0.376577
v -0.777476 0.543381 -0.399528
v -0.826625 0.471652 -0.419886
v -0.869041 0.395054 -0.437455
v -0.904317 0.314325 -0.452067
v -0.932112 0.230242 -0.463580
v -0.952159 0.143616 -0.471884
v -0.964265 0.055279 -0.476898
v -0.968313 -0.033917 -0.478575
v -0.964265 -0.123112 -0.476898
v -0.952159 -0.211449 -0.471884
v -0.932112 -0.298076 -0.463580
v -0.904317 -0.382159 -0.452067
v -0.869041 -0.462888 -0.437455
v -0.826625 -0.539486 -0.419886
v -0.777476 -0.611215 -0.399528
v -0.722069 -0.677384 -0.376577
v -0.660937 -0.737356 -0.351256
v -0.594668 -0.790554 -0.323806
v -0.523901 -0.836465 -0.294493
v -0.449317 -0.874647 -0.263600
v -0.371634 -0.904732 -0.231423
v -0.291602 -0.926431 -0.198272
v -0.209989 -0.939535 -0.164467
v -0.201747 0.871701 -0.179888
v -0.275196 0.858598 -0.228965
v -0.347223 0.836899 -0.277092
v -0.417136 0.806814 -0.323806
v -0.484259 0.768632 -0.368657
v -0.547948 0.722721 -0.411212
v -0.607588 0.669523 -0.451063
v -0.662607 0.609551 -0.487824
v -0.712472 0.543381 -0.521143
v -0.756704 0.471652 -0.550698
v -0.794877 0.395054 -0.576205
v -0.826625 0.314325 -0.597418
v -0.851640 0.230242 -0.614132
v -0.869682 0.143616 -0.626188
v -0.880576 0.055279 -0.633467
v -0.884220 -0.033917 -0.635902
v -0.880576 -0.123112 -0.633467
v -0.869682 -0.211449 -0.626188
v -0.851640 -0.298076 -0.614132
v -0.826625 -0.382159 -0.597418
v -0.794877 -0.462888 -0.576205
v -0.756704 -0.539486 -0.550698
v -0.712472 -0.611215 -0.521143
v -0.662607 -0.677384 -0.487824
v -0.607588 -0.737356 -0.451063
v -0.547948 -0.790554 -0.411212
v -0.484259 -0.836465 -0.368657
v -0.417136 -0.874647 -0.323806
v -0.347223 -0.904732 -0.277092
v -0.275196 -0.926431 -0.228965
v -0.201747 -0.939535 -0.179888
v -0.190654 0.871701 -0.193404
v -0.253117 0.858598 -0.255867
v -0.314372 0.836899 -0.317122
v -0.373827 0.806814 -0.376577
v -0.430911 0.768632 -0.433661
v -0.485074 0.722721 -0.487824
v -0.535794 0.669523 -0.538544
v -0.582583 0.609551 -0.585333
v -0.624990 0.543381 -0.627740
v -0.662606 0.471652 -0.665356
v -0.695070 0.395054 -0.697820
v -0.722069 0.314325 -0.724819
v -0.743342 0.230242 -0.746093
v -0.758686 0.143616 -0.761436
v -0.767951 0.055279 -0.770701
v -0.771049 -0.033917 -0.773800
v -0.767951 -0.123112 -0.770701
v -0.758686 -0.211449 -0.761436
v -0.743342 -0.298076 -0.746093
v -0.722069 -0.382159 -0.724819
v -0.695070 -0.462888 -0.697820
v -0.662606 -0.539486 -0.665356
v -0.624990 -0.611215 -0.627740
v -0.582583 -0.677384 -0.585333
v -0.535794 -0.737356 -0.538544
v -0.485074 -0.790554 -0.487824
v -0.430911 -0.836465 -0.433661
v -0.373827 -0.874647 -0.376577
v -0.314372 -0.904732 -0.317122
v -0.253117 -0.926431 -0.255867
v -0.190654 -0.939535 -0.193404
v -0.177138 0.871701 -0.204497
v -0.226215 0.858598 -0.277946
v -0.274342 0.836899 -0.349973
v -0.321056 0.806814 -0.419886
v -0.365907 0.768632 -0.487009
v -0.408462 0.722721 -0.550698
v -0.448312 0.669523 -0.610339
v -0.485074 0.609551 -0.665357
v -0.518393 0.543381 -0.715222
v -0.547948 0.471652 -0.759454
v -0.573455 0.395054 -0.797627
v -0.594668 0.314325 -0.829375
v -0.611382 0.230242 -0.854390
v -0.623437 0.143616 -0.872432
v -0.630717 0.055279 -0.883327
v -0.633151 -0.033917 -0.886970
v -0.630717 -0.123112 -0.883327
v -0.623437 -0.211449 -0.872432
v -0.611382 -0.298076 -0.854390
v -0.594668 -0.382159 -0.829375
v -0.573455 -0.462888 -0.797627
v -0.547948 -0.539486 -0.759454
v -0.518393 -0.611215 -0.715222
v -0.485074 -0.677384 -0.665357
v -0.448312 -0.737356 -0.610339
v -0.408462 -0.790554 -0.550698
v -0.365907 -0.836465 -0.487009
v -0.321056 -0.874647 -0.419886
v -0.274342 -0.904732 -0.349973
v -0.226215 -0.926431 -0.277946
v -0.177138 -0.939535 -0.204497
v -0.161717 0.871701 -0.212739
v -0.195522 0.858598 -0.294351
v -0.228672 0.836899 -0.374384
v -0.260850 0.806814 -0.452067
v -0.291743 0.768632 -0.526651
v -0.321056 0.722721 -0.597418
v -0.348505 0.669523 -0.663687
v -0.373827 0.609551 -0.724819
v -0.396778 0.543381 -0.780226
v -0.417136 0.471652 -0.829375
v -0.434705 0.395054 -0.871791
v -0.449317 0.314325 -0.907067
v -0.460830 0.230242 -0.934862
v -0.469133 0.143616 -0.954909
v -0.474148 0.055279 -0.967014
v -0.475824 -0.033917 -0.971063
v -0.474148 -0.123112 -0.967014
v -0.469133 -0.211449 -0.954909
v -0.460830 -0.298076 -0.934862
v -0.449317 -0.382159 -0.907067
v -0.434705 -0.462888 -0.871791
v -0.417136 -0.539486 -0.829375
v -0.396778 -0.611215 -0.780226
v -0.373827 -0.677384 -0.724819
v -0.348505 -0.737356 -0.663687
v -0.321056 -0.790554 -0.597418
v -0.291743 -0.836465 -0.526651
v -0.260850 -0.874647 -0.452067
v -0.228672 -0.904732 -0.374384
v -0.195522 -0.926431 -0.294351
v -0.161717 -0.939535 -0.212739
v -0.144984 0.871701 -0.217815
v -0.162218 0.858598 -0.304454
v -0.179118 0.836899 -0.389416
v -0.195522 0.806814 -0.471884
v -0.211271 0.768632 -0.551061
v -0.226215 0.722721 -0.626187
v -0.240208 0.669523 -0.696538
v -0.253117 0.609551 -0.761436
v -0.264817 0.543381 -0.820256
v -0.275196 0.471652 -0.872432
v -0.284153 0.395054 -0.917460
v -0.291602 0.314325 -0.954909
v -0.297471 0.230242 -0.984416
v -0.301704 0.143616 -1.005698
v -0.304260 0.055279 -1.018549
v -0.305115 -0.033917 -1.022847
v -0.304260 -0.123112 -1.018549
v -0.301704 -0.211449 -1.005698
v -0.297471 -0.298076 -0.984416
v -0.291602 -0.382159 -0.954909
v -0.284153 -0.462888 -0.917460
v -0.275196 -0.539486 -0.872432
v -0.264817 -0.611215 -0.820256
v -0.253117 -0.677384 -0.761436
v -0.240208 -0.737356 -0.696538
v -0.226215 -0.790554 -0.626187
v -0.211271 -0.836465 -0.551061
v -0.195522 -0.874647 -0.471884
v -0.179118 -0.904732 -0.389416
v -0.162218 -0.926431 -0.304454
v -0.144984 -0.939535 -0.217815
v -0.127583 0.871701 -0.219529
v -0.127583 0.858598 -0.307865
v -0.127583 0.836899 -0.394492
v -0.127583 0.806814 -0.478575
v -0.127583 0.768632 -0.559304
v -0.127583 0.722721 -0.635902
v -0.127583 0.609551 -0.773800
v -0.127583 0.471652 -0.886970
v -0.127583 0.395054 -0.932881
v -0.127583 -0.033917 -1.040332
v -0.127583 -0.298076 -1.001148
v -0.127583 -0.382159 -0.971063
v -0.127583 -0.677384 -0.773800
v -0.127583 -0.874647 -0.478575
v -0.127583 -0.904732 -0.394492
vn -0.0000 0.7715 -0.6362
vn -0.0000 0.6329 -0.7742
vn -0.0000 0.3816 -0.9243
vn -0.0000 0.2894 -0.9572
vn -0.0000 0.1945 -0.9809
vn -0.0000 0.0977 -0.9952
vn -0.0000 -0.0977 -0.9952
vn -0.0000 -0.1945 -0.9809
vn -0.0000 -0.4701 -0.8826
vn -0.0000 -0.5542 -0.8324
vn -0.0000 -0.6329 -0.7742
vn -0.0000 -0.7715 -0.6362
vn -0.0000 -0.8301 -0.5577
vn -0.0000 -0.8806 -0.4738
vn -0.0000 -0.9802 -0.1980
vn -0.0000 -0.9949 -0.1011
vn 0.0197 0.9949 -0.0991
vn 0.0386 0.9802 -0.1942
vn 0.0572 0.9561 -0.2875
vn 0.0752 0.9228 -0.3779
vn 0.0924 0.8806 -0.4647
vn 0.1088 0.8301 -0.5470
vn 0.1241 0.7715 -0.6240
vn 0.1382 0.7056 -0.6950
vn 0.1510 0.6329 -0.7594
vn 0.1624 0.5542 -0.8164
vn 0.1722 0.4701 -0.8656
vn 0.1803 0.3816 -0.9066
vn 0.1867 0.2894 -0.9388
vn 0.1914 0.1945 -0.9621
vn 0.1942 0.0977 -0.9761
vn 0.1951 -0.0000 -0.9808
vn 0.1942 -0.0977 -0.9761
vn 0.1914 -0.1945 -0.9621
vn 0.1867 -0.2894 -0.9388
vn 0.1803 -0.3816 -0.9066
vn 0.1722 -0.4701 -0.8656
vn 0.1624 -0.5542 -0.8164
vn 0.1510 -0.6329 -0.7594
vn 0.1382 -0.7056 -0.6950
vn 0.1241 -0.7715 -0.6240
vn 0.1088 -0.8301 -0.5470
vn 0.0924 -0.8806 -0.4647
vn 0.0752 -0.9228 -0.3779
vn 0.0572 -0.9561 -0.2875
vn 0.0386 -0.9802 -0.1942
vn 0.0197 -0.9949 -0.0991
vn 0.0387 0.9949 -0.0934
vn 0.0758 0.9802 -0.1830
vn 0.1122 0.9561 -0.2708
vn 0.1474 0.9228 -0.3560
vn 0.1813 0.8806 -0.4377
vn 0.2134 0.8301 -0.5152
vn 0.2435 0.7715 -0.5878
vn 0.2712 0.7056 -0.6547
vn 0.2963 0.6329 -0.7153
vn 0.3185 0.5542 -0.7690
vn 0.3378 0.4701 -0.8154
vn 0.3537 0.3816 -0.8540
vn 0.3663 0.2894 -0.8843
vn 0.3754 0.1945 -0.9062
vn 0.3809 0.0977 -0.9195
vn 0.3827 -0.0000 -0.9239
vn 0.3809 -0.0977 -0.9195
vn 0.3754 -0.1945 -0.9062
vn 0.3663 -0.2894 -0.8843
vn 0.3537 -0.3816 -0.8540
vn 0.3378 -0.4701 -0.8154
vn 0.3185 -0.5542 -0.7690
vn 0.2963 -0.6329 -0.7153
vn 0.2712 -0.7056 -0.6547
vn 0.2435 -0.7715 -0.5878
vn 0.2134 -0.8301 -0.5152
vn 0.1813 -0.8806 -0.4377
vn 0.1474 -0.9228 -0.3560
vn 0.1122 -0.9561 -0.2708
vn 0.0758 -0.9802 -0.1830
vn 0.0387 -0.9949 -0.0934
vn 0.0561 0.9949 -0.0840
vn 0.1100 0.9802 -0.1647
vn 0.1628 0.9561 -0.2437
vn 0.2141 0.9228 -0.3204
vn 0.2632 0.8806 -0.3939
vn 0.3098 0.8301 -0.4637
vn 0.3535 0.7715 -0.5290
vn 0.3937 0.7056 -0.5892
vn 0.4301 0.6329 -0.6438
vn 0.4625 0.5542 -0.6921
vn 0.4903 0.4701 -0.7339
vn 0.5135 0.3816 -0.7685
vn 0.5318 0.2894 -0.7959
vn 0.5450 0.1945 -0.8156
vn 0.5529 0.0977 -0.8275
vn 0.5556 -0.0000 -0.8315
vn 0.5529 -0.0977 -0.8275
vn 0.5450 -0.1945 -0.8156
vn 0.5318 -0.2894 -0.7959
vn 0.5135 -0.3816 -0.7685
vn 0.4903 -0.4701 -0.7339
vn 0.4625 -0.5542 -0.6921
vn 0.4301 -0.6329 -0.6438
vn 0.3937 -0.7056 -0.5892
vn 0.3535 -0.7715 -0.5290
vn 0.3098 -0.8301 -0.4637
vn 0.2632 -0.8806 -0.3939
vn 0.2141 -0.9228 -0.3204
vn 0.1628 -0.9561 -0.2437
vn 0.1100 -0.9802 -0.1647
vn 0.0561 -0.9949 -0.0840
vn 0.0715 0.9949 -0.0715
vn 0.1400 0.9802 -0.1400
vn 0.2072 0.9561 -0.2072
vn 0.2724 0.9228 -0.2724
vn 0.3350 0.8806 -0.3350
vn 0.3943 0.8301 -0.3943
vn 0.4499 0.7715 -0.4499
vn 0.5011 0.7056 -0.5011
vn 0.5475 0.6329 -0.5475
vn 0.5886 0.5542 -0.5886
vn 0.6241 0.4701 -0.6241
vn 0.6536 0.3816 -0.6536
vn 0.6768 0.2894 -0.6768
vn 0.6936 0.1945 -0.6936
vn 0.7037 0.0977 -0.7037
vn 0.7071 -0.0000 -0.7071
vn 0.7037 -0.0977 -0.7037
vn 0.6936 -0.1945 -0.6936
vn 0.6768 -0.2894 -0.6768
vn 0.6536 -0.3816 -0.6536
vn 0.6241 -0.4701 -0.6241
vn 0.5886 -0.5542 -0.5886
vn 0.5475 -0.6329 -0.5475
vn 0.5011 -0.7056 -0.5011
vn 0.4499 -0.7715 -0.4499
vn 0.3943 -0.8301 -0.3943
vn 0.3350 -0.8806 -0.3350
vn 0.2724 -0.9228 -0.2724
vn 0.2072 -0.9561 -0.2072
vn 0.1400 -0.9802 -0.1400
vn 0.0715 -0.9949 -0.0715
vn 0.0840 0.9949 -0.0561
vn 0.1647 0.9802 -0.1100
vn 0.2437 0.9561 -0.1628
vn 0.3204 0.9228 -0.2141
vn 0.3939 0.8806 -0.2632
vn 0.4637 0.8301 -0.3098
vn 0.5290 0.7715 -0.3535
vn 0.5892 0.7056 -0.3937
vn 0.6438 0.6329 -0.4301
vn 0.6921 0.5542 -0.4625
vn 0.7339 0.4701 -0.4903
vn 0.7685 0.3816 -0.5135
vn 0.7959 0.2894 -0.5318
vn 0.8156 0.1945 -0.5450
vn 0.8275 0.0977 -0.5529
vn 0.8315 -0.0000 -0.5556
vn 0.8275 -0.0977 -0.5529
vn 0.8156 -0.1945 -0.5450
vn 0.7959 -0.2894 -0.5318
vn 0.7685 -0.3816 -0.5135
vn 0.7339 -0.4701 -0.4903
vn 0.6921 -0.5542 -0.4625
vn 0.6438 -0.6329 -0.4301
vn 0.5892 -0.7056 -0.3937
vn 0.5290 -0.7715 -0.3535
vn 0.4637 -0.8301 -0.3098
vn 0.3939 -0.8806 -0.2632
vn 0.3204 -0.9228 -0.2141
vn 0.2437 -0.9561 -0.1628
vn 0.1647 -0.9802 -0.1100
vn 0.0840 -0.9949 -0.0561
vn 0.0934 0.9949 -0.0387
vn 0.1830 0.9802 -0.0758
vn 0.2708 0.9561 -0.1122
vn 0.3560 0.9228 -0.1474
vn 0.4377 0.8806 -0.1813
vn 0.5152 0.8301 -0.2134
vn 0.5878 0.7715 -0.2435
vn 0.6547 0.7056 -0.2712
vn 0.7153 0.6329 -0.2963
vn 0.7690 0.5542 -0.3185
vn 0.8154 0.4701 -0.3378
vn 0.8540 0.3816 -0.3537
vn 0.8843 0.2894 -0.3663
vn 0.9062 0.1945 -0.3754
vn 0.9195 0.0977 -0.3809
vn 0.9239 -0.0000 -0.3827
vn 0.9195 -0.0977 -0.3809
vn 0.9062 -0.1945 -0.3754
vn 0.8843 -0.2894 -0.3663
vn 0.8540 -0.3816 -0.3537
vn 0.8154 -0.4701 -0.3378
vn 0.7690 -0.5542 -0.3185
vn 0.7153 -0.6329 -0.2963
vn 0.6547 -0.7056 -0.2712
vn 0.5878 -0.7715 -0.2435
vn 0.5152 -0.8301 -0.2134
vn 0.4377 -0.8806 -0.1813
vn 0.3560 -0.9228 -0.1474
vn 0.2708 -0.9561 -0.1122
vn 0.1830 -0.9802 -0.0758
vn 0.0934 -0.9949 -0.0387
vn 0.0991 0.9949 -0.0197
vn 0.1942 0.9802 -0.0386
vn 0.2875 0.9561 -0.0572
vn 0.3779 0.9228 -0.0752
vn 0.4647 0.8806 -0.0924
vn 0.5470 0.8301 -0.1088
vn 0.6240 0.7715 -0.1241
vn 0.6950 0.7056 -0.1382
vn 0.7594 0.6329 -0.1510
vn 0.8164 0.5542 -0.1624
vn 0.8656 0.4701 -0.1722
vn 0.9066 0.3816 -0.1803
vn 0.9388 0.2894 -0.1867
vn 0.9621 0.1945 -0.1914
vn 0.9761 0.0977 -0.1942
vn 0.9808 -0.0000 -0.1951
vn 0.9761 -0.0977 -0.1942
vn 0.9621 -0.1945 -0.1914
vn 0.9388 -0.2894 -0.1867
vn 0.9066 -0.3816 -0.1803
vn 0.8656 -0.4701 -0.1722
vn 0.8164 -0.5542 -0.1624
vn 0.7594 -0.6329 -0.1510
vn 0.6950 -0.7056 -0.1382
vn 0.6240 -0.7715 -0.1241
vn 0.5470 -0.8301 -0.1088
vn 0.4647 -0.8806 -0.0924
vn 0.3779 -0.9228 -0.0752
vn 0.2875 -0.9561 -0.0572
vn 0.1942 -0.9802 -0.0386
vn 0.0991 -0.9949 -0.0197
vn 0.1011 0.9949 -0.0000
vn 0.1980 0.9802 -0.0000
vn 0.2931 0.9561 -0.0000
vn 0.3853 0.9228 -0.0000
vn 0.4738 0.8806 -0.0000
vn 0.5577 0.8301 -0.0000
vn 0.6362 0.7715 -0.0000
vn 0.7086 0.7056 -0.0000
vn 0.7742 0.6329 -0.0000
vn 0.8324 0.5542 -0.0000
vn 0.8826 0.4701 -0.0000
vn 0.9243 0.3816 -0.0000
vn 0.9572 0.2894 -0.0000
vn 0.9809 0.1945 -0.0000
vn 0.9952 0.0977 -0.0000
vn 1.0000 -0.0000 -0.0000
vn 0.9952 -0.0977 -0.0000
vn 0.9809 -0.1945 -0.0000
vn 0.9572 -0.2894 -0.0000
vn 0.9243 -0.3816 -0.0000
vn 0.8826 -0.4701 -0.0000
vn 0.8324 -0.5542 -0.0000
vn 0.7742 -0.6329 -0.0000
vn 0.7086 -0.7056 -0.0000
vn 0.6362 -0.7715 -0.0000
vn 0.5577 -0.8301 -0.0000
vn 0.4738 -0.8806 -0.0000
vn 0.3853 -0.9228 -0.0000
vn 0.2931 -0.9561 -0.0000
vn 0.1980 -0.9802 -0.0000
vn 0.1011 -0.9949 -0.0000
vn 0.0991 0.9949 0.0197
vn 0.1942 0.9802 0.0386
vn 0.2875 0.9561 0.0572
vn 0.3779 0.9228 0.0752
vn 0.4647 0.8806 0.0924
vn 0.5470 0.8301 0.1088
vn 0.6240 0.7715 0.1241
vn 0.6950 0.7056 0.1382
vn 0.7594 0.6329 0.1510
vn 0.8164 0.5542 0.1624
vn 0.8656 0.4701 0.1722
vn 0.9066 0.3816 0.1803
vn 0.9388 0.2894 0.1867
vn 0.9621 0.1945 0.1914
vn 0.9761 0.0977 0.1942
vn 0.9808 -0.0000 0.1951
vn 0.9761 -0.0977 0.1942
vn 0.9621 -0.1945 0.1914
vn 0.9388 -0.2894 0.1867
vn 0.9066 -0.3816 0.1803
vn 0.8656 -0.4701 0.1722
vn 0.8164 -0.5542 0.1624
vn 0.7594 -0.6329 0.1510
vn 0.6950 -0.7056 0.1382
vn 0.6240 -0.7715 0.1241
vn 0.5470 -0.8301 0.1088
vn 0.4647 -0.8806 0.0924
vn 0.3779 -0.9228 0.0752
vn 0.2875 -0.9561 0.0572
vn 0.1942 -0.9802 0.0386
vn 0.0991 -0.9949 0.0197
vn 0.0934 0.9949 0.0387
vn 0.1830 0.9802 0.0758
vn 0.2708 0.9561 0.1122
vn 0.3560 0.9228 0.1474
vn 0.4377 0.8806 0.1813
vn 0.5152 0.8301 0.2134
vn 0.5878 0.7715 0.2435
vn 0.6547 0.7056 0.2712
vn 0.7153 0.6329 0.2963
vn 0.7690 0.5542 0.3185
vn 0.8154 0.4701 0.3378
vn 0.8540 0.3816 0.3537
vn 0.8843 0.2894 0.3663
vn 0.9062 0.1945 0.3754
vn 0.9195 0.0977 0.3809
vn 0.9239 -0.0000 0.3827
vn 0.9195 -0.0977 0.3809
vn 0.9062 -0.1945 0.3754
vn 0.8843 -0.2894 0.3663
vn 0.8540 -0.3816 0.3537
vn 0.8154 -0.4701 0.3378
vn 0.7690 -0.5542 0.3185
vn 0.7153 -0.6329 0.2963
vn 0.6547 -0.7056 0.2712
vn 0.5878 -0.7715 0.2435
vn 0.5152 -0.8301 0.2134
vn 0.4377 -0.8806 0.1813
vn 0.3560 -0.9228 0.1474
vn 0.2708 -0.9561 0.1122
vn 0.1830 -0.9802 0.0758
vn 0.0934 -0.9949 0.0387
vn 0.0840 0.9949 0.0561
vn 0.1647 0.9802 0.1100
vn 0.2437 0.9561 0.1628
vn 0.3204 0.9228 0.2141
vn 0.3939 0.8806 0.2632
vn 0.4637 0.8301 0.3098
vn 0.5290 0.7715 0.3535
vn 0.5892 0.7056 0.3937
vn 0.6438 0.6329 0.4301
vn 0.6921 0.5542 0.4625
vn 0.7339 0.4701 0.4903
vn 0.7685 0.3816 0.5135
vn 0.7959 0.2894 0.5318
vn 0.8156 0.1945 0.5450
vn 0.8275 0.0977 0.5529
vn 0.8315 -0.0000 0.5556
vn 0.8275 -0.0977 0.5529
vn 0.8156 -0.1945 0.5450
vn 0.7959 -0.2894 0.5318
vn 0.7685 -0.3816 0.5135
vn 0.7339 -0.4701 0.4903
vn 0.6921 -0.5542 0.4625
vn 0.6438 -0.6329 0.4301
vn 0.5892 -0.7056 0.3937
vn 0.5290 -0.7715 0.3535
vn 0.4637 -0.8301 0.3098
vn 0.3939 -0.8806 0.2632
vn 0.3204 -0.9228 0.2141
vn 0.2437 -0.9561 0.1628
vn 0.1647 -0.9802 0.1100
vn 0.0840 -0.9949 0.0561
vn 0.0715 0.9949 0.0715
vn 0.1400 0.9802 0.1400
vn 0.2072 0.9561 0.2072
vn 0.2724 0.9228 0.2724
vn 0.3350 0.8806 0.3350
vn 0.3943 0.8301 0.3943
vn 0.4499 0.7715 0.4499
vn 0.5011 0.7056 0.5011
vn 0.5475 0.6329 0.5475
vn 0.5886 0.5542 0.5886
vn 0.6241 0.4701 0.6241
vn 0.6536 0.3816 0.6536
vn 0.6768 0.2894 0.6768
vn 0.6936 0.1945 0.6936
vn 0.7037 0.0977 0.7037
vn 0.7071 -0.0000 0.7071
vn 0.7037 -0.0977 0.7037
vn 0.6936 -0.1945 0.6936
vn 0.6768 -0.2894 0.6768
vn 0.6536 -0.3816 0.6536
vn 0.6241 -0.4701 0.6241
vn 0.5886 -0.5542 0.5886
vn 0.5475 -0.6329 0.5475
vn 0.5011 -0.7056 0.5011
vn 0.4499 -0.7715 0.4499
vn 0.3943 -0.8301 0.3943
vn 0.3350 -0.8806 0.3350
vn 0.2724 -0.9228 0.2724
vn 0.2072 -0.9561 0.2072
vn 0.1400 -0.9802 0.1400
vn 0.0715 -0.9949 0.0715
vn 0.0561 0.9949 0.0840
vn 0.1100 0.9802 0.1647
vn 0.1628 0.9561 0.2437
vn 0.2141 0.9228 0.3204
vn 0.2632 0.8806 0.3939
vn 0.3098 0.8301 0.4637
vn 0.3535 0.7715 0.5290
vn 0.3937 0.7056 0.5892
vn 0.4301 0.6329 0.6438
vn 0.4625 0.5542 0.6921
vn 0.4903 0.4701 0.7339
vn 0.5135 0.3816 0.7685
vn 0.5318 0.2894 0.7959
vn 0.5450 0.1945 0.8156
vn 0.5529 0.0977 0.8275
vn 0.5556 -0.0000 0.8315
vn 0.5529 -0.0977 0.8275
vn 0.5450 -0.1945 0.8156
vn 0.5318 -0.2894 0.7959
vn 0.5135 -0.3816 0.7685
vn 0.4903 -0.4701 0.7339
vn 0.4625 -0.5542 0.6921
vn 0.4301 -0.6329 0.6438
vn 0.3937 -0.7056 0.5892
vn 0.3535 -0.7715 0.5290
vn 0.3098 -0.8301 0.4637
vn 0.2632 -0.8806 0.3939
vn 0.2141 -0.9228 0.3204
vn 0.1628 -0.9561 0.2437
vn 0.1100 -0.9802 0.1647
vn 0.0561 -0.9949 0.0840
vn 0.0387 0.9949 0.0934
vn 0.0758 0.9802 0.1830
vn 0.1122 0.9561 0.2708
vn 0.1474 0.9228 0.3560
vn 0.1813 0.8806 0.4377
vn 0.2134 0.8301 0.5152
vn 0.2435 0.7715 0.5878
vn 0.2712 0.7056 0.6547
vn 0.2963 0.6329 0.7153
vn 0.3185 0.5542 0.7690
vn 0.3378 0.4701 0.8154
vn 0.3537 0.3816 0.8540
vn 0.3663 0.2894 0.8843
vn 0.3754 0.1945 0.9062
vn 0.3809 0.0977 0.9195
vn 0.3827 -0.0000 0.9239
vn 0.3809 -0.0977 0.9195
vn 0.3754 -0.1945 0.9062
vn 0.3663 -0.2894 0.8843
vn 0.3537 -0.3816 0.8540
vn 0.3378 -0.4701 0.8154
vn 0.3185 -0.5542 0.7690
vn 0.2963 -0.6329 0.7153
vn 0.2712 -0.7056 0.6547
vn 0.2435 -0.7715 0.5878
vn 0.2134 -0.8301 0.5152
vn 0.1813 -0.8806 0.4377
vn 0.1474 -0.9228 0.3560
vn 0.1122 -0.9561 0.2708
vn 0.0758 -0.9802 0.1830
vn 0.0387 -0.9949 0.0934
vn 0.0197 0.9949 0.0991
vn 0.0386 0.9802 0.1942
vn 0.0572 0.9561 0.2875
vn 0.0752 0.9228 0.3779
vn 0.0924 0.8806 0.4647
vn 0.1088 0.8301 0.5470
vn 0.1241 0.7715 0.6240
vn 0.1382 0.7056 0.6950
vn 0.1510 0.6329 0.7594
vn 0.1624 0.5542 0.8164
vn 0.1722 0.4701 0.8656
vn 0.1803 0.3816 0.9066
vn 0.1867 0.2894 0.9388
vn 0.1914 0.1945 0.9621
vn 0.1942 0.0977 0.9761
vn 0.1951 -0.0000 0.9808
vn 0.1942 -0.0977 0.9761
vn 0.1914 -0.1945 0.9621
vn 0.1867 -0.2894 0.9388
vn 0.1803 -0.3816 0.9066
vn 0.1722 -0.4701 0.8656
vn 0.1624 -0.5542 0.8164
vn 0.1510 -0.6329 0.7594
vn 0.1382 -0.7056 0.6950
vn 0.1241 -0.7715 0.6240
vn 0.1088 -0.8301 0.5470
vn 0.0924 -0.8806 0.4647
vn 0.0752 -0.9228 0.3779
vn 0.0572 -0.9561 0.2875
vn 0.0386 -0.9802 0.1942
vn 0.0197 -0.9949 0.0991
vn -0.0000 0.9949 0.1011
vn -0.0000 0.9802 0.1980
vn -0.0000 0.9561 0.2931
vn -0.0000 0.9228 0.3853
vn -0.0000 0.8806 0.4738
vn -0.0000 0.8301 0.5577
vn -0.0000 0.7715 0.6362
vn -0.0000 0.7056 0.7086
vn -0.0000 0.6329 0.7742
vn -0.0000 0.5542 0.8324
vn -0.0000 0.4701 0.8826
vn -0.0000 0.3816 0.9243
vn -0.0000 0.2894 0.9572
vn -0.0000 0.1945 0.9809
vn -0.0000 0.0977 0.9952
vn -0.0000 -0.0000 1.0000
vn -0.0000 -0.0977 0.9952
vn -0.0000 -0.1945 0.9809
vn -0.0000 -0.2894 0.9572
vn -0.0000 -0.3816 0.9243
vn -0.0000 -0.4701 0.8826
vn -0.0000 -0.5542 0.8324
vn -0.0000 -0.6329 0.7742
vn -0.0000 -0.7056 0.7086
vn -0.0000 -0.7715 0.6362
vn -0.0000 -0.8301 0.5577
vn -0.0000 -0.8806 0.4738
vn -0.0000 -0.9228 0.3853
vn -0.0000 -0.9561 0.2931
vn -0.0000 -0.9802 0.1980
vn -0.0000 -0.9949 0.1011
vn -0.0000 -1.0000 -0.0000
vn -0.0000 1.0000 -0.0000
vn -0.0197 0.9949 0.0991
vn -0.0386 0.9802 0.1942
vn -0.0572 0.9561 0.2875
vn -0.0752 0.9228 0.3779
vn -0.0924 0.8806 0.4647
vn -0.1088 0.8301 0.5470
vn -0.1241 0.7715 0.6240
vn -0.1382 0.7056 0.6950
vn -0.1510 0.6329 0.7594
vn -0.1624 0.5542 0.8164
vn -0.1722 0.4701 0.8656
vn -0.1803 0.3816 0.9066
vn -0.1867 0.2894 0.9388
vn -0.1914 0.1945 0.9621
vn -0.1942 0.0977 0.9761
vn -0.1951 -0.0000 0.9808
vn -0.1942 -0.0977 0.9761
vn -0.1914 -0.1945 0.9621
vn -0.1867 -0.2894 0.9388
vn -0.1803 -0.3816 0.9066
vn -0.1722 -0.4701 0.8656
vn -0.1624 -0.5542 0.8164
vn -0.1510 -0.6329 0.7594
vn -0.1382 -0.7056 0.6950
vn -0.1241 -0.7715 0.6240
vn -0.1088 -0.8301 0.5470
vn -0.0924 -0.8806 0.4647
vn -0.0752 -0.9228 0.3779
vn -0.0572 -0.9561 0.2875
vn -0.0386 -0.9802 0.1942
vn -0.0197 -0.9949 0.0991
vn -0.0387 0.9949 0.0934
vn -0.0758 0.9802 0.1830
vn -0.1122 0.9561 0.2708
vn -0.1474 0.9228 0.3560
vn -0.1813 0.8806 0.4377
vn -0.2134 0.8301 0.5152
vn -0.2435 0.7715 0.5878
vn -0.2712 0.7056 0.6547
vn -0.2963 0.6329 0.7153
vn -0.3185 0.5542 0.7690
vn -0.3378 0.4701 0.8154
vn -0.3537 0.3816 0.8540
vn -0.3663 0.2894 0.8843
vn -0.3754 0.1945 0.9062
vn -0.3809 0.0977 0.9195
vn -0.3827 -0.0000 0.9239
vn -0.3809 -0.0977 0.9195
vn -0.3754 -0.1945 0.9062
vn -0.3663 -0.2894 0.8843
vn -0.3537 -0.3816 0.8540
vn -0.3378 -0.4701 0.8154
vn -0.3185 -0.5542 0.7690
vn -0.2963 -0.6329 0.7153
vn -0.2712 -0.7056 0.6547
vn -0.2435 -0.7715 0.5878
vn -0.2134 -0.8301 0.5152
vn -0.1813 -0.8806 0.4377
vn -0.1474 -0.9228 0.3560
vn -0.1122 -0.9561 0.2708
vn -0.0758 -0.9802 0.1830
vn -0.0387 -0.9949 0.0934
vn -0.0561 0.9949 0.0840
vn -0.1100 0.9802 0.1647
vn -0.1628 0.9561 0.2437
vn -0.2141 0.9228 0.3204
vn -0.2632 0.8806 0.3939
vn -0.3098 0.8301 0.4637
vn -0.3535 0.7715 0.5290
vn -0.3937 0.7056 0.5892
vn -0.4301 0.6329 0.6438
vn -0.4625 0.5542 0.6921
vn -0.4903 0.4701 0.7339
vn -0.5135 0.3816 0.7685
vn -0.5318 0.2894 0.7959
vn -0.5450 0.1945 0.8156
vn -0.5529 0.0977 0.8275
vn -0.5556 -0.0000 0.8315
vn -0.5529 -0.0977 0.8275
vn -0.5450 -0.1945 0.8156
vn -0.5318 -0.2894 0.7959
vn -0.5135 -0.3816 0.7685
vn -0.4903 -0.4701 0.7339
vn -0.4625 -0.5542 0.6921
vn -0.4301 -0.6329 0.6438
vn -0.3937 -0.7056 0.5892
vn -0.3535 -0.7715 0.5290
vn -0.3098 -0.8301 0.4637
vn -0.2632 -0.8806 0.3939
vn -0.2141 -0.9228 0.3204
vn -0.1628 -0.9561 0.2437
vn -0.1100 -0.9802 0.1647
vn -0.0561 -0.9949 0.0840
vn -0.0715 0.9949 0.0715
vn -0.1400 0.9802 0.1400
vn -0.2072 0.9561 0.2072
vn -0.2724 0.9228 0.2724
vn -0.3350 0.8806 0.3350
vn -0.3943 0.8301 0.3943
vn -0.4499 0.7715 0.4499
vn -0.5011 0.7056 0.5011
vn -0.5475 0.6329 0.5475
vn -0.5886 0.5542 0.5886
vn -0.6241 0.4701 0.6241
vn -0.6536 0.3816 0.6536
vn -0.6768 0.2894 0.6768
vn -0.6936 0.1945 0.6936
vn -0.7037 0.0977 0.7037
vn -0.7071 -0.0000 0.7071
vn -0.7037 -0.0977 0.7037
vn -0.6936 -0.1945 0.6936
vn -0.6768 -0.2894 0.6768
vn -0.6536 -0.3816 0.6536
vn -0.6241 -0.4701 0.6241
vn -0.5886 -0.5542 0.5886
vn -0.5475 -0.6329 0.5475
vn -0.5011 -0.7056 0.5011
vn -0.4499 -0.7715 0.4499
vn -0.3943 -0.8301 0.3943
vn -0.3350 -0.8806 0.3350
vn -0.2724 -0.9228 0.2724
vn -0.2072 -0.9561 0.2072
vn -0.1400 -0.9802 0.1400
vn -0.0715 -0.9949 0.0715
vn -0.0840 0.9949 0.0561
vn -0.1647 0.9802 0.1100
vn -0.2437 0.9561 0.1628
vn -0.3204 0.9228 0.2141
vn -0.3939 0.8806 0.2632
vn -0.4637 0.8301 0.3098
vn -0.5290 0.7715 0.3535
vn -0.5892 0.7056 0.3937
vn -0.6438 0.6329 0.4301
vn -0.6921 0.5542 0.4625
vn -0.7339 0.4701 0.4903
vn -0.7685 0.3816 0.5135
vn -0.7959 0.2894 0.5318
vn -0.8156 0.1945 0.5450
vn -0.8275 0.0977 0.5529
vn -0.8315 -0.0000 0.5556
vn -0.8275 -0.0977 0.5529
vn -0.8156 -0.1945 0.5450
vn -0.7959 -0.2894 0.5318
vn -0.7685 -0.3816 0.5135
vn -0.7339 -0.4701 0.4903
vn -0.6921 -0.5542 0.4625
vn -0.6438 -0.6329 0.4301
vn -0.5892 -0.7056 0.3937
vn -0.5290 -0.7715 0.3535
vn -0.4637 -0.8301 0.3098
vn -0.3939 -0.8806 0.2632
vn -0.3204 -0.9228 0.2141
vn -0.2437 -0.9561 0.1628
vn -0.1647 -0.9802 0.1100
vn -0.0840 -0.9949 0.0561
vn -0.0934 0.9949 0.0387
vn -0.1830 0.9802 0.0758
vn -0.2708 0.9561 0.1122
vn -0.3560 0.9228 0.1474
vn -0.4377 0.8806 0.1813
vn -0.5152 0.8301 0.2134
vn -0.5878 0.7715 0.2435
vn -0.6547 0.7056 0.2712
vn -0.7153 0.6329 0.2963
vn -0.7690 0.5542 0.3185
vn -0.8154 0.4701 0.3378
vn -0.8540 0.3816 0.3537
vn -0.8843 0.2894 0.3663
vn -0.9062 0.1945 0.3754
vn -0.9195 0.0977 0.3809
vn -0.9239 -0.0000 0.3827
vn -0.9195 -0.0977 0.3809
vn -0.9062 -0.1945 0.3754
vn -0.8843 -0.2894 0.3663
vn -0.8540 -0.3816 0.3537
vn -0.8154 -0.4701 0.3378
vn -0.7690 -0.5542 0.3185
vn -0.7153 -0.6329 0.2963
vn -0.6547 -0.7056 0.2712
vn -0.5878 -0.7715 0.2435
vn -0.5152 -0.8301 0.2134
vn -0.4377 -0.8806 0.1813
vn -0.3560 -0.9228 0.1474
vn -0.2708 -0.9561 0.1122
vn -0.1830 -0.9802 0.0758
vn -0.0934 -0.9949 0.0387
vn -0.0991 0.9949 0.0197
vn -0.1942 0.9802 0.0386
vn -0.2875 0.9561 0.0572
vn -0.3779 0.9228 0.0752
vn -0.4647 0.8806 0.0924
vn -0.5470 0.8301 0.1088
vn -0.6240 0.7715 0.1241
vn -0.6950 0.7056 0.1382
vn -0.7594 0.6329 0.1510
vn -0.8164 0.5542 0.1624
vn -0.8656 0.4701 0.1722
vn -0.9066 0.3816 0.1803
vn -0.9388 0.2894 0.1867
vn -0.9621 0.1945 0.1914
vn -0.9761 0.0977 0.1942
vn -0.9808 -0.0000 0.1951
vn -0.9761 -0.0977 0.1942
vn -0.9621 -0.1945 0.1914
vn -0.9388 -0.2894 0.1867
vn -0.9066 -0.3816 0.1803
vn -0.8656 -0.4701 0.1722
vn -0.8164 -0.5542 0.1624
vn -0.7594 -0.6329 0.1510
vn -0.6950 -0.7056 0.1382
vn -0.6240 -0.7715 0.1241
vn -0.5470 -0.8301 0.1088
vn -0.4647 -0.8806 0.0924
vn -0.3779 -0.9228 0.0752
vn -0.2875 -0.9561 0.0572
vn -0.1942 -0.9802 0.0386
vn -0.0991 -0.9949 0.0197
vn -0.1011 0.9949 -0.0000
vn -0.1980 0.9802 -0.0000
vn -0.2931 0.9561 -0.0000
vn -0.3853 0.9228 -0.0000
vn -0.4738 0.8806 -0.0000
vn -0.5577 0.8301 -0.0000
vn -0.6362 0.7715 -0.0000
vn -0.7086 0.7056 -0.0000
vn -0.7742 0.6329 -0.0000
vn -0.8324 0.5542 -0.0000
vn -0.8826 0.4701 -0.0000
vn -0.9243 0.3816 -0.0000
vn -0.9572 0.2894 -0.0000
vn -0.9809 0.1945 -0.0000
vn -0.9952 0.0977 -0.0000
vn -1.0000 -0.0000 -0.0000
vn -0.9952 -0.0977 -0.0000
vn -0.9809 -0.1945 -0.0000
vn -0.9572 -0.2894 -0.0000
vn -0.9243 -0.3816 -0.0000
vn -0.8826 -0.4701 -0.0000
vn -0.8324 -0.5542 -0.0000
vn -0.7742 -0.6329 -0.0000
vn -0.7086 -0.7056 -0.0000
vn -0.6362 -0.7715 -0.0000
vn -0.5577 -0.8301 -0.0000
vn -0.4738 -0.8806 -0.0000
vn -0.3853 -0.9228 -0.0000
vn -0.2931 -0.9561 -0.0000
vn -0.1980 -0.9802 -0.0000
vn -0.1011 -0.9949 -0.0000
vn -0.0991 0.9949 -0.0197
vn -0.1942 0.9802 -0.0386
vn -0.2875 0.9561 -0.0572
vn -0.3779 0.9228 -0.0752
vn -0.4647 0.8806 -0.0924
vn -0.5470 0.8301 -0.1088
vn -0.6240 0.7715 -0.1241
vn -0.6950 0.7056 -0.1382
vn -0.7594 0.6329 -0.1510
vn -0.8164 0.5542 -0.1624
vn -0.8656 0.4701 -0.1722
vn -0.9066 0.3816 -0.1803
vn -0.9388 0.2894 -0.1867
vn -0.9621 0.1945 -0.1914
vn -0.9761 0.0977 -0.1942
vn -0.9808 -0.0000 -0.1951
vn -0.9761 -0.0977 -0.1942
vn -0.9621 -0.1945 -0.1914
vn -0.9388 -0.2894 -0.1867
vn -0.9066 -0.3816 -0.1803
vn -0.8656 -0.4701 -0.1722
vn -0.8164 -0.5542 -0.1624
vn -0.7594 -0.6329 -0.1510
vn -0.6950 -0.7056 -0.1382
vn -0.6240 -0.7715 -0.1241
vn -0.5470 -0.8301 -0.1088
vn -0.4647 -0.8806 -0.0924
vn -0.3779 -0.9228 -0.0752
vn -0.2875 -0.9561 -0.0572
vn -0.1942 -0.9802 -0.0386
vn -0.0991 -0.9949 -0.0197
vn -0.0934 0.9949 -0.0387
vn -0.1830 0.9802 -0.0758
vn -0.2708 0.9561 -0.1122
vn -0.3560 0.9228 -0.1474
vn -0.4377 0.8806 -0.1813
vn -0.5152 0.8301 -0.2134
vn -0.5878 0.7715 -0.2435
vn -0.6547 0.7056 -0.2712
vn -0.7153 0.6329 -0.2963
vn -0.7690 0.5542 -0.3186
vn -0.8154 0.4701 -0.3378
vn -0.8540 0.3816 -0.3537
vn -0.8843 0.2894 -0.3663
vn -0.9062 0.1945 -0.3754
vn -0.9195 0.0977 -0.3809
vn -0.9239 -0.0000 -0.3827
vn -0.9195 -0.0977 -0.3809
vn -0.9062 -0.1945 -0.3754
vn -0.8843 -0.2894 -0.3663
vn -0.8540 -0.3816 -0.3537
vn -0.8154 -0.4701 -0.3378
vn -0.7690 -0.5542 -0.3186
vn -0.7153 -0.6329 -0.2963
vn -0.6547 -0.7056 -0.2712
vn -0.5878 -0.7715 -0.2435
vn -0.5152 -0.8301 -0.2134
vn -0.4377 -0.8806 -0.1813
vn -0.3560 -0.9228 -0.1474
vn -0.2708 -0.9561 -0.1122
vn -0.1830 -0.9802 -0.0758
vn -0.0934 -0.9949 -0.0387
vn -0.0840 0.9949 -0.0561
vn -0.1647 0.9802 -0.1100
vn -0.2437 0.9561 -0.1628
vn -0.3204 0.9228 -0.2141
vn -0.3939 0.8806 -0.2632
vn -0.4637 0.8301 -0.3098
vn -0.5290 0.7715 -0.3535
vn -0.5892 0.7056 -0.3937
vn -0.6438 0.6329 -0.4301
vn -0.6921 0.5542 -0.4625
vn -0.7339 0.4701 -0.4903
vn -0.7685 0.3816 -0.5135
vn -0.7959 0.2894 -0.5318
vn -0.8156 0.1945 -0.5450
vn -0.8275 0.0977 -0.5529
vn -0.8315 -0.0000 -0.5556
vn -0.8275 -0.0977 -0.5529
vn -0.8156 -0.1945 -0.5450
vn -0.7959 -0.2894 -0.5318
vn -0.7685 -0.3816 -0.5135
vn -0.7339 -0.4701 -0.4903
vn -0.6921 -0.5542 -0.4625
vn -0.6438 -0.6329 -0.4301
vn -0.5892 -0.7056 -0.3937
vn -0.5290 -0.7715 -0.3535
vn -0.4637 -0.8301 -0.3098
vn -0.3939 -0.8806 -0.2632
vn -0.3204 -0.9228 -0.2141
vn -0.2437 -0.9561 -0.1628
vn -0.1647 -0.9802 -0.1100
vn -0.0840 -0.9949 -0.0561
vn -0.0715 0.9949 -0.0715
vn -0.1400 0.9802 -0.1400
vn -0.2072 0.9561 -0.2072
vn -0.2724 0.9228 -0.2724
vn -0.3350 0.8806 -0.3350
vn -0.3943 0.8301 -0.3943
vn -0.4499 0.7715 -0.4499
vn -0.5011 0.7056 -0.5011
vn -0.5475 0.6329 -0.5475
vn -0.5886 0.5542 -0.5886
vn -0.6241 0.4701 -0.6241
vn -0.6536 0.3816 -0.6536
vn -0.6768 0.2894 -0.6768
vn -0.6936 0.1945 -0.6936
vn -0.7037 0.0977 -0.7037
vn -0.7071 -0.0000 -0.7071
vn -0.7037 -0.0977 -0.7037
vn -0.6936 -0.1945 -0.6936
vn -0.6768 -0.2894 -0.6768
vn -0.6536 -0.3816 -0.6536
vn -0.6241 -0.4701 -0.6241
vn -0.5886 -0.5542 -0.5886
vn -0.5475 -0.6329 -0.5475
vn -0.5011 -0.7056 -0.5011
vn -0.4499 -0.7715 -0.4499
vn -0.3943 -0.8301 -0.3943
vn -0.3350 -0.8806 -0.3350
vn -0.2724 -0.9228 -0.2724
vn -0.2072 -0.9561 -0.2072
vn -0.1400 -0.9802 -0.1400
vn -0.0715 -0.9949 -0.0715
vn -0.0561 0.9949 -0.0840
vn -0.1100 0.9802 -0.1647
vn -0.1628 0.9561 -0.2437
vn -0.2141 0.9228 -0.3204
vn -0.2632 0.8806 -0.3939
vn -0.3098 0.8301 -0.4637
vn -0.3535 0.7715 -0.5290
vn -0.3937 0.7056 -0.5892
vn -0.4301 0.6329 -0.6438
vn -0.4625 0.5542 -0.6921
vn -0.4903 0.4701 -0.7339
vn -0.5135 0.3816 -0.7685
vn -0.5318 0.2894 -0.7959
vn -0.5450 0.1945 -0.8156
vn -0.5529 0.0977 -0.8275
vn -0.5556 -0.0000 -0.8315
vn -0.5529 -0.0977 -0.8275
vn -0.5450 -0.1945 -0.8156
vn -0.5318 -0.2894 -0.7959
vn -0.5135 -0.3816 -0.7685
vn -0.4903 -0.4701 -0.7339
vn -0.4625 -0.5542 -0.6921
vn -0.4301 -0.6329 -0.6438
vn -0.3937 -0.7056 -0.5892
vn -0.3535 -0.7715 -0.5290
vn -0.3098 -0.8301 -0.4637
vn -0.2632 -0.8806 -0.3939
vn -0.2141 -0.9228 -0.3204
vn -0.1628 -0.9561 -0.2437
vn -0.1100 -0.9802 -0.1647
vn -0.0561 -0.9949 -0.0840
vn -0.0387 0.9949 -0.0934
vn -0.0758 0.9802 -0.1830
vn -0.1122 0.9561 -0.2708
vn -0.1474 0.9228 -0.3560
vn -0.1813 0.8806 -0.4377
vn -0.2134 0.8301 -0.5152
vn -0.2435 0.7715 -0.5878
vn -0.2712 0.7056 -0.6547
vn -0.2963 0.6329 -0.7153
vn -0.3185 0.5542 -0.7690
vn -0.3378 0.4701 -0.8154
vn -0.3537 0.3816 -0.8540
vn -0.3663 0.2894 -0.8843
vn -0.3754 0.1945 -0.9062
vn -0.3809 0.0977 -0.9195
vn -0.3827 -0.0000 -0.9239
vn -0.3809 -0.0977 -0.9195
vn -0.3754 -0.1945 -0.9062
vn -0.3663 -0.2894 -0.8843
vn -0.3537 -0.3816 -0.8540
vn -0.3378 -0.4701 -0.8154
vn -0.3185 -0.5542 -0.7690
vn -0.2963 -0.6329 -0.7153
vn -0.2712 -0.7056 -0.6547
vn -0.2435 -0.7715 -0.5878
vn -0.2134 -0.8301 -0.5152
vn -0.1813 -0.8806 -0.4377
vn -0.1474 -0.9228 -0.3560
vn -0.1122 -0.9561 -0.2708
vn -0.0758 -0.9802 -0.1830
vn -0.0387 -0.9949 -0.0934
vn -0.0197 0.9949 -0.0991
vn -0.0386 0.9802 -0.1942
vn -0.0572 0.9561 -0.2875
vn -0.0752 0.9228 -0.3779
vn -0.0924 0.8806 -0.4647
vn -0.1088 0.8301 -0.5470
vn -0.1241 0.7715 -0.6240
vn -0.1382 0.7056 -0.6950
vn -0.1510 0.6329 -0.7594
vn -0.1624 0.5542 -0.8164
vn -0.1722 0.4701 -0.8656
vn -0.1803 0.3816 -0.9066
vn -0.1867 0.2894 -0.9388
vn -0.1914 0.1945 -0.9621
vn -0.1942 0.0977 -0.9761
vn -0.1951 -0.0000 -0.9808
vn -0.1942 -0.0977 -0.9761
vn -0.1914 -0.1945 -0.9621
vn -0.1867 -0.2894 -0.9388
vn -0.1803 -0.3816 -0.9066
vn -0.1722 -0.4701 -0.8656
vn -0.1624 -0.5542 -0.8164
vn -0.1510 -0.6329 -0.7594
vn -0.1382 -0.7056 -0.6950
vn -0.1241 -0.7715 -0.6240
vn -0.1088 -0.8301 -0.5470
vn -0.0924 -0.8806 -0.4647
vn -0.0752 -0.9228 -0.3779
vn -0.0572 -0.9561 -0.2875
vn -0.0386 -0.9802 -0.1942
vn -0.0197 -0.9949 -0.0991
vn -0.0000 0.9949 -0.1011
vn -0.0000 0.9802 -0.1980
vn -0.0000 0.9561 -0.2931
vn -0.0000 0.9228 -0.3853
vn -0.0000 0.8806 -0.4738
vn -0.0000 0.8301 -0.5577
vn -0.0000 0.7056 -0.7086
vn -0.0000 0.5542 -0.8324
vn -0.0000 0.4701 -0.8826
vn -0.0000 -0.0000 -1.0000
vn -0.0000 -0.2894 -0.9572
vn -0.0000 -0.3816 -0.9243
vn -0.0000 -0.7056 -0.7086
vn -0.0000 -0.9228 -0.3853
vn -0.0000 -0.9561 -0.2931
vt 0.245037 0.876131
vt 0.242277 0.879689
vt 0.233027 0.876983
vt 0.234726 0.873115
vt 0.189324 0.862957
vt 0.187409 0.858304
vt 0.200269 0.858495
vt 0.201448 0.863137
vt 0.191542 0.795224
vt 0.194044 0.790927
vt 0.204354 0.791080
vt 0.202814 0.795391
vt 0.191542 0.867285
vt 0.202814 0.867452
vt 0.189324 0.799849
vt 0.201448 0.800029
vt 0.315976 0.878749
vt 0.313475 0.875348
vt 0.324747 0.872051
vt 0.326287 0.875734
vt 0.187409 0.804758
vt 0.200269 0.804949
vt 0.318736 0.882483
vt 0.327986 0.879777
vt 0.185817 0.809903
vt 0.199288 0.810103
vt 0.321728 0.886513
vt 0.329829 0.884144
vt 0.184562 0.815235
vt 0.198515 0.815442
vt 0.324922 0.890801
vt 0.331796 0.888791
vt 0.183657 0.820702
vt 0.197958 0.820914
vt 0.221920 0.906286
vt 0.218200 0.911195
vt 0.220491 0.905868
vt 0.328289 0.895305
vt 0.333869 0.893673
vt 0.183110 0.826252
vt 0.197622 0.826467
vt 0.225605 0.901438
vt 0.222760 0.900606
vt 0.331796 0.899982
vt 0.336029 0.898744
vt 0.182928 0.831831
vt 0.197509 0.832047
vt 0.229217 0.896697
vt 0.224985 0.895459
vt 0.335409 0.904787
vt 0.338253 0.903955
vt 0.183110 0.837386
vt 0.197622 0.837601
vt 0.232724 0.892109
vt 0.227144 0.890476
vt 0.339093 0.909673
vt 0.340522 0.909255
vt 0.183657 0.842863
vt 0.197958 0.843075
vt 0.236091 0.887716
vt 0.229217 0.885706
vt 0.342813 0.914594
vt 0.184562 0.848209
vt 0.198515 0.848416
vt 0.239286 0.883563
vt 0.231185 0.881194
vt 0.185817 0.853372
vt 0.199288 0.853572
vt 0.213027 0.826577
vt 0.212989 0.832158
vt 0.219740 0.900182
vt 0.220491 0.894828
vt 0.340522 0.898113
vt 0.341273 0.903531
vt 0.213027 0.837711
vt 0.221220 0.889644
vt 0.342039 0.909042
vt 0.213140 0.843183
vt 0.221920 0.884681
vt 0.213329 0.848521
vt 0.222585 0.879986
vt 0.213589 0.853674
vt 0.223207 0.875604
vt 0.213921 0.858592
vt 0.223780 0.871578
vt 0.214319 0.863228
vt 0.215300 0.791158
vt 0.214780 0.795476
vt 0.214780 0.867537
vt 0.214319 0.800121
vt 0.204354 0.871400
vt 0.215300 0.871478
vt 0.213921 0.805046
vt 0.337233 0.874196
vt 0.337807 0.878398
vt 0.213589 0.810205
vt 0.338429 0.882936
vt 0.213329 0.815547
vt 0.339093 0.887766
vt 0.213140 0.821022
vt 0.218974 0.905655
vt 0.339793 0.892841
vt 0.228734 0.837711
vt 0.228620 0.843183
vt 0.215180 0.889644
vt 0.214480 0.884681
vt 0.343586 0.909042
vt 0.228432 0.848521
vt 0.213816 0.879986
vt 0.228171 0.853674
vt 0.213194 0.875604
vt 0.227840 0.858592
vt 0.212620 0.871578
vt 0.227442 0.863228
vt 0.226460 0.791158
vt 0.226980 0.795476
vt 0.226980 0.867537
vt 0.227442 0.800121
vt 0.226460 0.871478
vt 0.227840 0.805046
vt 0.348393 0.874196
vt 0.347819 0.878398
vt 0.228171 0.810205
vt 0.347197 0.882936
vt 0.228432 0.815547
vt 0.346533 0.887766
vt 0.228620 0.821022
vt 0.217427 0.905655
vt 0.345833 0.892841
vt 0.228734 0.826577
vt 0.216661 0.900182
vt 0.345104 0.898113
vt 0.228772 0.832158
vt 0.215910 0.894828
vt 0.344352 0.903531
vt 0.243245 0.848416
vt 0.242472 0.853572
vt 0.205216 0.881194
vt 0.203374 0.876983
vt 0.241492 0.858495
vt 0.201675 0.873115
vt 0.240312 0.863137
vt 0.237406 0.791080
vt 0.238946 0.795391
vt 0.238946 0.867452
vt 0.240312 0.800029
vt 0.237406 0.871400
vt 0.241492 0.804949
vt 0.359339 0.875734
vt 0.357639 0.879777
vt 0.242472 0.810103
vt 0.355797 0.884144
vt 0.243245 0.815442
vt 0.353830 0.888791
vt 0.243802 0.820914
vt 0.215910 0.905868
vt 0.351757 0.893673
vt 0.244139 0.826467
vt 0.213641 0.900606
vt 0.349597 0.898744
vt 0.244251 0.832047
vt 0.211416 0.895459
vt 0.347372 0.903955
vt 0.244139 0.837601
vt 0.209257 0.890476
vt 0.345104 0.909255
vt 0.243802 0.843075
vt 0.207183 0.885706
vt 0.254351 0.858304
vt 0.252437 0.862957
vt 0.247717 0.790927
vt 0.250218 0.795224
vt 0.250218 0.867285
vt 0.252437 0.799849
vt 0.360879 0.872051
vt 0.372151 0.875348
vt 0.369649 0.878749
vt 0.254351 0.804758
vt 0.366890 0.882483
vt 0.255944 0.809903
vt 0.363898 0.886513
vt 0.257198 0.815235
vt 0.360704 0.890801
vt 0.258103 0.820702
vt 0.214480 0.906286
vt 0.357337 0.895305
vt 0.258650 0.826252
vt 0.210796 0.901438
vt 0.353830 0.899982
vt 0.258833 0.831831
vt 0.207183 0.896697
vt 0.350217 0.904787
vt 0.258650 0.837386
vt 0.203677 0.892108
vt 0.346533 0.909673
vt 0.258103 0.842863
vt 0.200310 0.887716
vt 0.257198 0.848209
vt 0.197115 0.883563
vt 0.255944 0.853372
vt 0.194124 0.879689
vt 0.191364 0.876131
vt 0.382295 0.880134
vt 0.378929 0.883128
vt 0.263348 0.799588
vt 0.265925 0.804482
vt 0.375215 0.886411
vt 0.268068 0.809613
vt 0.371189 0.889953
vt 0.269756 0.814935
vt 0.366890 0.893720
vt 0.270974 0.820395
vt 0.213194 0.906893
vt 0.362359 0.897675
vt 0.271710 0.825940
vt 0.208236 0.902646
vt 0.357639 0.901780
vt 0.271956 0.831518
vt 0.203374 0.898495
vt 0.352777 0.905995
vt 0.271710 0.837074
vt 0.198655 0.894478
vt 0.347819 0.910280
vt 0.270974 0.842555
vt 0.194124 0.890635
vt 0.269756 0.847909
vt 0.189824 0.887003
vt 0.268068 0.853083
vt 0.185798 0.883617
vt 0.265925 0.858028
vt 0.182085 0.880509
vt 0.263348 0.862696
vt 0.188863 0.872924
vt 0.178718 0.877710
vt 0.260362 0.867043
vt 0.260362 0.794981
vt 0.382295 0.891411
vt 0.377389 0.894332
vt 0.278378 0.809245
vt 0.280436 0.814553
vt 0.372151 0.897435
vt 0.281920 0.820003
vt 0.212100 0.907666
vt 0.366629 0.900691
vt 0.282816 0.825543
vt 0.206059 0.904184
vt 0.360879 0.904067
vt 0.283116 0.831118
vt 0.200134 0.900782
vt 0.354954 0.907532
vt 0.283257 0.755510
vt 0.283257 0.749932
vt 0.294435 0.749682
vt 0.294381 0.755261
vt 0.194384 0.897494
vt 0.348913 0.911053
vt 0.283855 0.761059
vt 0.294818 0.760814
vt 0.188863 0.894350
vt 0.285046 0.766527
vt 0.295742 0.766288
vt 0.183624 0.891382
vt 0.286817 0.771861
vt 0.297144 0.771630
vt 0.178718 0.888617
vt 0.289153 0.777009
vt 0.299011 0.776789
vt 0.174193 0.886082
vt 0.292030 0.781923
vt 0.301324 0.781715
vt 0.170091 0.883802
vt 0.385281 0.877460
vt 0.394560 0.884013
vt 0.390922 0.886226
vt 0.268989 0.794673
vt 0.272627 0.799256
vt 0.386820 0.888700
vt 0.275767 0.804129
vt 0.376284 0.901803
vt 0.369985 0.904237
vt 0.294979 0.744131
vt 0.296009 0.738662
vt 0.308891 0.738526
vt 0.308051 0.743994
vt 0.211241 0.908574
vt 0.204348 0.905992
vt 0.363424 0.906757
vt 0.307570 0.749544
vt 0.197589 0.903472
vt 0.356665 0.909340
vt 0.307453 0.755123
vt 0.191028 0.901040
vt 0.349773 0.911961
vt 0.307701 0.760679
vt 0.184729 0.898719
vt 0.308312 0.766156
vt 0.178753 0.896530
vt 0.309280 0.771503
vt 0.173156 0.894495
vt 0.310595 0.776667
vt 0.167993 0.892635
vt 0.312245 0.781600
vt 0.163313 0.890965
vt 0.304061 0.786360
vt 0.314215 0.786253
vt 0.304714 0.718630
vt 0.307933 0.714325
vt 0.318086 0.714218
vt 0.315636 0.718515
vt 0.397700 0.893390
vt 0.393020 0.895253
vt 0.301888 0.723262
vt 0.313472 0.723140
vt 0.387857 0.897290
vt 0.299480 0.728177
vt 0.311615 0.728049
vt 0.382261 0.899480
vt 0.297514 0.733326
vt 0.310083 0.733194
vt 0.365178 0.909746
vt 0.357843 0.911349
vt 0.322158 0.749523
vt 0.321970 0.755103
vt 0.195836 0.906461
vt 0.188717 0.904980
vt 0.350365 0.912970
vt 0.322008 0.760658
vt 0.181882 0.903572
vt 0.322271 0.766136
vt 0.175397 0.902251
vt 0.322757 0.771483
vt 0.169324 0.901028
vt 0.323460 0.776649
vt 0.163722 0.899916
vt 0.324375 0.781583
vt 0.158644 0.898925
vt 0.325491 0.786237
vt 0.329363 0.714202
vt 0.327765 0.718498
vt 0.316484 0.790582
vt 0.326799 0.790568
vt 0.326337 0.723122
vt 0.397291 0.902534
vt 0.391689 0.903822
vt 0.325092 0.728030
vt 0.385616 0.905201
vt 0.324043 0.733174
vt 0.379131 0.906657
vt 0.323199 0.738506
vt 0.210649 0.909583
vt 0.372296 0.908177
vt 0.322569 0.743973
vt 0.203170 0.908000
vt 0.350666 0.914042
vt 0.337191 0.760753
vt 0.337085 0.766229
vt 0.180431 0.908725
vt 0.173686 0.908323
vt 0.337059 0.771573
vt 0.167371 0.907962
vt 0.337112 0.776734
vt 0.161545 0.907645
vt 0.337246 0.781663
vt 0.331115 0.710276
vt 0.342061 0.710344
vt 0.341329 0.714277
vt 0.337457 0.786312
vt 0.340636 0.718578
vt 0.337745 0.790636
vt 0.339989 0.723207
vt 0.399469 0.910263
vt 0.393643 0.910756
vt 0.339394 0.728119
vt 0.387327 0.911273
vt 0.338856 0.733267
vt 0.380583 0.911810
vt 0.338382 0.738601
vt 0.210347 0.910655
vt 0.373475 0.912360
vt 0.337974 0.744069
vt 0.202569 0.910133
vt 0.366071 0.912919
vt 0.337638 0.749620
vt 0.194942 0.909634
vt 0.358444 0.913482
vt 0.337376 0.755199
vt 0.187539 0.909164
vt 0.351635 0.771768
vt 0.351027 0.776920
vt 0.167371 0.915033
vt 0.161545 0.915526
vt 0.350364 0.781839
vt 0.353217 0.710493
vt 0.353525 0.714440
vt 0.349653 0.786475
vt 0.353755 0.718754
vt 0.348902 0.790785
vt 0.353904 0.723393
vt 0.399469 0.918144
vt 0.393643 0.917827
vt 0.353970 0.728314
vt 0.387327 0.917465
vt 0.353954 0.733469
vt 0.380583 0.917064
vt 0.353856 0.738808
vt 0.210347 0.911747
vt 0.373475 0.916625
vt 0.353675 0.744279
vt 0.202569 0.912307
vt 0.366071 0.916155
vt 0.353415 0.749831
vt 0.194942 0.912870
vt 0.358444 0.915656
vt 0.353077 0.755409
vt 0.187539 0.913428
vt 0.350666 0.915134
vt 0.352665 0.760960
vt 0.180431 0.913979
vt 0.352183 0.766431
vt 0.173686 0.914515
vt 0.363225 0.782102
vt 0.361611 0.786720
vt 0.365482 0.714685
vt 0.366616 0.719017
vt 0.359839 0.791010
vt 0.367545 0.723673
vt 0.397291 0.925873
vt 0.391689 0.924761
vt 0.368261 0.728607
vt 0.385616 0.923538
vt 0.368756 0.733772
vt 0.379131 0.922216
vt 0.369027 0.739119
vt 0.210649 0.912819
vt 0.372296 0.920808
vt 0.369069 0.744595
vt 0.203170 0.914440
vt 0.365178 0.919328
vt 0.368883 0.750148
vt 0.195836 0.916043
vt 0.357843 0.917788
vt 0.368471 0.755725
vt 0.188717 0.917612
vt 0.350365 0.916205
vt 0.367836 0.761271
vt 0.181882 0.919132
vt 0.366985 0.766734
vt 0.175397 0.920588
vt 0.365926 0.772061
vt 0.169324 0.921967
vt 0.364668 0.777200
vt 0.163722 0.923255
vt 0.364155 0.710718
vt 0.393020 0.933154
vt 0.387857 0.931293
vt 0.380390 0.724036
vt 0.381717 0.728987
vt 0.382261 0.929259
vt 0.382694 0.734166
vt 0.376284 0.927070
vt 0.383311 0.739522
vt 0.211241 0.913828
vt 0.369985 0.924749
vt 0.383563 0.745004
vt 0.204348 0.916449
vt 0.363424 0.922317
vt 0.383448 0.750559
vt 0.197589 0.919032
vt 0.356665 0.919797
vt 0.382965 0.756134
vt 0.191028 0.921552
vt 0.349773 0.917215
vt 0.382121 0.761674
vt 0.184729 0.923986
vt 0.380922 0.767127
vt 0.178753 0.926309
vt 0.379382 0.772441
vt 0.173156 0.928499
vt 0.377513 0.777563
vt 0.167993 0.930536
vt 0.375335 0.782444
vt 0.158644 0.924440
vt 0.163313 0.932399
vt 0.372869 0.787038
vt 0.376741 0.715003
vt 0.378726 0.719359
vt 0.370138 0.791300
vt 0.377389 0.934407
vt 0.372151 0.931439
vt 0.395231 0.734634
vt 0.396161 0.740002
vt 0.212100 0.914736
vt 0.366629 0.928295
vt 0.396602 0.745491
vt 0.206059 0.918256
vt 0.360879 0.925006
vt 0.396549 0.751048
vt 0.200134 0.921722
vt 0.354954 0.921605
vt 0.396004 0.756621
vt 0.194384 0.925098
vt 0.348913 0.918123
vt 0.394970 0.762154
vt 0.188863 0.928354
vt 0.393460 0.767596
vt 0.183624 0.931457
vt 0.391486 0.772892
vt 0.178718 0.934378
vt 0.389068 0.777994
vt 0.174193 0.937088
vt 0.386229 0.782851
vt 0.170092 0.939562
vt 0.382997 0.787416
vt 0.386868 0.715381
vt 0.389619 0.719766
vt 0.397700 0.934823
vt 0.390922 0.941987
vt 0.386820 0.939707
vt 0.391945 0.724467
vt 0.382295 0.937172
vt 0.393821 0.729439
vt 0.213194 0.915509
vt 0.208236 0.919794
vt 0.362359 0.931311
vt 0.357639 0.927294
vt 0.158644 0.750636
vt 0.158944 0.745078
vt 0.170051 0.744680
vt 0.169805 0.750236
vt 0.203374 0.924009
vt 0.352777 0.923142
vt 0.158944 0.756211
vt 0.170051 0.755814
vt 0.198655 0.928114
vt 0.347819 0.918896
vt 0.159840 0.761751
vt 0.170786 0.761359
vt 0.194124 0.932069
vt 0.161324 0.767201
vt 0.172004 0.766819
vt 0.189824 0.935835
vt 0.404115 0.768120
vt 0.401773 0.773399
vt 0.185798 0.939378
vt 0.398888 0.778478
vt 0.182085 0.942661
vt 0.395487 0.783307
vt 0.178718 0.945654
vt 0.172771 0.787081
vt 0.169133 0.782498
vt 0.178412 0.782166
vt 0.181398 0.786772
vt 0.166453 0.941776
vt 0.175733 0.948329
vt 0.382295 0.948079
vt 0.378929 0.945279
vt 0.398878 0.720222
vt 0.401765 0.724951
vt 0.375215 0.942172
vt 0.404108 0.729946
vt 0.371189 0.938785
vt 0.161324 0.734228
vt 0.163382 0.729040
vt 0.173693 0.728671
vt 0.172004 0.733845
vt 0.366890 0.935154
vt 0.159840 0.739591
vt 0.170786 0.739199
vt 0.207183 0.925807
vt 0.203677 0.930484
vt 0.350217 0.924350
vt 0.346533 0.919502
vt 0.183110 0.755502
vt 0.183657 0.761052
vt 0.200310 0.934988
vt 0.184562 0.766519
vt 0.197115 0.939275
vt 0.173693 0.772141
vt 0.185817 0.771851
vt 0.194124 0.943306
vt 0.175836 0.777273
vt 0.187409 0.776996
vt 0.191364 0.947039
vt 0.189324 0.781905
vt 0.188863 0.950441
vt 0.191542 0.786530
vt 0.178412 0.719058
vt 0.181398 0.714711
vt 0.191542 0.714469
vt 0.189324 0.718797
vt 0.372151 0.952865
vt 0.369649 0.949658
vt 0.175836 0.723726
vt 0.187409 0.723449
vt 0.366890 0.946100
vt 0.185817 0.728381
vt 0.363898 0.942226
vt 0.184562 0.733545
vt 0.360704 0.938072
vt 0.183657 0.738891
vt 0.214480 0.916116
vt 0.357337 0.933680
vt 0.183110 0.744368
vt 0.210796 0.921002
vt 0.353830 0.929092
vt 0.182928 0.749923
vt 0.207183 0.936998
vt 0.205216 0.941645
vt 0.198515 0.766312
vt 0.199288 0.771651
vt 0.203374 0.946011
vt 0.200269 0.776805
vt 0.201675 0.950055
vt 0.201448 0.781725
vt 0.200134 0.953738
vt 0.202814 0.786363
vt 0.202814 0.714302
vt 0.201448 0.718617
vt 0.194044 0.790827
vt 0.204354 0.790674
vt 0.200269 0.723259
vt 0.359339 0.952673
vt 0.357639 0.948805
vt 0.199288 0.728182
vt 0.355797 0.944595
vt 0.198515 0.733338
vt 0.353830 0.940083
vt 0.197958 0.738679
vt 0.215910 0.916533
vt 0.351757 0.935312
vt 0.197622 0.744153
vt 0.213641 0.921834
vt 0.349597 0.930330
vt 0.197509 0.749707
vt 0.211416 0.927045
vt 0.347372 0.925183
vt 0.197622 0.755287
vt 0.209257 0.932116
vt 0.345104 0.919920
vt 0.197958 0.760840
vt 0.213194 0.947391
vt 0.212620 0.951593
vt 0.213921 0.776708
vt 0.214319 0.781633
vt 0.204354 0.710354
vt 0.215300 0.710276
vt 0.214780 0.714216
vt 0.214780 0.786278
vt 0.214319 0.718526
vt 0.215300 0.790596
vt 0.213921 0.723162
vt 0.348393 0.954211
vt 0.347819 0.950185
vt 0.213589 0.728080
vt 0.347197 0.945803
vt 0.213329 0.733233
vt 0.346533 0.941108
vt 0.213140 0.738571
vt 0.217427 0.916747
vt 0.345833 0.936145
vt 0.213027 0.744043
vt 0.216661 0.922258
vt 0.345104 0.930961
vt 0.212989 0.749596
vt 0.215910 0.927676
vt 0.344352 0.925607
vt 0.213027 0.755177
vt 0.215180 0.932948
vt 0.343586 0.920134
vt 0.213140 0.760732
vt 0.214480 0.938023
vt 0.213329 0.766207
vt 0.213816 0.942853
vt 0.213589 0.771549
vt 0.226980 0.714216
vt 0.227442 0.718526
vt 0.226980 0.786278
vt 0.226460 0.790596
vt 0.227840 0.723162
vt 0.337233 0.954211
vt 0.337807 0.950185
vt 0.228171 0.728080
vt 0.338429 0.945803
vt 0.228432 0.733233
vt 0.339093 0.941108
vt 0.228620 0.738571
vt 0.218974 0.916747
vt 0.339793 0.936145
vt 0.228734 0.744043
vt 0.219740 0.922258
vt 0.340522 0.930961
vt 0.228772 0.749596
vt 0.220491 0.927676
vt 0.341273 0.925607
vt 0.228734 0.755177
vt 0.221220 0.932948
vt 0.342039 0.920134
vt 0.228620 0.760732
vt 0.221920 0.938023
vt 0.228432 0.766207
vt 0.222585 0.942853
vt 0.228171 0.771549
vt 0.223207 0.947391
vt 0.227840 0.776708
vt 0.223780 0.951593
vt 0.227442 0.781633
vt 0.226460 0.710276
vt 0.241492 0.723259
vt 0.242472 0.728182
vt 0.327986 0.948805
vt 0.329829 0.944595
vt 0.243245 0.733338
vt 0.331796 0.940083
vt 0.243802 0.738679
vt 0.220491 0.916533
vt 0.333869 0.935312
vt 0.244139 0.744153
vt 0.222760 0.921834
vt 0.336029 0.930330
vt 0.244251 0.749707
vt 0.224985 0.927045
vt 0.338253 0.925183
vt 0.244139 0.755287
vt 0.227144 0.932116
vt 0.340522 0.919920
vt 0.243802 0.760840
vt 0.229217 0.936998
vt 0.243245 0.766312
vt 0.231185 0.941645
vt 0.242472 0.771651
vt 0.233027 0.946011
vt 0.241492 0.776805
vt 0.234726 0.950055
vt 0.240313 0.781725
vt 0.237406 0.710354
vt 0.238946 0.714302
vt 0.238946 0.786363
vt 0.240313 0.718617
vt 0.237406 0.790674
vt 0.326287 0.952673
vt 0.257199 0.733545
vt 0.258104 0.738891
vt 0.221920 0.916116
vt 0.324922 0.938072
vt 0.328289 0.933680
vt 0.258650 0.744368
vt 0.225605 0.921002
vt 0.331796 0.929092
vt 0.258833 0.749923
vt 0.229217 0.925807
vt 0.335409 0.924350
vt 0.258650 0.755502
vt 0.232724 0.930484
vt 0.339093 0.919502
vt 0.258104 0.761052
vt 0.236091 0.934988
vt 0.257199 0.766519
vt 0.239286 0.939275
vt 0.255944 0.771851
vt 0.242277 0.943306
vt 0.254351 0.776996
vt 0.245037 0.947039
vt 0.252437 0.781905
vt 0.236266 0.953738
vt 0.247538 0.950441
vt 0.250218 0.786530
vt 0.250218 0.714469
vt 0.252437 0.718797
vt 0.247717 0.790827
vt 0.254351 0.723449
vt 0.315976 0.949657
vt 0.318736 0.946100
vt 0.255944 0.728381
vt 0.321728 0.942225
vt 0.271710 0.744680
vt 0.271956 0.750236
vt 0.228165 0.919794
vt 0.233027 0.924009
vt 0.327986 0.927294
vt 0.332849 0.923142
vt 0.271710 0.755814
vt 0.237746 0.928114
vt 0.337807 0.918896
vt 0.270974 0.761359
vt 0.242277 0.932069
vt 0.269756 0.766819
vt 0.246576 0.935835
vt 0.268068 0.772141
vt 0.250602 0.939378
vt 0.265925 0.777273
vt 0.254316 0.942661
vt 0.263348 0.782166
vt 0.257682 0.945655
vt 0.260362 0.786772
vt 0.260362 0.714711
vt 0.263348 0.719058
vt 0.313475 0.952865
vt 0.303331 0.948078
vt 0.306697 0.945279
vt 0.265925 0.723726
vt 0.310411 0.942172
vt 0.268068 0.728671
vt 0.314437 0.938785
vt 0.269756 0.733845
vt 0.318736 0.935154
vt 0.270974 0.739199
vt 0.223207 0.915509
vt 0.323267 0.931311
vt 0.282816 0.756211
vt 0.281920 0.761751
vt 0.242017 0.925098
vt 0.247538 0.928354
vt 0.336713 0.918123
vt 0.280436 0.767201
vt 0.252777 0.931457
vt 0.278379 0.772510
vt 0.257682 0.934378
vt 0.275767 0.777625
vt 0.262208 0.937089
vt 0.272627 0.782498
vt 0.266309 0.939562
vt 0.268989 0.787081
vt 0.260668 0.948329
vt 0.269948 0.941776
vt 0.294704 0.941986
vt 0.298806 0.939707
vt 0.290606 0.804602
vt 0.293746 0.799730
vt 0.303025 0.800062
vt 0.300448 0.804955
vt 0.303331 0.937172
vt 0.287994 0.809718
vt 0.298305 0.810087
vt 0.308237 0.934407
vt 0.285937 0.815026
vt 0.296616 0.815408
vt 0.313475 0.931439
vt 0.284453 0.820476
vt 0.295399 0.820868
vt 0.224301 0.914736
vt 0.318996 0.928295
vt 0.283557 0.826016
vt 0.294663 0.826413
vt 0.230342 0.918256
vt 0.324747 0.925006
vt 0.283257 0.831591
vt 0.294417 0.831991
vt 0.236266 0.921722
vt 0.330671 0.921605
vt 0.283116 0.750636
vt 0.298305 0.853556
vt 0.296616 0.848382
vt 0.309174 0.848682
vt 0.310429 0.853846
vt 0.257648 0.926309
vt 0.263245 0.928499
vt 0.300448 0.858501
vt 0.312022 0.858778
vt 0.268408 0.930536
vt 0.303025 0.863169
vt 0.313936 0.863430
vt 0.273087 0.932399
vt 0.306011 0.867516
vt 0.316155 0.867758
vt 0.306011 0.795455
vt 0.316155 0.795697
vt 0.313936 0.800322
vt 0.287926 0.934823
vt 0.292605 0.933154
vt 0.312022 0.805231
vt 0.297768 0.931293
vt 0.310429 0.810376
vt 0.303365 0.929259
vt 0.309174 0.815708
vt 0.309342 0.927070
vt 0.308269 0.821175
vt 0.225160 0.913828
vt 0.315641 0.924749
vt 0.307723 0.826725
vt 0.232053 0.916449
vt 0.322201 0.922317
vt 0.307540 0.832304
vt 0.238812 0.919032
vt 0.328961 0.919797
vt 0.294663 0.837547
vt 0.307723 0.837859
vt 0.245373 0.921552
vt 0.335853 0.917215
vt 0.295399 0.843028
vt 0.308269 0.843336
vt 0.251672 0.923986
vt 0.324881 0.858968
vt 0.326060 0.863610
vt 0.318656 0.791400
vt 0.328967 0.791553
vt 0.327427 0.795864
vt 0.327427 0.867925
vt 0.326060 0.800502
vt 0.283257 0.926864
vt 0.288334 0.925873
vt 0.324881 0.805422
vt 0.293937 0.924761
vt 0.323901 0.810576
vt 0.300010 0.923538
vt 0.323128 0.815915
vt 0.306495 0.922216
vt 0.322571 0.821387
vt 0.225752 0.912819
vt 0.313329 0.920808
vt 0.322234 0.826940
vt 0.233231 0.914440
vt 0.320448 0.919327
vt 0.322122 0.832520
vt 0.240565 0.916043
vt 0.327782 0.917788
vt 0.322234 0.838074
vt 0.247684 0.917612
vt 0.335261 0.916205
vt 0.322571 0.843548
vt 0.254519 0.919132
vt 0.323128 0.848889
vt 0.261004 0.920588
vt 0.323901 0.854045
vt 0.267077 0.921967
vt 0.272679 0.923255
vt 0.328967 0.871873
vt 0.339393 0.868011
vt 0.339913 0.871951
vt 0.338931 0.800594
vt 0.338533 0.805519
vt 0.286157 0.918144
vt 0.291983 0.917826
vt 0.338202 0.810678
vt 0.298299 0.917465
vt 0.337941 0.816020
vt 0.305043 0.917064
vt 0.337753 0.821495
vt 0.226054 0.911747
vt 0.312151 0.916625
vt 0.337639 0.827050
vt 0.233832 0.912307
vt 0.319554 0.916155
vt 0.337601 0.832631
vt 0.241459 0.912870
vt 0.327182 0.915656
vt 0.337639 0.838184
vt 0.248862 0.913429
vt 0.334959 0.915134
vt 0.337753 0.843656
vt 0.255970 0.913979
vt 0.337941 0.848994
vt 0.262714 0.914515
vt 0.338202 0.854147
vt 0.269030 0.915033
vt 0.338533 0.859065
vt 0.274856 0.915526
vt 0.338931 0.863701
vt 0.339913 0.791631
vt 0.339393 0.795949
vt 0.352783 0.854147
vt 0.352452 0.859065
vt 0.269030 0.907962
vt 0.274856 0.907645
vt 0.352054 0.863701
vt 0.351073 0.791631
vt 0.351593 0.795949
vt 0.351593 0.868011
vt 0.352054 0.800594
vt 0.351073 0.871951
vt 0.352452 0.805519
vt 0.286157 0.910263
vt 0.291983 0.910756
vt 0.352783 0.810678
vt 0.298299 0.911273
vt 0.353044 0.816020
vt 0.305043 0.911810
vt 0.353233 0.821495
vt 0.226054 0.910655
vt 0.312151 0.912360
vt 0.353346 0.827050
vt 0.233832 0.910133
vt 0.319554 0.912919
vt 0.353384 0.832631
vt 0.241459 0.909634
vt 0.327182 0.913481
vt 0.353346 0.838184
vt 0.248862 0.909164
vt 0.334959 0.914042
vt 0.353233 0.843656
vt 0.255970 0.908725
vt 0.353044 0.848994
vt 0.262714 0.908324
vt 0.364925 0.863610
vt 0.363559 0.867925
vt 0.363559 0.795864
vt 0.364925 0.800502
vt 0.362019 0.871873
vt 0.366104 0.805422
vt 0.288334 0.902534
vt 0.293937 0.903822
vt 0.367085 0.810576
vt 0.300010 0.905201
vt 0.367857 0.815915
vt 0.306495 0.906657
vt 0.368415 0.821387
vt 0.225752 0.909583
vt 0.313329 0.908177
vt 0.368751 0.826940
vt 0.233231 0.908001
vt 0.320448 0.909746
vt 0.368864 0.832520
vt 0.240565 0.906461
vt 0.327782 0.911349
vt 0.368751 0.838074
vt 0.247684 0.904981
vt 0.335261 0.912970
vt 0.368415 0.843548
vt 0.254519 0.903572
vt 0.367857 0.848889
vt 0.261004 0.902251
vt 0.367085 0.854045
vt 0.267077 0.901028
vt 0.366104 0.858968
vt 0.272679 0.899916
vt 0.362019 0.791553
vt 0.292605 0.895253
vt 0.297768 0.897290
vt 0.378964 0.805231
vt 0.380556 0.810376
vt 0.303365 0.899480
vt 0.381811 0.815708
vt 0.309342 0.901803
vt 0.382716 0.821175
vt 0.225160 0.908574
vt 0.315641 0.904237
vt 0.383262 0.826725
vt 0.232053 0.905992
vt 0.322201 0.906757
vt 0.383445 0.832304
vt 0.238812 0.903472
vt 0.328961 0.909340
vt 0.383262 0.837859
vt 0.245373 0.901040
vt 0.335853 0.911961
vt 0.382716 0.843336
vt 0.251672 0.898719
vt 0.381811 0.848682
vt 0.257648 0.896530
vt 0.380556 0.853846
vt 0.263245 0.894496
vt 0.378964 0.858778
vt 0.268408 0.892635
vt 0.377049 0.863430
vt 0.372329 0.791400
vt 0.374830 0.795697
vt 0.374830 0.867758
vt 0.377049 0.800322
vt 0.283257 0.901349
vt 0.287926 0.893390
vt 0.308237 0.894332
vt 0.313475 0.897435
vt 0.394369 0.815408
vt 0.395587 0.820868
vt 0.224301 0.907666
vt 0.318996 0.900690
vt 0.396322 0.826413
vt 0.230342 0.904184
vt 0.324747 0.904067
vt 0.396568 0.831991
vt 0.236266 0.900782
vt 0.330671 0.907532
vt 0.396322 0.837547
vt 0.242017 0.897494
vt 0.336713 0.911053
vt 0.395587 0.843028
vt 0.247538 0.894350
vt 0.394369 0.848382
vt 0.252777 0.891382
vt 0.392680 0.853556
vt 0.257682 0.888617
vt 0.390537 0.858501
vt 0.262208 0.886082
vt 0.387960 0.863169
vt 0.273087 0.890966
vt 0.266309 0.883802
vt 0.384975 0.867516
vt 0.384975 0.795455
vt 0.387960 0.800062
vt 0.294704 0.886226
vt 0.298806 0.888700
vt 0.390537 0.804955
vt 0.303331 0.891411
vt 0.392680 0.810087
vt 0.223207 0.906893
vt 0.228165 0.902646
vt 0.323267 0.897675
vt 0.327986 0.901779
vt 0.158644 0.831118
vt 0.158944 0.825543
vt 0.170051 0.825940
vt 0.169805 0.831518
vt 0.233027 0.898495
vt 0.332849 0.905995
vt 0.158944 0.836676
vt 0.170051 0.837074
vt 0.237746 0.894478
vt 0.337807 0.910280
vt 0.159840 0.842163
vt 0.170786 0.842555
vt 0.242277 0.890635
vt 0.161324 0.847526
vt 0.172004 0.847909
vt 0.246576 0.887003
vt 0.163382 0.852714
vt 0.173692 0.853083
vt 0.250602 0.883617
vt 0.402991 0.853187
vt 0.400380 0.858149
vt 0.254316 0.880510
vt 0.169133 0.862364
vt 0.165993 0.857676
vt 0.175836 0.858028
vt 0.178412 0.862696
vt 0.257682 0.877710
vt 0.291066 0.884013
vt 0.300345 0.877460
vt 0.303331 0.880134
vt 0.169133 0.799256
vt 0.172771 0.794673
vt 0.181398 0.794981
vt 0.178412 0.799588
vt 0.306697 0.883128
vt 0.165993 0.804129
vt 0.175836 0.804482
vt 0.310411 0.886411
vt 0.400380 0.804602
vt 0.402991 0.809718
vt 0.314437 0.889953
vt 0.161324 0.814553
vt 0.163382 0.809245
vt 0.173692 0.809613
vt 0.172004 0.814935
vt 0.318736 0.893720
vt 0.159840 0.820003
vt 0.170786 0.820395
vt 0.247538 0.872924
vt 0.181398 0.867043
s 1
usemtl Carbon.002
f 1982/1148/1980 997/1149/995 1019/1150/1017 1020/1151/1018
f 1006/1152/1004 1005/1153/1003 1033/1154/1031 1034/1155/1032
f 998/1156/996 1982/1157/1980 1020/1158/1018 1021/1159/1019
f 1007/1160/1005 1006/1152/1004 1034/1155/1032 1035/1161/1033
f 1983/1162/1981 998/1156/996 1021/1159/1019 1022/1163/1020
f 1988/1164/1986 1007/1165/1005 1035/1166/1033 1036/1167/1034
f 1984/1168/1982 1983/1162/1981 1022/1163/1020 1023/1169/1021
f 1008/1170/1006 1988/1164/1986 1036/1167/1034 1037/1171/1035
f 999/1172/997 1984/1168/1982 1023/1169/1021 1024/1173/1022
f 1009/1174/1007 1008/1170/1006 1037/1171/1035 1038/1175/1036
f 1000/1176/998 999/1172/997 1024/1173/1022 1025/1177/1023
f 1010/1178/1008 1009/1174/1007 1038/1175/1036 1039/1179/1037
f 1001/1180/999 1000/1176/998 1025/1177/1023 1026/1181/1024
f 1976/1182/1974 1510/1183/1508 1013/1184/1011
f 1989/1185/1987 1010/1178/1008 1039/1179/1037 1040/1186/1038
f 1002/1187/1000 1001/1180/999 1026/1181/1024 1027/1188/1025
f 1977/1189/1975 1976/1182/1974 1013/1184/1011 1014/1190/1012
f 1990/1191/1988 1989/1185/1987 1040/1186/1038 1041/1192/1039
f 1985/1193/1983 1002/1187/1000 1027/1188/1025 1028/1194/1026
f 1978/1195/1976 1977/1189/1975 1014/1190/1012 1015/1196/1013
f 1011/1197/1009 1990/1191/1988 1041/1192/1039 1042/1198/1040
f 1003/1199/1001 1985/1193/1983 1028/1194/1026 1029/1200/1027
f 1979/1201/1977 1978/1195/1976 1015/1196/1013 1016/1202/1014
f 1012/1203/1010 1011/1197/1009 1042/1198/1040 1043/1204/1041
f 1004/1205/1002 1003/1199/1001 1029/1200/1027 1030/1206/1028
f 1980/1207/1978 1979/1201/1977 1016/1202/1014 1017/1208/1015
f 1509/1209/1507 1012/1203/1010 1043/1204/1041
f 1986/1210/1984 1004/1205/1002 1030/1206/1028 1031/1211/1029
f 1981/1212/1979 1980/1207/1978 1017/1208/1015 1018/1213/1016
f 1987/1214/1985 1986/1210/1984 1031/1211/1029 1032/1215/1030
f 997/1149/995 1981/1212/1979 1018/1213/1016 1019/1150/1017
f 1005/1153/1003 1987/1214/1985 1032/1215/1030 1033/1154/1031
f 1028/1194/1026 1027/1188/1025 1058/1216/1056 1059/1217/1057
f 1015/1196/1013 1014/1190/1012 1045/1218/1043 1046/1219/1044
f 1042/1198/1040 1041/1192/1039 1072/1220/1070 1073/1221/1071
f 1029/1200/1027 1028/1194/1026 1059/1217/1057 1060/1222/1058
f 1016/1202/1014 1015/1196/1013 1046/1219/1044 1047/1223/1045
f 1043/1204/1041 1042/1198/1040 1073/1221/1071 1074/1224/1072
f 1030/1206/1028 1029/1200/1027 1060/1222/1058 1061/1225/1059
f 1017/1208/1015 1016/1202/1014 1047/1223/1045 1048/1226/1046
f 1509/1209/1507 1043/1204/1041 1074/1224/1072
f 1031/1211/1029 1030/1206/1028 1061/1225/1059 1062/1227/1060
f 1018/1213/1016 1017/1208/1015 1048/1226/1046 1049/1228/1047
f 1032/1215/1030 1031/1211/1029 1062/1227/1060 1063/1229/1061
f 1019/1150/1017 1018/1213/1016 1049/1228/1047 1050/1230/1048
f 1033/1154/1031 1032/1215/1030 1063/1229/1061 1064/1231/1062
f 1020/1151/1018 1019/1150/1017 1050/1230/1048 1051/1232/1049
f 1034/1155/1032 1033/1154/1031 1064/1231/1062 1065/1233/1063
f 1021/1159/1019 1020/1158/1018 1051/1234/1049 1052/1235/1050
f 1035/1161/1033 1034/1155/1032 1065/1233/1063 1066/1236/1064
f 1022/1163/1020 1021/1159/1019 1052/1235/1050 1053/1237/1051
f 1036/1238/1034 1035/1161/1033 1066/1236/1064 1067/1239/1065
f 1023/1169/1021 1022/1163/1020 1053/1237/1051 1054/1240/1052
f 1037/1171/1035 1036/1167/1034 1067/1241/1065 1068/1242/1066
f 1024/1173/1022 1023/1169/1021 1054/1240/1052 1055/1243/1053
f 1038/1175/1036 1037/1171/1035 1068/1242/1066 1069/1244/1067
f 1025/1177/1023 1024/1173/1022 1055/1243/1053 1056/1245/1054
f 1039/1179/1037 1038/1175/1036 1069/1244/1067 1070/1246/1068
f 1026/1181/1024 1025/1177/1023 1056/1245/1054 1057/1247/1055
f 1013/1184/1011 1510/1183/1508 1044/1248/1042
f 1040/1186/1038 1039/1179/1037 1070/1246/1068 1071/1249/1069
f 1027/1188/1025 1026/1181/1024 1057/1247/1055 1058/1216/1056
f 1014/1190/1012 1013/1184/1011 1044/1248/1042 1045/1218/1043
f 1041/1192/1039 1040/1186/1038 1071/1249/1069 1072/1220/1070
f 1061/1225/1059 1060/1222/1058 1091/1250/1089 1092/1251/1090
f 1048/1226/1046 1047/1223/1045 1078/1252/1076 1079/1253/1077
f 1509/1209/1507 1074/1224/1072 1105/1254/1103
f 1062/1227/1060 1061/1225/1059 1092/1251/1090 1093/1255/1091
f 1049/1228/1047 1048/1226/1046 1079/1253/1077 1080/1256/1078
f 1063/1229/1061 1062/1227/1060 1093/1255/1091 1094/1257/1092
f 1050/1230/1048 1049/1228/1047 1080/1256/1078 1081/1258/1079
f 1064/1231/1062 1063/1229/1061 1094/1257/1092 1095/1259/1093
f 1051/1232/1049 1050/1230/1048 1081/1258/1079 1082/1260/1080
f 1065/1233/1063 1064/1231/1062 1095/1259/1093 1096/1261/1094
f 1052/1235/1050 1051/1234/1049 1082/1262/1080 1083/1263/1081
f 1066/1236/1064 1065/1233/1063 1096/1261/1094 1097/1264/1095
f 1053/1237/1051 1052/1235/1050 1083/1263/1081 1084/1265/1082
f 1067/1239/1065 1066/1236/1064 1097/1264/1095 1098/1266/1096
f 1054/1240/1052 1053/1237/1051 1084/1265/1082 1085/1267/1083
f 1068/1242/1066 1067/1241/1065 1098/1268/1096 1099/1269/1097
f 1055/1243/1053 1054/1240/1052 1085/1267/1083 1086/1270/1084
f 1069/1244/1067 1068/1242/1066 1099/1269/1097 1100/1271/1098
f 1056/1245/1054 1055/1243/1053 1086/1270/1084 1087/1272/1085
f 1070/1246/1068 1069/1244/1067 1100/1271/1098 1101/1273/1099
f 1057/1247/1055 1056/1245/1054 1087/1272/1085 1088/1274/1086
f 1044/1248/1042 1510/1183/1508 1075/1275/1073
f 1071/1249/1069 1070/1246/1068 1101/1273/1099 1102/1276/1100
f 1058/1216/1056 1057/1247/1055 1088/1274/1086 1089/1277/1087
f 1045/1218/1043 1044/1248/1042 1075/1275/1073 1076/1278/1074
f 1072/1220/1070 1071/1249/1069 1102/1276/1100 1103/1279/1101
f 1059/1217/1057 1058/1216/1056 1089/1277/1087 1090/1280/1088
f 1046/1219/1044 1045/1218/1043 1076/1278/1074 1077/1281/1075
f 1073/1221/1071 1072/1220/1070 1103/1279/1101 1104/1282/1102
f 1060/1222/1058 1059/1217/1057 1090/1280/1088 1091/1250/1089
f 1047/1223/1045 1046/1219/1044 1077/1281/1075 1078/1252/1076
f 1074/1224/1072 1073/1221/1071 1104/1282/1102 1105/1254/1103
f 1094/1257/1092 1093/1255/1091 1124/1283/1122 1125/1284/1123
f 1081/1258/1079 1080/1256/1078 1111/1285/1109 1112/1286/1110
f 1095/1259/1093 1094/1257/1092 1125/1284/1123 1126/1287/1124
f 1082/1260/1080 1081/1258/1079 1112/1286/1110 1113/1288/1111
f 1096/1261/1094 1095/1259/1093 1126/1287/1124 1127/1289/1125
f 1083/1263/1081 1082/1262/1080 1113/1290/1111 1114/1291/1112
f 1097/1264/1095 1096/1261/1094 1127/1289/1125 1128/1292/1126
f 1084/1265/1082 1083/1263/1081 1114/1291/1112 1115/1293/1113
f 1098/1266/1096 1097/1264/1095 1128/1292/1126 1129/1294/1127
f 1085/1267/1083 1084/1265/1082 1115/1293/1113 1116/1295/1114
f 1099/1269/1097 1098/1268/1096 1129/1296/1127 1130/1297/1128
f 1086/1270/1084 1085/1267/1083 1116/1295/1114 1117/1298/1115
f 1100/1271/1098 1099/1269/1097 1130/1297/1128 1131/1299/1129
f 1087/1272/1085 1086/1270/1084 1117/1298/1115 1118/1300/1116
f 1101/1273/1099 1100/1271/1098 1131/1299/1129 1132/1301/1130
f 1088/1274/1086 1087/1272/1085 1118/1300/1116 1119/1302/1117
f 1075/1275/1073 1510/1183/1508 1106/1303/1104
f 1102/1276/1100 1101/1273/1099 1132/1301/1130 1133/1304/1131
f 1089/1277/1087 1088/1274/1086 1119/1302/1117 1120/1305/1118
f 1076/1278/1074 1075/1275/1073 1106/1303/1104 1107/1306/1105
f 1103/1279/1101 1102/1276/1100 1133/1304/1131 1134/1307/1132
f 1090/1280/1088 1089/1277/1087 1120/1305/1118 1121/1308/1119
f 1077/1281/1075 1076/1278/1074 1107/1306/1105 1108/1309/1106
f 1104/1282/1102 1103/1279/1101 1134/1307/1132 1135/1310/1133
f 1091/1250/1089 1090/1280/1088 1121/1308/1119 1122/1311/1120
f 1078/1252/1076 1077/1281/1075 1108/1309/1106 1109/1312/1107
f 1105/1254/1103 1104/1282/1102 1135/1310/1133 1136/1313/1134
f 1092/1251/1090 1091/1250/1089 1122/1311/1120 1123/1314/1121
f 1079/1253/1077 1078/1252/1076 1109/1312/1107 1110/1315/1108
f 1509/1209/1507 1105/1254/1103 1136/1313/1134
f 1093/1255/1091 1092/1251/1090 1123/1314/1121 1124/1283/1122
f 1080/1256/1078 1079/1253/1077 1110/1315/1108 1111/1285/1109
f 1127/1289/1125 1126/1287/1124 1157/1316/1155 1158/1317/1156
f 1114/1291/1112 1113/1290/1111 1144/1318/1142 1145/1319/1143
f 1128/1292/1126 1127/1289/1125 1158/1317/1156 1159/1320/1157
f 1115/1293/1113 1114/1291/1112 1145/1319/1143 1146/1321/1144
f 1129/1296/1127 1128/1322/1126 1159/1323/1157 1160/1324/1158
f 1116/1295/1114 1115/1293/1113 1146/1321/1144 1147/1325/1145
f 1130/1297/1128 1129/1296/1127 1160/1324/1158 1161/1326/1159
f 1117/1298/1115 1116/1295/1114 1147/1325/1145 1148/1327/1146
f 1131/1299/1129 1130/1297/1128 1161/1326/1159 1162/1328/1160
f 1118/1300/1116 1117/1298/1115 1148/1327/1146 1149/1329/1147
f 1132/1301/1130 1131/1299/1129 1162/1328/1160 1163/1330/1161
f 1119/1302/1117 1118/1300/1116 1149/1329/1147 1150/1331/1148
f 1106/1303/1104 1510/1183/1508 1137/1332/1135
f 1133/1304/1131 1132/1301/1130 1163/1330/1161 1164/1333/1162
f 1120/1305/1118 1119/1302/1117 1150/1331/1148 1151/1334/1149
f 1107/1306/1105 1106/1303/1104 1137/1332/1135 1138/1335/1136
f 1134/1307/1132 1133/1304/1131 1164/1333/1162 1165/1336/1163
f 1121/1308/1119 1120/1305/1118 1151/1334/1149 1152/1337/1150
f 1108/1309/1106 1107/1306/1105 1138/1335/1136 1139/1338/1137
f 1135/1310/1133 1134/1307/1132 1165/1336/1163 1166/1339/1164
f 1122/1311/1120 1121/1308/1119 1152/1337/1150 1153/1340/1151
f 1109/1312/1107 1108/1309/1106 1139/1338/1137 1140/1341/1138
f 1136/1313/1134 1135/1310/1133 1166/1339/1164 1167/1342/1165
f 1123/1314/1121 1122/1311/1120 1153/1340/1151 1154/1343/1152
f 1110/1315/1108 1109/1312/1107 1140/1341/1138 1141/1344/1139
f 1509/1209/1507 1136/1313/1134 1167/1342/1165
f 1124/1283/1122 1123/1314/1121 1154/1343/1152 1155/1345/1153
f 1111/1285/1109 1110/1315/1108 1141/1344/1139 1142/1346/1140
f 1125/1284/1123 1124/1283/1122 1155/1345/1153 1156/1347/1154
f 1112/1286/1110 1111/1285/1109 1142/1346/1140 1143/1348/1141
f 1126/1287/1124 1125/1284/1123 1156/1347/1154 1157/1316/1155
f 1113/1288/1111 1112/1286/1110 1143/1348/1141 1144/1349/1142
f 1160/1324/1158 1159/1323/1157 1190/1350/1188 1191/1351/1189
f 1147/1325/1145 1146/1321/1144 1177/1352/1175 1178/1353/1176
f 1161/1326/1159 1160/1324/1158 1191/1351/1189 1192/1354/1190
f 1148/1327/1146 1147/1325/1145 1178/1353/1176 1179/1355/1177
f 1162/1328/1160 1161/1326/1159 1192/1354/1190 1193/1356/1191
f 1149/1329/1147 1148/1327/1146 1179/1355/1177 1180/1357/1178
f 1163/1330/1161 1162/1328/1160 1193/1356/1191 1194/1358/1192
f 1150/1331/1148 1149/1329/1147 1180/1357/1178 1181/1359/1179
f 1137/1332/1135 1510/1183/1508 1168/1360/1166
f 1164/1333/1162 1163/1330/1161 1194/1358/1192 1195/1361/1193
f 1151/1334/1149 1150/1331/1148 1181/1359/1179 1182/1362/1180
f 1138/1335/1136 1137/1332/1135 1168/1360/1166 1169/1363/1167
f 1165/1336/1163 1164/1333/1162 1195/1361/1193 1196/1364/1194
f 1152/1337/1150 1151/1334/1149 1182/1362/1180 1183/1365/1181
f 1139/1338/1137 1138/1335/1136 1169/1363/1167 1170/1366/1168
f 1166/1339/1164 1165/1336/1163 1196/1364/1194 1197/1367/1195
f 1153/1340/1151 1152/1337/1150 1183/1365/1181 1184/1368/1182
f 1140/1341/1138 1139/1338/1137 1170/1366/1168 1171/1369/1169
f 1167/1342/1165 1166/1339/1164 1197/1367/1195 1198/1370/1196
f 1154/1343/1152 1153/1340/1151 1184/1368/1182 1185/1371/1183
f 1141/1344/1139 1140/1341/1138 1171/1369/1169 1172/1372/1170
f 1509/1209/1507 1167/1342/1165 1198/1370/1196
f 1155/1345/1153 1154/1343/1152 1185/1371/1183 1186/1373/1184
f 1142/1346/1140 1141/1344/1139 1172/1372/1170 1173/1374/1171
f 1156/1347/1154 1155/1345/1153 1186/1373/1184 1187/1375/1185
f 1143/1348/1141 1142/1346/1140 1173/1374/1171 1174/1376/1172
f 1157/1316/1155 1156/1347/1154 1187/1375/1185 1188/1377/1186
f 1144/1349/1142 1143/1348/1141 1174/1376/1172 1175/1378/1173
f 1158/1317/1156 1157/1316/1155 1188/1377/1186 1189/1379/1187
f 1145/1380/1143 1144/1349/1142 1175/1378/1173 1176/1381/1174
f 1159/1320/1157 1158/1317/1156 1189/1379/1187 1190/1382/1188
f 1146/1321/1144 1145/1319/1143 1176/1383/1174 1177/1352/1175
f 1193/1356/1191 1192/1354/1190 1223/1384/1221 1224/1385/1222
f 1180/1357/1178 1179/1355/1177 1210/1386/1208 1211/1387/1209
f 1194/1358/1192 1193/1356/1191 1224/1385/1222 1225/1388/1223
f 1181/1359/1179 1180/1357/1178 1211/1387/1209 1212/1389/1210
f 1168/1360/1166 1510/1183/1508 1199/1390/1197
f 1195/1361/1193 1194/1358/1192 1225/1388/1223 1226/1391/1224
f 1182/1362/1180 1181/1359/1179 1212/1389/1210 1213/1392/1211
f 1169/1363/1167 1168/1360/1166 1199/1390/1197 1200/1393/1198
f 1196/1364/1194 1195/1361/1193 1226/1391/1224 1227/1394/1225
f 1183/1365/1181 1182/1362/1180 1213/1392/1211 1214/1395/1212
f 1170/1366/1168 1169/1363/1167 1200/1393/1198 1201/1396/1199
f 1197/1367/1195 1196/1364/1194 1227/1394/1225 1228/1397/1226
f 1184/1398/1182 1183/1399/1181 1214/1400/1212 1215/1401/1213
f 1171/1369/1169 1170/1366/1168 1201/1396/1199 1202/1402/1200
f 1198/1370/1196 1197/1367/1195 1228/1397/1226 1229/1403/1227
f 1185/1404/1183 1184/1398/1182 1215/1401/1213 1216/1405/1214
f 1172/1372/1170 1171/1369/1169 1202/1402/1200 1203/1406/1201
f 1509/1209/1507 1198/1370/1196 1229/1403/1227
f 1186/1407/1184 1185/1404/1183 1216/1405/1214 1217/1408/1215
f 1173/1374/1171 1172/1372/1170 1203/1406/1201 1204/1409/1202
f 1187/1410/1185 1186/1407/1184 1217/1408/1215 1218/1411/1216
f 1174/1376/1172 1173/1374/1171 1204/1409/1202 1205/1412/1203
f 1188/1413/1186 1187/1410/1185 1218/1411/1216 1219/1414/1217
f 1175/1378/1173 1174/1376/1172 1205/1412/1203 1206/1415/1204
f 1189/1416/1187 1188/1413/1186 1219/1414/1217 1220/1417/1218
f 1176/1381/1174 1175/1378/1173 1206/1415/1204 1207/1418/1205
f 1190/1350/1188 1189/1419/1187 1220/1420/1218 1221/1421/1219
f 1177/1352/1175 1176/1383/1174 1207/1422/1205 1208/1423/1206
f 1191/1351/1189 1190/1350/1188 1221/1421/1219 1222/1424/1220
f 1178/1353/1176 1177/1352/1175 1208/1423/1206 1209/1425/1207
f 1192/1354/1190 1191/1351/1189 1222/1424/1220 1223/1384/1221
f 1179/1355/1177 1178/1353/1176 1209/1425/1207 1210/1386/1208
f 1226/1391/1224 1225/1388/1223 1256/1426/1254 1257/1427/1255
f 1213/1428/1211 1212/1429/1210 1243/1430/1241 1244/1431/1242
f 1200/1393/1198 1199/1390/1197 1230/1432/1228 1231/1433/1229
f 1227/1394/1225 1226/1391/1224 1257/1427/1255 1258/1434/1256
f 1214/1400/1212 1213/1428/1211 1244/1431/1242 1245/1435/1243
f 1201/1396/1199 1200/1393/1198 1231/1433/1229 1232/1436/1230
f 1228/1397/1226 1227/1394/1225 1258/1434/1256 1259/1437/1257
f 1215/1401/1213 1214/1400/1212 1245/1435/1243 1246/1438/1244
f 1202/1402/1200 1201/1396/1199 1232/1436/1230 1233/1439/1231
f 1229/1403/1227 1228/1397/1226 1259/1437/1257 1260/1440/1258
f 1216/1405/1214 1215/1401/1213 1246/1438/1244 1247/1441/1245
f 1203/1406/1201 1202/1402/1200 1233/1439/1231 1234/1442/1232
f 1509/1209/1507 1229/1403/1227 1260/1440/1258
f 1217/1408/1215 1216/1405/1214 1247/1441/1245 1248/1443/1246
f 1204/1409/1202 1203/1406/1201 1234/1442/1232 1235/1444/1233
f 1218/1411/1216 1217/1408/1215 1248/1443/1246 1249/1445/1247
f 1205/1412/1203 1204/1409/1202 1235/1444/1233 1236/1446/1234
f 1219/1414/1217 1218/1411/1216 1249/1445/1247 1250/1447/1248
f 1206/1415/1204 1205/1412/1203 1236/1446/1234 1237/1448/1235
f 1220/1417/1218 1219/1414/1217 1250/1447/1248 1251/1449/1249
f 1207/1418/1205 1206/1415/1204 1237/1448/1235 1238/1450/1236
f 1221/1451/1219 1220/1417/1218 1251/1449/1249 1252/1452/1250
f 1208/1453/1206 1207/1454/1205 1238/1455/1236 1239/1456/1237
f 1222/1424/1220 1221/1421/1219 1252/1457/1250 1253/1458/1251
f 1209/1459/1207 1208/1453/1206 1239/1456/1237 1240/1460/1238
f 1223/1384/1221 1222/1424/1220 1253/1458/1251 1254/1461/1252
f 1210/1462/1208 1209/1459/1207 1240/1460/1238 1241/1463/1239
f 1224/1385/1222 1223/1384/1221 1254/1461/1252 1255/1464/1253
f 1211/1465/1209 1210/1462/1208 1241/1463/1239 1242/1466/1240
f 1225/1388/1223 1224/1385/1222 1255/1464/1253 1256/1426/1254
f 1212/1429/1210 1211/1465/1209 1242/1466/1240 1243/1430/1241
f 1199/1390/1197 1510/1183/1508 1230/1432/1228
f 1259/1437/1257 1258/1434/1256 1289/1467/1287 1290/1468/1288
f 1246/1438/1244 1245/1435/1243 1276/1469/1274 1277/1470/1275
f 1233/1439/1231 1232/1436/1230 1263/1471/1261 1264/1472/1262
f 1260/1440/1258 1259/1437/1257 1290/1468/1288 1291/1473/1289
f 1247/1441/1245 1246/1438/1244 1277/1470/1275 1278/1474/1276
f 1234/1442/1232 1233/1439/1231 1264/1472/1262 1265/1475/1263
f 1509/1209/1507 1260/1440/1258 1291/1473/1289
f 1248/1443/1246 1247/1441/1245 1278/1474/1276 1279/1476/1277
f 1235/1444/1233 1234/1442/1232 1265/1475/1263 1266/1477/1264
f 1249/1445/1247 1248/1443/1246 1279/1476/1277 1280/1478/1278
f 1236/1446/1234 1235/1444/1233 1266/1477/1264 1267/1479/1265
f 1250/1447/1248 1249/1445/1247 1280/1478/1278 1281/1480/1279
f 1237/1448/1235 1236/1446/1234 1267/1479/1265 1268/1481/1266
f 1251/1449/1249 1250/1447/1248 1281/1480/1279 1282/1482/1280
f 1238/1450/1236 1237/1448/1235 1268/1481/1266 1269/1483/1267
f 1252/1452/1250 1251/1449/1249 1282/1482/1280 1283/1484/1281
f 1239/1456/1237 1238/1455/1236 1269/1485/1267 1270/1486/1268
f 1253/1487/1251 1252/1452/1250 1283/1484/1281 1284/1488/1282
f 1240/1460/1238 1239/1456/1237 1270/1486/1268 1271/1489/1269
f 1254/1461/1252 1253/1458/1251 1284/1490/1282 1285/1491/1283
f 1241/1463/1239 1240/1460/1238 1271/1489/1269 1272/1492/1270
f 1255/1464/1253 1254/1461/1252 1285/1491/1283 1286/1493/1284
f 1242/1466/1240 1241/1463/1239 1272/1492/1270 1273/1494/1271
f 1256/1426/1254 1255/1464/1253 1286/1493/1284 1287/1495/1285
f 1243/1430/1241 1242/1466/1240 1273/1494/1271 1274/1496/1272
f 1230/1432/1228 1510/1183/1508 1261/1497/1259
f 1257/1427/1255 1256/1426/1254 1287/1495/1285 1288/1498/1286
f 1244/1431/1242 1243/1430/1241 1274/1496/1272 1275/1499/1273
f 1231/1433/1229 1230/1432/1228 1261/1497/1259 1262/1500/1260
f 1258/1434/1256 1257/1427/1255 1288/1498/1286 1289/1467/1287
f 1245/1435/1243 1244/1431/1242 1275/1499/1273 1276/1469/1274
f 1232/1436/1230 1231/1433/1229 1262/1500/1260 1263/1471/1261
f 1509/1209/1507 1291/1473/1289 1322/1501/1320
f 1279/1476/1277 1278/1474/1276 1309/1502/1307 1310/1503/1308
f 1266/1477/1264 1265/1475/1263 1296/1504/1294 1297/1505/1295
f 1280/1478/1278 1279/1476/1277 1310/1503/1308 1311/1506/1309
f 1267/1479/1265 1266/1477/1264 1297/1505/1295 1298/1507/1296
f 1281/1480/1279 1280/1478/1278 1311/1506/1309 1312/1508/1310
f 1268/1481/1266 1267/1479/1265 1298/1507/1296 1299/1509/1297
f 1282/1482/1280 1281/1480/1279 1312/1508/1310 1313/1510/1311
f 1269/1485/1267 1268/1511/1266 1299/1512/1297 1300/1513/1298
f 1283/1484/1281 1282/1482/1280 1313/1510/1311 1314/1514/1312
f 1270/1486/1268 1269/1485/1267 1300/1513/1298 1301/1515/1299
f 1284/1488/1282 1283/1484/1281 1314/1514/1312 1315/1516/1313
f 1271/1489/1269 1270/1486/1268 1301/1515/1299 1302/1517/1300
f 1285/1491/1283 1284/1490/1282 1315/1518/1313 1316/1519/1314
f 1272/1492/1270 1271/1489/1269 1302/1517/1300 1303/1520/1301
f 1286/1493/1284 1285/1491/1283 1316/1519/1314 1317/1521/1315
f 1273/1494/1271 1272/1492/1270 1303/1520/1301 1304/1522/1302
f 1287/1495/1285 1286/1493/1284 1317/1521/1315 1318/1523/1316
f 1274/1496/1272 1273/1494/1271 1304/1522/1302 1305/1524/1303
f 1261/1497/1259 1510/1183/1508 1292/1525/1290
f 1288/1498/1286 1287/1495/1285 1318/1523/1316 1319/1526/1317
f 1275/1499/1273 1274/1496/1272 1305/1524/1303 1306/1527/1304
f 1262/1500/1260 1261/1497/1259 1292/1525/1290 1293/1528/1291
f 1289/1467/1287 1288/1498/1286 1319/1526/1317 1320/1529/1318
f 1276/1469/1274 1275/1499/1273 1306/1527/1304 1307/1530/1305
f 1263/1471/1261 1262/1500/1260 1293/1528/1291 1294/1531/1292
f 1290/1468/1288 1289/1467/1287 1320/1529/1318 1321/1532/1319
f 1277/1470/1275 1276/1469/1274 1307/1530/1305 1308/1533/1306
f 1264/1472/1262 1263/1471/1261 1294/1531/1292 1295/1534/1293
f 1291/1473/1289 1290/1468/1288 1321/1532/1319 1322/1501/1320
f 1278/1474/1276 1277/1470/1275 1308/1533/1306 1309/1502/1307
f 1265/1475/1263 1264/1472/1262 1295/1534/1293 1296/1504/1294
f 1312/1508/1310 1311/1506/1309 1342/1535/1340 1343/1536/1341
f 1299/1509/1297 1298/1507/1296 1329/1537/1327 1330/1538/1328
f 1313/1510/1311 1312/1508/1310 1343/1536/1341 1344/1539/1342
f 1300/1513/1298 1299/1512/1297 1330/1540/1328 1331/1541/1329
f 1314/1514/1312 1313/1510/1311 1344/1539/1342 1345/1542/1343
f 1301/1515/1299 1300/1513/1298 1331/1541/1329 1332/1543/1330
f 1315/1516/1313 1314/1514/1312 1345/1542/1343 1346/1544/1344
f 1302/1517/1300 1301/1515/1299 1332/1543/1330 1333/1545/1331
f 1316/1519/1314 1315/1518/1313 1346/1546/1344 1347/1547/1345
f 1303/1520/1301 1302/1517/1300 1333/1545/1331 1334/1548/1332
f 1317/1521/1315 1316/1519/1314 1347/1547/1345 1348/1549/1346
f 1304/1522/1302 1303/1520/1301 1334/1548/1332 1335/1550/1333
f 1318/1523/1316 1317/1521/1315 1348/1549/1346 1349/1551/1347
f 1305/1524/1303 1304/1522/1302 1335/1550/1333 1336/1552/1334
f 1292/1525/1290 1510/1183/1508 1323/1553/1321
f 1319/1526/1317 1318/1523/1316 1349/1551/1347 1350/1554/1348
f 1306/1527/1304 1305/1524/1303 1336/1552/1334 1337/1555/1335
f 1293/1528/1291 1292/1525/1290 1323/1553/1321 1324/1556/1322
f 1320/1529/1318 1319/1526/1317 1350/1554/1348 1351/1557/1349
f 1307/1530/1305 1306/1527/1304 1337/1555/1335 1338/1558/1336
f 1294/1531/1292 1293/1528/1291 1324/1556/1322 1325/1559/1323
f 1321/1532/1319 1320/1529/1318 1351/1557/1349 1352/1560/1350
f 1308/1533/1306 1307/1530/1305 1338/1558/1336 1339/1561/1337
f 1295/1534/1293 1294/1531/1292 1325/1559/1323 1326/1562/1324
f 1322/1501/1320 1321/1532/1319 1352/1560/1350 1353/1563/1351
f 1309/1502/1307 1308/1533/1306 1339/1561/1337 1340/1564/1338
f 1296/1504/1294 1295/1534/1293 1326/1562/1324 1327/1565/1325
f 1509/1209/1507 1322/1501/1320 1353/1563/1351
f 1310/1503/1308 1309/1502/1307 1340/1564/1338 1341/1566/1339
f 1297/1505/1295 1296/1504/1294 1327/1565/1325 1328/1567/1326
f 1311/1506/1309 1310/1503/1308 1341/1566/1339 1342/1535/1340
f 1298/1507/1296 1297/1505/1295 1328/1567/1326 1329/1537/1327
f 1345/1542/1343 1344/1539/1342 1375/1568/1373 1376/1569/1374
f 1332/1543/1330 1331/1541/1329 1362/1570/1360 1363/1571/1361
f 1346/1544/1344 1345/1542/1343 1376/1569/1374 1377/1572/1375
f 1333/1545/1331 1332/1543/1330 1363/1571/1361 1364/1573/1362
f 1347/1547/1345 1346/1546/1344 1377/1574/1375 1378/1575/1376
f 1334/1548/1332 1333/1545/1331 1364/1573/1362 1365/1576/1363
f 1348/1549/1346 1347/1547/1345 1378/1575/1376 1379/1577/1377
f 1335/1550/1333 1334/1548/1332 1365/1576/1363 1366/1578/1364
f 1349/1551/1347 1348/1549/1346 1379/1577/1377 1380/1579/1378
f 1336/1552/1334 1335/1550/1333 1366/1578/1364 1367/1580/1365
f 1323/1553/1321 1510/1183/1508 1354/1581/1352
f 1350/1554/1348 1349/1551/1347 1380/1579/1378 1381/1582/1379
f 1337/1555/1335 1336/1552/1334 1367/1580/1365 1368/1583/1366
f 1324/1556/1322 1323/1553/1321 1354/1581/1352 1355/1584/1353
f 1351/1557/1349 1350/1554/1348 1381/1582/1379 1382/1585/1380
f 1338/1558/1336 1337/1555/1335 1368/1583/1366 1369/1586/1367
f 1325/1559/1323 1324/1556/1322 1355/1584/1353 1356/1587/1354
f 1352/1560/1350 1351/1557/1349 1382/1585/1380 1383/1588/1381
f 1339/1561/1337 1338/1558/1336 1369/1586/1367 1370/1589/1368
f 1326/1562/1324 1325/1559/1323 1356/1587/1354 1357/1590/1355
f 1353/1563/1351 1352/1560/1350 1383/1588/1381 1384/1591/1382
f 1340/1564/1338 1339/1561/1337 1370/1589/1368 1371/1592/1369
f 1327/1565/1325 1326/1562/1324 1357/1590/1355 1358/1593/1356
f 1509/1209/1507 1353/1563/1351 1384/1591/1382
f 1341/1566/1339 1340/1564/1338 1371/1592/1369 1372/1594/1370
f 1328/1567/1326 1327/1565/1325 1358/1593/1356 1359/1595/1357
f 1342/1535/1340 1341/1566/1339 1372/1594/1370 1373/1596/1371
f 1329/1537/1327 1328/1567/1326 1359/1595/1357 1360/1597/1358
f 1343/1536/1341 1342/1535/1340 1373/1596/1371 1374/1598/1372
f 1330/1538/1328 1329/1537/1327 1360/1597/1358 1361/1599/1359
f 1344/1539/1342 1343/1536/1341 1374/1598/1372 1375/1568/1373
f 1331/1541/1329 1330/1540/1328 1361/1600/1359 1362/1570/1360
f 1378/1575/1376 1377/1574/1375 1408/1601/1406 1409/1602/1407
f 1365/1576/1363 1364/1573/1362 1395/1603/1393 1396/1604/1394
f 1379/1577/1377 1378/1575/1376 1409/1602/1407 1410/1605/1408
f 1366/1578/1364 1365/1576/1363 1396/1604/1394 1397/1606/1395
f 1380/1579/1378 1379/1577/1377 1410/1605/1408 1411/1607/1409
f 1367/1580/1365 1366/1578/1364 1397/1606/1395 1398/1608/1396
f 1354/1581/1352 1510/1183/1508 1385/1609/1383
f 1381/1582/1379 1380/1579/1378 1411/1607/1409 1412/1610/1410
f 1368/1583/1366 1367/1580/1365 1398/1608/1396 1399/1611/1397
f 1355/1584/1353 1354/1581/1352 1385/1609/1383 1386/1612/1384
f 1382/1585/1380 1381/1582/1379 1412/1610/1410 1413/1613/1411
f 1369/1586/1367 1368/1583/1366 1399/1611/1397 1400/1614/1398
f 1356/1587/1354 1355/1584/1353 1386/1612/1384 1387/1615/1385
f 1383/1588/1381 1382/1585/1380 1413/1613/1411 1414/1616/1412
f 1370/1589/1368 1369/1586/1367 1400/1614/1398 1401/1617/1399
f 1357/1590/1355 1356/1587/1354 1387/1615/1385 1388/1618/1386
f 1384/1591/1382 1383/1588/1381 1414/1616/1412 1415/1619/1413
f 1371/1592/1369 1370/1589/1368 1401/1617/1399 1402/1620/1400
f 1358/1593/1356 1357/1590/1355 1388/1618/1386 1389/1621/1387
f 1509/1209/1507 1384/1591/1382 1415/1619/1413
f 1372/1594/1370 1371/1592/1369 1402/1620/1400 1403/1622/1401
f 1359/1595/1357 1358/1593/1356 1389/1621/1387 1390/1623/1388
f 1373/1596/1371 1372/1594/1370 1403/1622/1401 1404/1624/1402
f 1360/1597/1358 1359/1595/1357 1390/1623/1388 1391/1625/1389
f 1374/1598/1372 1373/1596/1371 1404/1624/1402 1405/1626/1403
f 1361/1599/1359 1360/1597/1358 1391/1625/1389 1392/1627/1390
f 1375/1568/1373 1374/1598/1372 1405/1626/1403 1406/1628/1404
f 1362/1629/1360 1361/1599/1359 1392/1627/1390 1393/1630/1391
f 1376/1569/1374 1375/1568/1373 1406/1628/1404 1407/1631/1405
f 1363/1571/1361 1362/1570/1360 1393/1632/1391 1394/1633/1392
f 1377/1572/1375 1376/1569/1374 1407/1631/1405 1408/1634/1406
f 1364/1573/1362 1363/1571/1361 1394/1633/1392 1395/1603/1393
f 1411/1607/1409 1410/1605/1408 1441/1635/1439 1442/1636/1440
f 1398/1608/1396 1397/1606/1395 1428/1637/1426 1429/1638/1427
f 1385/1609/1383 1510/1183/1508 1416/1639/1414
f 1412/1610/1410 1411/1607/1409 1442/1636/1440 1443/1640/1441
f 1399/1611/1397 1398/1608/1396 1429/1638/1427 1430/1641/1428
f 1386/1612/1384 1385/1609/1383 1416/1639/1414 1417/1642/1415
f 1413/1613/1411 1412/1610/1410 1443/1640/1441 1444/1643/1442
f 1400/1614/1398 1399/1611/1397 1430/1641/1428 1431/1644/1429
f 1387/1615/1385 1386/1612/1384 1417/1642/1415 1418/1645/1416
f 1414/1616/1412 1413/1613/1411 1444/1643/1442 1445/1646/1443
f 1401/1617/1399 1400/1614/1398 1431/1644/1429 1432/1647/1430
f 1388/1618/1386 1387/1615/1385 1418/1645/1416 1419/1648/1417
f 1415/1619/1413 1414/1616/1412 1445/1646/1443 1446/1649/1444
f 1402/1620/1400 1401/1617/1399 1432/1647/1430 1433/1650/1431
f 1389/1621/1387 1388/1618/1386 1419/1648/1417 1420/1651/1418
f 1509/1209/1507 1415/1619/1413 1446/1649/1444
f 1403/1622/1401 1402/1620/1400 1433/1650/1431 1434/1652/1432
f 1390/1623/1388 1389/1621/1387 1420/1651/1418 1421/1653/1419
f 1404/1624/1402 1403/1622/1401 1434/1652/1432 1435/1654/1433
f 1391/1625/1389 1390/1623/1388 1421/1653/1419 1422/1655/1420
f 1405/1626/1403 1404/1624/1402 1435/1654/1433 1436/1656/1434
f 1392/1627/1390 1391/1625/1389 1422/1655/1420 1423/1657/1421
f 1406/1628/1404 1405/1626/1403 1436/1656/1434 1437/1658/1435
f 1393/1630/1391 1392/1627/1390 1423/1657/1421 1424/1659/1422
f 1407/1631/1405 1406/1628/1404 1437/1658/1435 1438/1660/1436
f 1394/1633/1392 1393/1632/1391 1424/1661/1422 1425/1662/1423
f 1408/1601/1406 1407/1663/1405 1438/1664/1436 1439/1665/1437
f 1395/1603/1393 1394/1633/1392 1425/1662/1423 1426/1666/1424
f 1409/1602/1407 1408/1601/1406 1439/1665/1437 1440/1667/1438
f 1396/1604/1394 1395/1603/1393 1426/1666/1424 1427/1668/1425
f 1410/1605/1408 1409/1602/1407 1440/1667/1438 1441/1635/1439
f 1397/1606/1395 1396/1604/1394 1427/1668/1425 1428/1637/1426
f 1417/1642/1415 1416/1639/1414 1447/1669/1445 1448/1670/1446
f 1444/1643/1442 1443/1640/1441 1474/1671/1472 1475/1672/1473
f 1431/1673/1429 1430/1674/1428 1461/1675/1459 1462/1676/1460
f 1418/1645/1416 1417/1642/1415 1448/1670/1446 1449/1677/1447
f 1445/1646/1443 1444/1643/1442 1475/1672/1473 1476/1678/1474
f 1432/1679/1430 1431/1673/1429 1462/1676/1460 1463/1680/1461
f 1419/1648/1417 1418/1645/1416 1449/1677/1447 1450/1681/1448
f 1446/1649/1444 1445/1646/1443 1476/1678/1474 1477/1682/1475
f 1433/1683/1431 1432/1679/1430 1463/1680/1461 1464/1684/1462
f 1420/1651/1418 1419/1648/1417 1450/1681/1448 1451/1685/1449
f 1509/1209/1507 1446/1649/1444 1477/1682/1475
f 1434/1686/1432 1433/1683/1431 1464/1684/1462 1465/1687/1463
f 1421/1653/1419 1420/1651/1418 1451/1685/1449 1452/1688/1450
f 1435/1654/1433 1434/1652/1432 1465/1689/1463 1466/1690/1464
f 1422/1655/1420 1421/1653/1419 1452/1688/1450 1453/1691/1451
f 1436/1656/1434 1435/1654/1433 1466/1690/1464 1467/1692/1465
f 1423/1657/1421 1422/1655/1420 1453/1691/1451 1454/1693/1452
f 1437/1658/1435 1436/1656/1434 1467/1692/1465 1468/1694/1466
f 1424/1659/1422 1423/1657/1421 1454/1693/1452 1455/1695/1453
f 1438/1696/1436 1437/1697/1435 1468/1698/1466 1469/1699/1467
f 1425/1700/1423 1424/1659/1422 1455/1695/1453 1456/1701/1454
f 1439/1665/1437 1438/1664/1436 1469/1702/1467 1470/1703/1468
f 1426/1666/1424 1425/1662/1423 1456/1704/1454 1457/1705/1455
f 1440/1667/1438 1439/1665/1437 1470/1703/1468 1471/1706/1469
f 1427/1668/1425 1426/1666/1424 1457/1705/1455 1458/1707/1456
f 1441/1635/1439 1440/1667/1438 1471/1706/1469 1472/1708/1470
f 1428/1709/1426 1427/1710/1425 1458/1711/1456 1459/1712/1457
f 1442/1636/1440 1441/1635/1439 1472/1708/1470 1473/1713/1471
f 1429/1714/1427 1428/1709/1426 1459/1712/1457 1460/1715/1458
f 1416/1639/1414 1510/1183/1508 1447/1669/1445
f 1443/1640/1441 1442/1636/1440 1473/1713/1471 1474/1671/1472
f 1430/1674/1428 1429/1714/1427 1460/1715/1458 1461/1675/1459
f 1450/1681/1448 1449/1677/1447 1480/1716/1478 1481/1717/1479
f 1477/1682/1475 1476/1678/1474 1507/1718/1505 1508/1719/1506
f 1464/1684/1462 1463/1680/1461 1494/1720/1492 1495/1721/1493
f 1451/1685/1449 1450/1681/1448 1481/1717/1479 1482/1722/1480
f 1509/1209/1507 1477/1682/1475 1508/1719/1506
f 1465/1687/1463 1464/1684/1462 1495/1721/1493 1496/1723/1494
f 1452/1688/1450 1451/1685/1449 1482/1722/1480 1483/1724/1481
f 1466/1725/1464 1465/1687/1463 1496/1723/1494 1497/1726/1495
f 1453/1691/1451 1452/1688/1450 1483/1724/1481 1484/1727/1482
f 1467/1728/1465 1466/1725/1464 1497/1726/1495 1498/1729/1496
f 1454/1693/1452 1453/1691/1451 1484/1727/1482 1485/1730/1483
f 1468/1698/1466 1467/1728/1465 1498/1729/1496 1499/1731/1497
f 1455/1695/1453 1454/1693/1452 1485/1730/1483 1486/1732/1484
f 1469/1699/1467 1468/1698/1466 1499/1731/1497 1500/1733/1498
f 1456/1734/1454 1455/1735/1453 1486/1736/1484 1487/1737/1485
f 1470/1703/1468 1469/1702/1467 1500/1738/1498 1501/1739/1499
f 1457/1740/1455 1456/1734/1454 1487/1737/1485 1488/1741/1486
f 1471/1706/1469 1470/1703/1468 1501/1739/1499 1502/1742/1500
f 1458/1711/1456 1457/1740/1455 1488/1741/1486 1489/1743/1487
f 1472/1708/1470 1471/1706/1469 1502/1742/1500 1503/1744/1501
f 1459/1712/1457 1458/1711/1456 1489/1743/1487 1490/1745/1488
f 1473/1713/1471 1472/1708/1470 1503/1744/1501 1504/1746/1502
f 1460/1715/1458 1459/1712/1457 1490/1745/1488 1491/1747/1489
f 1447/1669/1445 1510/1183/1508 1478/1748/1476
f 1474/1671/1472 1473/1713/1471 1504/1746/1502 1505/1749/1503
f 1461/1675/1459 1460/1715/1458 1491/1747/1489 1492/1750/1490
f 1448/1670/1446 1447/1669/1445 1478/1748/1476 1479/1751/1477
f 1475/1672/1473 1474/1671/1472 1505/1749/1503 1506/1752/1504
f 1462/1676/1460 1461/1675/1459 1492/1750/1490 1493/1753/1491
f 1449/1677/1447 1448/1670/1446 1479/1751/1477 1480/1716/1478
f 1476/1678/1474 1475/1672/1473 1506/1752/1504 1507/1718/1505
f 1463/1680/1461 1462/1676/1460 1493/1753/1491 1494/1720/1492
f 1483/1724/1481 1482/1722/1480 1515/1754/1513 1516/1755/1514
f 1497/1726/1495 1496/1723/1494 1529/1756/1527 1530/1757/1528
f 1484/1727/1482 1483/1724/1481 1516/1755/1514 1517/1758/1515
f 1498/1729/1496 1497/1726/1495 1530/1757/1528 1531/1759/1529
f 1485/1730/1483 1484/1727/1482 1517/1758/1515 1518/1760/1516
f 1499/1731/1497 1498/1729/1496 1531/1759/1529 1532/1761/1530
f 1486/1732/1484 1485/1730/1483 1518/1760/1516 1519/1762/1517
f 1500/1733/1498 1499/1731/1497 1532/1761/1530 1533/1763/1531
f 1487/1737/1485 1486/1736/1484 1519/1764/1517 1520/1765/1518
f 1501/1766/1499 1500/1733/1498 1533/1763/1531 1534/1767/1532
f 1488/1741/1486 1487/1737/1485 1520/1765/1518 1521/1768/1519
f 1502/1742/1500 1501/1739/1499 1534/1769/1532 1535/1770/1533
f 1489/1743/1487 1488/1741/1486 1521/1768/1519 1522/1771/1520
f 1503/1744/1501 1502/1742/1500 1535/1770/1533 1536/1772/1534
f 1490/1745/1488 1489/1743/1487 1522/1771/1520 1523/1773/1521
f 1504/1746/1502 1503/1744/1501 1536/1772/1534 1537/1774/1535
f 1491/1747/1489 1490/1745/1488 1523/1773/1521 1524/1775/1522
f 1478/1748/1476 1510/1183/1508 1511/1776/1509
f 1505/1749/1503 1504/1746/1502 1537/1774/1535 1538/1777/1536
f 1492/1750/1490 1491/1747/1489 1524/1775/1522 1525/1778/1523
f 1479/1751/1477 1478/1748/1476 1511/1776/1509 1512/1779/1510
f 1506/1752/1504 1505/1749/1503 1538/1777/1536 1539/1780/1537
f 1493/1753/1491 1492/1750/1490 1525/1778/1523 1526/1781/1524
f 1480/1716/1478 1479/1751/1477 1512/1779/1510 1513/1782/1511
f 1507/1718/1505 1506/1752/1504 1539/1780/1537 1540/1783/1538
f 1494/1720/1492 1493/1753/1491 1526/1781/1524 1527/1784/1525
f 1481/1717/1479 1480/1716/1478 1513/1782/1511 1514/1785/1512
f 1508/1719/1506 1507/1718/1505 1540/1783/1538 1541/1786/1539
f 1495/1721/1493 1494/1720/1492 1527/1784/1525 1528/1787/1526
f 1482/1722/1480 1481/1717/1479 1514/1785/1512 1515/1754/1513
f 1509/1209/1507 1508/1719/1506 1541/1786/1539
f 1496/1723/1494 1495/1721/1493 1528/1787/1526 1529/1756/1527
f 1518/1760/1516 1517/1758/1515 1548/1788/1546 1549/1789/1547
f 1532/1761/1530 1531/1759/1529 1562/1790/1560 1563/1791/1561
f 1519/1764/1517 1518/1792/1516 1549/1793/1547 1550/1794/1548
f 1533/1763/1531 1532/1761/1530 1563/1791/1561 1564/1795/1562
f 1520/1765/1518 1519/1764/1517 1550/1794/1548 1551/1796/1549
f 1534/1767/1532 1533/1763/1531 1564/1795/1562 1565/1797/1563
f 1521/1768/1519 1520/1765/1518 1551/1796/1549 1552/1798/1550
f 1535/1770/1533 1534/1769/1532 1565/1799/1563 1566/1800/1564
f 1522/1771/1520 1521/1768/1519 1552/1798/1550 1553/1801/1551
f 1536/1772/1534 1535/1770/1533 1566/1800/1564 1567/1802/1565
f 1523/1773/1521 1522/1771/1520 1553/1801/1551 1554/1803/1552
f 1537/1774/1535 1536/1772/1534 1567/1802/1565 1568/1804/1566
f 1524/1775/1522 1523/1773/1521 1554/1803/1552 1555/1805/1553
f 1511/1776/1509 1510/1183/1508 1542/1806/1540
f 1538/1777/1536 1537/1774/1535 1568/1804/1566 1569/1807/1567
f 1525/1778/1523 1524/1775/1522 1555/1805/1553 1556/1808/1554
f 1512/1779/1510 1511/1776/1509 1542/1806/1540 1543/1809/1541
f 1539/1780/1537 1538/1777/1536 1569/1807/1567 1570/1810/1568
f 1526/1781/1524 1525/1778/1523 1556/1808/1554 1557/1811/1555
f 1513/1782/1511 1512/1779/1510 1543/1809/1541 1544/1812/1542
f 1540/1783/1538 1539/1780/1537 1570/1810/1568 1571/1813/1569
f 1527/1784/1525 1526/1781/1524 1557/1811/1555 1558/1814/1556
f 1514/1785/1512 1513/1782/1511 1544/1812/1542 1545/1815/1543
f 1541/1786/1539 1540/1783/1538 1571/1813/1569 1572/1816/1570
f 1528/1787/1526 1527/1784/1525 1558/1814/1556 1559/1817/1557
f 1515/1754/1513 1514/1785/1512 1545/1815/1543 1546/1818/1544
f 1509/1209/1507 1541/1786/1539 1572/1816/1570
f 1529/1756/1527 1528/1787/1526 1559/1817/1557 1560/1819/1558
f 1516/1755/1514 1515/1754/1513 1546/1818/1544 1547/1820/1545
f 1530/1757/1528 1529/1756/1527 1560/1819/1558 1561/1821/1559
f 1517/1758/1515 1516/1755/1514 1547/1820/1545 1548/1788/1546
f 1531/1759/1529 1530/1757/1528 1561/1821/1559 1562/1790/1560
f 1551/1796/1549 1550/1794/1548 1581/1822/1579 1582/1823/1580
f 1565/1797/1563 1564/1795/1562 1595/1824/1593 1596/1825/1594
f 1552/1798/1550 1551/1796/1549 1582/1823/1580 1583/1826/1581
f 1566/1800/1564 1565/1799/1563 1596/1827/1594 1597/1828/1595
f 1553/1801/1551 1552/1798/1550 1583/1826/1581 1584/1829/1582
f 1567/1802/1565 1566/1800/1564 1597/1828/1595 1598/1830/1596
f 1554/1803/1552 1553/1801/1551 1584/1829/1582 1585/1831/1583
f 1568/1804/1566 1567/1802/1565 1598/1830/1596 1599/1832/1597
f 1555/1805/1553 1554/1803/1552 1585/1831/1583 1586/1833/1584
f 1542/1806/1540 1510/1183/1508 1573/1834/1571
f 1569/1807/1567 1568/1804/1566 1599/1832/1597 1600/1835/1598
f 1556/1808/1554 1555/1805/1553 1586/1833/1584 1587/1836/1585
f 1543/1809/1541 1542/1806/1540 1573/1834/1571 1574/1837/1572
f 1570/1810/1568 1569/1807/1567 1600/1835/1598 1601/1838/1599
f 1557/1811/1555 1556/1808/1554 1587/1836/1585 1588/1839/1586
f 1544/1812/1542 1543/1809/1541 1574/1837/1572 1575/1840/1573
f 1571/1813/1569 1570/1810/1568 1601/1838/1599 1602/1841/1600
f 1558/1814/1556 1557/1811/1555 1588/1839/1586 1589/1842/1587
f 1545/1815/1543 1544/1812/1542 1575/1840/1573 1576/1843/1574
f 1572/1816/1570 1571/1813/1569 1602/1841/1600 1603/1844/1601
f 1559/1817/1557 1558/1814/1556 1589/1842/1587 1590/1845/1588
f 1546/1818/1544 1545/1815/1543 1576/1843/1574 1577/1846/1575
f 1509/1209/1507 1572/1816/1570 1603/1844/1601
f 1560/1819/1558 1559/1817/1557 1590/1845/1588 1591/1847/1589
f 1547/1820/1545 1546/1818/1544 1577/1846/1575 1578/1848/1576
f 1561/1821/1559 1560/1819/1558 1591/1847/1589 1592/1849/1590
f 1548/1788/1546 1547/1820/1545 1578/1848/1576 1579/1850/1577
f 1562/1790/1560 1561/1821/1559 1592/1849/1590 1593/1851/1591
f 1549/1789/1547 1548/1788/1546 1579/1850/1577 1580/1852/1578
f 1563/1791/1561 1562/1790/1560 1593/1851/1591 1594/1853/1592
f 1550/1794/1548 1549/1793/1547 1580/1854/1578 1581/1822/1579
f 1564/1795/1562 1563/1791/1561 1594/1853/1592 1595/1824/1593
f 1584/1829/1582 1583/1826/1581 1614/1855/1612 1615/1856/1613
f 1598/1830/1596 1597/1828/1595 1628/1857/1626 1629/1858/1627
f 1585/1831/1583 1584/1829/1582 1615/1856/1613 1616/1859/1614
f 1599/1832/1597 1598/1830/1596 1629/1858/1627 1630/1860/1628
f 1586/1833/1584 1585/1831/1583 1616/1859/1614 1617/1861/1615
f 1573/1834/1571 1510/1183/1508 1604/1862/1602
f 1600/1835/1598 1599/1832/1597 1630/1860/1628 1631/1863/1629
f 1587/1836/1585 1586/1833/1584 1617/1861/1615 1618/1864/1616
f 1574/1837/1572 1573/1834/1571 1604/1862/1602 1605/1865/1603
f 1601/1838/1599 1600/1835/1598 1631/1863/1629 1632/1866/1630
f 1588/1839/1586 1587/1836/1585 1618/1864/1616 1619/1867/1617
f 1575/1840/1573 1574/1837/1572 1605/1865/1603 1606/1868/1604
f 1602/1841/1600 1601/1838/1599 1632/1866/1630 1633/1869/1631
f 1589/1842/1587 1588/1839/1586 1619/1867/1617 1620/1870/1618
f 1576/1843/1574 1575/1840/1573 1606/1868/1604 1607/1871/1605
f 1603/1844/1601 1602/1841/1600 1633/1869/1631 1634/1872/1632
f 1590/1845/1588 1589/1842/1587 1620/1870/1618 1621/1873/1619
f 1577/1846/1575 1576/1843/1574 1607/1871/1605 1608/1874/1606
f 1509/1209/1507 1603/1844/1601 1634/1872/1632
f 1591/1847/1589 1590/1845/1588 1621/1873/1619 1622/1875/1620
f 1578/1848/1576 1577/1846/1575 1608/1874/1606 1609/1876/1607
f 1592/1849/1590 1591/1847/1589 1622/1875/1620 1623/1877/1621
f 1579/1850/1577 1578/1848/1576 1609/1876/1607 1610/1878/1608
f 1593/1851/1591 1592/1849/1590 1623/1877/1621 1624/1879/1622
f 1580/1852/1578 1579/1850/1577 1610/1878/1608 1611/1880/1609
f 1594/1853/1592 1593/1851/1591 1624/1879/1622 1625/1881/1623
f 1581/1822/1579 1580/1854/1578 1611/1882/1609 1612/1883/1610
f 1595/1824/1593 1594/1853/1592 1625/1881/1623 1626/1884/1624
f 1582/1823/1580 1581/1822/1579 1612/1883/1610 1613/1885/1611
f 1596/1825/1594 1595/1824/1593 1626/1884/1624 1627/1886/1625
f 1583/1826/1581 1582/1823/1580 1613/1885/1611 1614/1855/1612
f 1597/1828/1595 1596/1827/1594 1627/1887/1625 1628/1857/1626
f 1617/1861/1615 1616/1859/1614 1647/1888/1645 1648/1889/1646
f 1604/1862/1602 1510/1183/1508 1635/1890/1633
f 1631/1863/1629 1630/1860/1628 1661/1891/1659 1662/1892/1660
f 1618/1864/1616 1617/1861/1615 1648/1889/1646 1649/1893/1647
f 1605/1865/1603 1604/1862/1602 1635/1890/1633 1636/1894/1634
f 1632/1866/1630 1631/1863/1629 1662/1892/1660 1663/1895/1661
f 1619/1867/1617 1618/1864/1616 1649/1893/1647 1650/1896/1648
f 1606/1868/1604 1605/1865/1603 1636/1894/1634 1637/1897/1635
f 1633/1869/1631 1632/1866/1630 1663/1895/1661 1664/1898/1662
f 1620/1870/1618 1619/1867/1617 1650/1896/1648 1651/1899/1649
f 1607/1871/1605 1606/1868/1604 1637/1897/1635 1638/1900/1636
f 1634/1872/1632 1633/1869/1631 1664/1898/1662 1665/1901/1663
f 1621/1873/1619 1620/1870/1618 1651/1899/1649 1652/1902/1650
f 1608/1874/1606 1607/1871/1605 1638/1900/1636 1639/1903/1637
f 1509/1209/1507 1634/1872/1632 1665/1901/1663
f 1622/1875/1620 1621/1873/1619 1652/1902/1650 1653/1904/1651
f 1609/1876/1607 1608/1874/1606 1639/1903/1637 1640/1905/1638
f 1623/1877/1621 1622/1875/1620 1653/1904/1651 1654/1906/1652
f 1610/1878/1608 1609/1876/1607 1640/1905/1638 1641/1907/1639
f 1624/1879/1622 1623/1877/1621 1654/1906/1652 1655/1908/1653
f 1611/1880/1609 1610/1878/1608 1641/1907/1639 1642/1909/1640
f 1625/1881/1623 1624/1879/1622 1655/1908/1653 1656/1910/1654
f 1612/1911/1610 1611/1880/1609 1642/1909/1640 1643/1912/1641
f 1626/1884/1624 1625/1881/1623 1656/1910/1654 1657/1913/1655
f 1613/1885/1611 1612/1883/1610 1643/1914/1641 1644/1915/1642
f 1627/1886/1625 1626/1884/1624 1657/1913/1655 1658/1916/1656
f 1614/1855/1612 1613/1885/1611 1644/1915/1642 1645/1917/1643
f 1628/1857/1626 1627/1887/1625 1658/1918/1656 1659/1919/1657
f 1615/1856/1613 1614/1855/1612 1645/1917/1643 1646/1920/1644
f 1629/1858/1627 1628/1857/1626 1659/1919/1657 1660/1921/1658
f 1616/1859/1614 1615/1856/1613 1646/1920/1644 1647/1888/1645
f 1630/1860/1628 1629/1858/1627 1660/1921/1658 1661/1891/1659
f 1650/1896/1648 1649/1893/1647 1680/1922/1678 1681/1923/1679
f 1637/1897/1635 1636/1894/1634 1667/1924/1665 1668/1925/1666
f 1664/1898/1662 1663/1895/1661 1694/1926/1692 1695/1927/1693
f 1651/1899/1649 1650/1896/1648 1681/1923/1679 1682/1928/1680
f 1638/1900/1636 1637/1897/1635 1668/1925/1666 1669/1929/1667
f 1665/1901/1663 1664/1898/1662 1695/1927/1693 1696/1930/1694
f 1652/1902/1650 1651/1899/1649 1682/1928/1680 1683/1931/1681
f 1639/1903/1637 1638/1900/1636 1669/1929/1667 1670/1932/1668
f 1509/1209/1507 1665/1901/1663 1696/1930/1694
f 1653/1904/1651 1652/1902/1650 1683/1931/1681 1684/1933/1682
f 1640/1905/1638 1639/1903/1637 1670/1932/1668 1671/1934/1669
f 1654/1906/1652 1653/1904/1651 1684/1933/1682 1685/1935/1683
f 1641/1907/1639 1640/1905/1638 1671/1934/1669 1672/1936/1670
f 1655/1908/1653 1654/1906/1652 1685/1935/1683 1686/1937/1684
f 1642/1909/1640 1641/1907/1639 1672/1936/1670 1673/1938/1671
f 1656/1910/1654 1655/1908/1653 1686/1937/1684 1687/1939/1685
f 1643/1912/1641 1642/1909/1640 1673/1938/1671 1674/1940/1672
f 1657/1913/1655 1656/1910/1654 1687/1939/1685 1688/1941/1686
f 1644/1915/1642 1643/1914/1641 1674/1942/1672 1675/1943/1673
f 1658/1918/1656 1657/1944/1655 1688/1945/1686 1689/1946/1687
f 1645/1917/1643 1644/1915/1642 1675/1943/1673 1676/1947/1674
f 1659/1919/1657 1658/1918/1656 1689/1946/1687 1690/1948/1688
f 1646/1920/1644 1645/1917/1643 1676/1947/1674 1677/1949/1675
f 1660/1921/1658 1659/1919/1657 1690/1948/1688 1691/1950/1689
f 1647/1888/1645 1646/1920/1644 1677/1949/1675 1678/1951/1676
f 1661/1891/1659 1660/1921/1658 1691/1950/1689 1692/1952/1690
f 1648/1889/1646 1647/1888/1645 1678/1951/1676 1679/1953/1677
f 1635/1890/1633 1510/1183/1508 1666/1954/1664
f 1662/1892/1660 1661/1891/1659 1692/1952/1690 1693/1955/1691
f 1649/1893/1647 1648/1889/1646 1679/1953/1677 1680/1922/1678
f 1636/1894/1634 1635/1890/1633 1666/1954/1664 1667/1924/1665
f 1663/1895/1661 1662/1892/1660 1693/1955/1691 1694/1926/1692
f 1683/1931/1681 1682/1928/1680 1713/1956/1711 1714/1957/1712
f 1670/1932/1668 1669/1929/1667 1700/1958/1698 1701/1959/1699
f 1509/1209/1507 1696/1930/1694 1727/1960/1725
f 1684/1933/1682 1683/1931/1681 1714/1957/1712 1715/1961/1713
f 1671/1934/1669 1670/1932/1668 1701/1959/1699 1702/1962/1700
f 1685/1935/1683 1684/1933/1682 1715/1961/1713 1716/1963/1714
f 1672/1936/1670 1671/1934/1669 1702/1962/1700 1703/1964/1701
f 1686/1937/1684 1685/1935/1683 1716/1963/1714 1717/1965/1715
f 1673/1938/1671 1672/1936/1670 1703/1964/1701 1704/1966/1702
f 1687/1939/1685 1686/1937/1684 1717/1965/1715 1718/1967/1716
f 1674/1940/1672 1673/1938/1671 1704/1966/1702 1705/1968/1703
f 1688/1941/1686 1687/1939/1685 1718/1967/1716 1719/1969/1717
f 1675/1970/1673 1674/1940/1672 1705/1968/1703 1706/1971/1704
f 1689/1946/1687 1688/1945/1686 1719/1972/1717 1720/1973/1718
f 1676/1974/1674 1675/1975/1673 1706/1976/1704 1707/1977/1705
f 1690/1948/1688 1689/1946/1687 1720/1973/1718 1721/1978/1719
f 1677/1979/1675 1676/1974/1674 1707/1977/1705 1708/1980/1706
f 1691/1950/1689 1690/1948/1688 1721/1978/1719 1722/1981/1720
f 1678/1982/1676 1677/1979/1675 1708/1980/1706 1709/1983/1707
f 1692/1952/1690 1691/1950/1689 1722/1981/1720 1723/1984/1721
f 1679/1985/1677 1678/1982/1676 1709/1983/1707 1710/1986/1708
f 1666/1954/1664 1510/1183/1508 1697/1987/1695
f 1693/1955/1691 1692/1952/1690 1723/1984/1721 1724/1988/1722
f 1680/1989/1678 1679/1985/1677 1710/1986/1708 1711/1990/1709
f 1667/1924/1665 1666/1954/1664 1697/1987/1695 1698/1991/1696
f 1694/1926/1692 1693/1955/1691 1724/1988/1722 1725/1992/1723
f 1681/1993/1679 1680/1989/1678 1711/1990/1709 1712/1994/1710
f 1668/1925/1666 1667/1924/1665 1698/1991/1696 1699/1995/1697
f 1695/1927/1693 1694/1926/1692 1725/1992/1723 1726/1996/1724
f 1682/1928/1680 1681/1923/1679 1712/1997/1710 1713/1956/1711
f 1669/1929/1667 1668/1925/1666 1699/1995/1697 1700/1958/1698
f 1696/1930/1694 1695/1927/1693 1726/1996/1724 1727/1960/1725
f 1716/1998/1714 1715/1999/1713 1746/2000/1744 1747/2001/1745
f 1703/1964/1701 1702/1962/1700 1733/2002/1731 1734/2003/1732
f 1717/2004/1715 1716/1998/1714 1747/2001/1745 1748/2005/1746
f 1704/1966/1702 1703/1964/1701 1734/2003/1732 1735/2006/1733
f 1718/2007/1716 1717/2004/1715 1748/2005/1746 1749/2008/1747
f 1705/1968/1703 1704/1966/1702 1735/2006/1733 1736/2009/1734
f 1719/2010/1717 1718/2007/1716 1749/2008/1747 1750/2011/1748
f 1706/1976/1704 1705/2012/1703 1736/2013/1734 1737/2014/1735
f 1720/1973/1718 1719/1972/1717 1750/2015/1748 1751/2016/1749
f 1707/1977/1705 1706/1976/1704 1737/2014/1735 1738/2017/1736
f 1721/1978/1719 1720/1973/1718 1751/2016/1749 1752/2018/1750
f 1708/1980/1706 1707/1977/1705 1738/2017/1736 1739/2019/1737
f 1722/1981/1720 1721/1978/1719 1752/2018/1750 1753/2020/1751
f 1709/1983/1707 1708/1980/1706 1739/2019/1737 1740/2021/1738
f 1723/1984/1721 1722/1981/1720 1753/2020/1751 1754/2022/1752
f 1710/1986/1708 1709/1983/1707 1740/2021/1738 1741/2023/1739
f 1697/1987/1695 1510/1183/1508 1728/2024/1726
f 1724/1988/1722 1723/1984/1721 1754/2022/1752 1755/2025/1753
f 1711/1990/1709 1710/1986/1708 1741/2023/1739 1742/2026/1740
f 1698/1991/1696 1697/1987/1695 1728/2024/1726 1729/2027/1727
f 1725/1992/1723 1724/1988/1722 1755/2025/1753 1756/2028/1754
f 1712/1994/1710 1711/1990/1709 1742/2026/1740 1743/2029/1741
f 1699/1995/1697 1698/1991/1696 1729/2027/1727 1730/2030/1728
f 1726/1996/1724 1725/1992/1723 1756/2028/1754 1757/2031/1755
f 1713/2032/1711 1712/1994/1710 1743/2029/1741 1744/2033/1742
f 1700/1958/1698 1699/1995/1697 1730/2030/1728 1731/2034/1729
f 1727/1960/1725 1726/1996/1724 1757/2031/1755 1758/2035/1756
f 1714/2036/1712 1713/2032/1711 1744/2033/1742 1745/2037/1743
f 1701/1959/1699 1700/1958/1698 1731/2034/1729 1732/2038/1730
f 1509/1209/1507 1727/1960/1725 1758/2035/1756
f 1715/1999/1713 1714/2036/1712 1745/2037/1743 1746/2000/1744
f 1702/1962/1700 1701/1959/1699 1732/2038/1730 1733/2002/1731
f 1749/2008/1747 1748/2005/1746 1779/2039/1777 1780/2040/1778
f 1736/2013/1734 1735/2041/1733 1766/2042/1764 1767/2043/1765
f 1750/2011/1748 1749/2008/1747 1780/2040/1778 1781/2044/1779
f 1737/2014/1735 1736/2013/1734 1767/2043/1765 1768/2045/1766
f 1751/2016/1749 1750/2015/1748 1781/2046/1779 1782/2047/1780
f 1738/2017/1736 1737/2014/1735 1768/2045/1766 1769/2048/1767
f 1752/2018/1750 1751/2016/1749 1782/2047/1780 1783/2049/1781
f 1739/2019/1737 1738/2017/1736 1769/2048/1767 1770/2050/1768
f 1753/2020/1751 1752/2018/1750 1783/2049/1781 1784/2051/1782
f 1740/2021/1738 1739/2019/1737 1770/2050/1768 1771/2052/1769
f 1754/2022/1752 1753/2020/1751 1784/2051/1782 1785/2053/1783
f 1741/2023/1739 1740/2021/1738 1771/2052/1769 1772/2054/1770
f 1728/2024/1726 1510/1183/1508 1759/2055/1757
f 1755/2025/1753 1754/2022/1752 1785/2053/1783 1786/2056/1784
f 1742/2026/1740 1741/2023/1739 1772/2054/1770 1773/2057/1771
f 1729/2027/1727 1728/2024/1726 1759/2055/1757 1760/2058/1758
f 1756/2028/1754 1755/2025/1753 1786/2056/1784 1787/2059/1785
f 1743/2029/1741 1742/2026/1740 1773/2057/1771 1774/2060/1772
f 1730/2030/1728 1729/2027/1727 1760/2058/1758 1761/2061/1759
f 1757/2031/1755 1756/2028/1754 1787/2059/1785 1788/2062/1786
f 1744/2033/1742 1743/2029/1741 1774/2060/1772 1775/2063/1773
f 1731/2034/1729 1730/2030/1728 1761/2061/1759 1762/2064/1760
f 1758/2035/1756 1757/2031/1755 1788/2062/1786 1789/2065/1787
f 1745/2037/1743 1744/2033/1742 1775/2063/1773 1776/2066/1774
f 1732/2038/1730 1731/2034/1729 1762/2064/1760 1763/2067/1761
f 1509/1209/1507 1758/2035/1756 1789/2065/1787
f 1746/2000/1744 1745/2037/1743 1776/2066/1774 1777/2068/1775
f 1733/2002/1731 1732/2038/1730 1763/2067/1761 1764/2069/1762
f 1747/2001/1745 1746/2000/1744 1777/2068/1775 1778/2070/1776
f 1734/2003/1732 1733/2002/1731 1764/2069/1762 1765/2071/1763
f 1748/2005/1746 1747/2001/1745 1778/2070/1776 1779/2039/1777
f 1735/2006/1733 1734/2003/1732 1765/2071/1763 1766/2072/1764
f 1782/2073/1780 1781/2044/1779 1812/2074/1810 1813/2075/1811
f 1769/2048/1767 1768/2045/1766 1799/2076/1797 1800/2077/1798
f 1783/2049/1781 1782/2047/1780 1813/2078/1811 1814/2079/1812
f 1770/2050/1768 1769/2048/1767 1800/2077/1798 1801/2080/1799
f 1784/2051/1782 1783/2049/1781 1814/2079/1812 1815/2081/1813
f 1771/2052/1769 1770/2050/1768 1801/2080/1799 1802/2082/1800
f 1785/2053/1783 1784/2051/1782 1815/2081/1813 1816/2083/1814
f 1772/2054/1770 1771/2052/1769 1802/2082/1800 1803/2084/1801
f 1759/2055/1757 1510/1183/1508 1790/2085/1788
f 1786/2056/1784 1785/2053/1783 1816/2083/1814 1817/2086/1815
f 1773/2057/1771 1772/2054/1770 1803/2084/1801 1804/2087/1802
f 1760/2058/1758 1759/2055/1757 1790/2085/1788 1791/2088/1789
f 1787/2059/1785 1786/2056/1784 1817/2086/1815 1818/2089/1816
f 1774/2060/1772 1773/2057/1771 1804/2087/1802 1805/2090/1803
f 1761/2061/1759 1760/2058/1758 1791/2088/1789 1792/2091/1790
f 1788/2062/1786 1787/2059/1785 1818/2089/1816 1819/2092/1817
f 1775/2063/1773 1774/2060/1772 1805/2090/1803 1806/2093/1804
f 1762/2064/1760 1761/2061/1759 1792/2091/1790 1793/2094/1791
f 1789/2065/1787 1788/2062/1786 1819/2092/1817 1820/2095/1818
f 1776/2066/1774 1775/2063/1773 1806/2093/1804 1807/2096/1805
f 1763/2067/1761 1762/2064/1760 1793/2094/1791 1794/2097/1792
f 1509/1209/1507 1789/2065/1787 1820/2095/1818
f 1777/2068/1775 1776/2066/1774 1807/2096/1805 1808/2098/1806
f 1764/2069/1762 1763/2067/1761 1794/2097/1792 1795/2099/1793
f 1778/2070/1776 1777/2068/1775 1808/2098/1806 1809/2100/1807
f 1765/2071/1763 1764/2069/1762 1795/2099/1793 1796/2101/1794
f 1779/2039/1777 1778/2070/1776 1809/2100/1807 1810/2102/1808
f 1766/2072/1764 1765/2071/1763 1796/2101/1794 1797/2103/1795
f 1780/2040/1778 1779/2039/1777 1810/2102/1808 1811/2104/1809
f 1767/2043/1765 1766/2042/1764 1797/2105/1795 1798/2106/1796
f 1781/2044/1779 1780/2040/1778 1811/2104/1809 1812/2074/1810
f 1768/2045/1766 1767/2043/1765 1798/2106/1796 1799/2076/1797
f 1810/2102/1808 1809/2100/1807 1840/2107/1838 1841/2108/1839
f 1797/2103/1795 1796/2101/1794 1827/2109/1825 1828/2110/1826
f 1811/2104/1809 1810/2102/1808 1841/2108/1839 1842/2111/1840
f 1798/2106/1796 1797/2105/1795 1828/2112/1826 1829/2113/1827
f 1812/2074/1810 1811/2104/1809 1842/2111/1840 1843/2114/1841
f 1799/2076/1797 1798/2106/1796 1829/2113/1827 1830/2115/1828
f 1813/2075/1811 1812/2074/1810 1843/2114/1841 1844/2116/1842
f 1800/2077/1798 1799/2076/1797 1830/2115/1828 1831/2117/1829
f 1814/2079/1812 1813/2078/1811 1844/2118/1842 1845/2119/1843
f 1801/2080/1799 1800/2077/1798 1831/2117/1829 1832/2120/1830
f 1815/2081/1813 1814/2079/1812 1845/2119/1843 1846/2121/1844
f 1802/2082/1800 1801/2080/1799 1832/2120/1830 1833/2122/1831
f 1816/2083/1814 1815/2081/1813 1846/2121/1844 1847/2123/1845
f 1803/2084/1801 1802/2082/1800 1833/2122/1831 1834/2124/1832
f 1790/2085/1788 1510/1183/1508 1821/2125/1819
f 1817/2086/1815 1816/2083/1814 1847/2123/1845 1848/2126/1846
f 1804/2087/1802 1803/2084/1801 1834/2124/1832 1835/2127/1833
f 1791/2088/1789 1790/2085/1788 1821/2125/1819 1822/2128/1820
f 1818/2089/1816 1817/2086/1815 1848/2126/1846 1849/2129/1847
f 1805/2090/1803 1804/2087/1802 1835/2127/1833 1836/2130/1834
f 1792/2091/1790 1791/2088/1789 1822/2128/1820 1823/2131/1821
f 1819/2092/1817 1818/2089/1816 1849/2129/1847 1850/2132/1848
f 1806/2093/1804 1805/2090/1803 1836/2130/1834 1837/2133/1835
f 1793/2094/1791 1792/2091/1790 1823/2131/1821 1824/2134/1822
f 1820/2095/1818 1819/2092/1817 1850/2132/1848 1851/2135/1849
f 1807/2096/1805 1806/2093/1804 1837/2133/1835 1838/2136/1836
f 1794/2097/1792 1793/2094/1791 1824/2134/1822 1825/2137/1823
f 1509/1209/1507 1820/2095/1818 1851/2135/1849
f 1808/2098/1806 1807/2096/1805 1838/2136/1836 1839/2138/1837
f 1795/2099/1793 1794/2097/1792 1825/2137/1823 1826/2139/1824
f 1809/2100/1807 1808/2098/1806 1839/2138/1837 1840/2107/1838
f 1796/2101/1794 1795/2099/1793 1826/2139/1824 1827/2109/1825
f 1843/2114/1841 1842/2111/1840 1873/2140/1871 1874/2141/1872
f 1830/2115/1828 1829/2113/1827 1860/2142/1858 1861/2143/1859
f 1844/2116/1842 1843/2114/1841 1874/2141/1872 1875/2144/1873
f 1831/2117/1829 1830/2115/1828 1861/2143/1859 1862/2145/1860
f 1845/2119/1843 1844/2118/1842 1875/2146/1873 1876/2147/1874
f 1832/2120/1830 1831/2117/1829 1862/2145/1860 1863/2148/1861
f 1846/2121/1844 1845/2119/1843 1876/2147/1874 1877/2149/1875
f 1833/2122/1831 1832/2120/1830 1863/2148/1861 1864/2150/1862
f 1847/2123/1845 1846/2121/1844 1877/2149/1875 1878/2151/1876
f 1834/2124/1832 1833/2122/1831 1864/2150/1862 1865/2152/1863
f 1821/2125/1819 1510/1183/1508 1852/2153/1850
f 1848/2126/1846 1847/2123/1845 1878/2151/1876 1879/2154/1877
f 1835/2127/1833 1834/2124/1832 1865/2152/1863 1866/2155/1864
f 1822/2128/1820 1821/2125/1819 1852/2153/1850 1853/2156/1851
f 1849/2129/1847 1848/2126/1846 1879/2154/1877 1880/2157/1878
f 1836/2130/1834 1835/2127/1833 1866/2155/1864 1867/2158/1865
f 1823/2131/1821 1822/2128/1820 1853/2156/1851 1854/2159/1852
f 1850/2132/1848 1849/2129/1847 1880/2157/1878 1881/2160/1879
f 1837/2133/1835 1836/2130/1834 1867/2158/1865 1868/2161/1866
f 1824/2134/1822 1823/2131/1821 1854/2159/1852 1855/2162/1853
f 1851/2135/1849 1850/2132/1848 1881/2160/1879 1882/2163/1880
f 1838/2136/1836 1837/2133/1835 1868/2161/1866 1869/2164/1867
f 1825/2137/1823 1824/2134/1822 1855/2162/1853 1856/2165/1854
f 1509/1209/1507 1851/2135/1849 1882/2163/1880
f 1839/2138/1837 1838/2136/1836 1869/2164/1867 1870/2166/1868
f 1826/2139/1824 1825/2137/1823 1856/2165/1854 1857/2167/1855
f 1840/2107/1838 1839/2138/1837 1870/2166/1868 1871/2168/1869
f 1827/2109/1825 1826/2139/1824 1857/2167/1855 1858/2169/1856
f 1841/2108/1839 1840/2107/1838 1871/2168/1869 1872/2170/1870
f 1828/2110/1826 1827/2109/1825 1858/2169/1856 1859/2171/1857
f 1842/2111/1840 1841/2108/1839 1872/2170/1870 1873/2140/1871
f 1829/2113/1827 1828/2112/1826 1859/2172/1857 1860/2142/1858
f 1876/2147/1874 1875/2146/1873 1906/2173/1904 1907/2174/1905
f 1863/2148/1861 1862/2145/1860 1893/2175/1891 1894/2176/1892
f 1877/2149/1875 1876/2147/1874 1907/2174/1905 1908/2177/1906
f 1864/2150/1862 1863/2148/1861 1894/2176/1892 1895/2178/1893
f 1878/2151/1876 1877/2149/1875 1908/2177/1906 1909/2179/1907
f 1865/2152/1863 1864/2150/1862 1895/2178/1893 1896/2180/1894
f 1852/2153/1850 1510/1183/1508 1883/2181/1881
f 1879/2154/1877 1878/2151/1876 1909/2179/1907 1910/2182/1908
f 1866/2155/1864 1865/2152/1863 1896/2180/1894 1897/2183/1895
f 1853/2156/1851 1852/2153/1850 1883/2181/1881 1884/2184/1882
f 1880/2157/1878 1879/2154/1877 1910/2182/1908 1911/2185/1909
f 1867/2158/1865 1866/2155/1864 1897/2183/1895 1898/2186/1896
f 1854/2159/1852 1853/2156/1851 1884/2184/1882 1885/2187/1883
f 1881/2160/1879 1880/2157/1878 1911/2185/1909 1912/2188/1910
f 1868/2161/1866 1867/2158/1865 1898/2186/1896 1899/2189/1897
f 1855/2162/1853 1854/2159/1852 1885/2187/1883 1886/2190/1884
f 1882/2163/1880 1881/2160/1879 1912/2188/1910 1913/2191/1911
f 1869/2164/1867 1868/2161/1866 1899/2189/1897 1900/2192/1898
f 1856/2165/1854 1855/2162/1853 1886/2190/1884 1887/2193/1885
f 1509/1209/1507 1882/2163/1880 1913/2191/1911
f 1870/2166/1868 1869/2164/1867 1900/2192/1898 1901/2194/1899
f 1857/2167/1855 1856/2165/1854 1887/2193/1885 1888/2195/1886
f 1871/2168/1869 1870/2166/1868 1901/2194/1899 1902/2196/1900
f 1858/2169/1856 1857/2167/1855 1888/2195/1886 1889/2197/1887
f 1872/2170/1870 1871/2168/1869 1902/2196/1900 1903/2198/1901
f 1859/2171/1857 1858/2169/1856 1889/2197/1887 1890/2199/1888
f 1873/2140/1871 1872/2170/1870 1903/2198/1901 1904/2200/1902
f 1860/2142/1858 1859/2172/1857 1890/2201/1888 1891/2202/1889
f 1874/2141/1872 1873/2140/1871 1904/2200/1902 1905/2203/1903
f 1861/2143/1859 1860/2142/1858 1891/2202/1889 1892/2204/1890
f 1875/2146/1873 1874/2205/1872 1905/2206/1903 1906/2173/1904
f 1862/2145/1860 1861/2143/1859 1892/2204/1890 1893/2175/1891
f 1909/2179/1907 1908/2177/1906 1939/2207/1937 1940/2208/1938
f 1896/2180/1894 1895/2178/1893 1926/2209/1924 1927/2210/1925
f 1883/2181/1881 1510/1183/1508 1914/2211/1912
f 1910/2182/1908 1909/2179/1907 1940/2208/1938 1941/2212/1939
f 1897/2183/1895 1896/2180/1894 1927/2210/1925 1928/2213/1926
f 1884/2184/1882 1883/2181/1881 1914/2211/1912 1915/2214/1913
f 1911/2185/1909 1910/2182/1908 1941/2212/1939 1942/2215/1940
f 1898/2186/1896 1897/2183/1895 1928/2213/1926 1929/2216/1927
f 1885/2187/1883 1884/2184/1882 1915/2214/1913 1916/2217/1914
f 1912/2188/1910 1911/2185/1909 1942/2215/1940 1943/2218/1941
f 1899/2189/1897 1898/2186/1896 1929/2216/1927 1930/2219/1928
f 1886/2190/1884 1885/2187/1883 1916/2217/1914 1917/2220/1915
f 1913/2191/1911 1912/2188/1910 1943/2218/1941 1944/2221/1942
f 1900/2192/1898 1899/2189/1897 1930/2219/1928 1931/2222/1929
f 1887/2193/1885 1886/2190/1884 1917/2220/1915 1918/2223/1916
f 1509/1209/1507 1913/2191/1911 1944/2221/1942
f 1901/2194/1899 1900/2192/1898 1931/2222/1929 1932/2224/1930
f 1888/2195/1886 1887/2193/1885 1918/2223/1916 1919/2225/1917
f 1902/2196/1900 1901/2194/1899 1932/2224/1930 1933/2226/1931
f 1889/2197/1887 1888/2195/1886 1919/2225/1917 1920/2227/1918
f 1903/2198/1901 1902/2196/1900 1933/2226/1931 1934/2228/1932
f 1890/2199/1888 1889/2197/1887 1920/2227/1918 1921/2229/1919
f 1904/2200/1902 1903/2198/1901 1934/2228/1932 1935/2230/1933
f 1891/2231/1889 1890/2199/1888 1921/2229/1919 1922/2232/1920
f 1905/2203/1903 1904/2200/1902 1935/2230/1933 1936/2233/1934
f 1892/2204/1890 1891/2202/1889 1922/2234/1920 1923/2235/1921
f 1906/2173/1904 1905/2206/1903 1936/2236/1934 1937/2237/1935
f 1893/2175/1891 1892/2204/1890 1923/2235/1921 1924/2238/1922
f 1907/2174/1905 1906/2173/1904 1937/2237/1935 1938/2239/1936
f 1894/2176/1892 1893/2175/1891 1924/2238/1922 1925/2240/1923
f 1908/2177/1906 1907/2174/1905 1938/2239/1936 1939/2207/1937
f 1895/2178/1893 1894/2176/1892 1925/2240/1923 1926/2209/1924
f 1915/2214/1913 1914/2211/1912 1945/2241/1943 1946/2242/1944
f 1942/2215/1940 1941/2212/1939 1972/2243/1970 1973/2244/1971
f 1929/2245/1927 1928/2246/1926 1959/2247/1957 1960/2248/1958
f 1916/2217/1914 1915/2214/1913 1946/2242/1944 1947/2249/1945
f 1943/2218/1941 1942/2215/1940 1973/2244/1971 1974/2250/1972
f 1930/2251/1928 1929/2245/1927 1960/2248/1958 1961/2252/1959
f 1917/2220/1915 1916/2217/1914 1947/2249/1945 1948/2253/1946
f 1944/2221/1942 1943/2218/1941 1974/2250/1972 1975/2254/1973
f 1931/2255/1929 1930/2251/1928 1961/2252/1959 1962/2256/1960
f 1918/2223/1916 1917/2220/1915 1948/2253/1946 1949/2257/1947
f 1509/1209/1507 1944/2221/1942 1975/2254/1973
f 1932/2258/1930 1931/2255/1929 1962/2256/1960 1963/2259/1961
f 1919/2225/1917 1918/2223/1916 1949/2257/1947 1950/2260/1948
f 1933/2261/1931 1932/2258/1930 1963/2259/1961 1964/2262/1962
f 1920/2227/1918 1919/2225/1917 1950/2260/1948 1951/2263/1949
f 1934/2228/1932 1933/2226/1931 1964/2264/1962 1965/2265/1963
f 1921/2229/1919 1920/2227/1918 1951/2263/1949 1952/2266/1950
f 1935/2267/1933 1934/2268/1932 1965/2269/1963 1966/2270/1964
f 1922/2232/1920 1921/2229/1919 1952/2266/1950 1953/2271/1951
f 1936/2236/1934 1935/2272/1933 1966/2273/1964 1967/2274/1965
f 1923/2275/1921 1922/2276/1920 1953/2277/1951 1954/2278/1952
f 1937/2237/1935 1936/2236/1934 1967/2274/1965 1968/2279/1966
f 1924/2280/1922 1923/2275/1921 1954/2278/1952 1955/2281/1953
f 1938/2239/1936 1937/2237/1935 1968/2279/1966 1969/2282/1967
f 1925/2240/1923 1924/2238/1922 1955/2283/1953 1956/2284/1954
f 1939/2207/1937 1938/2239/1936 1969/2282/1967 1970/2285/1968
f 1926/2286/1924 1925/2287/1923 1956/2288/1954 1957/2289/1955
f 1940/2208/1938 1939/2207/1937 1970/2285/1968 1971/2290/1969
f 1927/2291/1925 1926/2286/1924 1957/2289/1955 1958/2292/1956
f 1914/2211/1912 1510/1183/1508 1945/2241/1943
f 1941/2212/1939 1940/2208/1938 1971/2290/1969 1972/2243/1970
f 1928/2246/1926 1927/2291/1925 1958/2292/1956 1959/2247/1957
f 1948/2253/1946 1947/2249/1945 1978/1195/1976 1979/1201/1977
f 1975/2254/1973 1974/2250/1972 1011/1197/1009 1012/1203/1010
f 1962/2256/1960 1961/2252/1959 1003/1199/1001 1004/1205/1002
f 1949/2257/1947 1948/2253/1946 1979/1201/1977 1980/1207/1978
f 1509/1209/1507 1975/2254/1973 1012/1203/1010
f 1963/2259/1961 1962/2256/1960 1004/1205/1002 1986/1210/1984
f 1950/2260/1948 1949/2257/1947 1980/1207/1978 1981/1212/1979
f 1964/2262/1962 1963/2259/1961 1986/1210/1984 1987/1214/1985
f 1951/2263/1949 1950/2260/1948 1981/1212/1979 997/1149/995
f 1965/2269/1963 1964/2262/1962 1987/1214/1985 1005/1153/1003
f 1952/2266/1950 1951/2263/1949 997/1149/995 1982/1148/1980
f 1966/2270/1964 1965/2269/1963 1005/1153/1003 1006/1152/1004
f 1953/2271/1951 1952/2266/1950 1982/1148/1980 998/2293/996
f 1967/2294/1965 1966/2270/1964 1006/1152/1004 1007/1160/1005
f 1954/2278/1952 1953/2277/1951 998/1156/996 1983/1162/1981
f 1968/2279/1966 1967/2274/1965 1007/1165/1005 1988/1164/1986
f 1955/2281/1953 1954/2278/1952 1983/1162/1981 1984/1168/1982
f 1969/2282/1967 1968/2279/1966 1988/1164/1986 1008/1170/1006
f 1956/2288/1954 1955/2281/1953 1984/1168/1982 999/1172/997
f 1970/2285/1968 1969/2282/1967 1008/1170/1006 1009/1174/1007
f 1957/2289/1955 1956/2288/1954 999/1172/997 1000/1176/998
f 1971/2290/1969 1970/2285/1968 1009/1174/1007 1010/1178/1008
f 1958/2292/1956 1957/2289/1955 1000/1176/998 1001/1180/999
f 1945/2241/1943 1510/1183/1508 1976/1182/1974
f 1972/2243/1970 1971/2290/1969 1010/1178/1008 1989/1185/1987
f 1959/2247/1957 1958/2292/1956 1001/1180/999 1002/1187/1000
f 1946/2242/1944 1945/2241/1943 1976/1182/1974 1977/1189/1975
f 1973/2244/1971 1972/2243/1970 1989/1185/1987 1990/1191/1988
f 1960/2248/1958 1959/2247/1957 1002/1187/1000 1985/1193/1983
f 1947/2249/1945 1946/2242/1944 1977/1189/1975 1978/1195/1976
f 1974/2250/1972 1973/2244/1971 1990/1191/1988 1011/1197/1009
f 1961/2252/1959 1960/2248/1958 1985/1193/1983 1003/1199/1001
o Hydrogen_mesh
v 0.036964 0.296610 -0.420381
v 0.036964 -0.463772 -0.222058
v -0.600564 -0.026322 -0.101397
v 0.509954 0.117155 0.448377
o Hydrogen_ball
v 0.036964 0.832500 -0.860175
v 0.036964 0.736404 -0.956271
v 0.036964 0.561906 -1.060861
v 0.036964 0.497850 -1.083781
v 0.036964 0.431857 -1.100311
v 0.036964 0.364561 -1.110294
v 0.036964 0.228660 -1.110294
v 0.036964 0.161363 -1.100311
v 0.036964 -0.030186 -1.031774
v 0.036964 -0.088540 -0.996798
v 0.036964 -0.143184 -0.956271
v 0.036964 -0.239280 -0.860175
v 0.036964 -0.279807 -0.805530
v 0.036964 -0.314783 -0.747177
v 0.036964 -0.383320 -0.555627
v 0.036964 -0.393303 -0.488331
v 0.050220 0.986523 -0.487026
v 0.063349 0.976541 -0.553029
v 0.076224 0.960010 -0.617754
v 0.088720 0.937091 -0.680579
v 0.100719 0.908003 -0.740898
v 0.112103 0.873027 -0.798130
v 0.122763 0.832500 -0.851724
v 0.132598 0.786813 -0.901164
v 0.141511 0.736404 -0.945974
v 0.149417 0.681760 -0.985722
v 0.156241 0.623406 -1.020026
v 0.161915 0.561906 -1.048555
v 0.166387 0.497850 -1.071034
v 0.169612 0.431857 -1.087246
v 0.171559 0.364561 -1.097037
v 0.172210 0.296610 -1.100311
v 0.171559 0.228660 -1.097037
v 0.169612 0.161363 -1.087246
v 0.166387 0.095370 -1.071034
v 0.161915 0.031314 -1.048555
v 0.156241 -0.030186 -1.020026
v 0.149417 -0.088540 -0.985722
v 0.141511 -0.143184 -0.945974
v 0.132598 -0.193592 -0.901164
v 0.122763 -0.239280 -0.851724
v 0.112103 -0.279807 -0.798130
v 0.100719 -0.314783 -0.740898
v 0.088720 -0.343870 -0.680579
v 0.076224 -0.366790 -0.617754
v 0.063349 -0.383320 -0.553029
v 0.050220 -0.393303 -0.487026
v 0.062967 0.986523 -0.483159
v 0.088720 0.976541 -0.545332
v 0.113975 0.960010 -0.606302
v 0.138488 0.937091 -0.665482
v 0.162023 0.908003 -0.722301
v 0.184354 0.873027 -0.776213
v 0.205266 0.832500 -0.826697
v 0.224556 0.786813 -0.873269
v 0.242040 0.736404 -0.915479
v 0.257549 0.681760 -0.952921
v 0.270934 0.623406 -0.985234
v 0.282065 0.561906 -1.012108
v 0.290836 0.497850 -1.033282
v 0.297162 0.431857 -1.048555
v 0.300982 0.364561 -1.057777
v 0.302259 0.296610 -1.060861
v 0.300982 0.228660 -1.057777
v 0.297162 0.161363 -1.048555
v 0.290836 0.095370 -1.033282
v 0.282065 0.031314 -1.012108
v 0.270934 -0.030186 -0.985234
v 0.257549 -0.088540 -0.952921
v 0.242040 -0.143184 -0.915479
v 0.224556 -0.193592 -0.873269
v 0.205266 -0.239280 -0.826697
v 0.184354 -0.279807 -0.776213
v 0.162023 -0.314783 -0.722301
v 0.138488 -0.343870 -0.665482
v 0.113975 -0.366790 -0.606302
v 0.088720 -0.383320 -0.545332
v 0.062967 -0.393303 -0.483159
v 0.074715 0.986523 -0.476879
v 0.112103 0.976541 -0.532834
v 0.148767 0.960010 -0.587706
v 0.184354 0.937091 -0.640966
v 0.218522 0.908003 -0.692102
v 0.250941 0.873027 -0.740621
v 0.281300 0.832500 -0.786056
v 0.309306 0.786813 -0.827969
v 0.334688 0.736404 -0.865957
v 0.357204 0.681760 -0.899654
v 0.376635 0.623406 -0.928735
v 0.392796 0.561906 -0.952921
v 0.405529 0.497850 -0.971978
v 0.414713 0.431857 -0.985722
v 0.420259 0.364561 -0.994022
v 0.422113 0.296610 -0.996798
v 0.420259 0.228660 -0.994022
v 0.414713 0.161363 -0.985722
v 0.405529 0.095370 -0.971978
v 0.392796 0.031314 -0.952921
v 0.376635 -0.030186 -0.928735
v 0.357204 -0.088540 -0.899654
v 0.334688 -0.143184 -0.865957
v 0.309306 -0.193592 -0.827969
v 0.281300 -0.239280 -0.786056
v 0.250941 -0.279807 -0.740621
v 0.218522 -0.314783 -0.692102
v 0.184354 -0.343870 -0.640966
v 0.148767 -0.366790 -0.587706
v 0.112103 -0.383320 -0.532834
v 0.074715 -0.393303 -0.476879
v 0.085012 0.986523 -0.468429
v 0.132598 0.976541 -0.516014
v 0.179262 0.960010 -0.562679
v 0.224556 0.937091 -0.607973
v 0.268044 0.908003 -0.651461
v 0.309306 0.873027 -0.692723
v 0.347945 0.832500 -0.731362
v 0.383589 0.786813 -0.767006
v 0.415895 0.736404 -0.799312
v 0.444552 0.681760 -0.827969
v 0.469284 0.623406 -0.852701
v 0.489852 0.561906 -0.873269
v 0.506058 0.497850 -0.889475
v 0.517747 0.431857 -0.901164
v 0.524806 0.364561 -0.908223
v 0.527166 0.296610 -0.910583
v 0.524806 0.228660 -0.908223
v 0.517747 0.161363 -0.901164
v 0.506058 0.095370 -0.889475
v 0.489852 0.031314 -0.873269
v 0.469284 -0.030186 -0.852701
v 0.444552 -0.088540 -0.827969
v 0.415895 -0.143184 -0.799312
v 0.383589 -0.193592 -0.767006
v 0.347945 -0.239280 -0.731362
v 0.309306 -0.279807 -0.692723
v 0.268044 -0.314783 -0.651461
v 0.224556 -0.343870 -0.607973
v 0.179262 -0.366790 -0.562679
v 0.132598 -0.383320 -0.516014
v 0.085012 -0.393303 -0.468429
v 0.093463 0.986523 -0.458132
v 0.149417 0.976541 -0.495520
v 0.204289 0.960010 -0.532184
v 0.257549 0.937091 -0.567771
v 0.308685 0.908003 -0.601939
v 0.357204 0.873027 -0.634358
v 0.402639 0.832500 -0.664717
v 0.444552 0.786813 -0.692723
v 0.482540 0.736404 -0.718105
v 0.516237 0.681760 -0.740621
v 0.545318 0.623406 -0.760052
v 0.569504 0.561906 -0.776213
v 0.588561 0.497850 -0.788946
v 0.602305 0.431857 -0.798130
v 0.610605 0.364561 -0.803676
v 0.613381 0.296610 -0.805530
v 0.610605 0.228660 -0.803676
v 0.602305 0.161363 -0.798130
v 0.588561 0.095370 -0.788946
v 0.569504 0.031314 -0.776213
v 0.545318 -0.030186 -0.760052
v 0.516237 -0.088540 -0.740621
v 0.482540 -0.143184 -0.718105
v 0.444552 -0.193592 -0.692723
v 0.402639 -0.239280 -0.664717
v 0.357204 -0.279807 -0.634358
v 0.308685 -0.314783 -0.601939
v 0.257549 -0.343870 -0.567771
v 0.204289 -0.366790 -0.532184
v 0.149417 -0.383320 -0.495520
v 0.093463 -0.393303 -0.458132
v 0.099742 0.986523 -0.446384
v 0.161915 0.976541 -0.472137
v 0.222885 0.960010 -0.497392
v 0.282065 0.937091 -0.521905
v 0.338884 0.908003 -0.545440
v 0.392796 0.873027 -0.567771
v 0.443280 0.832500 -0.588682
v 0.489852 0.786813 -0.607973
v 0.532062 0.736404 -0.625457
v 0.569504 0.681760 -0.640966
v 0.601817 0.623406 -0.654351
v 0.628691 0.561906 -0.665482
v 0.649865 0.497850 -0.674253
v 0.665138 0.431857 -0.680579
v 0.674360 0.364561 -0.684399
v 0.677444 0.296610 -0.685676
v 0.674360 0.228660 -0.684399
v 0.665138 0.161363 -0.680579
v 0.649865 0.095370 -0.674253
v 0.628691 0.031314 -0.665482
v 0.601817 -0.030186 -0.654351
v 0.569504 -0.088540 -0.640966
v 0.532062 -0.143184 -0.625457
v 0.489852 -0.193592 -0.607973
v 0.443280 -0.239280 -0.588682
v 0.392796 -0.279807 -0.567771
v 0.338884 -0.314783 -0.545440
v 0.282065 -0.343870 -0.521905
v 0.222885 -0.366790 -0.497392
v 0.161915 -0.383320 -0.472137
v 0.099742 -0.393303 -0.446384
v 0.103609 0.986523 -0.433637
v 0.169612 0.976541 -0.446766
v 0.234337 0.960010 -0.459641
v 0.297162 0.937091 -0.472137
v 0.357481 0.908003 -0.484135
v 0.414713 0.873027 -0.495520
v 0.468307 0.832500 -0.506180
v 0.517747 0.786813 -0.516015
v 0.562557 0.736404 -0.524928
v 0.602305 0.681760 -0.532834
v 0.636609 0.623406 -0.539658
v 0.665138 0.561906 -0.545332
v 0.687617 0.497850 -0.549804
v 0.703830 0.431857 -0.553028
v 0.713620 0.364561 -0.554976
v 0.716894 0.296610 -0.555627
v 0.713620 0.228660 -0.554976
v 0.703830 0.161363 -0.553028
v 0.687617 0.095370 -0.549804
v 0.665138 0.031314 -0.545332
v 0.636609 -0.030186 -0.539658
v 0.602305 -0.088540 -0.532834
v 0.562557 -0.143184 -0.524928
v 0.517747 -0.193592 -0.516015
v 0.468307 -0.239280 -0.506180
v 0.414713 -0.279807 -0.495520
v 0.357481 -0.314783 -0.484135
v 0.297162 -0.343870 -0.472137
v 0.234337 -0.366790 -0.459641
v 0.169612 -0.383320 -0.446766
v 0.103609 -0.393303 -0.433637
v 0.104914 0.986523 -0.420381
v 0.172210 0.976541 -0.420381
v 0.238204 0.960010 -0.420381
v 0.302259 0.937091 -0.420381
v 0.363760 0.908003 -0.420381
v 0.422113 0.873027 -0.420381
v 0.476757 0.832500 -0.420381
v 0.527166 0.786813 -0.420381
v 0.572854 0.736404 -0.420381
v 0.613381 0.681760 -0.420381
v 0.648357 0.623406 -0.420381
v 0.677444 0.561906 -0.420381
v 0.700364 0.497850 -0.420381
v 0.716894 0.431857 -0.420381
v 0.726877 0.364561 -0.420381
v 0.730215 0.296610 -0.420381
v 0.726877 0.228660 -0.420381
v 0.716894 0.161363 -0.420381
v 0.700364 0.095370 -0.420381
v 0.677444 0.031314 -0.420381
v 0.648357 -0.030186 -0.420381
v 0.613381 -0.088540 -0.420381
v 0.572854 -0.143184 -0.420381
v 0.527166 -0.193592 -0.420381
v 0.476757 -0.239280 -0.420381
v 0.422113 -0.279807 -0.420381
v 0.363760 -0.314783 -0.420381
v 0.302259 -0.343870 -0.420381
v 0.238204 -0.366790 -0.420381
v 0.172210 -0.383320 -0.420381
v 0.104914 -0.393303 -0.420381
v 0.103609 0.986523 -0.407124
v 0.169612 0.976541 -0.393995
v 0.234337 0.960010 -0.381121
v 0.297162 0.937091 -0.368624
v 0.357481 0.908003 -0.356626
v 0.414713 0.873027 -0.345242
v 0.468307 0.832500 -0.334581
v 0.517747 0.786813 -0.324747
v 0.562557 0.736404 -0.315834
v 0.602305 0.681760 -0.307927
v 0.636609 0.623406 -0.301104
v 0.665138 0.561906 -0.295429
v 0.687617 0.497850 -0.290958
v 0.703829 0.431857 -0.287733
v 0.713620 0.364561 -0.285785
v 0.716894 0.296610 -0.285134
v 0.713620 0.228660 -0.285785
v 0.703829 0.161363 -0.287733
v 0.687617 0.095370 -0.290958
v 0.665138 0.031314 -0.295429
v 0.636609 -0.030186 -0.301104
v 0.602305 -0.088540 -0.307927
v 0.562557 -0.143184 -0.315834
v 0.517747 -0.193592 -0.324747
v 0.468307 -0.239280 -0.334581
v 0.414713 -0.279807 -0.345242
v 0.357481 -0.314783 -0.356626
v 0.297162 -0.343870 -0.368624
v 0.234337 -0.366790 -0.381121
v 0.169612 -0.383320 -0.393995
v 0.103609 -0.393303 -0.407124
v 0.099742 0.986523 -0.394377
v 0.161915 0.976541 -0.368624
v 0.222885 0.960010 -0.343369
v 0.282065 0.937091 -0.318856
v 0.338884 0.908003 -0.295321
v 0.392796 0.873027 -0.272990
v 0.443280 0.832500 -0.252079
v 0.489852 0.786813 -0.232788
v 0.532062 0.736404 -0.215304
v 0.569504 0.681760 -0.199795
v 0.601817 0.623406 -0.186411
v 0.628691 0.561906 -0.175279
v 0.649865 0.497850 -0.166509
v 0.665137 0.431857 -0.160183
v 0.674360 0.364561 -0.156363
v 0.677444 0.296610 -0.155085
v 0.674360 0.228660 -0.156363
v 0.665137 0.161363 -0.160183
v 0.649865 0.095370 -0.166509
v 0.628691 0.031314 -0.175279
v 0.601817 -0.030186 -0.186411
v 0.569504 -0.088540 -0.199795
v 0.532062 -0.143184 -0.215304
v 0.489852 -0.193592 -0.232788
v 0.443280 -0.239280 -0.252079
v 0.392796 -0.279807 -0.272990
v 0.338884 -0.314783 -0.295321
v 0.282065 -0.343870 -0.318856
v 0.222885 -0.366790 -0.343369
v 0.161915 -0.383320 -0.368624
v 0.099742 -0.393303 -0.394377
v 0.093462 0.986523 -0.382629
v 0.149417 0.976541 -0.345242
v 0.204289 0.960010 -0.308578
v 0.257549 0.937091 -0.272990
v 0.308685 0.908003 -0.238822
v 0.357204 0.873027 -0.206403
v 0.402639 0.832500 -0.176044
v 0.444552 0.786813 -0.148039
v 0.482540 0.736404 -0.122656
v 0.516237 0.681760 -0.100140
v 0.545318 0.623406 -0.080709
v 0.569504 0.561906 -0.064549
v 0.588561 0.497850 -0.051815
v 0.602305 0.431857 -0.042632
v 0.610605 0.364561 -0.037086
v 0.613381 0.296610 -0.035231
v 0.610605 0.228660 -0.037086
v 0.602305 0.161363 -0.042632
v 0.588561 0.095370 -0.051815
v 0.569504 0.031314 -0.064549
v 0.545318 -0.030186 -0.080709
v 0.516237 -0.088540 -0.100140
v 0.482540 -0.143184 -0.122656
v 0.444552 -0.193592 -0.148039
v 0.402639 -0.239280 -0.176044
v 0.357204 -0.279807 -0.206403
v 0.308685 -0.314783 -0.238822
v 0.257549 -0.343870 -0.272990
v 0.204289 -0.366790 -0.308578
v 0.149417 -0.383320 -0.345242
v 0.093462 -0.393303 -0.382629
v 0.085012 0.986523 -0.372332
v 0.132597 0.976541 -0.324747
v 0.179262 0.960010 -0.278082
v 0.224556 0.937091 -0.232788
v 0.268044 0.908003 -0.189301
v 0.309306 0.873027 -0.148039
v 0.347945 0.832500 -0.109400
v 0.383589 0.786813 -0.073755
v 0.415895 0.736404 -0.041449
v 0.444552 0.681760 -0.012792
v 0.469284 0.623406 0.011939
v 0.489852 0.561906 0.032507
v 0.506058 0.497850 0.048714
v 0.517747 0.431857 0.060403
v 0.524806 0.364561 0.067461
v 0.527166 0.296610 0.069822
v 0.524806 0.228660 0.067461
v 0.517747 0.161363 0.060403
v 0.506058 0.095370 0.048714
v 0.489852 0.031314 0.032507
v 0.469284 -0.030186 0.011939
v 0.444552 -0.088540 -0.012792
v 0.415895 -0.143184 -0.041449
v 0.383589 -0.193592 -0.073755
v 0.347945 -0.239280 -0.109400
v 0.309306 -0.279807 -0.148039
v 0.268044 -0.314783 -0.189301
v 0.224556 -0.343870 -0.232788
v 0.179262 -0.366790 -0.278082
v 0.132597 -0.383320 -0.324747
v 0.085012 -0.393303 -0.372332
v 0.074715 0.986523 -0.363882
v 0.112103 0.976541 -0.307927
v 0.148767 0.960010 -0.253056
v 0.184354 0.937091 -0.199795
v 0.218522 0.908003 -0.148660
v 0.250941 0.873027 -0.100141
v 0.281300 0.832500 -0.054706
v 0.309306 0.786813 -0.012792
v 0.334688 0.736404 0.025196
v 0.357204 0.681760 0.058893
v 0.376635 0.623406 0.087974
v 0.392796 0.561906 0.112159
v 0.405529 0.497850 0.131216
v 0.414713 0.431857 0.144961
v 0.420259 0.364561 0.153261
v 0.422113 0.296610 0.156036
v 0.420259 0.228660 0.153261
v 0.414713 0.161363 0.144961
v 0.405529 0.095370 0.131216
v 0.392796 0.031314 0.112159
v 0.376635 -0.030186 0.087974
v 0.357204 -0.088540 0.058893
v 0.334688 -0.143184 0.025196
v 0.309306 -0.193592 -0.012792
v 0.281300 -0.239280 -0.054706
v 0.250941 -0.279807 -0.100141
v 0.218522 -0.314783 -0.148660
v 0.184354 -0.343870 -0.199795
v 0.148767 -0.366790 -0.253056
v 0.112103 -0.383320 -0.307927
v 0.074715 -0.393303 -0.363882
v 0.062967 0.986523 -0.357603
v 0.088720 0.976541 -0.295429
v 0.113975 0.960010 -0.234459
v 0.138488 0.937091 -0.175279
v 0.162023 0.908003 -0.118460
v 0.184354 0.873027 -0.064549
v 0.205265 0.832500 -0.014064
v 0.224556 0.786813 0.032507
v 0.242040 0.736404 0.074717
v 0.257549 0.681760 0.112159
v 0.270934 0.623406 0.144472
v 0.282065 0.561906 0.171346
v 0.290836 0.497850 0.192521
v 0.297162 0.431857 0.207793
v 0.300982 0.364561 0.217015
v 0.302259 0.296610 0.220100
v 0.300982 0.228660 0.217015
v 0.297162 0.161363 0.207793
v 0.290836 0.095370 0.192521
v 0.282065 0.031314 0.171346
v 0.270934 -0.030186 0.144472
v 0.257549 -0.088540 0.112159
v 0.242040 -0.143184 0.074717
v 0.224556 -0.193592 0.032507
v 0.205265 -0.239280 -0.014064
v 0.184354 -0.279807 -0.064549
v 0.162023 -0.314783 -0.118460
v 0.138488 -0.343870 -0.175279
v 0.113975 -0.366790 -0.234459
v 0.088720 -0.383320 -0.295429
v 0.062967 -0.393303 -0.357603
v 0.050220 0.986523 -0.353736
v 0.063349 0.976541 -0.287733
v 0.076224 0.960010 -0.223007
v 0.088720 0.937091 -0.160183
v 0.100718 0.908003 -0.099864
v 0.112103 0.873027 -0.042632
v 0.122763 0.832500 0.010962
v 0.132598 0.786813 0.060403
v 0.141511 0.736404 0.105213
v 0.149417 0.681760 0.144961
v 0.156241 0.623406 0.179264
v 0.161915 0.561906 0.207793
v 0.166387 0.497850 0.230272
v 0.169611 0.431857 0.246485
v 0.171559 0.364561 0.256275
v 0.172210 0.296610 0.259549
v 0.171559 0.228660 0.256275
v 0.169611 0.161363 0.246485
v 0.166387 0.095370 0.230272
v 0.161915 0.031314 0.207793
v 0.156241 -0.030186 0.179264
v 0.149417 -0.088540 0.144961
v 0.141511 -0.143184 0.105213
v 0.132598 -0.193592 0.060403
v 0.122763 -0.239280 0.010962
v 0.112103 -0.279807 -0.042632
v 0.100718 -0.314783 -0.099864
v 0.088720 -0.343870 -0.160183
v 0.076224 -0.366790 -0.223007
v 0.063349 -0.383320 -0.287733
v 0.050220 -0.393303 -0.353736
v 0.036964 0.986523 -0.352430
v 0.036964 0.976541 -0.285134
v 0.036964 0.960010 -0.219141
v 0.036964 0.937091 -0.155085
v 0.036964 0.908003 -0.093585
v 0.036964 0.873027 -0.035231
v 0.036964 0.832500 0.019413
v 0.036964 0.786813 0.069822
v 0.036964 0.736404 0.115510
v 0.036964 0.681760 0.156036
v 0.036964 0.623406 0.191012
v 0.036964 0.561906 0.220100
v 0.036964 0.497850 0.243019
v 0.036964 0.431857 0.259550
v 0.036964 0.364561 0.269532
v 0.036964 0.296610 0.272870
v 0.036964 0.228660 0.269532
v 0.036964 0.161363 0.259550
v 0.036964 0.095370 0.243019
v 0.036964 0.031314 0.220100
v 0.036964 -0.030186 0.191012
v 0.036964 -0.088540 0.156036
v 0.036964 -0.143184 0.115510
v 0.036964 -0.193592 0.069822
v 0.036964 -0.239280 0.019413
v 0.036964 -0.279807 -0.035231
v 0.036964 -0.314783 -0.093585
v 0.036964 -0.343870 -0.155085
v 0.036964 -0.366790 -0.219141
v 0.036964 -0.383320 -0.285134
v 0.036964 -0.393303 -0.352430
v 0.036964 -0.396641 -0.420381
v 0.036964 0.989861 -0.420381
v 0.023707 0.986523 -0.353736
v 0.010578 0.976541 -0.287733
v -0.002296 0.960010 -0.223007
v -0.014793 0.937091 -0.160183
v -0.026791 0.908003 -0.099864
v -0.038175 0.873027 -0.042632
v -0.048836 0.832500 0.010962
v -0.058670 0.786813 0.060403
v -0.067583 0.736404 0.105213
v -0.075490 0.681760 0.144961
v -0.082313 0.623406 0.179264
v -0.087988 0.561906 0.207793
v -0.092459 0.497850 0.230272
v -0.095684 0.431857 0.246485
v -0.097632 0.364561 0.256275
v -0.098283 0.296610 0.259549
v -0.097632 0.228660 0.256275
v -0.095684 0.161363 0.246485
v -0.092459 0.095370 0.230272
v -0.087988 0.031314 0.207793
v -0.082313 -0.030186 0.179264
v -0.075490 -0.088540 0.144961
v -0.067583 -0.143184 0.105213
v -0.058670 -0.193592 0.060403
v -0.048836 -0.239280 0.010962
v -0.038175 -0.279807 -0.042632
v -0.026791 -0.314783 -0.099864
v -0.014793 -0.343870 -0.160183
v -0.002296 -0.366790 -0.223007
v 0.010578 -0.383320 -0.287733
v 0.023707 -0.393303 -0.353736
v 0.010960 0.986523 -0.357603
v -0.014793 0.976541 -0.295429
v -0.040048 0.960010 -0.234459
v -0.064561 0.937091 -0.175279
v -0.088096 0.908003 -0.118460
v -0.110427 0.873027 -0.064549
v -0.131338 0.832500 -0.014064
v -0.150629 0.786813 0.032507
v -0.168113 0.736404 0.074717
v -0.183622 0.681760 0.112159
v -0.197006 0.623406 0.144472
v -0.208137 0.561906 0.171346
v -0.216908 0.497850 0.192521
v -0.223234 0.431857 0.207793
v -0.227054 0.364561 0.217015
v -0.228332 0.296610 0.220099
v -0.227054 0.228660 0.217015
v -0.223234 0.161363 0.207793
v -0.216908 0.095370 0.192521
v -0.208137 0.031314 0.171346
v -0.197006 -0.030186 0.144472
v -0.183622 -0.088540 0.112159
v -0.168113 -0.143184 0.074717
v -0.150629 -0.193592 0.032507
v -0.131338 -0.239280 -0.014064
v -0.110427 -0.279807 -0.064549
v -0.088096 -0.314783 -0.118460
v -0.064561 -0.343870 -0.175279
v -0.040048 -0.366790 -0.234459
v -0.014793 -0.383320 -0.295429
v 0.010960 -0.393303 -0.357603
v -0.000788 0.986523 -0.363882
v -0.038175 0.976541 -0.307927
v -0.074839 0.960010 -0.253056
v -0.110427 0.937091 -0.199795
v -0.144595 0.908003 -0.148660
v -0.177014 0.873027 -0.100141
v -0.207373 0.832500 -0.054706
v -0.235378 0.786813 -0.012792
v -0.260761 0.736404 0.025196
v -0.283276 0.681760 0.058892
v -0.302708 0.623406 0.087974
v -0.318868 0.561906 0.112159
v -0.331602 0.497850 0.131216
v -0.340785 0.431857 0.144961
v -0.346331 0.364561 0.153260
v -0.348186 0.296610 0.156036
v -0.346331 0.228660 0.153260
v -0.340785 0.161363 0.144961
v -0.331602 0.095370 0.131216
v -0.318868 0.031314 0.112159
v -0.302708 -0.030186 0.087974
v -0.283276 -0.088540 0.058892
v -0.260761 -0.143184 0.025196
v -0.235378 -0.193592 -0.012792
v -0.207373 -0.239280 -0.054706
v -0.177014 -0.279807 -0.100141
v -0.144595 -0.314783 -0.148660
v -0.110427 -0.343870 -0.199795
v -0.074839 -0.366790 -0.253056
v -0.038175 -0.383320 -0.307927
v -0.000788 -0.393303 -0.363882
v -0.011085 0.986523 -0.372332
v -0.058670 0.976541 -0.324747
v -0.105334 0.960010 -0.278083
v -0.150629 0.937091 -0.232788
v -0.194116 0.908003 -0.189301
v -0.235378 0.873027 -0.148039
v -0.274017 0.832500 -0.109400
v -0.309662 0.786813 -0.073755
v -0.341968 0.736404 -0.041449
v -0.370625 0.681760 -0.012792
v -0.395356 0.623406 0.011939
v -0.415924 0.561906 0.032507
v -0.432131 0.497850 0.048714
v -0.443820 0.431857 0.060402
v -0.450878 0.364561 0.067461
v -0.453239 0.296610 0.069821
v -0.450878 0.228660 0.067461
v -0.443820 0.161363 0.060402
v -0.432131 0.095370 0.048714
v -0.415924 0.031314 0.032507
v -0.395356 -0.030186 0.011939
v -0.370625 -0.088540 -0.012792
v -0.341968 -0.143184 -0.041449
v -0.309662 -0.193592 -0.073755
v -0.274017 -0.239280 -0.109400
v -0.235378 -0.279807 -0.148039
v -0.194116 -0.314783 -0.189301
v -0.150629 -0.343870 -0.232788
v -0.105334 -0.366790 -0.278083
v -0.058670 -0.383320 -0.324747
v -0.011085 -0.393303 -0.372332
v -0.019535 0.986523 -0.382629
v -0.075490 0.976541 -0.345242
v -0.130361 0.960010 -0.308578
v -0.183622 0.937091 -0.272990
v -0.234757 0.908003 -0.238823
v -0.283276 0.873027 -0.206403
v -0.328711 0.832500 -0.176045
v -0.370625 0.786813 -0.148039
v -0.408613 0.736404 -0.122656
v -0.442310 0.681760 -0.100141
v -0.471391 0.623406 -0.080709
v -0.495576 0.561906 -0.064549
v -0.514633 0.497850 -0.051816
v -0.528378 0.431857 -0.042632
v -0.536677 0.364561 -0.037086
v -0.539453 0.296610 -0.035232
v -0.536677 0.228660 -0.037086
v -0.528378 0.161363 -0.042632
v -0.514633 0.095370 -0.051816
v -0.495576 0.031314 -0.064549
v -0.471391 -0.030186 -0.080709
v -0.442310 -0.088540 -0.100141
v -0.408613 -0.143184 -0.122656
v -0.370625 -0.193592 -0.148039
v -0.328711 -0.239280 -0.176045
v -0.283276 -0.279807 -0.206403
v -0.234757 -0.314783 -0.238823
v -0.183622 -0.343870 -0.272990
v -0.130361 -0.366790 -0.308578
v -0.075490 -0.383320 -0.345242
v -0.019535 -0.393303 -0.382629
v -0.025814 0.986523 -0.394377
v -0.087988 0.976541 -0.368624
v -0.148958 0.960010 -0.343370
v -0.208137 0.937091 -0.318857
v -0.264957 0.908003 -0.295321
v -0.318868 0.873027 -0.272991
v -0.369353 0.832500 -0.252079
v -0.415924 0.786813 -0.232788
v -0.458134 0.736404 -0.215304
v -0.495576 0.681760 -0.199796
v -0.527889 0.623406 -0.186411
v -0.554763 0.561906 -0.175280
v -0.575938 0.497850 -0.166509
v -0.591210 0.431857 -0.160183
v -0.600432 0.364561 -0.156363
v -0.603516 0.296610 -0.155086
v -0.600432 0.228660 -0.156363
v -0.591210 0.161363 -0.160183
v -0.575938 0.095370 -0.166509
v -0.554763 0.031314 -0.175280
v -0.527889 -0.030186 -0.186411
v -0.495576 -0.088540 -0.199796
v -0.458134 -0.143184 -0.215304
v -0.415924 -0.193592 -0.232788
v -0.369353 -0.239280 -0.252079
v -0.318868 -0.279807 -0.272991
v -0.264957 -0.314783 -0.295321
v -0.208137 -0.343870 -0.318857
v -0.148958 -0.366790 -0.343370
v -0.087988 -0.383320 -0.368624
v -0.025814 -0.393303 -0.394377
v -0.029681 0.986523 -0.407124
v -0.095684 0.976541 -0.393995
v -0.160410 0.960010 -0.381121
v -0.223234 0.937091 -0.368624
v -0.283553 0.908003 -0.356626
v -0.340785 0.873027 -0.345242
v -0.394379 0.832500 -0.334581
v -0.443820 0.786813 -0.324747
v -0.488629 0.736404 -0.315834
v -0.528378 0.681760 -0.307927
v -0.562681 0.623406 -0.301104
v -0.591210 0.561906 -0.295429
v -0.613689 0.497850 -0.290958
v -0.629902 0.431857 -0.287733
v -0.639692 0.364561 -0.285786
v -0.642966 0.296610 -0.285135
v -0.639692 0.228660 -0.285786
v -0.629902 0.161363 -0.287733
v -0.613689 0.095370 -0.290958
v -0.591210 0.031314 -0.295429
v -0.562681 -0.030186 -0.301104
v -0.528378 -0.088540 -0.307927
v -0.488629 -0.143184 -0.315834
v -0.443820 -0.193592 -0.324747
v -0.394379 -0.239280 -0.334581
v -0.340785 -0.279807 -0.345242
v -0.283553 -0.314783 -0.356626
v -0.223234 -0.343870 -0.368624
v -0.160410 -0.366790 -0.381121
v -0.095684 -0.383320 -0.393995
v -0.029681 -0.393303 -0.407124
v -0.030987 0.986523 -0.420381
v -0.098283 0.976541 -0.420381
v -0.164276 0.960010 -0.420381
v -0.228332 0.937091 -0.420381
v -0.289832 0.908003 -0.420381
v -0.348186 0.873027 -0.420381
v -0.402830 0.832500 -0.420381
v -0.453239 0.786813 -0.420381
v -0.498926 0.736404 -0.420381
v -0.539453 0.681760 -0.420381
v -0.574429 0.623406 -0.420381
v -0.603517 0.561906 -0.420381
v -0.626436 0.497850 -0.420381
v -0.642966 0.431857 -0.420381
v -0.652949 0.364561 -0.420381
v -0.656287 0.296610 -0.420381
v -0.652949 0.228660 -0.420381
v -0.642966 0.161363 -0.420381
v -0.626436 0.095370 -0.420381
v -0.603517 0.031314 -0.420381
v -0.574429 -0.030186 -0.420381
v -0.539453 -0.088540 -0.420381
v -0.498926 -0.143184 -0.420381
v -0.453239 -0.193592 -0.420381
v -0.402830 -0.239280 -0.420381
v -0.348186 -0.279807 -0.420381
v -0.289832 -0.314783 -0.420381
v -0.228332 -0.343870 -0.420381
v -0.164276 -0.366790 -0.420381
v -0.098283 -0.383320 -0.420381
v -0.030987 -0.393303 -0.420381
v -0.029681 0.986523 -0.433637
v -0.095684 0.976541 -0.446766
v -0.160410 0.960010 -0.459641
v -0.223234 0.937091 -0.472137
v -0.283553 0.908003 -0.484136
v -0.340785 0.873027 -0.495520
v -0.394379 0.832500 -0.506180
v -0.443820 0.786813 -0.516015
v -0.488629 0.736404 -0.524928
v -0.528377 0.681760 -0.532834
v -0.562681 0.623406 -0.539658
v -0.591210 0.561906 -0.545332
v -0.613689 0.497850 -0.549804
v -0.629902 0.431857 -0.553029
v -0.639692 0.364561 -0.554976
v -0.642966 0.296610 -0.555627
v -0.639692 0.228660 -0.554976
v -0.629902 0.161363 -0.553029
v -0.613689 0.095370 -0.549804
v -0.591210 0.031314 -0.545332
v -0.562681 -0.030186 -0.539658
v -0.528377 -0.088540 -0.532834
v -0.488629 -0.143184 -0.524928
v -0.443820 -0.193592 -0.516015
v -0.394379 -0.239280 -0.506180
v -0.340785 -0.279807 -0.495520
v -0.283553 -0.314783 -0.484136
v -0.223234 -0.343870 -0.472137
v -0.160410 -0.366790 -0.459641
v -0.095684 -0.383320 -0.446766
v -0.029681 -0.393303 -0.433637
v -0.025814 0.986523 -0.446384
v -0.087988 0.976541 -0.472137
v -0.148958 0.960010 -0.497392
v -0.208137 0.937091 -0.521905
v -0.264956 0.908003 -0.545440
v -0.318868 0.873027 -0.567771
v -0.369352 0.832500 -0.588683
v -0.415924 0.786813 -0.607973
v -0.458134 0.736404 -0.625457
v -0.495576 0.681760 -0.640966
v -0.527889 0.623406 -0.654351
v -0.554763 0.561906 -0.665482
v -0.575937 0.497850 -0.674253
v -0.591210 0.431857 -0.680579
v -0.600432 0.364561 -0.684399
v -0.603516 0.296610 -0.685676
v -0.600432 0.228660 -0.684399
v -0.591210 0.161363 -0.680579
v -0.575937 0.095370 -0.674253
v -0.554763 0.031314 -0.665482
v -0.527889 -0.030186 -0.654351
v -0.495576 -0.088540 -0.640966
v -0.458134 -0.143184 -0.625457
v -0.415924 -0.193592 -0.607973
v -0.369352 -0.239280 -0.588683
v -0.318868 -0.279807 -0.567771
v -0.264956 -0.314783 -0.545440
v -0.208137 -0.343870 -0.521905
v -0.148958 -0.366790 -0.497392
v -0.087988 -0.383320 -0.472137
v -0.025814 -0.393303 -0.446384
v -0.019535 0.986523 -0.458132
v -0.075490 0.976541 -0.495520
v -0.130361 0.960010 -0.532184
v -0.183621 0.937091 -0.567771
v -0.234757 0.908003 -0.601939
v -0.283276 0.873027 -0.634358
v -0.328711 0.832500 -0.664717
v -0.370625 0.786813 -0.692723
v -0.408613 0.736404 -0.718105
v -0.442309 0.681760 -0.740621
v -0.471390 0.623406 -0.760052
v -0.495576 0.561906 -0.776212
v -0.514633 0.497850 -0.788946
v -0.528377 0.431857 -0.798130
v -0.536677 0.364561 -0.803676
v -0.539453 0.296610 -0.805530
v -0.536677 0.228660 -0.803676
v -0.528377 0.161363 -0.798130
v -0.514633 0.095370 -0.788946
v -0.495576 0.031314 -0.776212
v -0.471390 -0.030186 -0.760052
v -0.442309 -0.088540 -0.740621
v -0.408613 -0.143184 -0.718105
v -0.370625 -0.193592 -0.692723
v -0.328711 -0.239280 -0.664717
v -0.283276 -0.279807 -0.634358
v -0.234757 -0.314783 -0.601939
v -0.183621 -0.343870 -0.567771
v -0.130361 -0.366790 -0.532184
v -0.075490 -0.383320 -0.495520
v -0.019535 -0.393303 -0.458132
v -0.011084 0.986523 -0.468429
v -0.058670 0.976541 -0.516014
v -0.105334 0.960010 -0.562679
v -0.150629 0.937091 -0.607973
v -0.194116 0.908003 -0.651460
v -0.235378 0.873027 -0.692722
v -0.274017 0.832500 -0.731362
v -0.309662 0.786813 -0.767006
v -0.341968 0.736404 -0.799312
v -0.370624 0.681760 -0.827969
v -0.395356 0.623406 -0.852700
v -0.415924 0.561906 -0.873269
v -0.432130 0.497850 -0.889475
v -0.443819 0.431857 -0.901164
v -0.450878 0.364561 -0.908222
v -0.453238 0.296610 -0.910583
v -0.450878 0.228660 -0.908222
v -0.443819 0.161363 -0.901164
v -0.432130 0.095370 -0.889475
v -0.415924 0.031314 -0.873269
v -0.395356 -0.030186 -0.852700
v -0.370624 -0.088540 -0.827969
v -0.341968 -0.143184 -0.799312
v -0.309662 -0.193592 -0.767006
v -0.274017 -0.239280 -0.731362
v -0.235378 -0.279807 -0.692722
v -0.194116 -0.314783 -0.651460
v -0.150629 -0.343870 -0.607973
v -0.105334 -0.366790 -0.562679
v -0.058670 -0.383320 -0.516014
v -0.011084 -0.393303 -0.468429
v -0.000787 0.986523 -0.476879
v -0.038175 0.976541 -0.532834
v -0.074839 0.960010 -0.587706
v -0.110427 0.937091 -0.640966
v -0.144594 0.908003 -0.692102
v -0.177014 0.873027 -0.740621
v -0.207372 0.832500 -0.786056
v -0.235378 0.786813 -0.827969
v -0.260761 0.736404 -0.865957
v -0.283276 0.681760 -0.899654
v -0.302708 0.623406 -0.928735
v -0.318868 0.561906 -0.952921
v -0.331601 0.497850 -0.971977
v -0.340785 0.431857 -0.985722
v -0.346331 0.364561 -0.994022
v -0.348185 0.296610 -0.996798
v -0.346331 0.228660 -0.994022
v -0.340785 0.161363 -0.985722
v -0.331601 0.095370 -0.971977
v -0.318868 0.031314 -0.952921
v -0.302708 -0.030186 -0.928735
v -0.283276 -0.088540 -0.899654
v -0.260761 -0.143184 -0.865957
v -0.235378 -0.193592 -0.827969
v -0.207372 -0.239280 -0.786056
v -0.177014 -0.279807 -0.740621
v -0.144594 -0.314783 -0.692102
v -0.110427 -0.343870 -0.640966
v -0.074839 -0.366790 -0.587706
v -0.038175 -0.383320 -0.532834
v -0.000787 -0.393303 -0.476879
v 0.010960 0.986523 -0.483159
v -0.014793 0.976541 -0.545332
v -0.040047 0.960010 -0.606302
v -0.064560 0.937091 -0.665482
v -0.088096 0.908003 -0.722301
v -0.110426 0.873027 -0.776212
v -0.131338 0.832500 -0.826697
v -0.150629 0.786813 -0.873269
v -0.168112 0.736404 -0.915479
v -0.183621 0.681760 -0.952920
v -0.197006 0.623406 -0.985234
v -0.208137 0.561906 -1.012107
v -0.216908 0.497850 -1.033282
v -0.223234 0.431857 -1.048554
v -0.227054 0.364561 -1.057776
v -0.228331 0.296610 -1.060861
v -0.227054 0.228660 -1.057776
v -0.223234 0.161363 -1.048554
v -0.216908 0.095370 -1.033282
v -0.208137 0.031314 -1.012107
v -0.197006 -0.030186 -0.985234
v -0.183621 -0.088540 -0.952920
v -0.168112 -0.143184 -0.915479
v -0.150629 -0.193592 -0.873269
v -0.131338 -0.239280 -0.826697
v -0.110426 -0.279807 -0.776212
v -0.088096 -0.314783 -0.722301
v -0.064560 -0.343870 -0.665482
v -0.040047 -0.366790 -0.606302
v -0.014793 -0.383320 -0.545332
v 0.010960 -0.393303 -0.483159
v 0.023707 0.986523 -0.487025
v 0.010578 0.976541 -0.553028
v -0.002296 0.960010 -0.617754
v -0.014793 0.937091 -0.680579
v -0.026791 0.908003 -0.740897
v -0.038175 0.873027 -0.798129
v -0.048836 0.832500 -0.851724
v -0.058670 0.786813 -0.901164
v -0.067583 0.736404 -0.945974
v -0.075489 0.681760 -0.985722
v -0.082313 0.623406 -1.020025
v -0.087988 0.561906 -1.048554
v -0.092459 0.497850 -1.071033
v -0.095684 0.431857 -1.087246
v -0.097631 0.364561 -1.097036
v -0.098282 0.296610 -1.100310
v -0.097631 0.228660 -1.097036
v -0.095684 0.161363 -1.087246
v -0.092459 0.095370 -1.071033
v -0.087988 0.031314 -1.048554
v -0.082313 -0.030186 -1.020025
v -0.075489 -0.088540 -0.985722
v -0.067583 -0.143184 -0.945974
v -0.058670 -0.193592 -0.901164
v -0.048836 -0.239280 -0.851724
v -0.038175 -0.279807 -0.798129
v -0.026791 -0.314783 -0.740897
v -0.014793 -0.343870 -0.680579
v -0.002296 -0.366790 -0.617754
v 0.010578 -0.383320 -0.553028
v 0.023707 -0.393303 -0.487025
v 0.036964 0.986523 -0.488331
v 0.036964 0.976541 -0.555627
v 0.036964 0.960010 -0.621621
v 0.036964 0.937091 -0.685676
v 0.036964 0.908003 -0.747177
v 0.036964 0.873027 -0.805530
v 0.036964 0.786813 -0.910583
v 0.036964 0.681760 -0.996798
v 0.036964 0.623406 -1.031773
v 0.036964 0.296610 -1.113631
v 0.036964 0.095370 -1.083780
v 0.036964 0.031314 -1.060861
v 0.036964 -0.193592 -0.910583
v 0.036964 -0.343870 -0.685676
v 0.036964 -0.366790 -0.621621
vn -0.0000 0.7715 -0.6362
vn -0.0000 0.6329 -0.7742
vn -0.0000 0.3816 -0.9243
vn -0.0000 0.2894 -0.9572
vn -0.0000 0.1945 -0.9809
vn -0.0000 0.0977 -0.9952
vn -0.0000 -0.0977 -0.9952
vn -0.0000 -0.1945 -0.9809
vn -0.0000 -0.4701 -0.8826
vn -0.0000 -0.5542 -0.8324
vn -0.0000 -0.6329 -0.7742
vn -0.0000 -0.7715 -0.6362
vn -0.0000 -0.8301 -0.5577
vn -0.0000 -0.8806 -0.4738
vn -0.0000 -0.9802 -0.1980
vn -0.0000 -0.9949 -0.1011
vn 0.0197 0.9949 -0.0991
vn 0.0386 0.9802 -0.1942
vn 0.0572 0.9561 -0.2875
vn 0.0752 0.9228 -0.3779
vn 0.0924 0.8806 -0.4647
vn 0.1088 0.8301 -0.5470
vn 0.1241 0.7715 -0.6240
vn 0.1382 0.7056 -0.6950
vn 0.1510 0.6329 -0.7594
vn 0.1624 0.5542 -0.8164
vn 0.1722 0.4701 -0.8656
vn 0.1803 0.3816 -0.9066
vn 0.1867 0.2894 -0.9388
vn 0.1914 0.1945 -0.9621
vn 0.1942 0.0977 -0.9761
vn 0.1951 -0.0000 -0.9808
vn 0.1942 -0.0977 -0.9761
vn 0.1914 -0.1945 -0.9621
vn 0.1867 -0.2894 -0.9388
vn 0.1803 -0.3816 -0.9066
vn 0.1722 -0.4701 -0.8656
vn 0.1624 -0.5542 -0.8164
vn 0.1510 -0.6329 -0.7594
vn 0.1382 -0.7056 -0.6950
vn 0.1241 -0.7715 -0.6240
vn 0.1088 -0.8301 -0.5470
vn 0.0924 -0.8806 -0.4647
vn 0.0752 -0.9228 -0.3779
vn 0.0572 -0.9561 -0.2875
vn 0.0386 -0.9802 -0.1942
vn 0.0197 -0.9949 -0.0991
vn 0.0387 0.9949 -0.0934
vn 0.0758 0.9802 -0.1830
vn 0.1122 0.9561 -0.2708
vn 0.1474 0.9228 -0.3560
vn 0.1813 0.8806 -0.4377
vn 0.2134 0.8301 -0.5152
vn 0.2435 0.7715 -0.5878
vn 0.2712 0.7056 -0.6547
vn 0.2963 0.6329 -0.7153
vn 0.3185 0.5542 -0.7690
vn 0.3378 0.4701 -0.8154
vn 0.3537 0.3816 -0.8540
vn 0.3663 0.2894 -0.8843
vn 0.3754 0.1945 -0.9062
vn 0.3809 0.0977 -0.9195
vn 0.3827 -0.0000 -0.9239
vn 0.3809 -0.0977 -0.9195
vn 0.3754 -0.1945 -0.9062
vn 0.3663 -0.2894 -0.8843
vn 0.3537 -0.3816 -0.8540
vn 0.3378 -0.4701 -0.8154
vn 0.3185 -0.5542 -0.7690
vn 0.2963 -0.6329 -0.7153
vn 0.2712 -0.7056 -0.6547
vn 0.2435 -0.7715 -0.5878
vn 0.2134 -0.8301 -0.5152
vn 0.1813 -0.8806 -0.4377
vn 0.1474 -0.9228 -0.3560
vn 0.1122 -0.9561 -0.2708
vn 0.0758 -0.9802 -0.1830
vn 0.0387 -0.9949 -0.0934
vn 0.0561 0.9949 -0.0840
vn 0.1100 0.9802 -0.1647
vn 0.1628 0.9561 -0.2437
vn 0.2141 0.9228 -0.3204
vn 0.2632 0.8806 -0.3939
vn 0.3098 0.8301 -0.4637
vn 0.3535 0.7715 -0.5290
vn 0.3937 0.7056 -0.5892
vn 0.4301 0.6329 -0.6438
vn 0.4625 0.5542 -0.6921
vn 0.4903 0.4701 -0.7339
vn 0.5135 0.3816 -0.7685
vn 0.5318 0.2894 -0.7959
vn 0.5450 0.1945 -0.8156
vn 0.5529 0.0977 -0.8275
vn 0.5556 -0.0000 -0.8315
vn 0.5529 -0.0977 -0.8275
vn 0.5450 -0.1945 -0.8156
vn 0.5318 -0.2894 -0.7959
vn 0.5135 -0.3816 -0.7685
vn 0.4903 -0.4701 -0.7339
vn 0.4625 -0.5542 -0.6921
vn 0.4301 -0.6329 -0.6438
vn 0.3937 -0.7056 -0.5892
vn 0.3535 -0.7715 -0.5290
vn 0.3098 -0.8301 -0.4637
vn 0.2632 -0.8806 -0.3939
vn 0.2141 -0.9228 -0.3204
vn 0.1628 -0.9561 -0.2437
vn 0.1100 -0.9802 -0.1647
vn 0.0561 -0.9949 -0.0840
vn 0.0715 0.9949 -0.0715
vn 0.1400 0.9802 -0.1400
vn 0.2072 0.9561 -0.2072
vn 0.2724 0.9228 -0.2724
vn 0.3350 0.8806 -0.3350
vn 0.3943 0.8301 -0.3943
vn 0.4499 0.7715 -0.4499
vn 0.5011 0.7056 -0.5011
vn 0.5475 0.6329 -0.5475
vn 0.5886 0.5542 -0.5886
vn 0.6241 0.4701 -0.6241
vn 0.6536 0.3816 -0.6536
vn 0.6768 0.2894 -0.6768
vn 0.6936 0.1945 -0.6936
vn 0.7037 0.0977 -0.7037
vn 0.7071 -0.0000 -0.7071
vn 0.7037 -0.0977 -0.7037
vn 0.6936 -0.1945 -0.6936
vn 0.6768 -0.2894 -0.6768
vn 0.6536 -0.3816 -0.6536
vn 0.6241 -0.4701 -0.6241
vn 0.5886 -0.5542 -0.5886
vn 0.5475 -0.6329 -0.5475
vn 0.5011 -0.7056 -0.5011
vn 0.4499 -0.7715 -0.4499
vn 0.3943 -0.8301 -0.3943
vn 0.3350 -0.8806 -0.3350
vn 0.2724 -0.9228 -0.2724
vn 0.2072 -0.9561 -0.2072
vn 0.1400 -0.9802 -0.1400
vn 0.0715 -0.9949 -0.0715
vn 0.0840 0.9949 -0.0561
vn 0.1647 0.9802 -0.1100
vn 0.2437 0.9561 -0.1628
vn 0.3204 0.9228 -0.2141
vn 0.3939 0.8806 -0.2632
vn 0.4637 0.8301 -0.3098
vn 0.5290 0.7715 -0.3535
vn 0.5892 0.7056 -0.3937
vn 0.6438 0.6329 -0.4301
vn 0.6921 0.5542 -0.4625
vn 0.7339 0.4701 -0.4903
vn 0.7685 0.3816 -0.5135
vn 0.7959 0.2894 -0.5318
vn 0.8156 0.1945 -0.5450
vn 0.8275 0.0977 -0.5529
vn 0.8315 -0.0000 -0.5556
vn 0.8275 -0.0977 -0.5529
vn 0.8156 -0.1945 -0.5450
vn 0.7959 -0.2894 -0.5318
vn 0.7685 -0.3816 -0.5135
vn 0.7339 -0.4701 -0.4903
vn 0.6921 -0.5542 -0.4625
vn 0.6438 -0.6329 -0.4301
vn 0.5892 -0.7056 -0.3937
vn 0.5290 -0.7715 -0.3535
vn 0.4637 -0.8301 -0.3098
vn 0.3939 -0.8806 -0.2632
vn 0.3204 -0.9228 -0.2141
vn 0.2437 -0.9561 -0.1628
vn 0.1647 -0.9802 -0.1100
vn 0.0840 -0.9949 -0.0561
vn 0.0934 0.9949 -0.0387
vn 0.1830 0.9802 -0.0758
vn 0.2708 0.9561 -0.1122
vn 0.3560 0.9228 -0.1474
vn 0.4377 0.8806 -0.1813
vn 0.5152 0.8301 -0.2134
vn 0.5878 0.7715 -0.2435
vn 0.6547 0.7056 -0.2712
vn 0.7153 0.6329 -0.2963
vn 0.7690 0.5542 -0.3185
vn 0.8154 0.4701 -0.3378
vn 0.8540 0.3816 -0.3537
vn 0.8843 0.2894 -0.3663
vn 0.9062 0.1945 -0.3754
vn 0.9195 0.0977 -0.3809
vn 0.9239 -0.0000 -0.3827
vn 0.9195 -0.0977 -0.3809
vn 0.9062 -0.1945 -0.3754
vn 0.8843 -0.2894 -0.3663
vn 0.8540 -0.3816 -0.3537
vn 0.8154 -0.4701 -0.3378
vn 0.7690 -0.5542 -0.3185
vn 0.7153 -0.6329 -0.2963
vn 0.6547 -0.7056 -0.2712
vn 0.5878 -0.7715 -0.2435
vn 0.5152 -0.8301 -0.2134
vn 0.4377 -0.8806 -0.1813
vn 0.3560 -0.9228 -0.1474
vn 0.2708 -0.9561 -0.1122
vn 0.1830 -0.9802 -0.0758
vn 0.0934 -0.9949 -0.0387
vn 0.0991 0.9949 -0.0197
vn 0.1942 0.9802 -0.0386
vn 0.2875 0.9561 -0.0572
vn 0.3779 0.9228 -0.0752
vn 0.4647 0.8806 -0.0924
vn 0.5470 0.8301 -0.1088
vn 0.6240 0.7715 -0.1241
vn 0.6950 0.7056 -0.1382
vn 0.7594 0.6329 -0.1510
vn 0.8164 0.5542 -0.1624
vn 0.8656 0.4701 -0.1722
vn 0.9066 0.3816 -0.1803
vn 0.9388 0.2894 -0.1867
vn 0.9621 0.1945 -0.1914
vn 0.9761 0.0977 -0.1942
vn 0.9808 -0.0000 -0.1951
vn 0.9761 -0.0977 -0.1942
vn 0.9621 -0.1945 -0.1914
vn 0.9388 -0.2894 -0.1867
vn 0.9066 -0.3816 -0.1803
vn 0.8656 -0.4701 -0.1722
vn 0.8164 -0.5542 -0.1624
vn 0.7594 -0.6329 -0.1510
vn 0.6950 -0.7056 -0.1382
vn 0.6240 -0.7715 -0.1241
vn 0.5470 -0.8301 -0.1088
vn 0.4647 -0.8806 -0.0924
vn 0.3779 -0.9228 -0.0752
vn 0.2875 -0.9561 -0.0572
vn 0.1942 -0.9802 -0.0386
vn 0.0991 -0.9949 -0.0197
vn 0.1011 0.9949 -0.0000
vn 0.1980 0.9802 -0.0000
vn 0.2931 0.9561 -0.0000
vn 0.3853 0.9228 -0.0000
vn 0.4738 0.8806 -0.0000
vn 0.5577 0.8301 -0.0000
vn 0.6362 0.7715 -0.0000
vn 0.7086 0.7056 -0.0000
vn 0.7742 0.6329 -0.0000
vn 0.8324 0.5542 -0.0000
vn 0.8826 0.4701 -0.0000
vn 0.9243 0.3816 -0.0000
vn 0.9572 0.2894 -0.0000
vn 0.9809 0.1945 -0.0000
vn 0.9952 0.0977 -0.0000
vn 1.0000 -0.0000 -0.0000
vn 0.9952 -0.0977 -0.0000
vn 0.9809 -0.1945 -0.0000
vn 0.9572 -0.2894 -0.0000
vn 0.9243 -0.3816 -0.0000
vn 0.8826 -0.4701 -0.0000
vn 0.8324 -0.5542 -0.0000
vn 0.7742 -0.6329 -0.0000
vn 0.7086 -0.7056 -0.0000
vn 0.6362 -0.7715 -0.0000
vn 0.5577 -0.8301 -0.0000
vn 0.4738 -0.8806 -0.0000
vn 0.3853 -0.9228 -0.0000
vn 0.2931 -0.9561 -0.0000
vn 0.1980 -0.9802 -0.0000
vn 0.1011 -0.9949 -0.0000
vn 0.0991 0.9949 0.0197
vn 0.1942 0.9802 0.0386
vn 0.2875 0.9561 0.0572
vn 0.3779 0.9228 0.0752
vn 0.4647 0.8806 0.0924
vn 0.5470 0.8301 0.1088
vn 0.6240 0.7715 0.1241
vn 0.6950 0.7056 0.1382
vn 0.7594 0.6329 0.1510
vn 0.8164 0.5542 0.1624
vn 0.8656 0.4701 0.1722
vn 0.9066 0.3816 0.1803
vn 0.9388 0.2894 0.1867
vn 0.9621 0.1945 0.1914
vn 0.9761 0.0977 0.1942
vn 0.9808 -0.0000 0.1951
vn 0.9761 -0.0977 0.1942
vn 0.9621 -0.1945 0.1914
vn 0.9388 -0.2894 0.1867
vn 0.9066 -0.3816 0.1803
vn 0.8656 -0.4701 0.1722
vn 0.8164 -0.5542 0.1624
vn 0.7594 -0.6329 0.1510
vn 0.6950 -0.7056 0.1382
vn 0.6240 -0.7715 0.1241
vn 0.5470 -0.8301 0.1088
vn 0.4647 -0.8806 0.0924
vn 0.3779 -0.9228 0.0752
vn 0.2875 -0.9561 0.0572
vn 0.1942 -0.9802 0.0386
vn 0.0991 -0.9949 0.0197
vn 0.0934 0.9949 0.0387
vn 0.1830 0.9802 0.0758
vn 0.2708 0.9561 0.1122
vn 0.3560 0.9228 0.1474
vn 0.4377 0.8806 0.1813
vn 0.5152 0.8301 0.2134
vn 0.5878 0.7715 0.2435
vn 0.6547 0.7056 0.2712
vn 0.7153 0.6329 0.2963
vn 0.7690 0.5542 0.3185
vn 0.8154 0.4701 0.3378
vn 0.8540 0.3816 0.3537
vn 0.8843 0.2894 0.3663
vn 0.9062 0.1945 0.3754
vn 0.9195 0.0977 0.3809
vn 0.9239 -0.0000 0.3827
vn 0.9195 -0.0977 0.3809
vn 0.9062 -0.1945 0.3754
vn 0.8843 -0.2894 0.3663
vn 0.8540 -0.3816 0.3537
vn 0.8154 -0.4701 0.3378
vn 0.7690 -0.5542 0.3185
vn 0.7153 -0.6329 0.2963
vn 0.6547 -0.7056 0.2712
vn 0.5878 -0.7715 0.2435
vn 0.5152 -0.8301 0.2134
vn 0.4377 -0.8806 0.1813
vn 0.3560 -0.9228 0.1474
vn 0.2708 -0.9561 0.1122
vn 0.1830 -0.9802 0.0758
vn 0.0934 -0.9949 0.0387
vn 0.0840 0.9949 0.0561
vn 0.1647 0.9802 0.1100
vn 0.2437 0.9561 0.1628
vn 0.3204 0.9228 0.2141
vn 0.3939 0.8806 0.2632
vn 0.4637 0.8301 0.3098
vn 0.5290 0.7715 0.3535
vn 0.5892 0.7056 0.3937
vn 0.6438 0.6329 0.4301
vn 0.6921 0.5542 0.4625
vn 0.7339 0.4701 0.4903
vn 0.7685 0.3816 0.5135
vn 0.7959 0.2894 0.5318
vn 0.8156 0.1945 0.5450
vn 0.8275 0.0977 0.5529
vn 0.8315 -0.0000 0.5556
vn 0.8275 -0.0977 0.5529
vn 0.8156 -0.1945 0.5450
vn 0.7959 -0.2894 0.5318
vn 0.7685 -0.3816 0.5135
vn 0.7339 -0.4701 0.4903
vn 0.6921 -0.5542 0.4625
vn 0.6438 -0.6329 0.4301
vn 0.5892 -0.7056 0.3937
vn 0.5290 -0.7715 0.3535
vn 0.4637 -0.8301 0.3098
vn 0.3939 -0.8806 0.2632
vn 0.3204 -0.9228 0.2141
vn 0.2437 -0.9561 0.1628
vn 0.1647 -0.9802 0.1100
vn 0.0840 -0.9949 0.0561
vn 0.0715 0.9949 0.0715
vn 0.1400 0.9802 0.1400
vn 0.2072 0.9561 0.2072
vn 0.2724 0.9228 0.2724
vn 0.3350 0.8806 0.3350
vn 0.3943 0.8301 0.3943
vn 0.4499 0.7715 0.4499
vn 0.5011 0.7056 0.5011
vn 0.5475 0.6329 0.5475
vn 0.5886 0.5542 0.5886
vn 0.6241 0.4701 0.6241
vn 0.6536 0.3816 0.6536
vn 0.6768 0.2894 0.6768
vn 0.6936 0.1945 0.6936
vn 0.7037 0.0977 0.7037
vn 0.7071 -0.0000 0.7071
vn 0.7037 -0.0977 0.7037
vn 0.6936 -0.1945 0.6936
vn 0.6768 -0.2894 0.6768
vn 0.6536 -0.3816 0.6536
vn 0.6241 -0.4701 0.6241
vn 0.5886 -0.5542 0.5886
vn 0.5475 -0.6329 0.5475
vn 0.5011 -0.7056 0.5011
vn 0.4499 -0.7715 0.4499
vn 0.3943 -0.8301 0.3943
vn 0.3350 -0.8806 0.3350
vn 0.2724 -0.9228 0.2724
vn 0.2072 -0.9561 0.2072
vn 0.1400 -0.9802 0.1400
vn 0.0715 -0.9949 0.0715
vn 0.0561 0.9949 0.0840
vn 0.1100 0.9802 0.1647
vn 0.1628 0.9561 0.2437
vn 0.2141 0.9228 0.3204
vn 0.2632 0.8806 0.3939
vn 0.3098 0.8301 0.4637
vn 0.3535 0.7715 0.5290
vn 0.3937 0.7056 0.5892
vn 0.4301 0.6329 0.6438
vn 0.4625 0.5542 0.6921
vn 0.4903 0.4701 0.7339
vn 0.5135 0.3816 0.7685
vn 0.5318 0.2894 0.7959
vn 0.5450 0.1945 0.8156
vn 0.5529 0.0977 0.8275
vn 0.5556 -0.0000 0.8315
vn 0.5529 -0.0977 0.8275
vn 0.5450 -0.1945 0.8156
vn 0.5318 -0.2894 0.7959
vn 0.5135 -0.3816 0.7685
vn 0.4903 -0.4701 0.7339
vn 0.4625 -0.5542 0.6921
vn 0.4301 -0.6329 0.6438
vn 0.3937 -0.7056 0.5892
vn 0.3535 -0.7715 0.5290
vn 0.3098 -0.8301 0.4637
vn 0.2632 -0.8806 0.3939
vn 0.2141 -0.9228 0.3204
vn 0.1628 -0.9561 0.2437
vn 0.1100 -0.9802 0.1647
vn 0.0561 -0.9949 0.0840
vn 0.0387 0.9949 0.0934
vn 0.0758 0.9802 0.1830
vn 0.1122 0.9561 0.2708
vn 0.1474 0.9228 0.3560
vn 0.1813 0.8806 0.4377
vn 0.2134 0.8301 0.5152
vn 0.2435 0.7715 0.5878
vn 0.2712 0.7056 0.6547
vn 0.2963 0.6329 0.7153
vn 0.3185 0.5542 0.7690
vn 0.3378 0.4701 0.8154
vn 0.3537 0.3816 0.8540
vn 0.3663 0.2894 0.8843
vn 0.3754 0.1945 0.9062
vn 0.3809 0.0977 0.9195
vn 0.3827 -0.0000 0.9239
vn 0.3809 -0.0977 0.9195
vn 0.3754 -0.1945 0.9062
vn 0.3663 -0.2894 0.8843
vn 0.3537 -0.3816 0.8540
vn 0.3378 -0.4701 0.8154
vn 0.3185 -0.5542 0.7690
vn 0.2963 -0.6329 0.7153
vn 0.2712 -0.7056 0.6547
vn 0.2435 -0.7715 0.5878
vn 0.2134 -0.8301 0.5152
vn 0.1813 -0.8806 0.4377
vn 0.1474 -0.9228 0.3560
vn 0.1122 -0.9561 0.2708
vn 0.0758 -0.9802 0.1830
vn 0.0387 -0.9949 0.0934
vn 0.0197 0.9949 0.0991
vn 0.0386 0.9802 0.1942
vn 0.0572 0.9561 0.2875
vn 0.0752 0.9228 0.3779
vn 0.0924 0.8806 0.4647
vn 0.1088 0.8301 0.5470
vn 0.1241 0.7715 0.6240
vn 0.1382 0.7056 0.6950
vn 0.1510 0.6329 0.7594
vn 0.1624 0.5542 0.8164
vn 0.1722 0.4701 0.8656
vn 0.1803 0.3816 0.9066
vn 0.1867 0.2894 0.9388
vn 0.1914 0.1945 0.9621
vn 0.1942 0.0977 0.9761
vn 0.1951 -0.0000 0.9808
vn 0.1942 -0.0977 0.9761
vn 0.1914 -0.1945 0.9621
vn 0.1867 -0.2894 0.9388
vn 0.1803 -0.3816 0.9066
vn 0.1722 -0.4701 0.8656
vn 0.1624 -0.5542 0.8164
vn 0.1510 -0.6329 0.7594
vn 0.1382 -0.7056 0.6950
vn 0.1241 -0.7715 0.6240
vn 0.1088 -0.8301 0.5470
vn 0.0924 -0.8806 0.4647
vn 0.0752 -0.9228 0.3779
vn 0.0572 -0.9561 0.2875
vn 0.0386 -0.9802 0.1942
vn 0.0197 -0.9949 0.0991
vn -0.0000 0.9949 0.1011
vn -0.0000 0.9802 0.1980
vn -0.0000 0.9561 0.2931
vn -0.0000 0.9228 0.3853
vn -0.0000 0.8806 0.4738
vn -0.0000 0.8301 0.5577
vn -0.0000 0.7715 0.6362
vn -0.0000 0.7056 0.7086
vn -0.0000 0.6329 0.7742
vn -0.0000 0.5542 0.8324
vn -0.0000 0.4701 0.8826
vn -0.0000 0.3816 0.9243
vn -0.0000 0.2894 0.9572
vn -0.0000 0.1945 0.9809
vn -0.0000 0.0977 0.9952
vn -0.0000 -0.0000 1.0000
vn -0.0000 -0.0977 0.9952
vn -0.0000 -0.1945 0.9809
vn -0.0000 -0.2894 0.9572
vn -0.0000 -0.3816 0.9243
vn -0.0000 -0.4701 0.8826
vn -0.0000 -0.5542 0.8324
vn -0.0000 -0.6329 0.7742
vn -0.0000 -0.7056 0.7086
vn -0.0000 -0.7715 0.6362
vn -0.0000 -0.8301 0.5577
vn -0.0000 -0.8806 0.4738
vn -0.0000 -0.9228 0.3853
vn -0.0000 -0.9561 0.2931
vn -0.0000 -0.9802 0.1980
vn -0.0000 -0.9949 0.1011
vn -0.0000 -1.0000 -0.0000
vn -0.0000 1.0000 -0.0000
vn -0.0197 0.9949 0.0991
vn -0.0386 0.9802 0.1942
vn -0.0572 0.9561 0.2875
vn -0.0752 0.9228 0.3779
vn -0.0924 0.8806 0.4647
vn -0.1088 0.8301 0.5470
vn -0.1241 0.7715 0.6240
vn -0.1382 0.7056 0.6950
vn -0.1510 0.6329 0.7594
vn -0.1624 0.5542 0.8164
vn -0.1722 0.4701 0.8656
vn -0.1803 0.3816 0.9066
vn -0.1867 0.2894 0.9388
vn -0.1914 0.1945 0.9621
vn -0.1942 0.0977 0.9761
vn -0.1951 -0.0000 0.9808
vn -0.1942 -0.0977 0.9761
vn -0.1914 -0.1945 0.9621
vn -0.1867 -0.2894 0.9388
vn -0.1803 -0.3816 0.9066
vn -0.1722 -0.4701 0.8656
vn -0.1624 -0.5542 0.8164
vn -0.1510 -0.6329 0.7594
vn -0.1382 -0.7056 0.6950
vn -0.1241 -0.7715 0.6240
vn -0.1088 -0.8301 0.5470
vn -0.0924 -0.8806 0.4647
vn -0.0752 -0.9228 0.3779
vn -0.0572 -0.9561 0.2875
vn -0.0386 -0.9802 0.1942
vn -0.0197 -0.9949 0.0991
vn -0.0387 0.9949 0.0934
vn -0.0758 0.9802 0.1830
vn -0.1122 0.9561 0.2708
vn -0.1474 0.9228 0.3560
vn -0.1813 0.8806 0.4377
vn -0.2134 0.8301 0.5152
vn -0.2435 0.7715 0.5878
vn -0.2712 0.7056 0.6547
vn -0.2963 0.6329 0.7153
vn -0.3185 0.5542 0.7690
vn -0.3378 0.4701 0.8154
vn -0.3537 0.3816 0.8540
vn -0.3663 0.2894 0.8843
vn -0.3754 0.1945 0.9062
vn -0.3809 0.0977 0.9195
vn -0.3827 -0.0000 0.9239
vn -0.3809 -0.0977 0.9195
vn -0.3754 -0.1945 0.9062
vn -0.3663 -0.2894 0.8843
vn -0.3537 -0.3816 0.8540
vn -0.3378 -0.4701 0.8154
vn -0.3185 -0.5542 0.7690
vn -0.2963 -0.6329 0.7153
vn -0.2712 -0.7056 0.6547
vn -0.2435 -0.7715 0.5878
vn -0.2134 -0.8301 0.5152
vn -0.1813 -0.8806 0.4377
vn -0.1474 -0.9228 0.3560
vn -0.1122 -0.9561 0.2708
vn -0.0758 -0.9802 0.1830
vn -0.0387 -0.9949 0.0934
vn -0.0561 0.9949 0.0840
vn -0.1100 0.9802 0.1647
vn -0.1628 0.9561 0.2437
vn -0.2141 0.9228 0.3204
vn -0.2632 0.8806 0.3939
vn -0.3098 0.8301 0.4637
vn -0.3535 0.7715 0.5290
vn -0.3937 0.7056 0.5892
vn -0.4301 0.6329 0.6438
vn -0.4625 0.5542 0.6921
vn -0.4903 0.4701 0.7339
vn -0.5135 0.3816 0.7685
vn -0.5318 0.2894 0.7959
vn -0.5450 0.1945 0.8156
vn -0.5529 0.0977 0.8275
vn -0.5556 -0.0000 0.8315
vn -0.5529 -0.0977 0.8275
vn -0.5450 -0.1945 0.8156
vn -0.5318 -0.2894 0.7959
vn -0.5135 -0.3816 0.7685
vn -0.4903 -0.4701 0.7339
vn -0.4625 -0.5542 0.6921
vn -0.4301 -0.6329 0.6438
vn -0.3937 -0.7056 0.5892
vn -0.3535 -0.7715 0.5290
vn -0.3098 -0.8301 0.4637
vn -0.2632 -0.8806 0.3939
vn -0.2141 -0.9228 0.3204
vn -0.1628 -0.9561 0.2437
vn -0.1100 -0.9802 0.1647
vn -0.0561 -0.9949 0.0840
vn -0.0715 0.9949 0.0715
vn -0.1400 0.9802 0.1400
vn -0.2072 0.9561 0.2072
vn -0.2724 0.9228 0.2724
vn -0.3350 0.8806 0.3350
vn -0.3943 0.8301 0.3943
vn -0.4499 0.7715 0.4499
vn -0.5011 0.7056 0.5011
vn -0.5475 0.6329 0.5475
vn -0.5886 0.5542 0.5886
vn -0.6241 0.4701 0.6241
vn -0.6536 0.3816 0.6536
vn -0.6768 0.2894 0.6768
vn -0.6936 0.1945 0.6936
vn -0.7037 0.0977 0.7037
vn -0.7071 -0.0000 0.7071
vn -0.7037 -0.0977 0.7037
vn -0.6936 -0.1945 0.6936
vn -0.6768 -0.2894 0.6768
vn -0.6536 -0.3816 0.6536
vn -0.6241 -0.4701 0.6241
vn -0.5886 -0.5542 0.5886
vn -0.5475 -0.6329 0.5475
vn -0.5011 -0.7056 0.5011
vn -0.4499 -0.7715 0.4499
vn -0.3943 -0.8301 0.3943
vn -0.3350 -0.8806 0.3350
vn -0.2724 -0.9228 0.2724
vn -0.2072 -0.9561 0.2072
vn -0.1400 -0.9802 0.1400
vn -0.0715 -0.9949 0.0715
vn -0.0840 0.9949 0.0561
vn -0.1647 0.9802 0.1100
vn -0.2437 0.9561 0.1628
vn -0.3204 0.9228 0.2141
vn -0.3939 0.8806 0.2632
vn -0.4637 0.8301 0.3098
vn -0.5290 0.7715 0.3535
vn -0.5892 0.7056 0.3937
vn -0.6438 0.6329 0.4301
vn -0.6921 0.5542 0.4625
vn -0.7339 0.4701 0.4903
vn -0.7685 0.3816 0.5135
vn -0.7959 0.2894 0.5318
vn -0.8156 0.1945 0.5450
vn -0.8275 0.0977 0.5529
vn -0.8315 -0.0000 0.5556
vn -0.8275 -0.0977 0.5529
vn -0.8156 -0.1945 0.5450
vn -0.7959 -0.2894 0.5318
vn -0.7685 -0.3816 0.5135
vn -0.7339 -0.4701 0.4903
vn -0.6921 -0.5542 0.4625
vn -0.6438 -0.6329 0.4301
vn -0.5892 -0.7056 0.3937
vn -0.5290 -0.7715 0.3535
vn -0.4637 -0.8301 0.3098
vn -0.3939 -0.8806 0.2632
vn -0.3204 -0.9228 0.2141
vn -0.2437 -0.9561 0.1628
vn -0.1647 -0.9802 0.1100
vn -0.0840 -0.9949 0.0561
vn -0.0934 0.9949 0.0387
vn -0.1830 0.9802 0.0758
vn -0.2708 0.9561 0.1122
vn -0.3560 0.9228 0.1474
vn -0.4377 0.8806 0.1813
vn -0.5152 0.8301 0.2134
vn -0.5878 0.7715 0.2435
vn -0.6547 0.7056 0.2712
vn -0.7153 0.6329 0.2963
vn -0.7690 0.5542 0.3185
vn -0.8154 0.4701 0.3378
vn -0.8540 0.3816 0.3537
vn -0.8843 0.2894 0.3663
vn -0.9062 0.1945 0.3754
vn -0.9195 0.0977 0.3809
vn -0.9239 -0.0000 0.3827
vn -0.9195 -0.0977 0.3809
vn -0.9062 -0.1945 0.3754
vn -0.8843 -0.2894 0.3663
vn -0.8540 -0.3816 0.3537
vn -0.8154 -0.4701 0.3378
vn -0.7690 -0.5542 0.3185
vn -0.7153 -0.6329 0.2963
vn -0.6547 -0.7056 0.2712
vn -0.5878 -0.7715 0.2435
vn -0.5152 -0.8301 0.2134
vn -0.4377 -0.8806 0.1813
vn -0.3560 -0.9228 0.1474
vn -0.2708 -0.9561 0.1122
vn -0.1830 -0.9802 0.0758
vn -0.0934 -0.9949 0.0387
vn -0.0991 0.9949 0.0197
vn -0.1942 0.9802 0.0386
vn -0.2875 0.9561 0.0572
vn -0.3779 0.9228 0.0752
vn -0.4647 0.8806 0.0924
vn -0.5470 0.8301 0.1088
vn -0.6240 0.7715 0.1241
vn -0.6950 0.7056 0.1382
vn -0.7594 0.6329 0.1510
vn -0.8164 0.5542 0.1624
vn -0.8656 0.4701 0.1722
vn -0.9066 0.3816 0.1803
vn -0.9388 0.2894 0.1867
vn -0.9621 0.1945 0.1914
vn -0.9761 0.0977 0.1942
vn -0.9808 -0.0000 0.1951
vn -0.9761 -0.0977 0.1942
vn -0.9621 -0.1945 0.1914
vn -0.9388 -0.2894 0.1867
vn -0.9066 -0.3816 0.1803
vn -0.8656 -0.4701 0.1722
vn -0.8164 -0.5542 0.1624
vn -0.7594 -0.6329 0.1510
vn -0.6950 -0.7056 0.1382
vn -0.6240 -0.7715 0.1241
vn -0.5470 -0.8301 0.1088
vn -0.4647 -0.8806 0.0924
vn -0.3779 -0.9228 0.0752
vn -0.2875 -0.9561 0.0572
vn -0.1942 -0.9802 0.0386
vn -0.0991 -0.9949 0.0197
vn -0.1011 0.9949 -0.0000
vn -0.1980 0.9802 -0.0000
vn -0.2931 0.9561 -0.0000
vn -0.3853 0.9228 -0.0000
vn -0.4738 0.8806 -0.0000
vn -0.5577 0.8301 -0.0000
vn -0.6362 0.7715 -0.0000
vn -0.7086 0.7056 -0.0000
vn -0.7742 0.6329 -0.0000
vn -0.8324 0.5542 -0.0000
vn -0.8826 0.4701 -0.0000
vn -0.9243 0.3816 -0.0000
vn -0.9572 0.2894 -0.0000
vn -0.9809 0.1945 -0.0000
vn -0.9952 0.0977 -0.0000
vn -1.0000 -0.0000 -0.0000
vn -0.9952 -0.0977 -0.0000
vn -0.9809 -0.1945 -0.0000
vn -0.9572 -0.2894 -0.0000
vn -0.9243 -0.3816 -0.0000
vn -0.8826 -0.4701 -0.0000
vn -0.8324 -0.5542 -0.0000
vn -0.7742 -0.6329 -0.0000
vn -0.7086 -0.7056 -0.0000
vn -0.6362 -0.7715 -0.0000
vn -0.5577 -0.8301 -0.0000
vn -0.4738 -0.8806 -0.0000
vn -0.3853 -0.9228 -0.0000
vn -0.2931 -0.9561 -0.0000
vn -0.1980 -0.9802 -0.0000
vn -0.1011 -0.9949 -0.0000
vn -0.0991 0.9949 -0.0197
vn -0.1942 0.9802 -0.0386
vn -0.2875 0.9561 -0.0572
vn -0.3779 0.9228 -0.0752
vn -0.4647 0.8806 -0.0924
vn -0.5470 0.8301 -0.1088
vn -0.6240 0.7715 -0.1241
vn -0.6950 0.7056 -0.1382
vn -0.7594 0.6329 -0.1510
vn -0.8164 0.5542 -0.1624
vn -0.8656 0.4701 -0.1722
vn -0.9066 0.3816 -0.1803
vn -0.9388 0.2894 -0.1867
vn -0.9621 0.1945 -0.1914
vn -0.9761 0.0977 -0.1942
vn -0.9808 -0.0000 -0.1951
vn -0.9761 -0.0977 -0.1942
vn -0.9621 -0.1945 -0.1914
vn -0.9388 -0.2894 -0.1867
vn -0.9066 -0.3816 -0.1803
vn -0.8656 -0.4701 -0.1722
vn -0.8164 -0.5542 -0.1624
vn -0.7594 -0.6329 -0.1510
vn -0.6950 -0.7056 -0.1382
vn -0.6240 -0.7715 -0.1241
vn -0.5470 -0.8301 -0.1088
vn -0.4647 -0.8806 -0.0924
vn -0.3779 -0.9228 -0.0752
vn -0.2875 -0.9561 -0.0572
vn -0.1942 -0.9802 -0.0386
vn -0.0991 -0.9949 -0.0197
vn -0.0934 0.9949 -0.0387
vn -0.1830 0.9802 -0.0758
vn -0.2708 0.9561 -0.1122
vn -0.3560 0.9228 -0.1474
vn -0.4377 0.8806 -0.1813
vn -0.5152 0.8301 -0.2134
vn -0.5878 0.7715 -0.2435
vn -0.6547 0.7056 -0.2712
vn -0.7153 0.6329 -0.2963
vn -0.7690 0.5542 -0.3186
vn -0.8154 0.4701 -0.3378
vn -0.8540 0.3816 -0.3537
vn -0.8843 0.2894 -0.3663
vn -0.9062 0.1945 -0.3754
vn -0.9195 0.0977 -0.3809
vn -0.9239 -0.0000 -0.3827
vn -0.9195 -0.0977 -0.3809
vn -0.9062 -0.1945 -0.3754
vn -0.8843 -0.2894 -0.3663
vn -0.8540 -0.3816 -0.3537
vn -0.8154 -0.4701 -0.3378
vn -0.7690 -0.5542 -0.3186
vn -0.7153 -0.6329 -0.2963
vn -0.6547 -0.7056 -0.2712
vn -0.5878 -0.7715 -0.2435
vn -0.5152 -0.8301 -0.2134
vn -0.4377 -0.8806 -0.1813
vn -0.3560 -0.9228 -0.1474
vn -0.2708 -0.9561 -0.1122
vn -0.1830 -0.9802 -0.0758
vn -0.0934 -0.9949 -0.0387
vn -0.0840 0.9949 -0.0561
vn -0.1647 0.9802 -0.1100
vn -0.2437 0.9561 -0.1628
vn -0.3204 0.9228 -0.2141
vn -0.3939 0.8806 -0.2632
vn -0.4637 0.8301 -0.3098
vn -0.5290 0.7715 -0.3535
vn -0.5892 0.7056 -0.3937
vn -0.6438 0.6329 -0.4301
vn -0.6921 0.5542 -0.4625
vn -0.7339 0.4701 -0.4903
vn -0.7685 0.3816 -0.5135
vn -0.7959 0.2894 -0.5318
vn -0.8156 0.1945 -0.5450
vn -0.8275 0.0977 -0.5529
vn -0.8315 -0.0000 -0.5556
vn -0.8275 -0.0977 -0.5529
vn -0.8156 -0.1945 -0.5450
vn -0.7959 -0.2894 -0.5318
vn -0.7685 -0.3816 -0.5135
vn -0.7339 -0.4701 -0.4903
vn -0.6921 -0.5542 -0.4625
vn -0.6438 -0.6329 -0.4301
vn -0.5892 -0.7056 -0.3937
vn -0.5290 -0.7715 -0.3535
vn -0.4637 -0.8301 -0.3098
vn -0.3939 -0.8806 -0.2632
vn -0.3204 -0.9228 -0.2141
vn -0.2437 -0.9561 -0.1628
vn -0.1647 -0.9802 -0.1100
vn -0.0840 -0.9949 -0.0561
vn -0.0715 0.9949 -0.0715
vn -0.1400 0.9802 -0.1400
vn -0.2072 0.9561 -0.2072
vn -0.2724 0.9228 -0.2724
vn -0.3350 0.8806 -0.3350
vn -0.3943 0.8301 -0.3943
vn -0.4499 0.7715 -0.4499
vn -0.5011 0.7056 -0.5011
vn -0.5475 0.6329 -0.5475
vn -0.5886 0.5542 -0.5886
vn -0.6241 0.4701 -0.6241
vn -0.6536 0.3816 -0.6536
vn -0.6768 0.2894 -0.6768
vn -0.6936 0.1945 -0.6936
vn -0.7037 0.0977 -0.7037
vn -0.7071 -0.0000 -0.7071
vn -0.7037 -0.0977 -0.7037
vn -0.6936 -0.1945 -0.6936
vn -0.6768 -0.2894 -0.6768
vn -0.6536 -0.3816 -0.6536
vn -0.6241 -0.4701 -0.6241
vn -0.5886 -0.5542 -0.5886
vn -0.5475 -0.6329 -0.5475
vn -0.5011 -0.7056 -0.5011
vn -0.4499 -0.7715 -0.4499
vn -0.3943 -0.8301 -0.3943
vn -0.3350 -0.8806 -0.3350
vn -0.2724 -0.9228 -0.2724
vn -0.2072 -0.9561 -0.2072
vn -0.1400 -0.9802 -0.1400
vn -0.0715 -0.9949 -0.0715
vn -0.0561 0.9949 -0.0840
vn -0.1100 0.9802 -0.1647
vn -0.1628 0.9561 -0.2437
vn -0.2141 0.9228 -0.3204
vn -0.2632 0.8806 -0.3939
vn -0.3098 0.8301 -0.4637
vn -0.3535 0.7715 -0.5290
vn -0.3937 0.7056 -0.5892
vn -0.4301 0.6329 -0.6438
vn -0.4625 0.5542 -0.6921
vn -0.4903 0.4701 -0.7339
vn -0.5135 0.3816 -0.7685
vn -0.5318 0.2894 -0.7959
vn -0.5450 0.1945 -0.8156
vn -0.5529 0.0977 -0.8275
vn -0.5556 -0.0000 -0.8315
vn -0.5529 -0.0977 -0.8275
vn -0.5450 -0.1945 -0.8156
vn -0.5318 -0.2894 -0.7959
vn -0.5135 -0.3816 -0.7685
vn -0.4903 -0.4701 -0.7339
vn -0.4625 -0.5542 -0.6921
vn -0.4301 -0.6329 -0.6438
vn -0.3937 -0.7056 -0.5892
vn -0.3535 -0.7715 -0.5290
vn -0.3098 -0.8301 -0.4637
vn -0.2632 -0.8806 -0.3939
vn -0.2141 -0.9228 -0.3204
vn -0.1628 -0.9561 -0.2437
vn -0.1100 -0.9802 -0.1647
vn -0.0561 -0.9949 -0.0840
vn -0.0387 0.9949 -0.0934
vn -0.0758 0.9802 -0.1830
vn -0.1122 0.9561 -0.2708
vn -0.1474 0.9228 -0.3560
vn -0.1813 0.8806 -0.4377
vn -0.2134 0.8301 -0.5152
vn -0.2435 0.7715 -0.5878
vn -0.2712 0.7056 -0.6547
vn -0.2963 0.6329 -0.7153
vn -0.3185 0.5542 -0.7690
vn -0.3378 0.4701 -0.8154
vn -0.3537 0.3816 -0.8540
vn -0.3663 0.2894 -0.8843
vn -0.3754 0.1945 -0.9062
vn -0.3809 0.0977 -0.9195
vn -0.3827 -0.0000 -0.9239
vn -0.3809 -0.0977 -0.9195
vn -0.3754 -0.1945 -0.9062
vn -0.3663 -0.2894 -0.8843
vn -0.3537 -0.3816 -0.8540
vn -0.3378 -0.4701 -0.8154
vn -0.3185 -0.5542 -0.7690
vn -0.2963 -0.6329 -0.7153
vn -0.2712 -0.7056 -0.6547
vn -0.2435 -0.7715 -0.5878
vn -0.2134 -0.8301 -0.5152
vn -0.1813 -0.8806 -0.4377
vn -0.1474 -0.9228 -0.3560
vn -0.1122 -0.9561 -0.2708
vn -0.0758 -0.9802 -0.1830
vn -0.0387 -0.9949 -0.0934
vn -0.0197 0.9949 -0.0991
vn -0.0386 0.9802 -0.1942
vn -0.0572 0.9561 -0.2875
vn -0.0752 0.9228 -0.3779
vn -0.0924 0.8806 -0.4647
vn -0.1088 0.8301 -0.5470
vn -0.1241 0.7715 -0.6240
vn -0.1382 0.7056 -0.6950
vn -0.1510 0.6329 -0.7594
vn -0.1624 0.5542 -0.8164
vn -0.1722 0.4701 -0.8656
vn -0.1803 0.3816 -0.9066
vn -0.1867 0.2894 -0.9388
vn -0.1914 0.1945 -0.9621
vn -0.1942 0.0977 -0.9761
vn -0.1951 -0.0000 -0.9808
vn -0.1942 -0.0977 -0.9761
vn -0.1914 -0.1945 -0.9621
vn -0.1867 -0.2894 -0.9388
vn -0.1803 -0.3816 -0.9066
vn -0.1722 -0.4701 -0.8656
vn -0.1624 -0.5542 -0.8164
vn -0.1510 -0.6329 -0.7594
vn -0.1382 -0.7056 -0.6950
vn -0.1241 -0.7715 -0.6240
vn -0.1088 -0.8301 -0.5470
vn -0.0924 -0.8806 -0.4647
vn -0.0752 -0.9228 -0.3779
vn -0.0572 -0.9561 -0.2875
vn -0.0386 -0.9802 -0.1942
vn -0.0197 -0.9949 -0.0991
vn -0.0000 0.9949 -0.1011
vn -0.0000 0.9802 -0.1980
vn -0.0000 0.9561 -0.2931
vn -0.0000 0.9228 -0.3853
vn -0.0000 0.8806 -0.4738
vn -0.0000 0.8301 -0.5577
vn -0.0000 0.7056 -0.7086
vn -0.0000 0.5542 -0.8324
vn -0.0000 0.4701 -0.8826
vn -0.0000 -0.0000 -1.0000
vn -0.0000 -0.2894 -0.9572
vn -0.0000 -0.3816 -0.9243
vn -0.0000 -0.7056 -0.7086
vn -0.0000 -0.9228 -0.3853
vn -0.0000 -0.9561 -0.2931
vt 0.313059 0.551197
vt 0.309840 0.555347
vt 0.299049 0.552191
vt 0.301031 0.547679
vt 0.248068 0.535828
vt 0.245834 0.530401
vt 0.260836 0.530624
vt 0.262211 0.536038
vt 0.250656 0.456816
vt 0.253574 0.451803
vt 0.265602 0.451982
vt 0.263805 0.457011
vt 0.250656 0.540877
vt 0.263805 0.541072
vt 0.248068 0.462212
vt 0.262211 0.462421
vt 0.395812 0.554251
vt 0.392894 0.550283
vt 0.406043 0.546437
vt 0.407839 0.550733
vt 0.245834 0.467938
vt 0.260836 0.468160
vt 0.399031 0.558606
vt 0.409822 0.555450
vt 0.243977 0.473940
vt 0.259692 0.474173
vt 0.402521 0.563308
vt 0.411971 0.560543
vt 0.242513 0.480160
vt 0.258790 0.480401
vt 0.406247 0.568309
vt 0.414266 0.565964
vt 0.241457 0.486537
vt 0.258140 0.486784
vt 0.286093 0.586373
vt 0.281753 0.592099
vt 0.284426 0.585886
vt 0.410175 0.573563
vt 0.416684 0.571659
vt 0.240820 0.493011
vt 0.257748 0.493262
vt 0.290391 0.580718
vt 0.287072 0.579747
vt 0.414266 0.579019
vt 0.419203 0.577575
vt 0.240607 0.499519
vt 0.257616 0.499772
vt 0.294605 0.575187
vt 0.289667 0.573743
vt 0.418480 0.584624
vt 0.421798 0.583654
vt 0.240820 0.505999
vt 0.257748 0.506250
vt 0.298696 0.569834
vt 0.292186 0.567931
vt 0.422778 0.590324
vt 0.424445 0.589837
vt 0.241457 0.512388
vt 0.258140 0.512635
vt 0.302623 0.564711
vt 0.294605 0.562366
vt 0.427117 0.596065
vt 0.242513 0.518624
vt 0.258790 0.518865
vt 0.306350 0.559866
vt 0.296900 0.557102
vt 0.243977 0.524648
vt 0.259692 0.524881
vt 0.275718 0.493390
vt 0.275674 0.499900
vt 0.283549 0.579253
vt 0.284426 0.573007
vt 0.424445 0.576839
vt 0.425321 0.583159
vt 0.275718 0.506378
vt 0.285276 0.566960
vt 0.426215 0.589588
vt 0.275851 0.512761
vt 0.286093 0.561170
vt 0.276070 0.518988
vt 0.286868 0.555693
vt 0.276375 0.525000
vt 0.287593 0.550582
vt 0.276761 0.530737
vt 0.288263 0.545885
vt 0.277225 0.536145
vt 0.278370 0.452072
vt 0.277763 0.457110
vt 0.277763 0.541172
vt 0.277225 0.462528
vt 0.265602 0.545678
vt 0.278370 0.545769
vt 0.276761 0.468274
vt 0.420608 0.548939
vt 0.421277 0.553841
vt 0.276375 0.474292
vt 0.422003 0.559134
vt 0.276070 0.480524
vt 0.422778 0.564768
vt 0.275851 0.486910
vt 0.282656 0.585637
vt 0.423594 0.570689
vt 0.294041 0.506378
vt 0.293908 0.512761
vt 0.278231 0.566960
vt 0.277414 0.561170
vt 0.428020 0.589588
vt 0.293689 0.518988
vt 0.276639 0.555693
vt 0.293384 0.525000
vt 0.275913 0.550582
vt 0.292998 0.530737
vt 0.275244 0.545885
vt 0.292534 0.536145
vt 0.291389 0.452072
vt 0.291995 0.457110
vt 0.291995 0.541172
vt 0.292534 0.462528
vt 0.291389 0.545769
vt 0.292998 0.468274
vt 0.433627 0.548939
vt 0.432957 0.553841
vt 0.293384 0.474292
vt 0.432232 0.559134
vt 0.293689 0.480524
vt 0.431457 0.564768
vt 0.293908 0.486910
vt 0.280851 0.585637
vt 0.430640 0.570689
vt 0.294041 0.493390
vt 0.279957 0.579253
vt 0.429789 0.576839
vt 0.294085 0.499900
vt 0.279081 0.573007
vt 0.428913 0.583159
vt 0.310968 0.518865
vt 0.310067 0.524881
vt 0.266607 0.557102
vt 0.264458 0.552191
vt 0.308923 0.530624
vt 0.262476 0.547679
vt 0.307548 0.536038
vt 0.304157 0.451982
vt 0.305954 0.457011
vt 0.305954 0.541072
vt 0.307548 0.462421
vt 0.304157 0.545678
vt 0.308923 0.468160
vt 0.446395 0.550733
vt 0.444413 0.555450
vt 0.310067 0.474173
vt 0.442264 0.560543
vt 0.310968 0.480401
vt 0.439969 0.565964
vt 0.311619 0.486784
vt 0.279081 0.585886
vt 0.437550 0.571660
vt 0.312011 0.493262
vt 0.276435 0.579747
vt 0.435031 0.577575
vt 0.312142 0.499772
vt 0.273839 0.573743
vt 0.432436 0.583654
vt 0.312011 0.506250
vt 0.271320 0.567930
vt 0.429789 0.589837
vt 0.311619 0.512635
vt 0.268902 0.562366
vt 0.323924 0.530401
vt 0.321691 0.535828
vt 0.316185 0.451803
vt 0.319103 0.456816
vt 0.319103 0.540877
vt 0.321691 0.462212
vt 0.448192 0.546437
vt 0.461340 0.550283
vt 0.458423 0.554251
vt 0.323924 0.467938
vt 0.455204 0.558606
vt 0.325782 0.473940
vt 0.451714 0.563308
vt 0.327246 0.480160
vt 0.447987 0.568309
vt 0.328301 0.486537
vt 0.277414 0.586373
vt 0.444060 0.573563
vt 0.328939 0.493011
vt 0.273116 0.580718
vt 0.439969 0.579019
vt 0.329152 0.499519
vt 0.268902 0.575187
vt 0.435754 0.584624
vt 0.328939 0.505999
vt 0.264811 0.569834
vt 0.431457 0.590324
vt 0.328301 0.512388
vt 0.260883 0.564711
vt 0.327246 0.518624
vt 0.257157 0.559866
vt 0.325782 0.524648
vt 0.253667 0.555347
vt 0.250448 0.551197
vt 0.473174 0.555866
vt 0.469247 0.559358
vt 0.334419 0.461907
vt 0.337425 0.467615
vt 0.464915 0.563189
vt 0.339925 0.473602
vt 0.460219 0.567320
vt 0.341895 0.479809
vt 0.455204 0.571714
vt 0.343316 0.486178
vt 0.275913 0.587081
vt 0.449918 0.576328
vt 0.344173 0.492647
vt 0.270130 0.582127
vt 0.444413 0.581116
vt 0.344460 0.499153
vt 0.264458 0.577284
vt 0.438741 0.586033
vt 0.344173 0.505635
vt 0.258953 0.572599
vt 0.432957 0.591032
vt 0.343316 0.512029
vt 0.253667 0.568116
vt 0.341895 0.518274
vt 0.248652 0.563879
vt 0.339925 0.524310
vt 0.243956 0.559929
vt 0.337425 0.530078
vt 0.239623 0.556304
vt 0.334419 0.535524
vt 0.247530 0.547455
vt 0.235697 0.553039
vt 0.330936 0.540595
vt 0.330936 0.456533
vt 0.473174 0.569021
vt 0.467451 0.572428
vt 0.351953 0.473171
vt 0.354353 0.479364
vt 0.461340 0.576048
vt 0.356084 0.485721
vt 0.274637 0.587982
vt 0.454900 0.579846
vt 0.357129 0.492183
vt 0.267590 0.583921
vt 0.448192 0.583785
vt 0.357479 0.498688
vt 0.260679 0.579953
vt 0.441281 0.587827
vt 0.357644 0.410488
vt 0.357644 0.403982
vt 0.370683 0.403690
vt 0.370620 0.410198
vt 0.253971 0.576117
vt 0.434233 0.591933
vt 0.358342 0.416962
vt 0.371130 0.416676
vt 0.247530 0.572449
vt 0.359730 0.423341
vt 0.372208 0.423062
vt 0.241419 0.568987
vt 0.361797 0.429563
vt 0.373844 0.429293
vt 0.235697 0.565761
vt 0.364522 0.435568
vt 0.376021 0.435311
vt 0.230418 0.562804
vt 0.367878 0.441300
vt 0.378719 0.441057
vt 0.225633 0.560145
vt 0.476657 0.552747
vt 0.487482 0.560391
vt 0.483238 0.562973
vt 0.341000 0.456173
vt 0.345244 0.461520
vt 0.478453 0.565859
vt 0.348907 0.467204
vt 0.466162 0.581144
vt 0.458814 0.583982
vt 0.371318 0.397215
vt 0.372519 0.390835
vt 0.387547 0.390677
vt 0.386566 0.397055
vt 0.273635 0.589042
vt 0.265594 0.586030
vt 0.451161 0.586923
vt 0.386005 0.403529
vt 0.257710 0.583091
vt 0.443276 0.589936
vt 0.385869 0.410038
vt 0.250056 0.580253
vt 0.435236 0.592993
vt 0.386158 0.416518
vt 0.242708 0.577545
vt 0.386871 0.422908
vt 0.235736 0.574992
vt 0.388000 0.429145
vt 0.229208 0.572619
vt 0.389534 0.435169
vt 0.223185 0.570448
vt 0.391459 0.440923
vt 0.217726 0.568501
vt 0.381912 0.446476
vt 0.393757 0.446351
vt 0.382674 0.367467
vt 0.386429 0.362445
vt 0.398273 0.362320
vt 0.395415 0.367333
vt 0.491144 0.571329
vt 0.485686 0.573503
vt 0.379377 0.372870
vt 0.392890 0.372728
vt 0.479663 0.575878
vt 0.376568 0.378604
vt 0.390724 0.378455
vt 0.473134 0.578434
vt 0.374275 0.384611
vt 0.388937 0.384457
vt 0.453206 0.590409
vt 0.444651 0.592279
vt 0.403022 0.403504
vt 0.402804 0.410013
vt 0.255664 0.586577
vt 0.247360 0.584850
vt 0.435926 0.594170
vt 0.402848 0.416494
vt 0.239387 0.583207
vt 0.403155 0.422884
vt 0.231822 0.581665
vt 0.403722 0.429122
vt 0.224738 0.580239
vt 0.404542 0.435148
vt 0.218203 0.578942
vt 0.405609 0.440903
vt 0.212280 0.577786
vt 0.406911 0.446333
vt 0.411427 0.362301
vt 0.409564 0.367313
vt 0.396404 0.451402
vt 0.408437 0.451384
vt 0.407898 0.372707
vt 0.490668 0.581996
vt 0.484133 0.583498
vt 0.406446 0.378432
vt 0.477049 0.585107
vt 0.405222 0.384433
vt 0.469484 0.586806
vt 0.404237 0.390653
vt 0.272944 0.590219
vt 0.461511 0.588579
vt 0.403502 0.397030
vt 0.264220 0.588373
vt 0.436279 0.595420
vt 0.420559 0.416605
vt 0.420435 0.422992
vt 0.237694 0.589218
vt 0.229827 0.588750
vt 0.420405 0.429226
vt 0.222459 0.588328
vt 0.420468 0.435247
vt 0.215663 0.587958
vt 0.420623 0.440997
vt 0.413471 0.357721
vt 0.426240 0.357801
vt 0.425386 0.362389
vt 0.420870 0.446420
vt 0.424578 0.367407
vt 0.421206 0.451464
vt 0.423824 0.372806
vt 0.493208 0.591012
vt 0.486411 0.591588
vt 0.423129 0.378536
vt 0.479044 0.592191
vt 0.422502 0.384541
vt 0.471177 0.592817
vt 0.421948 0.390763
vt 0.272592 0.591469
vt 0.462885 0.593459
vt 0.421472 0.397143
vt 0.263519 0.590860
vt 0.454249 0.594111
vt 0.421080 0.403618
vt 0.254622 0.590279
vt 0.445352 0.594767
vt 0.420775 0.410126
vt 0.245986 0.589730
vt 0.437408 0.429454
vt 0.436699 0.435464
vt 0.222459 0.596576
vt 0.215663 0.597151
vt 0.435926 0.441202
vt 0.439254 0.357976
vt 0.439613 0.362579
vt 0.435097 0.446610
vt 0.439881 0.367611
vt 0.434220 0.451638
vt 0.440055 0.373024
vt 0.493208 0.600206
vt 0.486411 0.599835
vt 0.440133 0.378764
vt 0.479044 0.599414
vt 0.440114 0.384777
vt 0.471177 0.598945
vt 0.439999 0.391005
vt 0.272592 0.592744
vt 0.462885 0.598434
vt 0.439788 0.397388
vt 0.263519 0.593397
vt 0.454249 0.597885
vt 0.439485 0.403864
vt 0.254622 0.594053
vt 0.445352 0.597303
vt 0.439091 0.410371
vt 0.245986 0.594705
vt 0.436279 0.596694
vt 0.438610 0.416846
vt 0.237694 0.595347
vt 0.438047 0.423228
vt 0.229827 0.595973
vt 0.450929 0.441509
vt 0.449045 0.446896
vt 0.453562 0.362865
vt 0.454884 0.367919
vt 0.446979 0.451900
vt 0.455968 0.373350
vt 0.490668 0.609222
vt 0.484133 0.607925
vt 0.456803 0.379106
vt 0.477049 0.606498
vt 0.457381 0.385131
vt 0.469484 0.604956
vt 0.457696 0.391368
vt 0.272944 0.593993
vt 0.461511 0.603314
vt 0.457746 0.397756
vt 0.264220 0.595885
vt 0.453206 0.601586
vt 0.457529 0.404234
vt 0.255664 0.597754
vt 0.444651 0.599791
vt 0.457048 0.410739
vt 0.247360 0.599585
vt 0.435926 0.597944
vt 0.456307 0.417209
vt 0.239387 0.601358
vt 0.455314 0.423582
vt 0.231822 0.603057
vt 0.454079 0.429796
vt 0.224738 0.604665
vt 0.452612 0.435791
vt 0.218203 0.606168
vt 0.452013 0.358237
vt 0.485686 0.617715
vt 0.479663 0.615545
vt 0.470952 0.373773
vt 0.472500 0.379549
vt 0.473134 0.613171
vt 0.473640 0.385590
vt 0.466162 0.610618
vt 0.474360 0.391838
vt 0.273635 0.595171
vt 0.458814 0.607910
vt 0.474654 0.398233
vt 0.265594 0.598228
vt 0.451161 0.605073
vt 0.474519 0.404713
vt 0.257710 0.601241
vt 0.443276 0.602134
vt 0.473956 0.411216
vt 0.250056 0.604181
vt 0.435236 0.599122
vt 0.472971 0.417680
vt 0.242708 0.607020
vt 0.471573 0.424041
vt 0.235736 0.609730
vt 0.469776 0.430239
vt 0.229208 0.612285
vt 0.467596 0.436214
vt 0.223185 0.614661
vt 0.465056 0.441908
vt 0.212280 0.607550
vt 0.217726 0.616835
vt 0.462179 0.447267
vt 0.466695 0.363236
vt 0.469011 0.368318
vt 0.458993 0.452239
vt 0.467452 0.619177
vt 0.461341 0.615714
vt 0.488265 0.386136
vt 0.489349 0.392398
vt 0.274637 0.596230
vt 0.454900 0.612047
vt 0.489863 0.398801
vt 0.267590 0.600337
vt 0.448192 0.608211
vt 0.489802 0.405284
vt 0.260679 0.604379
vt 0.441281 0.604243
vt 0.489166 0.411784
vt 0.253971 0.608318
vt 0.434233 0.600181
vt 0.487960 0.418239
vt 0.247530 0.612116
vt 0.486198 0.424587
vt 0.241419 0.615736
vt 0.483895 0.430766
vt 0.235697 0.619143
vt 0.481075 0.436717
vt 0.230418 0.622305
vt 0.477763 0.442382
vt 0.225633 0.625191
vt 0.473993 0.447708
vt 0.478509 0.363677
vt 0.481718 0.368792
vt 0.491144 0.619663
vt 0.483238 0.628019
vt 0.478453 0.625359
vt 0.484431 0.374276
vt 0.473174 0.622402
vt 0.486620 0.380076
vt 0.275913 0.597131
vt 0.270130 0.602130
vt 0.449918 0.615565
vt 0.444413 0.610880
vt 0.212280 0.404803
vt 0.212629 0.398319
vt 0.225585 0.397855
vt 0.225298 0.404337
vt 0.264458 0.607048
vt 0.438741 0.606036
vt 0.212629 0.411307
vt 0.225585 0.410843
vt 0.258953 0.611836
vt 0.432957 0.601082
vt 0.213675 0.417769
vt 0.226443 0.417312
vt 0.253667 0.616449
vt 0.215406 0.424127
vt 0.227864 0.423681
vt 0.248652 0.620843
vt 0.498628 0.425199
vt 0.495896 0.431357
vt 0.243956 0.624975
vt 0.492530 0.437281
vt 0.239623 0.628805
vt 0.488563 0.442914
vt 0.235697 0.632297
vt 0.228759 0.447317
vt 0.224515 0.441970
vt 0.235340 0.441583
vt 0.238823 0.446957
vt 0.221389 0.627773
vt 0.232214 0.635417
vt 0.473174 0.635125
vt 0.469247 0.631860
vt 0.492518 0.369324
vt 0.495886 0.374840
vt 0.464915 0.628234
vt 0.498620 0.380667
vt 0.460219 0.624285
vt 0.215406 0.385662
vt 0.217806 0.379611
vt 0.229834 0.379180
vt 0.227864 0.385216
vt 0.455204 0.620048
vt 0.213675 0.391918
vt 0.226443 0.391461
vt 0.268902 0.609144
vt 0.264811 0.614600
vt 0.435754 0.607446
vt 0.431457 0.601790
vt 0.240820 0.410479
vt 0.241457 0.416953
vt 0.260883 0.619854
vt 0.242513 0.423331
vt 0.257157 0.624856
vt 0.229834 0.429889
vt 0.243977 0.429550
vt 0.253667 0.629557
vt 0.232334 0.435875
vt 0.245834 0.435552
vt 0.250448 0.633913
vt 0.248068 0.441279
vt 0.247530 0.637881
vt 0.250656 0.446674
vt 0.235340 0.367966
vt 0.238823 0.362896
vt 0.250656 0.362613
vt 0.248068 0.367662
vt 0.461341 0.640709
vt 0.458423 0.636967
vt 0.232334 0.373412
vt 0.245834 0.373089
vt 0.455204 0.632817
vt 0.243977 0.378842
vt 0.451714 0.628297
vt 0.242513 0.384866
vt 0.447987 0.623453
vt 0.241457 0.391102
vt 0.277414 0.597839
vt 0.444060 0.618329
vt 0.240820 0.397491
vt 0.273116 0.603539
vt 0.439969 0.612976
vt 0.240607 0.403971
vt 0.268902 0.622200
vt 0.266607 0.627620
vt 0.258790 0.423089
vt 0.259692 0.429318
vt 0.264458 0.632714
vt 0.260836 0.435330
vt 0.262476 0.637431
vt 0.262211 0.441069
vt 0.260679 0.641727
vt 0.263805 0.446479
vt 0.263805 0.362418
vt 0.262211 0.367452
vt 0.253574 0.451687
vt 0.265602 0.451509
vt 0.260836 0.372867
vt 0.446395 0.640485
vt 0.444413 0.635973
vt 0.259692 0.378609
vt 0.442264 0.631061
vt 0.258790 0.384625
vt 0.439969 0.625798
vt 0.258140 0.390855
vt 0.279081 0.598327
vt 0.437550 0.620233
vt 0.257748 0.397240
vt 0.276435 0.604510
vt 0.435031 0.614421
vt 0.257616 0.403719
vt 0.273839 0.610589
vt 0.432436 0.608416
vt 0.257748 0.410228
vt 0.271320 0.616504
vt 0.429789 0.602278
vt 0.258140 0.416706
vt 0.275913 0.634323
vt 0.275244 0.639224
vt 0.276761 0.435217
vt 0.277225 0.440962
vt 0.265602 0.357812
vt 0.278370 0.357721
vt 0.277763 0.362319
vt 0.277763 0.446380
vt 0.277225 0.367345
vt 0.278370 0.451418
vt 0.276761 0.372753
vt 0.433627 0.642279
vt 0.432957 0.637582
vt 0.276375 0.378491
vt 0.432232 0.632471
vt 0.276070 0.384502
vt 0.431457 0.626994
vt 0.275851 0.390729
vt 0.280851 0.598576
vt 0.430640 0.621204
vt 0.275718 0.397112
vt 0.279957 0.605005
vt 0.429789 0.615157
vt 0.275674 0.403590
vt 0.279081 0.611325
vt 0.428913 0.608911
vt 0.275718 0.410100
vt 0.278231 0.617475
vt 0.428020 0.602527
vt 0.275851 0.416580
vt 0.277414 0.623395
vt 0.276070 0.422967
vt 0.276639 0.629029
vt 0.276375 0.429199
vt 0.291995 0.362319
vt 0.292534 0.367345
vt 0.291995 0.446380
vt 0.291389 0.451418
vt 0.292998 0.372753
vt 0.420608 0.642279
vt 0.421277 0.637582
vt 0.293384 0.378491
vt 0.422003 0.632471
vt 0.293689 0.384502
vt 0.422778 0.626994
vt 0.293908 0.390729
vt 0.282656 0.598576
vt 0.423594 0.621204
vt 0.294041 0.397112
vt 0.283549 0.605005
vt 0.424445 0.615157
vt 0.294085 0.403590
vt 0.284426 0.611325
vt 0.425321 0.608911
vt 0.294041 0.410100
vt 0.285276 0.617475
vt 0.426215 0.602527
vt 0.293908 0.416580
vt 0.286093 0.623395
vt 0.293689 0.422967
vt 0.286868 0.629029
vt 0.293384 0.429199
vt 0.287593 0.634323
vt 0.292998 0.435217
vt 0.288263 0.639224
vt 0.292534 0.440962
vt 0.291389 0.357721
vt 0.308923 0.372867
vt 0.310067 0.378609
vt 0.409822 0.635973
vt 0.411971 0.631061
vt 0.310969 0.384625
vt 0.414266 0.625798
vt 0.311619 0.390855
vt 0.284426 0.598327
vt 0.416684 0.620233
vt 0.312011 0.397240
vt 0.287072 0.604510
vt 0.419203 0.614421
vt 0.312142 0.403719
vt 0.289667 0.610589
vt 0.421799 0.608416
vt 0.312011 0.410228
vt 0.292186 0.616504
vt 0.424445 0.602278
vt 0.311619 0.416706
vt 0.294605 0.622200
vt 0.310969 0.423089
vt 0.296900 0.627620
vt 0.310067 0.429318
vt 0.299049 0.632714
vt 0.308923 0.435330
vt 0.301031 0.637431
vt 0.307548 0.441069
vt 0.304157 0.357812
vt 0.305954 0.362418
vt 0.305954 0.446479
vt 0.307548 0.367452
vt 0.304157 0.451509
vt 0.407839 0.640485
vt 0.327246 0.384866
vt 0.328301 0.391102
vt 0.286093 0.597839
vt 0.406247 0.623453
vt 0.410175 0.618329
vt 0.328939 0.397491
vt 0.290391 0.603539
vt 0.414266 0.612976
vt 0.329152 0.403971
vt 0.294605 0.609144
vt 0.418480 0.607446
vt 0.328939 0.410479
vt 0.298696 0.614600
vt 0.422778 0.601790
vt 0.328301 0.416953
vt 0.302623 0.619854
vt 0.327246 0.423331
vt 0.306350 0.624856
vt 0.325782 0.429550
vt 0.309840 0.629557
vt 0.323924 0.435552
vt 0.313059 0.633913
vt 0.321691 0.441279
vt 0.302828 0.641727
vt 0.315977 0.637881
vt 0.319103 0.446674
vt 0.319103 0.362613
vt 0.321691 0.367662
vt 0.316185 0.451687
vt 0.323924 0.373089
vt 0.395812 0.636967
vt 0.399031 0.632817
vt 0.325782 0.378842
vt 0.402521 0.628297
vt 0.344174 0.397855
vt 0.344460 0.404337
vt 0.293377 0.602130
vt 0.299049 0.607048
vt 0.409822 0.610880
vt 0.415494 0.606036
vt 0.344174 0.410843
vt 0.304554 0.611836
vt 0.421277 0.601082
vt 0.343316 0.417312
vt 0.309840 0.616449
vt 0.341895 0.423681
vt 0.314855 0.620843
vt 0.339925 0.429889
vt 0.319551 0.624975
vt 0.337425 0.435875
vt 0.323884 0.628806
vt 0.334419 0.441583
vt 0.327810 0.632297
vt 0.330936 0.446957
vt 0.330936 0.362896
vt 0.334419 0.367966
vt 0.392894 0.640708
vt 0.381061 0.635125
vt 0.384987 0.631859
vt 0.337425 0.373412
vt 0.389319 0.628234
vt 0.339925 0.379180
vt 0.394016 0.624284
vt 0.341895 0.385216
vt 0.399031 0.620048
vt 0.343316 0.391461
vt 0.287593 0.597131
vt 0.404317 0.615565
vt 0.357130 0.411307
vt 0.356084 0.417769
vt 0.309536 0.608318
vt 0.315977 0.612116
vt 0.420001 0.600181
vt 0.354353 0.424127
vt 0.322088 0.615736
vt 0.351953 0.430319
vt 0.327810 0.619143
vt 0.348907 0.436286
vt 0.333089 0.622305
vt 0.345244 0.441970
vt 0.337874 0.625191
vt 0.341000 0.447317
vt 0.331293 0.635417
vt 0.342118 0.627773
vt 0.370997 0.628019
vt 0.375782 0.625359
vt 0.366216 0.467756
vt 0.369879 0.462072
vt 0.380704 0.462459
vt 0.377698 0.468167
vt 0.381061 0.622402
vt 0.363170 0.473723
vt 0.375198 0.474154
vt 0.386783 0.619177
vt 0.360770 0.479915
vt 0.373228 0.480361
vt 0.392894 0.615714
vt 0.359039 0.486273
vt 0.371807 0.486730
vt 0.288869 0.596230
vt 0.399335 0.612047
vt 0.357993 0.492735
vt 0.370949 0.493199
vt 0.295917 0.600337
vt 0.406043 0.608211
vt 0.357644 0.499240
vt 0.370662 0.499705
vt 0.302828 0.604379
vt 0.412954 0.604243
vt 0.357479 0.404803
vt 0.375198 0.524862
vt 0.373228 0.518826
vt 0.387877 0.519176
vt 0.389341 0.525200
vt 0.327770 0.609730
vt 0.334299 0.612285
vt 0.377698 0.530630
vt 0.391198 0.530953
vt 0.340322 0.614661
vt 0.380704 0.536076
vt 0.393432 0.536380
vt 0.345781 0.616835
vt 0.384187 0.541146
vt 0.396020 0.541429
vt 0.384187 0.457085
vt 0.396020 0.457368
vt 0.393432 0.462764
vt 0.363090 0.619662
vt 0.368549 0.617715
vt 0.391198 0.468490
vt 0.374572 0.615544
vt 0.389341 0.474492
vt 0.381100 0.613171
vt 0.387877 0.480711
vt 0.388072 0.610618
vt 0.386821 0.487089
vt 0.289872 0.595171
vt 0.395420 0.607910
vt 0.386184 0.493563
vt 0.297912 0.598228
vt 0.403073 0.605073
vt 0.385971 0.500071
vt 0.305797 0.601241
vt 0.410958 0.602134
vt 0.370949 0.506187
vt 0.386184 0.506551
vt 0.313450 0.604181
vt 0.418999 0.599122
vt 0.371807 0.512581
vt 0.386821 0.512940
vt 0.320798 0.607020
vt 0.406200 0.531175
vt 0.407575 0.536590
vt 0.398938 0.452355
vt 0.410965 0.452533
vt 0.409169 0.457563
vt 0.409169 0.541624
vt 0.407575 0.462973
vt 0.357644 0.610377
vt 0.363567 0.609222
vt 0.406200 0.468712
vt 0.370102 0.607925
vt 0.405056 0.474725
vt 0.377186 0.606498
vt 0.404154 0.480953
vt 0.384751 0.604956
vt 0.403504 0.487336
vt 0.290563 0.593993
vt 0.392724 0.603314
vt 0.403112 0.493814
vt 0.299287 0.595885
vt 0.401028 0.601586
vt 0.402980 0.500323
vt 0.307842 0.597754
vt 0.409584 0.599791
vt 0.403112 0.506802
vt 0.316147 0.599585
vt 0.418308 0.597944
vt 0.403504 0.513187
vt 0.324120 0.601358
vt 0.404154 0.519417
vt 0.331685 0.603057
vt 0.405056 0.525433
vt 0.338769 0.604665
vt 0.345304 0.606168
vt 0.410965 0.546230
vt 0.423127 0.541724
vt 0.423734 0.546321
vt 0.422589 0.463080
vt 0.422125 0.468826
vt 0.361027 0.600205
vt 0.367823 0.599835
vt 0.421738 0.474843
vt 0.375190 0.599414
vt 0.421434 0.481076
vt 0.383058 0.598945
vt 0.421215 0.487462
vt 0.290915 0.592744
vt 0.391349 0.598434
vt 0.421082 0.493942
vt 0.299988 0.593397
vt 0.399986 0.597885
vt 0.421038 0.500452
vt 0.308885 0.594053
vt 0.408883 0.597303
vt 0.421082 0.506930
vt 0.317521 0.594705
vt 0.417956 0.596694
vt 0.421215 0.513313
vt 0.325813 0.595347
vt 0.421434 0.519540
vt 0.333680 0.595973
vt 0.421738 0.525552
vt 0.341047 0.596576
vt 0.422125 0.531289
vt 0.347844 0.597151
vt 0.422589 0.536697
vt 0.423734 0.452624
vt 0.423127 0.457662
vt 0.438748 0.525552
vt 0.438362 0.531289
vt 0.341047 0.588328
vt 0.347844 0.587958
vt 0.437897 0.536697
vt 0.436753 0.452624
vt 0.437359 0.457662
vt 0.437359 0.541724
vt 0.437897 0.463080
vt 0.436753 0.546321
vt 0.438362 0.468826
vt 0.361027 0.591012
vt 0.367823 0.591587
vt 0.438748 0.474843
vt 0.375190 0.592191
vt 0.439053 0.481076
vt 0.383058 0.592817
vt 0.439272 0.487462
vt 0.290915 0.591469
vt 0.391349 0.593459
vt 0.439405 0.493942
vt 0.299988 0.590861
vt 0.399986 0.594111
vt 0.439449 0.500452
vt 0.308885 0.590279
vt 0.408883 0.594767
vt 0.439405 0.506930
vt 0.317521 0.589730
vt 0.417956 0.595420
vt 0.439272 0.513313
vt 0.325813 0.589218
vt 0.439053 0.519540
vt 0.333680 0.588750
vt 0.452912 0.536590
vt 0.451318 0.541624
vt 0.451318 0.457563
vt 0.452912 0.462973
vt 0.449521 0.546230
vt 0.454287 0.468712
vt 0.363567 0.581996
vt 0.370102 0.583498
vt 0.455431 0.474725
vt 0.377186 0.585107
vt 0.456332 0.480953
vt 0.384751 0.586806
vt 0.456982 0.487336
vt 0.290563 0.590219
vt 0.392724 0.588579
vt 0.457375 0.493814
vt 0.299287 0.588373
vt 0.401028 0.590409
vt 0.457506 0.500323
vt 0.307842 0.586577
vt 0.409584 0.592279
vt 0.457375 0.506802
vt 0.316147 0.584850
vt 0.418308 0.594170
vt 0.456982 0.513187
vt 0.324120 0.583207
vt 0.456332 0.519417
vt 0.331685 0.581666
vt 0.455431 0.525433
vt 0.338769 0.580239
vt 0.454287 0.531175
vt 0.345304 0.578942
vt 0.449521 0.452533
vt 0.368549 0.573502
vt 0.374572 0.575878
vt 0.469288 0.468490
vt 0.471146 0.474492
vt 0.381100 0.578434
vt 0.472610 0.480711
vt 0.388072 0.581144
vt 0.473665 0.487089
vt 0.289872 0.589042
vt 0.395420 0.583982
vt 0.474303 0.493563
vt 0.297912 0.586030
vt 0.403073 0.586923
vt 0.474516 0.500071
vt 0.305797 0.583091
vt 0.410958 0.589936
vt 0.474303 0.506551
vt 0.313450 0.580253
vt 0.418999 0.592993
vt 0.473665 0.512940
vt 0.320798 0.577545
vt 0.472610 0.519176
vt 0.327770 0.574992
vt 0.471146 0.525200
vt 0.334299 0.572619
vt 0.469288 0.530953
vt 0.340322 0.570448
vt 0.467055 0.536380
vt 0.461549 0.452355
vt 0.464467 0.457368
vt 0.464467 0.541429
vt 0.467055 0.462764
vt 0.357644 0.580614
vt 0.363090 0.571329
vt 0.386783 0.572428
vt 0.392894 0.576048
vt 0.487259 0.480361
vt 0.488679 0.486730
vt 0.288869 0.587982
vt 0.399335 0.579846
vt 0.489537 0.493199
vt 0.295917 0.583921
vt 0.406043 0.583785
vt 0.489824 0.499705
vt 0.302828 0.579953
vt 0.412954 0.587827
vt 0.489537 0.506187
vt 0.309536 0.576117
vt 0.420001 0.591933
vt 0.488679 0.512581
vt 0.315977 0.572450
vt 0.487259 0.518826
vt 0.322088 0.568987
vt 0.485289 0.524862
vt 0.327810 0.565761
vt 0.482789 0.530630
vt 0.333089 0.562805
vt 0.479783 0.536076
vt 0.345781 0.568501
vt 0.337874 0.560145
vt 0.476300 0.541146
vt 0.476300 0.457085
vt 0.479783 0.462459
vt 0.370997 0.562973
vt 0.375782 0.565859
vt 0.482789 0.468167
vt 0.381061 0.569021
vt 0.485289 0.474154
vt 0.287593 0.587081
vt 0.293377 0.582127
vt 0.404317 0.576328
vt 0.409822 0.581116
vt 0.212280 0.498688
vt 0.212629 0.492183
vt 0.225585 0.492647
vt 0.225298 0.499153
vt 0.299049 0.577284
vt 0.415494 0.586033
vt 0.212629 0.505171
vt 0.225585 0.505635
vt 0.304554 0.572599
vt 0.421277 0.591032
vt 0.213675 0.511572
vt 0.226443 0.512029
vt 0.309840 0.568116
vt 0.215406 0.517828
vt 0.227864 0.518274
vt 0.314855 0.563879
vt 0.217806 0.523879
vt 0.229834 0.524310
vt 0.319551 0.559929
vt 0.497317 0.524431
vt 0.494271 0.530219
vt 0.323884 0.556304
vt 0.224515 0.535137
vt 0.220852 0.529668
vt 0.232334 0.530078
vt 0.235340 0.535524
vt 0.327810 0.553039
vt 0.366753 0.560390
vt 0.377577 0.552747
vt 0.381060 0.555866
vt 0.224515 0.461520
vt 0.228759 0.456173
vt 0.238823 0.456533
vt 0.235340 0.461907
vt 0.384987 0.559358
vt 0.220852 0.467204
vt 0.232334 0.467615
vt 0.389319 0.563188
vt 0.494271 0.467756
vt 0.497317 0.473723
vt 0.394016 0.567320
vt 0.215406 0.479364
vt 0.217806 0.473171
vt 0.229834 0.473602
vt 0.227864 0.479809
vt 0.399031 0.571714
vt 0.213675 0.485721
vt 0.226443 0.486178
vt 0.315977 0.547455
vt 0.238823 0.540595
s 1
usemtl Hydrogen.002
f 2980/2295/2974 1995/2296/1989 2017/2297/2011 2018/2298/2012
f 2004/2299/1998 2003/2300/1997 2031/2301/2025 2032/2302/2026
f 1996/2303/1990 2980/2304/2974 2018/2305/2012 2019/2306/2013
f 2005/2307/1999 2004/2299/1998 2032/2302/2026 2033/2308/2027
f 2981/2309/2975 1996/2303/1990 2019/2306/2013 2020/2310/2014
f 2986/2311/2980 2005/2312/1999 2033/2313/2027 2034/2314/2028
f 2982/2315/2976 2981/2309/2975 2020/2310/2014 2021/2316/2015
f 2006/2317/2000 2986/2311/2980 2034/2314/2028 2035/2318/2029
f 1997/2319/1991 2982/2315/2976 2021/2316/2015 2022/2320/2016
f 2007/2321/2001 2006/2317/2000 2035/2318/2029 2036/2322/2030
f 1998/2323/1992 1997/2319/1991 2022/2320/2016 2023/2324/2017
f 2008/2325/2002 2007/2321/2001 2036/2322/2030 2037/2326/2031
f 1999/2327/1993 1998/2323/1992 2023/2324/2017 2024/2328/2018
f 2974/2329/2968 2508/2330/2502 2011/2331/2005
f 2987/2332/2981 2008/2325/2002 2037/2326/2031 2038/2333/2032
f 2000/2334/1994 1999/2327/1993 2024/2328/2018 2025/2335/2019
f 2975/2336/2969 2974/2329/2968 2011/2331/2005 2012/2337/2006
f 2988/2338/2982 2987/2332/2981 2038/2333/2032 2039/2339/2033
f 2983/2340/2977 2000/2334/1994 2025/2335/2019 2026/2341/2020
f 2976/2342/2970 2975/2336/2969 2012/2337/2006 2013/2343/2007
f 2009/2344/2003 2988/2338/2982 2039/2339/2033 2040/2345/2034
f 2001/2346/1995 2983/2340/2977 2026/2341/2020 2027/2347/2021
f 2977/2348/2971 2976/2342/2970 2013/2343/2007 2014/2349/2008
f 2010/2350/2004 2009/2344/2003 2040/2345/2034 2041/2351/2035
f 2002/2352/1996 2001/2346/1995 2027/2347/2021 2028/2353/2022
f 2978/2354/2972 2977/2348/2971 2014/2349/2008 2015/2355/2009
f 2507/2356/2501 2010/2350/2004 2041/2351/2035
f 2984/2357/2978 2002/2352/1996 2028/2353/2022 2029/2358/2023
f 2979/2359/2973 2978/2354/2972 2015/2355/2009 2016/2360/2010
f 2985/2361/2979 2984/2357/2978 2029/2358/2023 2030/2362/2024
f 1995/2296/1989 2979/2359/2973 2016/2360/2010 2017/2297/2011
f 2003/2300/1997 2985/2361/2979 2030/2362/2024 2031/2301/2025
f 2026/2341/2020 2025/2335/2019 2056/2363/2050 2057/2364/2051
f 2013/2343/2007 2012/2337/2006 2043/2365/2037 2044/2366/2038
f 2040/2345/2034 2039/2339/2033 2070/2367/2064 2071/2368/2065
f 2027/2347/2021 2026/2341/2020 2057/2364/2051 2058/2369/2052
f 2014/2349/2008 2013/2343/2007 2044/2366/2038 2045/2370/2039
f 2041/2351/2035 2040/2345/2034 2071/2368/2065 2072/2371/2066
f 2028/2353/2022 2027/2347/2021 2058/2369/2052 2059/2372/2053
f 2015/2355/2009 2014/2349/2008 2045/2370/2039 2046/2373/2040
f 2507/2356/2501 2041/2351/2035 2072/2371/2066
f 2029/2358/2023 2028/2353/2022 2059/2372/2053 2060/2374/2054
f 2016/2360/2010 2015/2355/2009 2046/2373/2040 2047/2375/2041
f 2030/2362/2024 2029/2358/2023 2060/2374/2054 2061/2376/2055
f 2017/2297/2011 2016/2360/2010 2047/2375/2041 2048/2377/2042
f 2031/2301/2025 2030/2362/2024 2061/2376/2055 2062/2378/2056
f 2018/2298/2012 2017/2297/2011 2048/2377/2042 2049/2379/2043
f 2032/2302/2026 2031/2301/2025 2062/2378/2056 2063/2380/2057
f 2019/2306/2013 2018/2305/2012 2049/2381/2043 2050/2382/2044
f 2033/2308/2027 2032/2302/2026 2063/2380/2057 2064/2383/2058
f 2020/2310/2014 2019/2306/2013 2050/2382/2044 2051/2384/2045
f 2034/2385/2028 2033/2308/2027 2064/2383/2058 2065/2386/2059
f 2021/2316/2015 2020/2310/2014 2051/2384/2045 2052/2387/2046
f 2035/2318/2029 2034/2314/2028 2065/2388/2059 2066/2389/2060
f 2022/2320/2016 2021/2316/2015 2052/2387/2046 2053/2390/2047
f 2036/2322/2030 2035/2318/2029 2066/2389/2060 2067/2391/2061
f 2023/2324/2017 2022/2320/2016 2053/2390/2047 2054/2392/2048
f 2037/2326/2031 2036/2322/2030 2067/2391/2061 2068/2393/2062
f 2024/2328/2018 2023/2324/2017 2054/2392/2048 2055/2394/2049
f 2011/2331/2005 2508/2330/2502 2042/2395/2036
f 2038/2333/2032 2037/2326/2031 2068/2393/2062 2069/2396/2063
f 2025/2335/2019 2024/2328/2018 2055/2394/2049 2056/2363/2050
f 2012/2337/2006 2011/2331/2005 2042/2395/2036 2043/2365/2037
f 2039/2339/2033 2038/2333/2032 2069/2396/2063 2070/2367/2064
f 2059/2372/2053 2058/2369/2052 2089/2397/2083 2090/2398/2084
f 2046/2373/2040 2045/2370/2039 2076/2399/2070 2077/2400/2071
f 2507/2356/2501 2072/2371/2066 2103/2401/2097
f 2060/2374/2054 2059/2372/2053 2090/2398/2084 2091/2402/2085
f 2047/2375/2041 2046/2373/2040 2077/2400/2071 2078/2403/2072
f 2061/2376/2055 2060/2374/2054 2091/2402/2085 2092/2404/2086
f 2048/2377/2042 2047/2375/2041 2078/2403/2072 2079/2405/2073
f 2062/2378/2056 2061/2376/2055 2092/2404/2086 2093/2406/2087
f 2049/2379/2043 2048/2377/2042 2079/2405/2073 2080/2407/2074
f 2063/2380/2057 2062/2378/2056 2093/2406/2087 2094/2408/2088
f 2050/2382/2044 2049/2381/2043 2080/2409/2074 2081/2410/2075
f 2064/2383/2058 2063/2380/2057 2094/2408/2088 2095/2411/2089
f 2051/2384/2045 2050/2382/2044 2081/2410/2075 2082/2412/2076
f 2065/2386/2059 2064/2383/2058 2095/2411/2089 2096/2413/2090
f 2052/2387/2046 2051/2384/2045 2082/2412/2076 2083/2414/2077
f 2066/2389/2060 2065/2388/2059 2096/2415/2090 2097/2416/2091
f 2053/2390/2047 2052/2387/2046 2083/2414/2077 2084/2417/2078
f 2067/2391/2061 2066/2389/2060 2097/2416/2091 2098/2418/2092
f 2054/2392/2048 2053/2390/2047 2084/2417/2078 2085/2419/2079
f 2068/2393/2062 2067/2391/2061 2098/2418/2092 2099/2420/2093
f 2055/2394/2049 2054/2392/2048 2085/2419/2079 2086/2421/2080
f 2042/2395/2036 2508/2330/2502 2073/2422/2067
f 2069/2396/2063 2068/2393/2062 2099/2420/2093 2100/2423/2094
f 2056/2363/2050 2055/2394/2049 2086/2421/2080 2087/2424/2081
f 2043/2365/2037 2042/2395/2036 2073/2422/2067 2074/2425/2068
f 2070/2367/2064 2069/2396/2063 2100/2423/2094 2101/2426/2095
f 2057/2364/2051 2056/2363/2050 2087/2424/2081 2088/2427/2082
f 2044/2366/2038 2043/2365/2037 2074/2425/2068 2075/2428/2069
f 2071/2368/2065 2070/2367/2064 2101/2426/2095 2102/2429/2096
f 2058/2369/2052 2057/2364/2051 2088/2427/2082 2089/2397/2083
f 2045/2370/2039 2044/2366/2038 2075/2428/2069 2076/2399/2070
f 2072/2371/2066 2071/2368/2065 2102/2429/2096 2103/2401/2097
f 2092/2404/2086 2091/2402/2085 2122/2430/2116 2123/2431/2117
f 2079/2405/2073 2078/2403/2072 2109/2432/2103 2110/2433/2104
f 2093/2406/2087 2092/2404/2086 2123/2431/2117 2124/2434/2118
f 2080/2407/2074 2079/2405/2073 2110/2433/2104 2111/2435/2105
f 2094/2408/2088 2093/2406/2087 2124/2434/2118 2125/2436/2119
f 2081/2410/2075 2080/2409/2074 2111/2437/2105 2112/2438/2106
f 2095/2411/2089 2094/2408/2088 2125/2436/2119 2126/2439/2120
f 2082/2412/2076 2081/2410/2075 2112/2438/2106 2113/2440/2107
f 2096/2413/2090 2095/2411/2089 2126/2439/2120 2127/2441/2121
f 2083/2414/2077 2082/2412/2076 2113/2440/2107 2114/2442/2108
f 2097/2416/2091 2096/2415/2090 2127/2443/2121 2128/2444/2122
f 2084/2417/2078 2083/2414/2077 2114/2442/2108 2115/2445/2109
f 2098/2418/2092 2097/2416/2091 2128/2444/2122 2129/2446/2123
f 2085/2419/2079 2084/2417/2078 2115/2445/2109 2116/2447/2110
f 2099/2420/2093 2098/2418/2092 2129/2446/2123 2130/2448/2124
f 2086/2421/2080 2085/2419/2079 2116/2447/2110 2117/2449/2111
f 2073/2422/2067 2508/2330/2502 2104/2450/2098
f 2100/2423/2094 2099/2420/2093 2130/2448/2124 2131/2451/2125
f 2087/2424/2081 2086/2421/2080 2117/2449/2111 2118/2452/2112
f 2074/2425/2068 2073/2422/2067 2104/2450/2098 2105/2453/2099
f 2101/2426/2095 2100/2423/2094 2131/2451/2125 2132/2454/2126
f 2088/2427/2082 2087/2424/2081 2118/2452/2112 2119/2455/2113
f 2075/2428/2069 2074/2425/2068 2105/2453/2099 2106/2456/2100
f 2102/2429/2096 2101/2426/2095 2132/2454/2126 2133/2457/2127
f 2089/2397/2083 2088/2427/2082 2119/2455/2113 2120/2458/2114
f 2076/2399/2070 2075/2428/2069 2106/2456/2100 2107/2459/2101
f 2103/2401/2097 2102/2429/2096 2133/2457/2127 2134/2460/2128
f 2090/2398/2084 2089/2397/2083 2120/2458/2114 2121/2461/2115
f 2077/2400/2071 2076/2399/2070 2107/2459/2101 2108/2462/2102
f 2507/2356/2501 2103/2401/2097 2134/2460/2128
f 2091/2402/2085 2090/2398/2084 2121/2461/2115 2122/2430/2116
f 2078/2403/2072 2077/2400/2071 2108/2462/2102 2109/2432/2103
f 2125/2436/2119 2124/2434/2118 2155/2463/2149 2156/2464/2150
f 2112/2438/2106 2111/2437/2105 2142/2465/2136 2143/2466/2137
f 2126/2439/2120 2125/2436/2119 2156/2464/2150 2157/2467/2151
f 2113/2440/2107 2112/2438/2106 2143/2466/2137 2144/2468/2138
f 2127/2443/2121 2126/2469/2120 2157/2470/2151 2158/2471/2152
f 2114/2442/2108 2113/2440/2107 2144/2468/2138 2145/2472/2139
f 2128/2444/2122 2127/2443/2121 2158/2471/2152 2159/2473/2153
f 2115/2445/2109 2114/2442/2108 2145/2472/2139 2146/2474/2140
f 2129/2446/2123 2128/2444/2122 2159/2473/2153 2160/2475/2154
f 2116/2447/2110 2115/2445/2109 2146/2474/2140 2147/2476/2141
f 2130/2448/2124 2129/2446/2123 2160/2475/2154 2161/2477/2155
f 2117/2449/2111 2116/2447/2110 2147/2476/2141 2148/2478/2142
f 2104/2450/2098 2508/2330/2502 2135/2479/2129
f 2131/2451/2125 2130/2448/2124 2161/2477/2155 2162/2480/2156
f 2118/2452/2112 2117/2449/2111 2148/2478/2142 2149/2481/2143
f 2105/2453/2099 2104/2450/2098 2135/2479/2129 2136/2482/2130
f 2132/2454/2126 2131/2451/2125 2162/2480/2156 2163/2483/2157
f 2119/2455/2113 2118/2452/2112 2149/2481/2143 2150/2484/2144
f 2106/2456/2100 2105/2453/2099 2136/2482/2130 2137/2485/2131
f 2133/2457/2127 2132/2454/2126 2163/2483/2157 2164/2486/2158
f 2120/2458/2114 2119/2455/2113 2150/2484/2144 2151/2487/2145
f 2107/2459/2101 2106/2456/2100 2137/2485/2131 2138/2488/2132
f 2134/2460/2128 2133/2457/2127 2164/2486/2158 2165/2489/2159
f 2121/2461/2115 2120/2458/2114 2151/2487/2145 2152/2490/2146
f 2108/2462/2102 2107/2459/2101 2138/2488/2132 2139/2491/2133
f 2507/2356/2501 2134/2460/2128 2165/2489/2159
f 2122/2430/2116 2121/2461/2115 2152/2490/2146 2153/2492/2147
f 2109/2432/2103 2108/2462/2102 2139/2491/2133 2140/2493/2134
f 2123/2431/2117 2122/2430/2116 2153/2492/2147 2154/2494/2148
f 2110/2433/2104 2109/2432/2103 2140/2493/2134 2141/2495/2135
f 2124/2434/2118 2123/2431/2117 2154/2494/2148 2155/2463/2149
f 2111/2435/2105 2110/2433/2104 2141/2495/2135 2142/2496/2136
f 2158/2471/2152 2157/2470/2151 2188/2497/2182 2189/2498/2183
f 2145/2472/2139 2144/2468/2138 2175/2499/2169 2176/2500/2170
f 2159/2473/2153 2158/2471/2152 2189/2498/2183 2190/2501/2184
f 2146/2474/2140 2145/2472/2139 2176/2500/2170 2177/2502/2171
f 2160/2475/2154 2159/2473/2153 2190/2501/2184 2191/2503/2185
f 2147/2476/2141 2146/2474/2140 2177/2502/2171 2178/2504/2172
f 2161/2477/2155 2160/2475/2154 2191/2503/2185 2192/2505/2186
f 2148/2478/2142 2147/2476/2141 2178/2504/2172 2179/2506/2173
f 2135/2479/2129 2508/2330/2502 2166/2507/2160
f 2162/2480/2156 2161/2477/2155 2192/2505/2186 2193/2508/2187
f 2149/2481/2143 2148/2478/2142 2179/2506/2173 2180/2509/2174
f 2136/2482/2130 2135/2479/2129 2166/2507/2160 2167/2510/2161
f 2163/2483/2157 2162/2480/2156 2193/2508/2187 2194/2511/2188
f 2150/2484/2144 2149/2481/2143 2180/2509/2174 2181/2512/2175
f 2137/2485/2131 2136/2482/2130 2167/2510/2161 2168/2513/2162
f 2164/2486/2158 2163/2483/2157 2194/2511/2188 2195/2514/2189
f 2151/2487/2145 2150/2484/2144 2181/2512/2175 2182/2515/2176
f 2138/2488/2132 2137/2485/2131 2168/2513/2162 2169/2516/2163
f 2165/2489/2159 2164/2486/2158 2195/2514/2189 2196/2517/2190
f 2152/2490/2146 2151/2487/2145 2182/2515/2176 2183/2518/2177
f 2139/2491/2133 2138/2488/2132 2169/2516/2163 2170/2519/2164
f 2507/2356/2501 2165/2489/2159 2196/2517/2190
f 2153/2492/2147 2152/2490/2146 2183/2518/2177 2184/2520/2178
f 2140/2493/2134 2139/2491/2133 2170/2519/2164 2171/2521/2165
f 2154/2494/2148 2153/2492/2147 2184/2520/2178 2185/2522/2179
f 2141/2495/2135 2140/2493/2134 2171/2521/2165 2172/2523/2166
f 2155/2463/2149 2154/2494/2148 2185/2522/2179 2186/2524/2180
f 2142/2496/2136 2141/2495/2135 2172/2523/2166 2173/2525/2167
f 2156/2464/2150 2155/2463/2149 2186/2524/2180 2187/2526/2181
f 2143/2527/2137 2142/2496/2136 2173/2525/2167 2174/2528/2168
f 2157/2467/2151 2156/2464/2150 2187/2526/2181 2188/2529/2182
f 2144/2468/2138 2143/2466/2137 2174/2530/2168 2175/2499/2169
f 2191/2503/2185 2190/2501/2184 2221/2531/2215 2222/2532/2216
f 2178/2504/2172 2177/2502/2171 2208/2533/2202 2209/2534/2203
f 2192/2505/2186 2191/2503/2185 2222/2532/2216 2223/2535/2217
f 2179/2506/2173 2178/2504/2172 2209/2534/2203 2210/2536/2204
f 2166/2507/2160 2508/2330/2502 2197/2537/2191
f 2193/2508/2187 2192/2505/2186 2223/2535/2217 2224/2538/2218
f 2180/2509/2174 2179/2506/2173 2210/2536/2204 2211/2539/2205
f 2167/2510/2161 2166/2507/2160 2197/2537/2191 2198/2540/2192
f 2194/2511/2188 2193/2508/2187 2224/2538/2218 2225/2541/2219
f 2181/2512/2175 2180/2509/2174 2211/2539/2205 2212/2542/2206
f 2168/2513/2162 2167/2510/2161 2198/2540/2192 2199/2543/2193
f 2195/2514/2189 2194/2511/2188 2225/2541/2219 2226/2544/2220
f 2182/2545/2176 2181/2546/2175 2212/2547/2206 2213/2548/2207
f 2169/2516/2163 2168/2513/2162 2199/2543/2193 2200/2549/2194
f 2196/2517/2190 2195/2514/2189 2226/2544/2220 2227/2550/2221
f 2183/2551/2177 2182/2545/2176 2213/2548/2207 2214/2552/2208
f 2170/2519/2164 2169/2516/2163 2200/2549/2194 2201/2553/2195
f 2507/2356/2501 2196/2517/2190 2227/2550/2221
f 2184/2554/2178 2183/2551/2177 2214/2552/2208 2215/2555/2209
f 2171/2521/2165 2170/2519/2164 2201/2553/2195 2202/2556/2196
f 2185/2557/2179 2184/2554/2178 2215/2555/2209 2216/2558/2210
f 2172/2523/2166 2171/2521/2165 2202/2556/2196 2203/2559/2197
f 2186/2560/2180 2185/2557/2179 2216/2558/2210 2217/2561/2211
f 2173/2525/2167 2172/2523/2166 2203/2559/2197 2204/2562/2198
f 2187/2563/2181 2186/2560/2180 2217/2561/2211 2218/2564/2212
f 2174/2528/2168 2173/2525/2167 2204/2562/2198 2205/2565/2199
f 2188/2497/2182 2187/2566/2181 2218/2567/2212 2219/2568/2213
f 2175/2499/2169 2174/2530/2168 2205/2569/2199 2206/2570/2200
f 2189/2498/2183 2188/2497/2182 2219/2568/2213 2220/2571/2214
f 2176/2500/2170 2175/2499/2169 2206/2570/2200 2207/2572/2201
f 2190/2501/2184 2189/2498/2183 2220/2571/2214 2221/2531/2215
f 2177/2502/2171 2176/2500/2170 2207/2572/2201 2208/2533/2202
f 2224/2538/2218 2223/2535/2217 2254/2573/2248 2255/2574/2249
f 2211/2575/2205 2210/2576/2204 2241/2577/2235 2242/2578/2236
f 2198/2540/2192 2197/2537/2191 2228/2579/2222 2229/2580/2223
f 2225/2541/2219 2224/2538/2218 2255/2574/2249 2256/2581/2250
f 2212/2547/2206 2211/2575/2205 2242/2578/2236 2243/2582/2237
f 2199/2543/2193 2198/2540/2192 2229/2580/2223 2230/2583/2224
f 2226/2544/2220 2225/2541/2219 2256/2581/2250 2257/2584/2251
f 2213/2548/2207 2212/2547/2206 2243/2582/2237 2244/2585/2238
f 2200/2549/2194 2199/2543/2193 2230/2583/2224 2231/2586/2225
f 2227/2550/2221 2226/2544/2220 2257/2584/2251 2258/2587/2252
f 2214/2552/2208 2213/2548/2207 2244/2585/2238 2245/2588/2239
f 2201/2553/2195 2200/2549/2194 2231/2586/2225 2232/2589/2226
f 2507/2356/2501 2227/2550/2221 2258/2587/2252
f 2215/2555/2209 2214/2552/2208 2245/2588/2239 2246/2590/2240
f 2202/2556/2196 2201/2553/2195 2232/2589/2226 2233/2591/2227
f 2216/2558/2210 2215/2555/2209 2246/2590/2240 2247/2592/2241
f 2203/2559/2197 2202/2556/2196 2233/2591/2227 2234/2593/2228
f 2217/2561/2211 2216/2558/2210 2247/2592/2241 2248/2594/2242
f 2204/2562/2198 2203/2559/2197 2234/2593/2228 2235/2595/2229
f 2218/2564/2212 2217/2561/2211 2248/2594/2242 2249/2596/2243
f 2205/2565/2199 2204/2562/2198 2235/2595/2229 2236/2597/2230
f 2219/2598/2213 2218/2564/2212 2249/2596/2243 2250/2599/2244
f 2206/2600/2200 2205/2601/2199 2236/2602/2230 2237/2603/2231
f 2220/2571/2214 2219/2568/2213 2250/2604/2244 2251/2605/2245
f 2207/2606/2201 2206/2600/2200 2237/2603/2231 2238/2607/2232
f 2221/2531/2215 2220/2571/2214 2251/2605/2245 2252/2608/2246
f 2208/2609/2202 2207/2606/2201 2238/2607/2232 2239/2610/2233
f 2222/2532/2216 2221/2531/2215 2252/2608/2246 2253/2611/2247
f 2209/2612/2203 2208/2609/2202 2239/2610/2233 2240/2613/2234
f 2223/2535/2217 2222/2532/2216 2253/2611/2247 2254/2573/2248
f 2210/2576/2204 2209/2612/2203 2240/2613/2234 2241/2577/2235
f 2197/2537/2191 2508/2330/2502 2228/2579/2222
f 2257/2584/2251 2256/2581/2250 2287/2614/2281 2288/2615/2282
f 2244/2585/2238 2243/2582/2237 2274/2616/2268 2275/2617/2269
f 2231/2586/2225 2230/2583/2224 2261/2618/2255 2262/2619/2256
f 2258/2587/2252 2257/2584/2251 2288/2615/2282 2289/2620/2283
f 2245/2588/2239 2244/2585/2238 2275/2617/2269 2276/2621/2270
f 2232/2589/2226 2231/2586/2225 2262/2619/2256 2263/2622/2257
f 2507/2356/2501 2258/2587/2252 2289/2620/2283
f 2246/2590/2240 2245/2588/2239 2276/2621/2270 2277/2623/2271
f 2233/2591/2227 2232/2589/2226 2263/2622/2257 2264/2624/2258
f 2247/2592/2241 2246/2590/2240 2277/2623/2271 2278/2625/2272
f 2234/2593/2228 2233/2591/2227 2264/2624/2258 2265/2626/2259
f 2248/2594/2242 2247/2592/2241 2278/2625/2272 2279/2627/2273
f 2235/2595/2229 2234/2593/2228 2265/2626/2259 2266/2628/2260
f 2249/2596/2243 2248/2594/2242 2279/2627/2273 2280/2629/2274
f 2236/2597/2230 2235/2595/2229 2266/2628/2260 2267/2630/2261
f 2250/2599/2244 2249/2596/2243 2280/2629/2274 2281/2631/2275
f 2237/2603/2231 2236/2602/2230 2267/2632/2261 2268/2633/2262
f 2251/2634/2245 2250/2599/2244 2281/2631/2275 2282/2635/2276
f 2238/2607/2232 2237/2603/2231 2268/2633/2262 2269/2636/2263
f 2252/2608/2246 2251/2605/2245 2282/2637/2276 2283/2638/2277
f 2239/2610/2233 2238/2607/2232 2269/2636/2263 2270/2639/2264
f 2253/2611/2247 2252/2608/2246 2283/2638/2277 2284/2640/2278
f 2240/2613/2234 2239/2610/2233 2270/2639/2264 2271/2641/2265
f 2254/2573/2248 2253/2611/2247 2284/2640/2278 2285/2642/2279
f 2241/2577/2235 2240/2613/2234 2271/2641/2265 2272/2643/2266
f 2228/2579/2222 2508/2330/2502 2259/2644/2253
f 2255/2574/2249 2254/2573/2248 2285/2642/2279 2286/2645/2280
f 2242/2578/2236 2241/2577/2235 2272/2643/2266 2273/2646/2267
f 2229/2580/2223 2228/2579/2222 2259/2644/2253 2260/2647/2254
f 2256/2581/2250 2255/2574/2249 2286/2645/2280 2287/2614/2281
f 2243/2582/2237 2242/2578/2236 2273/2646/2267 2274/2616/2268
f 2230/2583/2224 2229/2580/2223 2260/2647/2254 2261/2618/2255
f 2507/2356/2501 2289/2620/2283 2320/2648/2314
f 2277/2623/2271 2276/2621/2270 2307/2649/2301 2308/2650/2302
f 2264/2624/2258 2263/2622/2257 2294/2651/2288 2295/2652/2289
f 2278/2625/2272 2277/2623/2271 2308/2650/2302 2309/2653/2303
f 2265/2626/2259 2264/2624/2258 2295/2652/2289 2296/2654/2290
f 2279/2627/2273 2278/2625/2272 2309/2653/2303 2310/2655/2304
f 2266/2628/2260 2265/2626/2259 2296/2654/2290 2297/2656/2291
f 2280/2629/2274 2279/2627/2273 2310/2655/2304 2311/2657/2305
f 2267/2632/2261 2266/2658/2260 2297/2659/2291 2298/2660/2292
f 2281/2631/2275 2280/2629/2274 2311/2657/2305 2312/2661/2306
f 2268/2633/2262 2267/2632/2261 2298/2660/2292 2299/2662/2293
f 2282/2635/2276 2281/2631/2275 2312/2661/2306 2313/2663/2307
f 2269/2636/2263 2268/2633/2262 2299/2662/2293 2300/2664/2294
f 2283/2638/2277 2282/2637/2276 2313/2665/2307 2314/2666/2308
f 2270/2639/2264 2269/2636/2263 2300/2664/2294 2301/2667/2295
f 2284/2640/2278 2283/2638/2277 2314/2666/2308 2315/2668/2309
f 2271/2641/2265 2270/2639/2264 2301/2667/2295 2302/2669/2296
f 2285/2642/2279 2284/2640/2278 2315/2668/2309 2316/2670/2310
f 2272/2643/2266 2271/2641/2265 2302/2669/2296 2303/2671/2297
f 2259/2644/2253 2508/2330/2502 2290/2672/2284
f 2286/2645/2280 2285/2642/2279 2316/2670/2310 2317/2673/2311
f 2273/2646/2267 2272/2643/2266 2303/2671/2297 2304/2674/2298
f 2260/2647/2254 2259/2644/2253 2290/2672/2284 2291/2675/2285
f 2287/2614/2281 2286/2645/2280 2317/2673/2311 2318/2676/2312
f 2274/2616/2268 2273/2646/2267 2304/2674/2298 2305/2677/2299
f 2261/2618/2255 2260/2647/2254 2291/2675/2285 2292/2678/2286
f 2288/2615/2282 2287/2614/2281 2318/2676/2312 2319/2679/2313
f 2275/2617/2269 2274/2616/2268 2305/2677/2299 2306/2680/2300
f 2262/2619/2256 2261/2618/2255 2292/2678/2286 2293/2681/2287
f 2289/2620/2283 2288/2615/2282 2319/2679/2313 2320/2648/2314
f 2276/2621/2270 2275/2617/2269 2306/2680/2300 2307/2649/2301
f 2263/2622/2257 2262/2619/2256 2293/2681/2287 2294/2651/2288
f 2310/2655/2304 2309/2653/2303 2340/2682/2334 2341/2683/2335
f 2297/2656/2291 2296/2654/2290 2327/2684/2321 2328/2685/2322
f 2311/2657/2305 2310/2655/2304 2341/2683/2335 2342/2686/2336
f 2298/2660/2292 2297/2659/2291 2328/2687/2322 2329/2688/2323
f 2312/2661/2306 2311/2657/2305 2342/2686/2336 2343/2689/2337
f 2299/2662/2293 2298/2660/2292 2329/2688/2323 2330/2690/2324
f 2313/2663/2307 2312/2661/2306 2343/2689/2337 2344/2691/2338
f 2300/2664/2294 2299/2662/2293 2330/2690/2324 2331/2692/2325
f 2314/2666/2308 2313/2665/2307 2344/2693/2338 2345/2694/2339
f 2301/2667/2295 2300/2664/2294 2331/2692/2325 2332/2695/2326
f 2315/2668/2309 2314/2666/2308 2345/2694/2339 2346/2696/2340
f 2302/2669/2296 2301/2667/2295 2332/2695/2326 2333/2697/2327
f 2316/2670/2310 2315/2668/2309 2346/2696/2340 2347/2698/2341
f 2303/2671/2297 2302/2669/2296 2333/2697/2327 2334/2699/2328
f 2290/2672/2284 2508/2330/2502 2321/2700/2315
f 2317/2673/2311 2316/2670/2310 2347/2698/2341 2348/2701/2342
f 2304/2674/2298 2303/2671/2297 2334/2699/2328 2335/2702/2329
f 2291/2675/2285 2290/2672/2284 2321/2700/2315 2322/2703/2316
f 2318/2676/2312 2317/2673/2311 2348/2701/2342 2349/2704/2343
f 2305/2677/2299 2304/2674/2298 2335/2702/2329 2336/2705/2330
f 2292/2678/2286 2291/2675/2285 2322/2703/2316 2323/2706/2317
f 2319/2679/2313 2318/2676/2312 2349/2704/2343 2350/2707/2344
f 2306/2680/2300 2305/2677/2299 2336/2705/2330 2337/2708/2331
f 2293/2681/2287 2292/2678/2286 2323/2706/2317 2324/2709/2318
f 2320/2648/2314 2319/2679/2313 2350/2707/2344 2351/2710/2345
f 2307/2649/2301 2306/2680/2300 2337/2708/2331 2338/2711/2332
f 2294/2651/2288 2293/2681/2287 2324/2709/2318 2325/2712/2319
f 2507/2356/2501 2320/2648/2314 2351/2710/2345
f 2308/2650/2302 2307/2649/2301 2338/2711/2332 2339/2713/2333
f 2295/2652/2289 2294/2651/2288 2325/2712/2319 2326/2714/2320
f 2309/2653/2303 2308/2650/2302 2339/2713/2333 2340/2682/2334
f 2296/2654/2290 2295/2652/2289 2326/2714/2320 2327/2684/2321
f 2343/2689/2337 2342/2686/2336 2373/2715/2367 2374/2716/2368
f 2330/2690/2324 2329/2688/2323 2360/2717/2354 2361/2718/2355
f 2344/2691/2338 2343/2689/2337 2374/2716/2368 2375/2719/2369
f 2331/2692/2325 2330/2690/2324 2361/2718/2355 2362/2720/2356
f 2345/2694/2339 2344/2693/2338 2375/2721/2369 2376/2722/2370
f 2332/2695/2326 2331/2692/2325 2362/2720/2356 2363/2723/2357
f 2346/2696/2340 2345/2694/2339 2376/2722/2370 2377/2724/2371
f 2333/2697/2327 2332/2695/2326 2363/2723/2357 2364/2725/2358
f 2347/2698/2341 2346/2696/2340 2377/2724/2371 2378/2726/2372
f 2334/2699/2328 2333/2697/2327 2364/2725/2358 2365/2727/2359
f 2321/2700/2315 2508/2330/2502 2352/2728/2346
f 2348/2701/2342 2347/2698/2341 2378/2726/2372 2379/2729/2373
f 2335/2702/2329 2334/2699/2328 2365/2727/2359 2366/2730/2360
f 2322/2703/2316 2321/2700/2315 2352/2728/2346 2353/2731/2347
f 2349/2704/2343 2348/2701/2342 2379/2729/2373 2380/2732/2374
f 2336/2705/2330 2335/2702/2329 2366/2730/2360 2367/2733/2361
f 2323/2706/2317 2322/2703/2316 2353/2731/2347 2354/2734/2348
f 2350/2707/2344 2349/2704/2343 2380/2732/2374 2381/2735/2375
f 2337/2708/2331 2336/2705/2330 2367/2733/2361 2368/2736/2362
f 2324/2709/2318 2323/2706/2317 2354/2734/2348 2355/2737/2349
f 2351/2710/2345 2350/2707/2344 2381/2735/2375 2382/2738/2376
f 2338/2711/2332 2337/2708/2331 2368/2736/2362 2369/2739/2363
f 2325/2712/2319 2324/2709/2318 2355/2737/2349 2356/2740/2350
f 2507/2356/2501 2351/2710/2345 2382/2738/2376
f 2339/2713/2333 2338/2711/2332 2369/2739/2363 2370/2741/2364
f 2326/2714/2320 2325/2712/2319 2356/2740/2350 2357/2742/2351
f 2340/2682/2334 2339/2713/2333 2370/2741/2364 2371/2743/2365
f 2327/2684/2321 2326/2714/2320 2357/2742/2351 2358/2744/2352
f 2341/2683/2335 2340/2682/2334 2371/2743/2365 2372/2745/2366
f 2328/2685/2322 2327/2684/2321 2358/2744/2352 2359/2746/2353
f 2342/2686/2336 2341/2683/2335 2372/2745/2366 2373/2715/2367
f 2329/2688/2323 2328/2687/2322 2359/2747/2353 2360/2717/2354
f 2376/2722/2370 2375/2721/2369 2406/2748/2400 2407/2749/2401
f 2363/2723/2357 2362/2720/2356 2393/2750/2387 2394/2751/2388
f 2377/2724/2371 2376/2722/2370 2407/2749/2401 2408/2752/2402
f 2364/2725/2358 2363/2723/2357 2394/2751/2388 2395/2753/2389
f 2378/2726/2372 2377/2724/2371 2408/2752/2402 2409/2754/2403
f 2365/2727/2359 2364/2725/2358 2395/2753/2389 2396/2755/2390
f 2352/2728/2346 2508/2330/2502 2383/2756/2377
f 2379/2729/2373 2378/2726/2372 2409/2754/2403 2410/2757/2404
f 2366/2730/2360 2365/2727/2359 2396/2755/2390 2397/2758/2391
f 2353/2731/2347 2352/2728/2346 2383/2756/2377 2384/2759/2378
f 2380/2732/2374 2379/2729/2373 2410/2757/2404 2411/2760/2405
f 2367/2733/2361 2366/2730/2360 2397/2758/2391 2398/2761/2392
f 2354/2734/2348 2353/2731/2347 2384/2759/2378 2385/2762/2379
f 2381/2735/2375 2380/2732/2374 2411/2760/2405 2412/2763/2406
f 2368/2736/2362 2367/2733/2361 2398/2761/2392 2399/2764/2393
f 2355/2737/2349 2354/2734/2348 2385/2762/2379 2386/2765/2380
f 2382/2738/2376 2381/2735/2375 2412/2763/2406 2413/2766/2407
f 2369/2739/2363 2368/2736/2362 2399/2764/2393 2400/2767/2394
f 2356/2740/2350 2355/2737/2349 2386/2765/2380 2387/2768/2381
f 2507/2356/2501 2382/2738/2376 2413/2766/2407
f 2370/2741/2364 2369/2739/2363 2400/2767/2394 2401/2769/2395
f 2357/2742/2351 2356/2740/2350 2387/2768/2381 2388/2770/2382
f 2371/2743/2365 2370/2741/2364 2401/2769/2395 2402/2771/2396
f 2358/2744/2352 2357/2742/2351 2388/2770/2382 2389/2772/2383
f 2372/2745/2366 2371/2743/2365 2402/2771/2396 2403/2773/2397
f 2359/2746/2353 2358/2744/2352 2389/2772/2383 2390/2774/2384
f 2373/2715/2367 2372/2745/2366 2403/2773/2397 2404/2775/2398
f 2360/2776/2354 2359/2746/2353 2390/2774/2384 2391/2777/2385
f 2374/2716/2368 2373/2715/2367 2404/2775/2398 2405/2778/2399
f 2361/2718/2355 2360/2717/2354 2391/2779/2385 2392/2780/2386
f 2375/2719/2369 2374/2716/2368 2405/2778/2399 2406/2781/2400
f 2362/2720/2356 2361/2718/2355 2392/2780/2386 2393/2750/2387
f 2409/2754/2403 2408/2752/2402 2439/2782/2433 2440/2783/2434
f 2396/2755/2390 2395/2753/2389 2426/2784/2420 2427/2785/2421
f 2383/2756/2377 2508/2330/2502 2414/2786/2408
f 2410/2757/2404 2409/2754/2403 2440/2783/2434 2441/2787/2435
f 2397/2758/2391 2396/2755/2390 2427/2785/2421 2428/2788/2422
f 2384/2759/2378 2383/2756/2377 2414/2786/2408 2415/2789/2409
f 2411/2760/2405 2410/2757/2404 2441/2787/2435 2442/2790/2436
f 2398/2761/2392 2397/2758/2391 2428/2788/2422 2429/2791/2423
f 2385/2762/2379 2384/2759/2378 2415/2789/2409 2416/2792/2410
f 2412/2763/2406 2411/2760/2405 2442/2790/2436 2443/2793/2437
f 2399/2764/2393 2398/2761/2392 2429/2791/2423 2430/2794/2424
f 2386/2765/2380 2385/2762/2379 2416/2792/2410 2417/2795/2411
f 2413/2766/2407 2412/2763/2406 2443/2793/2437 2444/2796/2438
f 2400/2767/2394 2399/2764/2393 2430/2794/2424 2431/2797/2425
f 2387/2768/2381 2386/2765/2380 2417/2795/2411 2418/2798/2412
f 2507/2356/2501 2413/2766/2407 2444/2796/2438
f 2401/2769/2395 2400/2767/2394 2431/2797/2425 2432/2799/2426
f 2388/2770/2382 2387/2768/2381 2418/2798/2412 2419/2800/2413
f 2402/2771/2396 2401/2769/2395 2432/2799/2426 2433/2801/2427
f 2389/2772/2383 2388/2770/2382 2419/2800/2413 2420/2802/2414
f 2403/2773/2397 2402/2771/2396 2433/2801/2427 2434/2803/2428
f 2390/2774/2384 2389/2772/2383 2420/2802/2414 2421/2804/2415
f 2404/2775/2398 2403/2773/2397 2434/2803/2428 2435/2805/2429
f 2391/2777/2385 2390/2774/2384 2421/2804/2415 2422/2806/2416
f 2405/2778/2399 2404/2775/2398 2435/2805/2429 2436/2807/2430
f 2392/2780/2386 2391/2779/2385 2422/2808/2416 2423/2809/2417
f 2406/2748/2400 2405/2810/2399 2436/2811/2430 2437/2812/2431
f 2393/2750/2387 2392/2780/2386 2423/2809/2417 2424/2813/2418
f 2407/2749/2401 2406/2748/2400 2437/2812/2431 2438/2814/2432
f 2394/2751/2388 2393/2750/2387 2424/2813/2418 2425/2815/2419
f 2408/2752/2402 2407/2749/2401 2438/2814/2432 2439/2782/2433
f 2395/2753/2389 2394/2751/2388 2425/2815/2419 2426/2784/2420
f 2415/2789/2409 2414/2786/2408 2445/2816/2439 2446/2817/2440
f 2442/2790/2436 2441/2787/2435 2472/2818/2466 2473/2819/2467
f 2429/2820/2423 2428/2821/2422 2459/2822/2453 2460/2823/2454
f 2416/2792/2410 2415/2789/2409 2446/2817/2440 2447/2824/2441
f 2443/2793/2437 2442/2790/2436 2473/2819/2467 2474/2825/2468
f 2430/2826/2424 2429/2820/2423 2460/2823/2454 2461/2827/2455
f 2417/2795/2411 2416/2792/2410 2447/2824/2441 2448/2828/2442
f 2444/2796/2438 2443/2793/2437 2474/2825/2468 2475/2829/2469
f 2431/2830/2425 2430/2826/2424 2461/2827/2455 2462/2831/2456
f 2418/2798/2412 2417/2795/2411 2448/2828/2442 2449/2832/2443
f 2507/2356/2501 2444/2796/2438 2475/2829/2469
f 2432/2833/2426 2431/2830/2425 2462/2831/2456 2463/2834/2457
f 2419/2800/2413 2418/2798/2412 2449/2832/2443 2450/2835/2444
f 2433/2801/2427 2432/2799/2426 2463/2836/2457 2464/2837/2458
f 2420/2802/2414 2419/2800/2413 2450/2835/2444 2451/2838/2445
f 2434/2803/2428 2433/2801/2427 2464/2837/2458 2465/2839/2459
f 2421/2804/2415 2420/2802/2414 2451/2838/2445 2452/2840/2446
f 2435/2805/2429 2434/2803/2428 2465/2839/2459 2466/2841/2460
f 2422/2806/2416 2421/2804/2415 2452/2840/2446 2453/2842/2447
f 2436/2843/2430 2435/2844/2429 2466/2845/2460 2467/2846/2461
f 2423/2847/2417 2422/2806/2416 2453/2842/2447 2454/2848/2448
f 2437/2812/2431 2436/2811/2430 2467/2849/2461 2468/2850/2462
f 2424/2813/2418 2423/2809/2417 2454/2851/2448 2455/2852/2449
f 2438/2814/2432 2437/2812/2431 2468/2850/2462 2469/2853/2463
f 2425/2815/2419 2424/2813/2418 2455/2852/2449 2456/2854/2450
f 2439/2782/2433 2438/2814/2432 2469/2853/2463 2470/2855/2464
f 2426/2856/2420 2425/2857/2419 2456/2858/2450 2457/2859/2451
f 2440/2783/2434 2439/2782/2433 2470/2855/2464 2471/2860/2465
f 2427/2861/2421 2426/2856/2420 2457/2859/2451 2458/2862/2452
f 2414/2786/2408 2508/2330/2502 2445/2816/2439
f 2441/2787/2435 2440/2783/2434 2471/2860/2465 2472/2818/2466
f 2428/2821/2422 2427/2861/2421 2458/2862/2452 2459/2822/2453
f 2448/2828/2442 2447/2824/2441 2478/2863/2472 2479/2864/2473
f 2475/2829/2469 2474/2825/2468 2505/2865/2499 2506/2866/2500
f 2462/2831/2456 2461/2827/2455 2492/2867/2486 2493/2868/2487
f 2449/2832/2443 2448/2828/2442 2479/2864/2473 2480/2869/2474
f 2507/2356/2501 2475/2829/2469 2506/2866/2500
f 2463/2834/2457 2462/2831/2456 2493/2868/2487 2494/2870/2488
f 2450/2835/2444 2449/2832/2443 2480/2869/2474 2481/2871/2475
f 2464/2872/2458 2463/2834/2457 2494/2870/2488 2495/2873/2489
f 2451/2838/2445 2450/2835/2444 2481/2871/2475 2482/2874/2476
f 2465/2875/2459 2464/2872/2458 2495/2873/2489 2496/2876/2490
f 2452/2840/2446 2451/2838/2445 2482/2874/2476 2483/2877/2477
f 2466/2845/2460 2465/2875/2459 2496/2876/2490 2497/2878/2491
f 2453/2842/2447 2452/2840/2446 2483/2877/2477 2484/2879/2478
f 2467/2846/2461 2466/2845/2460 2497/2878/2491 2498/2880/2492
f 2454/2881/2448 2453/2882/2447 2484/2883/2478 2485/2884/2479
f 2468/2850/2462 2467/2849/2461 2498/2885/2492 2499/2886/2493
f 2455/2887/2449 2454/2881/2448 2485/2884/2479 2486/2888/2480
f 2469/2853/2463 2468/2850/2462 2499/2886/2493 2500/2889/2494
f 2456/2858/2450 2455/2887/2449 2486/2888/2480 2487/2890/2481
f 2470/2855/2464 2469/2853/2463 2500/2889/2494 2501/2891/2495
f 2457/2859/2451 2456/2858/2450 2487/2890/2481 2488/2892/2482
f 2471/2860/2465 2470/2855/2464 2501/2891/2495 2502/2893/2496
f 2458/2862/2452 2457/2859/2451 2488/2892/2482 2489/2894/2483
f 2445/2816/2439 2508/2330/2502 2476/2895/2470
f 2472/2818/2466 2471/2860/2465 2502/2893/2496 2503/2896/2497
f 2459/2822/2453 2458/2862/2452 2489/2894/2483 2490/2897/2484
f 2446/2817/2440 2445/2816/2439 2476/2895/2470 2477/2898/2471
f 2473/2819/2467 2472/2818/2466 2503/2896/2497 2504/2899/2498
f 2460/2823/2454 2459/2822/2453 2490/2897/2484 2491/2900/2485
f 2447/2824/2441 2446/2817/2440 2477/2898/2471 2478/2863/2472
f 2474/2825/2468 2473/2819/2467 2504/2899/2498 2505/2865/2499
f 2461/2827/2455 2460/2823/2454 2491/2900/2485 2492/2867/2486
f 2481/2871/2475 2480/2869/2474 2513/2901/2507 2514/2902/2508
f 2495/2873/2489 2494/2870/2488 2527/2903/2521 2528/2904/2522
f 2482/2874/2476 2481/2871/2475 2514/2902/2508 2515/2905/2509
f 2496/2876/2490 2495/2873/2489 2528/2904/2522 2529/2906/2523
f 2483/2877/2477 2482/2874/2476 2515/2905/2509 2516/2907/2510
f 2497/2878/2491 2496/2876/2490 2529/2906/2523 2530/2908/2524
f 2484/2879/2478 2483/2877/2477 2516/2907/2510 2517/2909/2511
f 2498/2880/2492 2497/2878/2491 2530/2908/2524 2531/2910/2525
f 2485/2884/2479 2484/2883/2478 2517/2911/2511 2518/2912/2512
f 2499/2913/2493 2498/2880/2492 2531/2910/2525 2532/2914/2526
f 2486/2888/2480 2485/2884/2479 2518/2912/2512 2519/2915/2513
f 2500/2889/2494 2499/2886/2493 2532/2916/2526 2533/2917/2527
f 2487/2890/2481 2486/2888/2480 2519/2915/2513 2520/2918/2514
f 2501/2891/2495 2500/2889/2494 2533/2917/2527 2534/2919/2528
f 2488/2892/2482 2487/2890/2481 2520/2918/2514 2521/2920/2515
f 2502/2893/2496 2501/2891/2495 2534/2919/2528 2535/2921/2529
f 2489/2894/2483 2488/2892/2482 2521/2920/2515 2522/2922/2516
f 2476/2895/2470 2508/2330/2502 2509/2923/2503
f 2503/2896/2497 2502/2893/2496 2535/2921/2529 2536/2924/2530
f 2490/2897/2484 2489/2894/2483 2522/2922/2516 2523/2925/2517
f 2477/2898/2471 2476/2895/2470 2509/2923/2503 2510/2926/2504
f 2504/2899/2498 2503/2896/2497 2536/2924/2530 2537/2927/2531
f 2491/2900/2485 2490/2897/2484 2523/2925/2517 2524/2928/2518
f 2478/2863/2472 2477/2898/2471 2510/2926/2504 2511/2929/2505
f 2505/2865/2499 2504/2899/2498 2537/2927/2531 2538/2930/2532
f 2492/2867/2486 2491/2900/2485 2524/2928/2518 2525/2931/2519
f 2479/2864/2473 2478/2863/2472 2511/2929/2505 2512/2932/2506
f 2506/2866/2500 2505/2865/2499 2538/2930/2532 2539/2933/2533
f 2493/2868/2487 2492/2867/2486 2525/2931/2519 2526/2934/2520
f 2480/2869/2474 2479/2864/2473 2512/2932/2506 2513/2901/2507
f 2507/2356/2501 2506/2866/2500 2539/2933/2533
f 2494/2870/2488 2493/2868/2487 2526/2934/2520 2527/2903/2521
f 2516/2907/2510 2515/2905/2509 2546/2935/2540 2547/2936/2541
f 2530/2908/2524 2529/2906/2523 2560/2937/2554 2561/2938/2555
f 2517/2911/2511 2516/2939/2510 2547/2940/2541 2548/2941/2542
f 2531/2910/2525 2530/2908/2524 2561/2938/2555 2562/2942/2556
f 2518/2912/2512 2517/2911/2511 2548/2941/2542 2549/2943/2543
f 2532/2914/2526 2531/2910/2525 2562/2942/2556 2563/2944/2557
f 2519/2915/2513 2518/2912/2512 2549/2943/2543 2550/2945/2544
f 2533/2917/2527 2532/2916/2526 2563/2946/2557 2564/2947/2558
f 2520/2918/2514 2519/2915/2513 2550/2945/2544 2551/2948/2545
f 2534/2919/2528 2533/2917/2527 2564/2947/2558 2565/2949/2559
f 2521/2920/2515 2520/2918/2514 2551/2948/2545 2552/2950/2546
f 2535/2921/2529 2534/2919/2528 2565/2949/2559 2566/2951/2560
f 2522/2922/2516 2521/2920/2515 2552/2950/2546 2553/2952/2547
f 2509/2923/2503 2508/2330/2502 2540/2953/2534
f 2536/2924/2530 2535/2921/2529 2566/2951/2560 2567/2954/2561
f 2523/2925/2517 2522/2922/2516 2553/2952/2547 2554/2955/2548
f 2510/2926/2504 2509/2923/2503 2540/2953/2534 2541/2956/2535
f 2537/2927/2531 2536/2924/2530 2567/2954/2561 2568/2957/2562
f 2524/2928/2518 2523/2925/2517 2554/2955/2548 2555/2958/2549
f 2511/2929/2505 2510/2926/2504 2541/2956/2535 2542/2959/2536
f 2538/2930/2532 2537/2927/2531 2568/2957/2562 2569/2960/2563
f 2525/2931/2519 2524/2928/2518 2555/2958/2549 2556/2961/2550
f 2512/2932/2506 2511/2929/2505 2542/2959/2536 2543/2962/2537
f 2539/2933/2533 2538/2930/2532 2569/2960/2563 2570/2963/2564
f 2526/2934/2520 2525/2931/2519 2556/2961/2550 2557/2964/2551
f 2513/2901/2507 2512/2932/2506 2543/2962/2537 2544/2965/2538
f 2507/2356/2501 2539/2933/2533 2570/2963/2564
f 2527/2903/2521 2526/2934/2520 2557/2964/2551 2558/2966/2552
f 2514/2902/2508 2513/2901/2507 2544/2965/2538 2545/2967/2539
f 2528/2904/2522 2527/2903/2521 2558/2966/2552 2559/2968/2553
f 2515/2905/2509 2514/2902/2508 2545/2967/2539 2546/2935/2540
f 2529/2906/2523 2528/2904/2522 2559/2968/2553 2560/2937/2554
f 2549/2943/2543 2548/2941/2542 2579/2969/2573 2580/2970/2574
f 2563/2944/2557 2562/2942/2556 2593/2971/2587 2594/2972/2588
f 2550/2945/2544 2549/2943/2543 2580/2970/2574 2581/2973/2575
f 2564/2947/2558 2563/2946/2557 2594/2974/2588 2595/2975/2589
f 2551/2948/2545 2550/2945/2544 2581/2973/2575 2582/2976/2576
f 2565/2949/2559 2564/2947/2558 2595/2975/2589 2596/2977/2590
f 2552/2950/2546 2551/2948/2545 2582/2976/2576 2583/2978/2577
f 2566/2951/2560 2565/2949/2559 2596/2977/2590 2597/2979/2591
f 2553/2952/2547 2552/2950/2546 2583/2978/2577 2584/2980/2578
f 2540/2953/2534 2508/2330/2502 2571/2981/2565
f 2567/2954/2561 2566/2951/2560 2597/2979/2591 2598/2982/2592
f 2554/2955/2548 2553/2952/2547 2584/2980/2578 2585/2983/2579
f 2541/2956/2535 2540/2953/2534 2571/2981/2565 2572/2984/2566
f 2568/2957/2562 2567/2954/2561 2598/2982/2592 2599/2985/2593
f 2555/2958/2549 2554/2955/2548 2585/2983/2579 2586/2986/2580
f 2542/2959/2536 2541/2956/2535 2572/2984/2566 2573/2987/2567
f 2569/2960/2563 2568/2957/2562 2599/2985/2593 2600/2988/2594
f 2556/2961/2550 2555/2958/2549 2586/2986/2580 2587/2989/2581
f 2543/2962/2537 2542/2959/2536 2573/2987/2567 2574/2990/2568
f 2570/2963/2564 2569/2960/2563 2600/2988/2594 2601/2991/2595
f 2557/2964/2551 2556/2961/2550 2587/2989/2581 2588/2992/2582
f 2544/2965/2538 2543/2962/2537 2574/2990/2568 2575/2993/2569
f 2507/2356/2501 2570/2963/2564 2601/2991/2595
f 2558/2966/2552 2557/2964/2551 2588/2992/2582 2589/2994/2583
f 2545/2967/2539 2544/2965/2538 2575/2993/2569 2576/2995/2570
f 2559/2968/2553 2558/2966/2552 2589/2994/2583 2590/2996/2584
f 2546/2935/2540 2545/2967/2539 2576/2995/2570 2577/2997/2571
f 2560/2937/2554 2559/2968/2553 2590/2996/2584 2591/2998/2585
f 2547/2936/2541 2546/2935/2540 2577/2997/2571 2578/2999/2572
f 2561/2938/2555 2560/2937/2554 2591/2998/2585 2592/3000/2586
f 2548/2941/2542 2547/2940/2541 2578/3001/2572 2579/2969/2573
f 2562/2942/2556 2561/2938/2555 2592/3000/2586 2593/2971/2587
f 2582/2976/2576 2581/2973/2575 2612/3002/2606 2613/3003/2607
f 2596/2977/2590 2595/2975/2589 2626/3004/2620 2627/3005/2621
f 2583/2978/2577 2582/2976/2576 2613/3003/2607 2614/3006/2608
f 2597/2979/2591 2596/2977/2590 2627/3005/2621 2628/3007/2622
f 2584/2980/2578 2583/2978/2577 2614/3006/2608 2615/3008/2609
f 2571/2981/2565 2508/2330/2502 2602/3009/2596
f 2598/2982/2592 2597/2979/2591 2628/3007/2622 2629/3010/2623
f 2585/2983/2579 2584/2980/2578 2615/3008/2609 2616/3011/2610
f 2572/2984/2566 2571/2981/2565 2602/3009/2596 2603/3012/2597
f 2599/2985/2593 2598/2982/2592 2629/3010/2623 2630/3013/2624
f 2586/2986/2580 2585/2983/2579 2616/3011/2610 2617/3014/2611
f 2573/2987/2567 2572/2984/2566 2603/3012/2597 2604/3015/2598
f 2600/2988/2594 2599/2985/2593 2630/3013/2624 2631/3016/2625
f 2587/2989/2581 2586/2986/2580 2617/3014/2611 2618/3017/2612
f 2574/2990/2568 2573/2987/2567 2604/3015/2598 2605/3018/2599
f 2601/2991/2595 2600/2988/2594 2631/3016/2625 2632/3019/2626
f 2588/2992/2582 2587/2989/2581 2618/3017/2612 2619/3020/2613
f 2575/2993/2569 2574/2990/2568 2605/3018/2599 2606/3021/2600
f 2507/2356/2501 2601/2991/2595 2632/3019/2626
f 2589/2994/2583 2588/2992/2582 2619/3020/2613 2620/3022/2614
f 2576/2995/2570 2575/2993/2569 2606/3021/2600 2607/3023/2601
f 2590/2996/2584 2589/2994/2583 2620/3022/2614 2621/3024/2615
f 2577/2997/2571 2576/2995/2570 2607/3023/2601 2608/3025/2602
f 2591/2998/2585 2590/2996/2584 2621/3024/2615 2622/3026/2616
f 2578/2999/2572 2577/2997/2571 2608/3025/2602 2609/3027/2603
f 2592/3000/2586 2591/2998/2585 2622/3026/2616 2623/3028/2617
f 2579/2969/2573 2578/3001/2572 2609/3029/2603 2610/3030/2604
f 2593/2971/2587 2592/3000/2586 2623/3028/2617 2624/3031/2618
f 2580/2970/2574 2579/2969/2573 2610/3030/2604 2611/3032/2605
f 2594/2972/2588 2593/2971/2587 2624/3031/2618 2625/3033/2619
f 2581/2973/2575 2580/2970/2574 2611/3032/2605 2612/3002/2606
f 2595/2975/2589 2594/2974/2588 2625/3034/2619 2626/3004/2620
f 2615/3008/2609 2614/3006/2608 2645/3035/2639 2646/3036/2640
f 2602/3009/2596 2508/2330/2502 2633/3037/2627
f 2629/3010/2623 2628/3007/2622 2659/3038/2653 2660/3039/2654
f 2616/3011/2610 2615/3008/2609 2646/3036/2640 2647/3040/2641
f 2603/3012/2597 2602/3009/2596 2633/3037/2627 2634/3041/2628
f 2630/3013/2624 2629/3010/2623 2660/3039/2654 2661/3042/2655
f 2617/3014/2611 2616/3011/2610 2647/3040/2641 2648/3043/2642
f 2604/3015/2598 2603/3012/2597 2634/3041/2628 2635/3044/2629
f 2631/3016/2625 2630/3013/2624 2661/3042/2655 2662/3045/2656
f 2618/3017/2612 2617/3014/2611 2648/3043/2642 2649/3046/2643
f 2605/3018/2599 2604/3015/2598 2635/3044/2629 2636/3047/2630
f 2632/3019/2626 2631/3016/2625 2662/3045/2656 2663/3048/2657
f 2619/3020/2613 2618/3017/2612 2649/3046/2643 2650/3049/2644
f 2606/3021/2600 2605/3018/2599 2636/3047/2630 2637/3050/2631
f 2507/2356/2501 2632/3019/2626 2663/3048/2657
f 2620/3022/2614 2619/3020/2613 2650/3049/2644 2651/3051/2645
f 2607/3023/2601 2606/3021/2600 2637/3050/2631 2638/3052/2632
f 2621/3024/2615 2620/3022/2614 2651/3051/2645 2652/3053/2646
f 2608/3025/2602 2607/3023/2601 2638/3052/2632 2639/3054/2633
f 2622/3026/2616 2621/3024/2615 2652/3053/2646 2653/3055/2647
f 2609/3027/2603 2608/3025/2602 2639/3054/2633 2640/3056/2634
f 2623/3028/2617 2622/3026/2616 2653/3055/2647 2654/3057/2648
f 2610/3058/2604 2609/3027/2603 2640/3056/2634 2641/3059/2635
f 2624/3031/2618 2623/3028/2617 2654/3057/2648 2655/3060/2649
f 2611/3032/2605 2610/3030/2604 2641/3061/2635 2642/3062/2636
f 2625/3033/2619 2624/3031/2618 2655/3060/2649 2656/3063/2650
f 2612/3002/2606 2611/3032/2605 2642/3062/2636 2643/3064/2637
f 2626/3004/2620 2625/3034/2619 2656/3065/2650 2657/3066/2651
f 2613/3003/2607 2612/3002/2606 2643/3064/2637 2644/3067/2638
f 2627/3005/2621 2626/3004/2620 2657/3066/2651 2658/3068/2652
f 2614/3006/2608 2613/3003/2607 2644/3067/2638 2645/3035/2639
f 2628/3007/2622 2627/3005/2621 2658/3068/2652 2659/3038/2653
f 2648/3043/2642 2647/3040/2641 2678/3069/2672 2679/3070/2673
f 2635/3044/2629 2634/3041/2628 2665/3071/2659 2666/3072/2660
f 2662/3045/2656 2661/3042/2655 2692/3073/2686 2693/3074/2687
f 2649/3046/2643 2648/3043/2642 2679/3070/2673 2680/3075/2674
f 2636/3047/2630 2635/3044/2629 2666/3072/2660 2667/3076/2661
f 2663/3048/2657 2662/3045/2656 2693/3074/2687 2694/3077/2688
f 2650/3049/2644 2649/3046/2643 2680/3075/2674 2681/3078/2675
f 2637/3050/2631 2636/3047/2630 2667/3076/2661 2668/3079/2662
f 2507/2356/2501 2663/3048/2657 2694/3077/2688
f 2651/3051/2645 2650/3049/2644 2681/3078/2675 2682/3080/2676
f 2638/3052/2632 2637/3050/2631 2668/3079/2662 2669/3081/2663
f 2652/3053/2646 2651/3051/2645 2682/3080/2676 2683/3082/2677
f 2639/3054/2633 2638/3052/2632 2669/3081/2663 2670/3083/2664
f 2653/3055/2647 2652/3053/2646 2683/3082/2677 2684/3084/2678
f 2640/3056/2634 2639/3054/2633 2670/3083/2664 2671/3085/2665
f 2654/3057/2648 2653/3055/2647 2684/3084/2678 2685/3086/2679
f 2641/3059/2635 2640/3056/2634 2671/3085/2665 2672/3087/2666
f 2655/3060/2649 2654/3057/2648 2685/3086/2679 2686/3088/2680
f 2642/3062/2636 2641/3061/2635 2672/3089/2666 2673/3090/2667
f 2656/3065/2650 2655/3091/2649 2686/3092/2680 2687/3093/2681
f 2643/3064/2637 2642/3062/2636 2673/3090/2667 2674/3094/2668
f 2657/3066/2651 2656/3065/2650 2687/3093/2681 2688/3095/2682
f 2644/3067/2638 2643/3064/2637 2674/3094/2668 2675/3096/2669
f 2658/3068/2652 2657/3066/2651 2688/3095/2682 2689/3097/2683
f 2645/3035/2639 2644/3067/2638 2675/3096/2669 2676/3098/2670
f 2659/3038/2653 2658/3068/2652 2689/3097/2683 2690/3099/2684
f 2646/3036/2640 2645/3035/2639 2676/3098/2670 2677/3100/2671
f 2633/3037/2627 2508/2330/2502 2664/3101/2658
f 2660/3039/2654 2659/3038/2653 2690/3099/2684 2691/3102/2685
f 2647/3040/2641 2646/3036/2640 2677/3100/2671 2678/3069/2672
f 2634/3041/2628 2633/3037/2627 2664/3101/2658 2665/3071/2659
f 2661/3042/2655 2660/3039/2654 2691/3102/2685 2692/3073/2686
f 2681/3078/2675 2680/3075/2674 2711/3103/2705 2712/3104/2706
f 2668/3079/2662 2667/3076/2661 2698/3105/2692 2699/3106/2693
f 2507/2356/2501 2694/3077/2688 2725/3107/2719
f 2682/3080/2676 2681/3078/2675 2712/3104/2706 2713/3108/2707
f 2669/3081/2663 2668/3079/2662 2699/3106/2693 2700/3109/2694
f 2683/3082/2677 2682/3080/2676 2713/3108/2707 2714/3110/2708
f 2670/3083/2664 2669/3081/2663 2700/3109/2694 2701/3111/2695
f 2684/3084/2678 2683/3082/2677 2714/3110/2708 2715/3112/2709
f 2671/3085/2665 2670/3083/2664 2701/3111/2695 2702/3113/2696
f 2685/3086/2679 2684/3084/2678 2715/3112/2709 2716/3114/2710
f 2672/3087/2666 2671/3085/2665 2702/3113/2696 2703/3115/2697
f 2686/3088/2680 2685/3086/2679 2716/3114/2710 2717/3116/2711
f 2673/3117/2667 2672/3087/2666 2703/3115/2697 2704/3118/2698
f 2687/3093/2681 2686/3092/2680 2717/3119/2711 2718/3120/2712
f 2674/3121/2668 2673/3122/2667 2704/3123/2698 2705/3124/2699
f 2688/3095/2682 2687/3093/2681 2718/3120/2712 2719/3125/2713
f 2675/3126/2669 2674/3121/2668 2705/3124/2699 2706/3127/2700
f 2689/3097/2683 2688/3095/2682 2719/3125/2713 2720/3128/2714
f 2676/3129/2670 2675/3126/2669 2706/3127/2700 2707/3130/2701
f 2690/3099/2684 2689/3097/2683 2720/3128/2714 2721/3131/2715
f 2677/3132/2671 2676/3129/2670 2707/3130/2701 2708/3133/2702
f 2664/3101/2658 2508/2330/2502 2695/3134/2689
f 2691/3102/2685 2690/3099/2684 2721/3131/2715 2722/3135/2716
f 2678/3136/2672 2677/3132/2671 2708/3133/2702 2709/3137/2703
f 2665/3071/2659 2664/3101/2658 2695/3134/2689 2696/3138/2690
f 2692/3073/2686 2691/3102/2685 2722/3135/2716 2723/3139/2717
f 2679/3140/2673 2678/3136/2672 2709/3137/2703 2710/3141/2704
f 2666/3072/2660 2665/3071/2659 2696/3138/2690 2697/3142/2691
f 2693/3074/2687 2692/3073/2686 2723/3139/2717 2724/3143/2718
f 2680/3075/2674 2679/3070/2673 2710/3144/2704 2711/3103/2705
f 2667/3076/2661 2666/3072/2660 2697/3142/2691 2698/3105/2692
f 2694/3077/2688 2693/3074/2687 2724/3143/2718 2725/3107/2719
f 2714/3145/2708 2713/3146/2707 2744/3147/2738 2745/3148/2739
f 2701/3111/2695 2700/3109/2694 2731/3149/2725 2732/3150/2726
f 2715/3151/2709 2714/3145/2708 2745/3148/2739 2746/3152/2740
f 2702/3113/2696 2701/3111/2695 2732/3150/2726 2733/3153/2727
f 2716/3154/2710 2715/3151/2709 2746/3152/2740 2747/3155/2741
f 2703/3115/2697 2702/3113/2696 2733/3153/2727 2734/3156/2728
f 2717/3157/2711 2716/3154/2710 2747/3155/2741 2748/3158/2742
f 2704/3123/2698 2703/3159/2697 2734/3160/2728 2735/3161/2729
f 2718/3120/2712 2717/3119/2711 2748/3162/2742 2749/3163/2743
f 2705/3124/2699 2704/3123/2698 2735/3161/2729 2736/3164/2730
f 2719/3125/2713 2718/3120/2712 2749/3163/2743 2750/3165/2744
f 2706/3127/2700 2705/3124/2699 2736/3164/2730 2737/3166/2731
f 2720/3128/2714 2719/3125/2713 2750/3165/2744 2751/3167/2745
f 2707/3130/2701 2706/3127/2700 2737/3166/2731 2738/3168/2732
f 2721/3131/2715 2720/3128/2714 2751/3167/2745 2752/3169/2746
f 2708/3133/2702 2707/3130/2701 2738/3168/2732 2739/3170/2733
f 2695/3134/2689 2508/2330/2502 2726/3171/2720
f 2722/3135/2716 2721/3131/2715 2752/3169/2746 2753/3172/2747
f 2709/3137/2703 2708/3133/2702 2739/3170/2733 2740/3173/2734
f 2696/3138/2690 2695/3134/2689 2726/3171/2720 2727/3174/2721
f 2723/3139/2717 2722/3135/2716 2753/3172/2747 2754/3175/2748
f 2710/3141/2704 2709/3137/2703 2740/3173/2734 2741/3176/2735
f 2697/3142/2691 2696/3138/2690 2727/3174/2721 2728/3177/2722
f 2724/3143/2718 2723/3139/2717 2754/3175/2748 2755/3178/2749
f 2711/3179/2705 2710/3141/2704 2741/3176/2735 2742/3180/2736
f 2698/3105/2692 2697/3142/2691 2728/3177/2722 2729/3181/2723
f 2725/3107/2719 2724/3143/2718 2755/3178/2749 2756/3182/2750
f 2712/3183/2706 2711/3179/2705 2742/3180/2736 2743/3184/2737
f 2699/3106/2693 2698/3105/2692 2729/3181/2723 2730/3185/2724
f 2507/2356/2501 2725/3107/2719 2756/3182/2750
f 2713/3146/2707 2712/3183/2706 2743/3184/2737 2744/3147/2738
f 2700/3109/2694 2699/3106/2693 2730/3185/2724 2731/3149/2725
f 2747/3155/2741 2746/3152/2740 2777/3186/2771 2778/3187/2772
f 2734/3160/2728 2733/3188/2727 2764/3189/2758 2765/3190/2759
f 2748/3158/2742 2747/3155/2741 2778/3187/2772 2779/3191/2773
f 2735/3161/2729 2734/3160/2728 2765/3190/2759 2766/3192/2760
f 2749/3163/2743 2748/3162/2742 2779/3193/2773 2780/3194/2774
f 2736/3164/2730 2735/3161/2729 2766/3192/2760 2767/3195/2761
f 2750/3165/2744 2749/3163/2743 2780/3194/2774 2781/3196/2775
f 2737/3166/2731 2736/3164/2730 2767/3195/2761 2768/3197/2762
f 2751/3167/2745 2750/3165/2744 2781/3196/2775 2782/3198/2776
f 2738/3168/2732 2737/3166/2731 2768/3197/2762 2769/3199/2763
f 2752/3169/2746 2751/3167/2745 2782/3198/2776 2783/3200/2777
f 2739/3170/2733 2738/3168/2732 2769/3199/2763 2770/3201/2764
f 2726/3171/2720 2508/2330/2502 2757/3202/2751
f 2753/3172/2747 2752/3169/2746 2783/3200/2777 2784/3203/2778
f 2740/3173/2734 2739/3170/2733 2770/3201/2764 2771/3204/2765
f 2727/3174/2721 2726/3171/2720 2757/3202/2751 2758/3205/2752
f 2754/3175/2748 2753/3172/2747 2784/3203/2778 2785/3206/2779
f 2741/3176/2735 2740/3173/2734 2771/3204/2765 2772/3207/2766
f 2728/3177/2722 2727/3174/2721 2758/3205/2752 2759/3208/2753
f 2755/3178/2749 2754/3175/2748 2785/3206/2779 2786/3209/2780
f 2742/3180/2736 2741/3176/2735 2772/3207/2766 2773/3210/2767
f 2729/3181/2723 2728/3177/2722 2759/3208/2753 2760/3211/2754
f 2756/3182/2750 2755/3178/2749 2786/3209/2780 2787/3212/2781
f 2743/3184/2737 2742/3180/2736 2773/3210/2767 2774/3213/2768
f 2730/3185/2724 2729/3181/2723 2760/3211/2754 2761/3214/2755
f 2507/2356/2501 2756/3182/2750 2787/3212/2781
f 2744/3147/2738 2743/3184/2737 2774/3213/2768 2775/3215/2769
f 2731/3149/2725 2730/3185/2724 2761/3214/2755 2762/3216/2756
f 2745/3148/2739 2744/3147/2738 2775/3215/2769 2776/3217/2770
f 2732/3150/2726 2731/3149/2725 2762/3216/2756 2763/3218/2757
f 2746/3152/2740 2745/3148/2739 2776/3217/2770 2777/3186/2771
f 2733/3153/2727 2732/3150/2726 2763/3218/2757 2764/3219/2758
f 2780/3220/2774 2779/3191/2773 2810/3221/2804 2811/3222/2805
f 2767/3195/2761 2766/3192/2760 2797/3223/2791 2798/3224/2792
f 2781/3196/2775 2780/3194/2774 2811/3225/2805 2812/3226/2806
f 2768/3197/2762 2767/3195/2761 2798/3224/2792 2799/3227/2793
f 2782/3198/2776 2781/3196/2775 2812/3226/2806 2813/3228/2807
f 2769/3199/2763 2768/3197/2762 2799/3227/2793 2800/3229/2794
f 2783/3200/2777 2782/3198/2776 2813/3228/2807 2814/3230/2808
f 2770/3201/2764 2769/3199/2763 2800/3229/2794 2801/3231/2795
f 2757/3202/2751 2508/2330/2502 2788/3232/2782
f 2784/3203/2778 2783/3200/2777 2814/3230/2808 2815/3233/2809
f 2771/3204/2765 2770/3201/2764 2801/3231/2795 2802/3234/2796
f 2758/3205/2752 2757/3202/2751 2788/3232/2782 2789/3235/2783
f 2785/3206/2779 2784/3203/2778 2815/3233/2809 2816/3236/2810
f 2772/3207/2766 2771/3204/2765 2802/3234/2796 2803/3237/2797
f 2759/3208/2753 2758/3205/2752 2789/3235/2783 2790/3238/2784
f 2786/3209/2780 2785/3206/2779 2816/3236/2810 2817/3239/2811
f 2773/3210/2767 2772/3207/2766 2803/3237/2797 2804/3240/2798
f 2760/3211/2754 2759/3208/2753 2790/3238/2784 2791/3241/2785
f 2787/3212/2781 2786/3209/2780 2817/3239/2811 2818/3242/2812
f 2774/3213/2768 2773/3210/2767 2804/3240/2798 2805/3243/2799
f 2761/3214/2755 2760/3211/2754 2791/3241/2785 2792/3244/2786
f 2507/2356/2501 2787/3212/2781 2818/3242/2812
f 2775/3215/2769 2774/3213/2768 2805/3243/2799 2806/3245/2800
f 2762/3216/2756 2761/3214/2755 2792/3244/2786 2793/3246/2787
f 2776/3217/2770 2775/3215/2769 2806/3245/2800 2807/3247/2801
f 2763/3218/2757 2762/3216/2756 2793/3246/2787 2794/3248/2788
f 2777/3186/2771 2776/3217/2770 2807/3247/2801 2808/3249/2802
f 2764/3219/2758 2763/3218/2757 2794/3248/2788 2795/3250/2789
f 2778/3187/2772 2777/3186/2771 2808/3249/2802 2809/3251/2803
f 2765/3190/2759 2764/3189/2758 2795/3252/2789 2796/3253/2790
f 2779/3191/2773 2778/3187/2772 2809/3251/2803 2810/3221/2804
f 2766/3192/2760 2765/3190/2759 2796/3253/2790 2797/3223/2791
f 2808/3249/2802 2807/3247/2801 2838/3254/2832 2839/3255/2833
f 2795/3250/2789 2794/3248/2788 2825/3256/2819 2826/3257/2820
f 2809/3251/2803 2808/3249/2802 2839/3255/2833 2840/3258/2834
f 2796/3253/2790 2795/3252/2789 2826/3259/2820 2827/3260/2821
f 2810/3221/2804 2809/3251/2803 2840/3258/2834 2841/3261/2835
f 2797/3223/2791 2796/3253/2790 2827/3260/2821 2828/3262/2822
f 2811/3222/2805 2810/3221/2804 2841/3261/2835 2842/3263/2836
f 2798/3224/2792 2797/3223/2791 2828/3262/2822 2829/3264/2823
f 2812/3226/2806 2811/3225/2805 2842/3265/2836 2843/3266/2837
f 2799/3227/2793 2798/3224/2792 2829/3264/2823 2830/3267/2824
f 2813/3228/2807 2812/3226/2806 2843/3266/2837 2844/3268/2838
f 2800/3229/2794 2799/3227/2793 2830/3267/2824 2831/3269/2825
f 2814/3230/2808 2813/3228/2807 2844/3268/2838 2845/3270/2839
f 2801/3231/2795 2800/3229/2794 2831/3269/2825 2832/3271/2826
f 2788/3232/2782 2508/2330/2502 2819/3272/2813
f 2815/3233/2809 2814/3230/2808 2845/3270/2839 2846/3273/2840
f 2802/3234/2796 2801/3231/2795 2832/3271/2826 2833/3274/2827
f 2789/3235/2783 2788/3232/2782 2819/3272/2813 2820/3275/2814
f 2816/3236/2810 2815/3233/2809 2846/3273/2840 2847/3276/2841
f 2803/3237/2797 2802/3234/2796 2833/3274/2827 2834/3277/2828
f 2790/3238/2784 2789/3235/2783 2820/3275/2814 2821/3278/2815
f 2817/3239/2811 2816/3236/2810 2847/3276/2841 2848/3279/2842
f 2804/3240/2798 2803/3237/2797 2834/3277/2828 2835/3280/2829
f 2791/3241/2785 2790/3238/2784 2821/3278/2815 2822/3281/2816
f 2818/3242/2812 2817/3239/2811 2848/3279/2842 2849/3282/2843
f 2805/3243/2799 2804/3240/2798 2835/3280/2829 2836/3283/2830
f 2792/3244/2786 2791/3241/2785 2822/3281/2816 2823/3284/2817
f 2507/2356/2501 2818/3242/2812 2849/3282/2843
f 2806/3245/2800 2805/3243/2799 2836/3283/2830 2837/3285/2831
f 2793/3246/2787 2792/3244/2786 2823/3284/2817 2824/3286/2818
f 2807/3247/2801 2806/3245/2800 2837/3285/2831 2838/3254/2832
f 2794/3248/2788 2793/3246/2787 2824/3286/2818 2825/3256/2819
f 2841/3261/2835 2840/3258/2834 2871/3287/2865 2872/3288/2866
f 2828/3262/2822 2827/3260/2821 2858/3289/2852 2859/3290/2853
f 2842/3263/2836 2841/3261/2835 2872/3288/2866 2873/3291/2867
f 2829/3264/2823 2828/3262/2822 2859/3290/2853 2860/3292/2854
f 2843/3266/2837 2842/3265/2836 2873/3293/2867 2874/3294/2868
f 2830/3267/2824 2829/3264/2823 2860/3292/2854 2861/3295/2855
f 2844/3268/2838 2843/3266/2837 2874/3294/2868 2875/3296/2869
f 2831/3269/2825 2830/3267/2824 2861/3295/2855 2862/3297/2856
f 2845/3270/2839 2844/3268/2838 2875/3296/2869 2876/3298/2870
f 2832/3271/2826 2831/3269/2825 2862/3297/2856 2863/3299/2857
f 2819/3272/2813 2508/2330/2502 2850/3300/2844
f 2846/3273/2840 2845/3270/2839 2876/3298/2870 2877/3301/2871
f 2833/3274/2827 2832/3271/2826 2863/3299/2857 2864/3302/2858
f 2820/3275/2814 2819/3272/2813 2850/3300/2844 2851/3303/2845
f 2847/3276/2841 2846/3273/2840 2877/3301/2871 2878/3304/2872
f 2834/3277/2828 2833/3274/2827 2864/3302/2858 2865/3305/2859
f 2821/3278/2815 2820/3275/2814 2851/3303/2845 2852/3306/2846
f 2848/3279/2842 2847/3276/2841 2878/3304/2872 2879/3307/2873
f 2835/3280/2829 2834/3277/2828 2865/3305/2859 2866/3308/2860
f 2822/3281/2816 2821/3278/2815 2852/3306/2846 2853/3309/2847
f 2849/3282/2843 2848/3279/2842 2879/3307/2873 2880/3310/2874
f 2836/3283/2830 2835/3280/2829 2866/3308/2860 2867/3311/2861
f 2823/3284/2817 2822/3281/2816 2853/3309/2847 2854/3312/2848
f 2507/2356/2501 2849/3282/2843 2880/3310/2874
f 2837/3285/2831 2836/3283/2830 2867/3311/2861 2868/3313/2862
f 2824/3286/2818 2823/3284/2817 2854/3312/2848 2855/3314/2849
f 2838/3254/2832 2837/3285/2831 2868/3313/2862 2869/3315/2863
f 2825/3256/2819 2824/3286/2818 2855/3314/2849 2856/3316/2850
f 2839/3255/2833 2838/3254/2832 2869/3315/2863 2870/3317/2864
f 2826/3257/2820 2825/3256/2819 2856/3316/2850 2857/3318/2851
f 2840/3258/2834 2839/3255/2833 2870/3317/2864 2871/3287/2865
f 2827/3260/2821 2826/3259/2820 2857/3319/2851 2858/3289/2852
f 2874/3294/2868 2873/3293/2867 2904/3320/2898 2905/3321/2899
f 2861/3295/2855 2860/3292/2854 2891/3322/2885 2892/3323/2886
f 2875/3296/2869 2874/3294/2868 2905/3321/2899 2906/3324/2900
f 2862/3297/2856 2861/3295/2855 2892/3323/2886 2893/3325/2887
f 2876/3298/2870 2875/3296/2869 2906/3324/2900 2907/3326/2901
f 2863/3299/2857 2862/3297/2856 2893/3325/2887 2894/3327/2888
f 2850/3300/2844 2508/2330/2502 2881/3328/2875
f 2877/3301/2871 2876/3298/2870 2907/3326/2901 2908/3329/2902
f 2864/3302/2858 2863/3299/2857 2894/3327/2888 2895/3330/2889
f 2851/3303/2845 2850/3300/2844 2881/3328/2875 2882/3331/2876
f 2878/3304/2872 2877/3301/2871 2908/3329/2902 2909/3332/2903
f 2865/3305/2859 2864/3302/2858 2895/3330/2889 2896/3333/2890
f 2852/3306/2846 2851/3303/2845 2882/3331/2876 2883/3334/2877
f 2879/3307/2873 2878/3304/2872 2909/3332/2903 2910/3335/2904
f 2866/3308/2860 2865/3305/2859 2896/3333/2890 2897/3336/2891
f 2853/3309/2847 2852/3306/2846 2883/3334/2877 2884/3337/2878
f 2880/3310/2874 2879/3307/2873 2910/3335/2904 2911/3338/2905
f 2867/3311/2861 2866/3308/2860 2897/3336/2891 2898/3339/2892
f 2854/3312/2848 2853/3309/2847 2884/3337/2878 2885/3340/2879
f 2507/2356/2501 2880/3310/2874 2911/3338/2905
f 2868/3313/2862 2867/3311/2861 2898/3339/2892 2899/3341/2893
f 2855/3314/2849 2854/3312/2848 2885/3340/2879 2886/3342/2880
f 2869/3315/2863 2868/3313/2862 2899/3341/2893 2900/3343/2894
f 2856/3316/2850 2855/3314/2849 2886/3342/2880 2887/3344/2881
f 2870/3317/2864 2869/3315/2863 2900/3343/2894 2901/3345/2895
f 2857/3318/2851 2856/3316/2850 2887/3344/2881 2888/3346/2882
f 2871/3287/2865 2870/3317/2864 2901/3345/2895 2902/3347/2896
f 2858/3289/2852 2857/3319/2851 2888/3348/2882 2889/3349/2883
f 2872/3288/2866 2871/3287/2865 2902/3347/2896 2903/3350/2897
f 2859/3290/2853 2858/3289/2852 2889/3349/2883 2890/3351/2884
f 2873/3293/2867 2872/3352/2866 2903/3353/2897 2904/3320/2898
f 2860/3292/2854 2859/3290/2853 2890/3351/2884 2891/3322/2885
f 2907/3326/2901 2906/3324/2900 2937/3354/2931 2938/3355/2932
f 2894/3327/2888 2893/3325/2887 2924/3356/2918 2925/3357/2919
f 2881/3328/2875 2508/2330/2502 2912/3358/2906
f 2908/3329/2902 2907/3326/2901 2938/3355/2932 2939/3359/2933
f 2895/3330/2889 2894/3327/2888 2925/3357/2919 2926/3360/2920
f 2882/3331/2876 2881/3328/2875 2912/3358/2906 2913/3361/2907
f 2909/3332/2903 2908/3329/2902 2939/3359/2933 2940/3362/2934
f 2896/3333/2890 2895/3330/2889 2926/3360/2920 2927/3363/2921
f 2883/3334/2877 2882/3331/2876 2913/3361/2907 2914/3364/2908
f 2910/3335/2904 2909/3332/2903 2940/3362/2934 2941/3365/2935
f 2897/3336/2891 2896/3333/2890 2927/3363/2921 2928/3366/2922
f 2884/3337/2878 2883/3334/2877 2914/3364/2908 2915/3367/2909
f 2911/3338/2905 2910/3335/2904 2941/3365/2935 2942/3368/2936
f 2898/3339/2892 2897/3336/2891 2928/3366/2922 2929/3369/2923
f 2885/3340/2879 2884/3337/2878 2915/3367/2909 2916/3370/2910
f 2507/2356/2501 2911/3338/2905 2942/3368/2936
f 2899/3341/2893 2898/3339/2892 2929/3369/2923 2930/3371/2924
f 2886/3342/2880 2885/3340/2879 2916/3370/2910 2917/3372/2911
f 2900/3343/2894 2899/3341/2893 2930/3371/2924 2931/3373/2925
f 2887/3344/2881 2886/3342/2880 2917/3372/2911 2918/3374/2912
f 2901/3345/2895 2900/3343/2894 2931/3373/2925 2932/3375/2926
f 2888/3346/2882 2887/3344/2881 2918/3374/2912 2919/3376/2913
f 2902/3347/2896 2901/3345/2895 2932/3375/2926 2933/3377/2927
f 2889/3378/2883 2888/3346/2882 2919/3376/2913 2920/3379/2914
f 2903/3350/2897 2902/3347/2896 2933/3377/2927 2934/3380/2928
f 2890/3351/2884 2889/3349/2883 2920/3381/2914 2921/3382/2915
f 2904/3320/2898 2903/3353/2897 2934/3383/2928 2935/3384/2929
f 2891/3322/2885 2890/3351/2884 2921/3382/2915 2922/3385/2916
f 2905/3321/2899 2904/3320/2898 2935/3384/2929 2936/3386/2930
f 2892/3323/2886 2891/3322/2885 2922/3385/2916 2923/3387/2917
f 2906/3324/2900 2905/3321/2899 2936/3386/2930 2937/3354/2931
f 2893/3325/2887 2892/3323/2886 2923/3387/2917 2924/3356/2918
f 2913/3361/2907 2912/3358/2906 2943/3388/2937 2944/3389/2938
f 2940/3362/2934 2939/3359/2933 2970/3390/2964 2971/3391/2965
f 2927/3392/2921 2926/3393/2920 2957/3394/2951 2958/3395/2952
f 2914/3364/2908 2913/3361/2907 2944/3389/2938 2945/3396/2939
f 2941/3365/2935 2940/3362/2934 2971/3391/2965 2972/3397/2966
f 2928/3398/2922 2927/3392/2921 2958/3395/2952 2959/3399/2953
f 2915/3367/2909 2914/3364/2908 2945/3396/2939 2946/3400/2940
f 2942/3368/2936 2941/3365/2935 2972/3397/2966 2973/3401/2967
f 2929/3402/2923 2928/3398/2922 2959/3399/2953 2960/3403/2954
f 2916/3370/2910 2915/3367/2909 2946/3400/2940 2947/3404/2941
f 2507/2356/2501 2942/3368/2936 2973/3401/2967
f 2930/3405/2924 2929/3402/2923 2960/3403/2954 2961/3406/2955
f 2917/3372/2911 2916/3370/2910 2947/3404/2941 2948/3407/2942
f 2931/3408/2925 2930/3405/2924 2961/3406/2955 2962/3409/2956
f 2918/3374/2912 2917/3372/2911 2948/3407/2942 2949/3410/2943
f 2932/3375/2926 2931/3373/2925 2962/3411/2956 2963/3412/2957
f 2919/3376/2913 2918/3374/2912 2949/3410/2943 2950/3413/2944
f 2933/3414/2927 2932/3415/2926 2963/3416/2957 2964/3417/2958
f 2920/3379/2914 2919/3376/2913 2950/3413/2944 2951/3418/2945
f 2934/3383/2928 2933/3419/2927 2964/3420/2958 2965/3421/2959
f 2921/3422/2915 2920/3423/2914 2951/3424/2945 2952/3425/2946
f 2935/3384/2929 2934/3383/2928 2965/3421/2959 2966/3426/2960
f 2922/3427/2916 2921/3422/2915 2952/3425/2946 2953/3428/2947
f 2936/3386/2930 2935/3384/2929 2966/3426/2960 2967/3429/2961
f 2923/3387/2917 2922/3385/2916 2953/3430/2947 2954/3431/2948
f 2937/3354/2931 2936/3386/2930 2967/3429/2961 2968/3432/2962
f 2924/3433/2918 2923/3434/2917 2954/3435/2948 2955/3436/2949
f 2938/3355/2932 2937/3354/2931 2968/3432/2962 2969/3437/2963
f 2925/3438/2919 2924/3433/2918 2955/3436/2949 2956/3439/2950
f 2912/3358/2906 2508/2330/2502 2943/3388/2937
f 2939/3359/2933 2938/3355/2932 2969/3437/2963 2970/3390/2964
f 2926/3393/2920 2925/3438/2919 2956/3439/2950 2957/3394/2951
f 2946/3400/2940 2945/3396/2939 2976/2342/2970 2977/2348/2971
f 2973/3401/2967 2972/3397/2966 2009/2344/2003 2010/2350/2004
f 2960/3403/2954 2959/3399/2953 2001/2346/1995 2002/2352/1996
f 2947/3404/2941 2946/3400/2940 2977/2348/2971 2978/2354/2972
f 2507/2356/2501 2973/3401/2967 2010/2350/2004
f 2961/3406/2955 2960/3403/2954 2002/2352/1996 2984/2357/2978
f 2948/3407/2942 2947/3404/2941 2978/2354/2972 2979/2359/2973
f 2962/3409/2956 2961/3406/2955 2984/2357/2978 2985/2361/2979
f 2949/3410/2943 2948/3407/2942 2979/2359/2973 1995/2296/1989
f 2963/3416/2957 2962/3409/2956 2985/2361/2979 2003/2300/1997
f 2950/3413/2944 2949/3410/2943 1995/2296/1989 2980/2295/2974
f 2964/3417/2958 2963/3416/2957 2003/2300/1997 2004/2299/1998
f 2951/3418/2945 2950/3413/2944 2980/2295/2974 1996/3440/1990
f 2965/3441/2959 2964/3417/2958 2004/2299/1998 2005/2307/1999
f 2952/3425/2946 2951/3424/2945 1996/2303/1990 2981/2309/2975
f 2966/3426/2960 2965/3421/2959 2005/2312/1999 2986/2311/2980
f 2953/3428/2947 2952/3425/2946 2981/2309/2975 2982/2315/2976
f 2967/3429/2961 2966/3426/2960 2986/2311/2980 2006/2317/2000
f 2954/3435/2948 2953/3428/2947 2982/2315/2976 1997/2319/1991
f 2968/3432/2962 2967/3429/2961 2006/2317/2000 2007/2321/2001
f 2955/3436/2949 2954/3435/2948 1997/2319/1991 1998/2323/1992
f 2969/3437/2963 2968/3432/2962 2007/2321/2001 2008/2325/2002
f 2956/3439/2950 2955/3436/2949 1998/2323/1992 1999/2327/1993
f 2943/3388/2937 2508/2330/2502 2974/2329/2968
f 2970/3390/2964 2969/3437/2963 2008/2325/2002 2987/2332/2981
f 2957/3394/2951 2956/3439/2950 1999/2327/1993 2000/2334/1994
f 2944/3389/2938 2943/3388/2937 2974/2329/2968 2975/2336/2969
f 2971/3391/2965 2970/3390/2964 2987/2332/2981 2988/2338/2982
f 2958/3395/2952 2957/3394/2951 2000/2334/1994 2983/2340/2977
f 2945/3396/2939 2944/3389/2938 2975/2336/2969 2976/2342/2970
f 2972/3397/2966 2971/3391/2965 2988/2338/2982 2009/2344/2003
f 2959/3399/2953 2958/3395/2952 2983/2340/2977 2001/2346/1995
o Hydrogen_ball
v 0.036964 0.072118 -0.661852
v 0.036964 -0.023978 -0.757949
v 0.036964 -0.198477 -0.862539
v 0.036964 -0.262532 -0.885458
v 0.036964 -0.328526 -0.901989
v 0.036964 -0.395822 -0.911971
v 0.036964 -0.531723 -0.911971
v 0.036964 -0.599019 -0.901989
v 0.036964 -0.790569 -0.833451
v 0.036964 -0.848922 -0.798476
v 0.036964 -0.903566 -0.757949
v 0.036964 -0.999663 -0.661852
v 0.036964 -1.040190 -0.607208
v 0.036964 -1.075165 -0.548855
v 0.036964 -1.143703 -0.357305
v 0.036964 -1.153685 -0.290009
v 0.050220 0.226141 -0.288703
v 0.063349 0.216158 -0.354706
v 0.076224 0.199628 -0.419432
v 0.088720 0.176708 -0.482256
v 0.100719 0.147621 -0.542575
v 0.112103 0.112645 -0.599807
v 0.122763 0.072118 -0.653402
v 0.132598 0.026430 -0.702842
v 0.141511 -0.023978 -0.747652
v 0.149417 -0.078623 -0.787400
v 0.156241 -0.136976 -0.821703
v 0.161915 -0.198477 -0.850232
v 0.166387 -0.262532 -0.872711
v 0.169612 -0.328526 -0.888924
v 0.171559 -0.395822 -0.898715
v 0.172210 -0.463772 -0.901989
v 0.171559 -0.531723 -0.898715
v 0.169612 -0.599019 -0.888924
v 0.166387 -0.665012 -0.872711
v 0.161915 -0.729068 -0.850232
v 0.156241 -0.790569 -0.821703
v 0.149417 -0.848922 -0.787400
v 0.141511 -0.903566 -0.747652
v 0.132598 -0.953975 -0.702842
v 0.122763 -0.999663 -0.653402
v 0.112103 -1.040190 -0.599807
v 0.100719 -1.075165 -0.542575
v 0.088720 -1.104253 -0.482256
v 0.076224 -1.127172 -0.419432
v 0.063349 -1.143703 -0.354706
v 0.050220 -1.153685 -0.288703
v 0.062967 0.226141 -0.284836
v 0.088720 0.216158 -0.347010
v 0.113975 0.199628 -0.407980
v 0.138488 0.176708 -0.467160
v 0.162023 0.147621 -0.523979
v 0.184354 0.112645 -0.577890
v 0.205266 0.072118 -0.628375
v 0.224556 0.026430 -0.674946
v 0.242040 -0.023978 -0.717156
v 0.257549 -0.078623 -0.754598
v 0.270934 -0.136976 -0.786912
v 0.282065 -0.198477 -0.813785
v 0.290836 -0.262532 -0.834960
v 0.297162 -0.328526 -0.850232
v 0.300982 -0.395822 -0.859455
v 0.302259 -0.463772 -0.862539
v 0.300982 -0.531723 -0.859455
v 0.297162 -0.599019 -0.850232
v 0.290836 -0.665012 -0.834960
v 0.282065 -0.729068 -0.813785
v 0.270934 -0.790569 -0.786912
v 0.257549 -0.848922 -0.754598
v 0.242040 -0.903566 -0.717156
v 0.224556 -0.953975 -0.674946
v 0.205266 -0.999663 -0.628375
v 0.184354 -1.040190 -0.577890
v 0.162023 -1.075165 -0.523979
v 0.138488 -1.104253 -0.467160
v 0.113975 -1.127172 -0.407980
v 0.088720 -1.143703 -0.347010
v 0.062967 -1.153685 -0.284836
v 0.074715 0.226141 -0.278557
v 0.112103 0.216158 -0.334512
v 0.148767 0.199628 -0.389383
v 0.184354 0.176708 -0.442644
v 0.218522 0.147621 -0.493779
v 0.250941 0.112645 -0.542298
v 0.281300 0.072118 -0.587733
v 0.309306 0.026430 -0.629647
v 0.334688 -0.023978 -0.667635
v 0.357204 -0.078623 -0.701332
v 0.376635 -0.136976 -0.730413
v 0.392796 -0.198477 -0.754598
v 0.405529 -0.262532 -0.773655
v 0.414713 -0.328526 -0.787400
v 0.420259 -0.395822 -0.795700
v 0.422113 -0.463772 -0.798475
v 0.420259 -0.531723 -0.795700
v 0.414713 -0.599019 -0.787400
v 0.405529 -0.665012 -0.773655
v 0.392796 -0.729068 -0.754598
v 0.376635 -0.790569 -0.730413
v 0.357204 -0.848922 -0.701332
v 0.334688 -0.903566 -0.667635
v 0.309306 -0.953975 -0.629647
v 0.281300 -0.999663 -0.587733
v 0.250941 -1.040190 -0.542298
v 0.218522 -1.075165 -0.493779
v 0.184354 -1.104253 -0.442644
v 0.148767 -1.127172 -0.389383
v 0.112103 -1.143703 -0.334512
v 0.074715 -1.153685 -0.278557
v 0.085012 0.226141 -0.270106
v 0.132598 0.216158 -0.317692
v 0.179262 0.199628 -0.364357
v 0.224556 0.176708 -0.409651
v 0.268044 0.147621 -0.453138
v 0.309306 0.112645 -0.494400
v 0.347945 0.072118 -0.533039
v 0.383589 0.026430 -0.568684
v 0.415895 -0.023978 -0.600990
v 0.444552 -0.078623 -0.629647
v 0.469284 -0.136976 -0.654378
v 0.489852 -0.198477 -0.674946
v 0.506058 -0.262532 -0.691153
v 0.517747 -0.328526 -0.702842
v 0.524806 -0.395822 -0.709900
v 0.527166 -0.463772 -0.712261
v 0.524806 -0.531723 -0.709900
v 0.517747 -0.599019 -0.702842
v 0.506058 -0.665012 -0.691153
v 0.489852 -0.729068 -0.674946
v 0.469284 -0.790569 -0.654378
v 0.444552 -0.848922 -0.629647
v 0.415895 -0.903566 -0.600990
v 0.383589 -0.953975 -0.568684
v 0.347945 -0.999663 -0.533039
v 0.309306 -1.040190 -0.494400
v 0.268044 -1.075165 -0.453138
v 0.224556 -1.104253 -0.409651
v 0.179262 -1.127172 -0.364357
v 0.132598 -1.143703 -0.317692
v 0.085012 -1.153685 -0.270106
v 0.093463 0.226141 -0.259810
v 0.149417 0.216158 -0.297197
v 0.204289 0.199628 -0.333861
v 0.257549 0.176708 -0.369449
v 0.308685 0.147621 -0.403617
v 0.357204 0.112645 -0.436036
v 0.402639 0.072118 -0.466395
v 0.444552 0.026430 -0.494400
v 0.482540 -0.023978 -0.519783
v 0.516237 -0.078623 -0.542298
v 0.545318 -0.136976 -0.561730
v 0.569504 -0.198477 -0.577890
v 0.588561 -0.262532 -0.590623
v 0.602305 -0.328526 -0.599807
v 0.610605 -0.395822 -0.605353
v 0.613381 -0.463772 -0.607208
v 0.610605 -0.531723 -0.605353
v 0.602305 -0.599019 -0.599807
v 0.588561 -0.665012 -0.590623
v 0.569504 -0.729068 -0.577890
v 0.545318 -0.790569 -0.561730
v 0.516237 -0.848922 -0.542298
v 0.482540 -0.903566 -0.519783
v 0.444552 -0.953975 -0.494400
v 0.402639 -0.999663 -0.466395
v 0.357204 -1.040190 -0.436036
v 0.308685 -1.075165 -0.403617
v 0.257549 -1.104253 -0.369449
v 0.204289 -1.127172 -0.333861
v 0.149417 -1.143703 -0.297197
v 0.093463 -1.153685 -0.259810
v 0.099742 0.226141 -0.248062
v 0.161915 0.216158 -0.273815
v 0.222885 0.199628 -0.299069
v 0.282065 0.176708 -0.323583
v 0.338884 0.147621 -0.347118
v 0.392796 0.112645 -0.369449
v 0.443280 0.072118 -0.390360
v 0.489852 0.026430 -0.409651
v 0.532062 -0.023978 -0.427135
v 0.569504 -0.078623 -0.442643
v 0.601817 -0.136976 -0.456028
v 0.628691 -0.198477 -0.467160
v 0.649865 -0.262532 -0.475930
v 0.665138 -0.328526 -0.482256
v 0.674360 -0.395822 -0.486076
v 0.677444 -0.463772 -0.487354
v 0.674360 -0.531723 -0.486076
v 0.665138 -0.599019 -0.482256
v 0.649865 -0.665012 -0.475930
v 0.628691 -0.729068 -0.467160
v 0.601817 -0.790569 -0.456028
v 0.569504 -0.848922 -0.442643
v 0.532062 -0.903566 -0.427135
v 0.489852 -0.953975 -0.409651
v 0.443280 -0.999663 -0.390360
v 0.392796 -1.040190 -0.369449
v 0.338884 -1.075165 -0.347118
v 0.282065 -1.104253 -0.323583
v 0.222885 -1.127172 -0.299069
v 0.161915 -1.143703 -0.273815
v 0.099742 -1.153685 -0.248062
v 0.103609 0.226141 -0.235315
v 0.169612 0.216158 -0.248444
v 0.234337 0.199628 -0.261318
v 0.297162 0.176708 -0.273815
v 0.357481 0.147621 -0.285813
v 0.414713 0.112645 -0.297197
v 0.468307 0.072118 -0.307858
v 0.517747 0.026430 -0.317692
v 0.562557 -0.023978 -0.326605
v 0.602305 -0.078623 -0.334512
v 0.636609 -0.136976 -0.341335
v 0.665138 -0.198477 -0.347010
v 0.687617 -0.262532 -0.351481
v 0.703830 -0.328526 -0.354706
v 0.713620 -0.395822 -0.356654
v 0.716894 -0.463772 -0.357305
v 0.713620 -0.531723 -0.356654
v 0.703830 -0.599019 -0.354706
v 0.687617 -0.665012 -0.351481
v 0.665138 -0.729068 -0.347010
v 0.636609 -0.790569 -0.341335
v 0.602305 -0.848922 -0.334512
v 0.562557 -0.903566 -0.326605
v 0.517747 -0.953975 -0.317692
v 0.468307 -0.999663 -0.307858
v 0.414713 -1.040190 -0.297197
v 0.357481 -1.075165 -0.285813
v 0.297162 -1.104253 -0.273815
v 0.234337 -1.127172 -0.261318
v 0.169612 -1.143703 -0.248444
v 0.103609 -1.153685 -0.235315
v 0.104914 0.226141 -0.222058
v 0.172210 0.216158 -0.222058
v 0.238204 0.199628 -0.222058
v 0.302259 0.176708 -0.222058
v 0.363760 0.147621 -0.222058
v 0.422113 0.112645 -0.222058
v 0.476757 0.072118 -0.222058
v 0.527166 0.026430 -0.222058
v 0.572854 -0.023978 -0.222058
v 0.613381 -0.078623 -0.222058
v 0.648357 -0.136976 -0.222058
v 0.677444 -0.198477 -0.222058
v 0.700364 -0.262532 -0.222058
v 0.716894 -0.328526 -0.222058
v 0.726877 -0.395822 -0.222058
v 0.730215 -0.463772 -0.222058
v 0.726877 -0.531723 -0.222058
v 0.716894 -0.599019 -0.222058
v 0.700364 -0.665012 -0.222058
v 0.677444 -0.729068 -0.222058
v 0.648357 -0.790569 -0.222058
v 0.613381 -0.848922 -0.222058
v 0.572854 -0.903566 -0.222058
v 0.527166 -0.953975 -0.222058
v 0.476757 -0.999663 -0.222058
v 0.422113 -1.040190 -0.222058
v 0.363760 -1.075165 -0.222058
v 0.302259 -1.104253 -0.222058
v 0.238204 -1.127172 -0.222058
v 0.172210 -1.143703 -0.222058
v 0.104914 -1.153685 -0.222058
v 0.103609 0.226141 -0.208802
v 0.169612 0.216158 -0.195673
v 0.234337 0.199628 -0.182798
v 0.297162 0.176708 -0.170302
v 0.357481 0.147621 -0.158303
v 0.414713 0.112645 -0.146919
v 0.468307 0.072118 -0.136259
v 0.517747 0.026430 -0.126424
v 0.562557 -0.023978 -0.117511
v 0.602305 -0.078623 -0.109605
v 0.636609 -0.136976 -0.102781
v 0.665138 -0.198477 -0.097107
v 0.687617 -0.262532 -0.092635
v 0.703829 -0.328526 -0.089410
v 0.713620 -0.395822 -0.087463
v 0.716894 -0.463772 -0.086812
v 0.713620 -0.531723 -0.087463
v 0.703829 -0.599019 -0.089410
v 0.687617 -0.665012 -0.092635
v 0.665138 -0.729068 -0.097107
v 0.636609 -0.790569 -0.102781
v 0.602305 -0.848922 -0.109605
v 0.562557 -0.903566 -0.117511
v 0.517747 -0.953975 -0.126424
v 0.468307 -0.999663 -0.136259
v 0.414713 -1.040190 -0.146919
v 0.357481 -1.075165 -0.158303
v 0.297162 -1.104253 -0.170302
v 0.234337 -1.127172 -0.182798
v 0.169612 -1.143703 -0.195673
v 0.103609 -1.153685 -0.208802
v 0.099742 0.226141 -0.196055
v 0.161915 0.216158 -0.170302
v 0.222885 0.199628 -0.145047
v 0.282065 0.176708 -0.120534
v 0.338884 0.147621 -0.096999
v 0.392796 0.112645 -0.074668
v 0.443280 0.072118 -0.053756
v 0.489852 0.026430 -0.034466
v 0.532062 -0.023978 -0.016982
v 0.569504 -0.078623 -0.001473
v 0.601817 -0.136976 0.011912
v 0.628691 -0.198477 0.023043
v 0.649865 -0.262532 0.031814
v 0.665137 -0.328526 0.038140
v 0.674360 -0.395822 0.041960
v 0.677444 -0.463772 0.043237
v 0.674360 -0.531723 0.041960
v 0.665137 -0.599019 0.038140
v 0.649865 -0.665012 0.031814
v 0.628691 -0.729068 0.023043
v 0.601817 -0.790569 0.011912
v 0.569504 -0.848922 -0.001473
v 0.532062 -0.903566 -0.016982
v 0.489852 -0.953975 -0.034466
v 0.443280 -0.999663 -0.053756
v 0.392796 -1.040190 -0.074668
v 0.338884 -1.075165 -0.096999
v 0.282065 -1.104253 -0.120534
v 0.222885 -1.127172 -0.145047
v 0.161915 -1.143703 -0.170302
v 0.099742 -1.153685 -0.196055
v 0.093462 0.226141 -0.184307
v 0.149417 0.216158 -0.146919
v 0.204289 0.199628 -0.110255
v 0.257549 0.176708 -0.074668
v 0.308685 0.147621 -0.040500
v 0.357204 0.112645 -0.008081
v 0.402639 0.072118 0.022278
v 0.444552 0.026430 0.050284
v 0.482540 -0.023978 0.075667
v 0.516237 -0.078623 0.098182
v 0.545318 -0.136976 0.117613
v 0.569504 -0.198477 0.133774
v 0.588561 -0.262532 0.146507
v 0.602305 -0.328526 0.155691
v 0.610605 -0.395822 0.161237
v 0.613381 -0.463772 0.163091
v 0.610605 -0.531723 0.161237
v 0.602305 -0.599019 0.155691
v 0.588561 -0.665012 0.146507
v 0.569504 -0.729068 0.133774
v 0.545318 -0.790569 0.117613
v 0.516237 -0.848922 0.098182
v 0.482540 -0.903566 0.075667
v 0.444552 -0.953975 0.050284
v 0.402639 -0.999663 0.022278
v 0.357204 -1.040190 -0.008081
v 0.308685 -1.075165 -0.040500
v 0.257549 -1.104253 -0.074668
v 0.204289 -1.127172 -0.110255
v 0.149417 -1.143703 -0.146919
v 0.093462 -1.153685 -0.184307
v 0.085012 0.226141 -0.174010
v 0.132597 0.216158 -0.126425
v 0.179262 0.199628 -0.079760
v 0.224556 0.176708 -0.034466
v 0.268044 0.147621 0.009022
v 0.309306 0.112645 0.050284
v 0.347945 0.072118 0.088923
v 0.383589 0.026430 0.124567
v 0.415895 -0.023978 0.156873
v 0.444552 -0.078623 0.185530
v 0.469284 -0.136976 0.210262
v 0.489852 -0.198477 0.230830
v 0.506058 -0.262532 0.247036
v 0.517747 -0.328526 0.258725
v 0.524806 -0.395822 0.265784
v 0.527166 -0.463772 0.268144
v 0.524806 -0.531723 0.265784
v 0.517747 -0.599019 0.258725
v 0.506058 -0.665012 0.247036
v 0.489852 -0.729068 0.230830
v 0.469284 -0.790569 0.210262
v 0.444552 -0.848922 0.185530
v 0.415895 -0.903566 0.156873
v 0.383589 -0.953975 0.124567
v 0.347945 -0.999663 0.088923
v 0.309306 -1.040190 0.050284
v 0.268044 -1.075165 0.009022
v 0.224556 -1.104253 -0.034466
v 0.179262 -1.127172 -0.079760
v 0.132597 -1.143703 -0.126425
v 0.085012 -1.153685 -0.174010
v 0.074715 0.226141 -0.165560
v 0.112103 0.216158 -0.109605
v 0.148767 0.199628 -0.054733
v 0.184354 0.176708 -0.001473
v 0.218522 0.147621 0.049663
v 0.250941 0.112645 0.098182
v 0.281300 0.072118 0.143617
v 0.309306 0.026430 0.185530
v 0.334688 -0.023978 0.223518
v 0.357204 -0.078623 0.257215
v 0.376635 -0.136976 0.286296
v 0.392796 -0.198477 0.310482
v 0.405529 -0.262532 0.329539
v 0.414713 -0.328526 0.343283
v 0.420259 -0.395822 0.351583
v 0.422113 -0.463772 0.354359
v 0.420259 -0.531723 0.351583
v 0.414713 -0.599019 0.343283
v 0.405529 -0.665012 0.329539
v 0.392796 -0.729068 0.310482
v 0.376635 -0.790569 0.286296
v 0.357204 -0.848922 0.257215
v 0.334688 -0.903566 0.223518
v 0.309306 -0.953975 0.185530
v 0.281300 -0.999663 0.143617
v 0.250941 -1.040190 0.098182
v 0.218522 -1.075165 0.049663
v 0.184354 -1.104253 -0.001473
v 0.148767 -1.127172 -0.054733
v 0.112103 -1.143703 -0.109605
v 0.074715 -1.153685 -0.165560
v 0.062967 0.226141 -0.159280
v 0.088720 0.216158 -0.097107
v 0.113975 0.199628 -0.036137
v 0.138488 0.176708 0.023043
v 0.162023 0.147621 0.079862
v 0.184354 0.112645 0.133774
v 0.205265 0.072118 0.184258
v 0.224556 0.026430 0.230830
v 0.242040 -0.023978 0.273040
v 0.257549 -0.078623 0.310482
v 0.270934 -0.136976 0.342795
v 0.282065 -0.198477 0.369668
v 0.290836 -0.262532 0.390843
v 0.297162 -0.328526 0.406115
v 0.300982 -0.395822 0.415338
v 0.302259 -0.463772 0.418422
v 0.300982 -0.531723 0.415338
v 0.297162 -0.599019 0.406115
v 0.290836 -0.665012 0.390843
v 0.282065 -0.729068 0.369668
v 0.270934 -0.790569 0.342795
v 0.257549 -0.848922 0.310482
v 0.242040 -0.903566 0.273040
v 0.224556 -0.953975 0.230830
v 0.205265 -0.999663 0.184258
v 0.184354 -1.040190 0.133774
v 0.162023 -1.075165 0.079862
v 0.138488 -1.104253 0.023043
v 0.113975 -1.127172 -0.036137
v 0.088720 -1.143703 -0.097107
v 0.062967 -1.153685 -0.159280
v 0.050220 0.226141 -0.155413
v 0.063349 0.216158 -0.089410
v 0.076224 0.199628 -0.024685
v 0.088720 0.176708 0.038140
v 0.100718 0.147621 0.098459
v 0.112103 0.112645 0.155691
v 0.122763 0.072118 0.209285
v 0.132598 0.026430 0.258725
v 0.141511 -0.023978 0.303535
v 0.149417 -0.078623 0.343283
v 0.156241 -0.136976 0.377587
v 0.161915 -0.198477 0.406115
v 0.166387 -0.262532 0.428595
v 0.169611 -0.328526 0.444807
v 0.171559 -0.395822 0.454598
v 0.172210 -0.463772 0.457872
v 0.171559 -0.531723 0.454598
v 0.169611 -0.599019 0.444807
v 0.166387 -0.665012 0.428595
v 0.161915 -0.729068 0.406115
v 0.156241 -0.790569 0.377587
v 0.149417 -0.848922 0.343283
v 0.141511 -0.903566 0.303535
v 0.132598 -0.953975 0.258725
v 0.122763 -0.999663 0.209285
v 0.112103 -1.040190 0.155691
v 0.100718 -1.075165 0.098459
v 0.088720 -1.104253 0.038140
v 0.076224 -1.127172 -0.024685
v 0.063349 -1.143703 -0.089410
v 0.050220 -1.153685 -0.155413
v 0.036964 0.226141 -0.154108
v 0.036964 0.216158 -0.086812
v 0.036964 0.199628 -0.020818
v 0.036964 0.176708 0.043237
v 0.036964 0.147621 0.104738
v 0.036964 0.112645 0.163091
v 0.036964 0.072118 0.217735
v 0.036964 0.026430 0.268144
v 0.036964 -0.023978 0.313832
v 0.036964 -0.078623 0.354359
v 0.036964 -0.136976 0.389334
v 0.036964 -0.198477 0.418422
v 0.036964 -0.262532 0.441342
v 0.036964 -0.328526 0.457872
v 0.036964 -0.395822 0.467854
v 0.036964 -0.463772 0.471192
v 0.036964 -0.531723 0.467854
v 0.036964 -0.599019 0.457872
v 0.036964 -0.665012 0.441342
v 0.036964 -0.729068 0.418422
v 0.036964 -0.790569 0.389334
v 0.036964 -0.848922 0.354359
v 0.036964 -0.903566 0.313832
v 0.036964 -0.953975 0.268144
v 0.036964 -0.999663 0.217735
v 0.036964 -1.040190 0.163091
v 0.036964 -1.075165 0.104738
v 0.036964 -1.104253 0.043237
v 0.036964 -1.127172 -0.020818
v 0.036964 -1.143703 -0.086812
v 0.036964 -1.153685 -0.154108
v 0.036964 -1.157023 -0.222058
v 0.036964 0.229479 -0.222058
v 0.023707 0.226141 -0.155413
v 0.010578 0.216158 -0.089410
v -0.002296 0.199628 -0.024685
v -0.014793 0.176708 0.038140
v -0.026791 0.147621 0.098459
v -0.038175 0.112645 0.155691
v -0.048836 0.072118 0.209285
v -0.058670 0.026430 0.258725
v -0.067583 -0.023978 0.303535
v -0.075490 -0.078623 0.343283
v -0.082313 -0.136976 0.377587
v -0.087988 -0.198477 0.406115
v -0.092459 -0.262532 0.428594
v -0.095684 -0.328526 0.444807
v -0.097632 -0.395822 0.454598
v -0.098283 -0.463772 0.457872
v -0.097632 -0.531723 0.454598
v -0.095684 -0.599019 0.444807
v -0.092459 -0.665012 0.428594
v -0.087988 -0.729068 0.406115
v -0.082313 -0.790569 0.377587
v -0.075490 -0.848922 0.343283
v -0.067583 -0.903566 0.303535
v -0.058670 -0.953975 0.258725
v -0.048836 -0.999663 0.209285
v -0.038175 -1.040190 0.155691
v -0.026791 -1.075165 0.098459
v -0.014793 -1.104253 0.038140
v -0.002296 -1.127172 -0.024685
v 0.010578 -1.143703 -0.089410
v 0.023707 -1.153685 -0.155413
v 0.010960 0.226141 -0.159280
v -0.014793 0.216158 -0.097107
v -0.040048 0.199628 -0.036137
v -0.064561 0.176708 0.023043
v -0.088096 0.147621 0.079862
v -0.110427 0.112645 0.133773
v -0.131338 0.072118 0.184258
v -0.150629 0.026430 0.230830
v -0.168113 -0.023978 0.273040
v -0.183622 -0.078623 0.310482
v -0.197006 -0.136976 0.342795
v -0.208137 -0.198477 0.369668
v -0.216908 -0.262532 0.390843
v -0.223234 -0.328526 0.406115
v -0.227054 -0.395822 0.415338
v -0.228332 -0.463772 0.418422
v -0.227054 -0.531723 0.415338
v -0.223234 -0.599019 0.406115
v -0.216908 -0.665012 0.390843
v -0.208137 -0.729068 0.369668
v -0.197006 -0.790569 0.342795
v -0.183622 -0.848922 0.310482
v -0.168113 -0.903566 0.273040
v -0.150629 -0.953975 0.230830
v -0.131338 -0.999663 0.184258
v -0.110427 -1.040190 0.133773
v -0.088096 -1.075165 0.079862
v -0.064561 -1.104253 0.023043
v -0.040048 -1.127172 -0.036137
v -0.014793 -1.143703 -0.097107
v 0.010960 -1.153685 -0.159280
v -0.000788 0.226141 -0.165560
v -0.038175 0.216158 -0.109605
v -0.074839 0.199628 -0.054733
v -0.110427 0.176708 -0.001473
v -0.144595 0.147621 0.049663
v -0.177014 0.112645 0.098182
v -0.207373 0.072118 0.143617
v -0.235378 0.026430 0.185530
v -0.260761 -0.023978 0.223518
v -0.283276 -0.078623 0.257215
v -0.302708 -0.136976 0.286296
v -0.318868 -0.198477 0.310482
v -0.331602 -0.262532 0.329538
v -0.340785 -0.328526 0.343283
v -0.346331 -0.395822 0.351583
v -0.348186 -0.463772 0.354358
v -0.346331 -0.531723 0.351583
v -0.340785 -0.599019 0.343283
v -0.331602 -0.665012 0.329538
v -0.318868 -0.729068 0.310482
v -0.302708 -0.790569 0.286296
v -0.283276 -0.848922 0.257215
v -0.260761 -0.903566 0.223518
v -0.235378 -0.953975 0.185530
v -0.207373 -0.999663 0.143617
v -0.177014 -1.040190 0.098182
v -0.144595 -1.075165 0.049663
v -0.110427 -1.104253 -0.001473
v -0.074839 -1.127172 -0.054733
v -0.038175 -1.143703 -0.109605
v -0.000788 -1.153685 -0.165560
v -0.011085 0.226141 -0.174010
v -0.058670 0.216158 -0.126425
v -0.105334 0.199628 -0.079760
v -0.150629 0.176708 -0.034466
v -0.194116 0.147621 0.009021
v -0.235378 0.112645 0.050283
v -0.274017 0.072118 0.088923
v -0.309662 0.026430 0.124567
v -0.341968 -0.023978 0.156873
v -0.370625 -0.078623 0.185530
v -0.395356 -0.136976 0.210262
v -0.415924 -0.198477 0.230830
v -0.432131 -0.262532 0.247036
v -0.443820 -0.328526 0.258725
v -0.450878 -0.395822 0.265783
v -0.453239 -0.463772 0.268144
v -0.450878 -0.531723 0.265783
v -0.443820 -0.599019 0.258725
v -0.432131 -0.665012 0.247036
v -0.415924 -0.729068 0.230830
v -0.395356 -0.790569 0.210262
v -0.370625 -0.848922 0.185530
v -0.341968 -0.903566 0.156873
v -0.309662 -0.953975 0.124567
v -0.274017 -0.999663 0.088923
v -0.235378 -1.040190 0.050283
v -0.194116 -1.075165 0.009021
v -0.150629 -1.104253 -0.034466
v -0.105334 -1.127172 -0.079760
v -0.058670 -1.143703 -0.126425
v -0.011085 -1.153685 -0.174010
v -0.019535 0.226141 -0.184307
v -0.075490 0.216158 -0.146919
v -0.130361 0.199628 -0.110255
v -0.183622 0.176708 -0.074668
v -0.234757 0.147621 -0.040500
v -0.283276 0.112645 -0.008081
v -0.328711 0.072118 0.022278
v -0.370625 0.026430 0.050284
v -0.408613 -0.023978 0.075666
v -0.442310 -0.078623 0.098182
v -0.471391 -0.136976 0.117613
v -0.495576 -0.198477 0.133774
v -0.514633 -0.262532 0.146507
v -0.528378 -0.328526 0.155691
v -0.536677 -0.395822 0.161236
v -0.539453 -0.463772 0.163091
v -0.536677 -0.531723 0.161236
v -0.528378 -0.599019 0.155691
v -0.514633 -0.665012 0.146507
v -0.495576 -0.729068 0.133774
v -0.471391 -0.790569 0.117613
v -0.442310 -0.848922 0.098182
v -0.408613 -0.903566 0.075666
v -0.370625 -0.953975 0.050284
v -0.328711 -0.999663 0.022278
v -0.283276 -1.040190 -0.008081
v -0.234757 -1.075165 -0.040500
v -0.183622 -1.104253 -0.074668
v -0.130361 -1.127172 -0.110255
v -0.075490 -1.143703 -0.146919
v -0.019535 -1.153685 -0.184307
v -0.025814 0.226141 -0.196055
v -0.087988 0.216158 -0.170302
v -0.148958 0.199628 -0.145047
v -0.208137 0.176708 -0.120534
v -0.264957 0.147621 -0.096999
v -0.318868 0.112645 -0.074668
v -0.369353 0.072118 -0.053757
v -0.415924 0.026430 -0.034466
v -0.458134 -0.023978 -0.016982
v -0.495576 -0.078623 -0.001473
v -0.527889 -0.136976 0.011911
v -0.554763 -0.198477 0.023043
v -0.575938 -0.262532 0.031814
v -0.591210 -0.328526 0.038140
v -0.600432 -0.395822 0.041960
v -0.603516 -0.463772 0.043237
v -0.600432 -0.531723 0.041960
v -0.591210 -0.599019 0.038140
v -0.575938 -0.665012 0.031814
v -0.554763 -0.729068 0.023043
v -0.527889 -0.790569 0.011911
v -0.495576 -0.848922 -0.001473
v -0.458134 -0.903566 -0.016982
v -0.415924 -0.953975 -0.034466
v -0.369353 -0.999663 -0.053757
v -0.318868 -1.040190 -0.074668
v -0.264957 -1.075165 -0.096999
v -0.208137 -1.104253 -0.120534
v -0.148958 -1.127172 -0.145047
v -0.087988 -1.143703 -0.170302
v -0.025814 -1.153685 -0.196055
v -0.029681 0.226141 -0.208802
v -0.095684 0.216158 -0.195673
v -0.160410 0.199628 -0.182798
v -0.223234 0.176708 -0.170302
v -0.283553 0.147621 -0.158304
v -0.340785 0.112645 -0.146919
v -0.394379 0.072118 -0.136259
v -0.443820 0.026430 -0.126425
v -0.488629 -0.023978 -0.117511
v -0.528378 -0.078623 -0.109605
v -0.562681 -0.136976 -0.102782
v -0.591210 -0.198477 -0.097107
v -0.613689 -0.262532 -0.092636
v -0.629902 -0.328526 -0.089411
v -0.639692 -0.395822 -0.087463
v -0.642966 -0.463772 -0.086812
v -0.639692 -0.531723 -0.087463
v -0.629902 -0.599019 -0.089411
v -0.613689 -0.665012 -0.092636
v -0.591210 -0.729068 -0.097107
v -0.562681 -0.790569 -0.102782
v -0.528378 -0.848922 -0.109605
v -0.488629 -0.903566 -0.117511
v -0.443820 -0.953975 -0.126425
v -0.394379 -0.999663 -0.136259
v -0.340785 -1.040190 -0.146919
v -0.283553 -1.075165 -0.158304
v -0.223234 -1.104253 -0.170302
v -0.160410 -1.127172 -0.182798
v -0.095684 -1.143703 -0.195673
v -0.029681 -1.153685 -0.208802
v -0.030987 0.226141 -0.222058
v -0.098283 0.216158 -0.222058
v -0.164276 0.199628 -0.222058
v -0.228332 0.176708 -0.222058
v -0.289832 0.147621 -0.222058
v -0.348186 0.112645 -0.222058
v -0.402830 0.072118 -0.222058
v -0.453239 0.026430 -0.222058
v -0.498926 -0.023978 -0.222058
v -0.539453 -0.078623 -0.222058
v -0.574429 -0.136976 -0.222058
v -0.603517 -0.198477 -0.222058
v -0.626436 -0.262532 -0.222058
v -0.642966 -0.328526 -0.222058
v -0.652949 -0.395822 -0.222058
v -0.656287 -0.463772 -0.222059
v -0.652949 -0.531723 -0.222058
v -0.642966 -0.599019 -0.222058
v -0.626436 -0.665012 -0.222058
v -0.603517 -0.729068 -0.222058
v -0.574429 -0.790569 -0.222058
v -0.539453 -0.848922 -0.222058
v -0.498926 -0.903566 -0.222058
v -0.453239 -0.953975 -0.222058
v -0.402830 -0.999663 -0.222058
v -0.348186 -1.040190 -0.222058
v -0.289832 -1.075165 -0.222058
v -0.228332 -1.104253 -0.222058
v -0.164276 -1.127172 -0.222058
v -0.098283 -1.143703 -0.222058
v -0.030987 -1.153685 -0.222058
v -0.029681 0.226141 -0.235315
v -0.095684 0.216158 -0.248444
v -0.160410 0.199628 -0.261318
v -0.223234 0.176708 -0.273815
v -0.283553 0.147621 -0.285813
v -0.340785 0.112645 -0.297197
v -0.394379 0.072118 -0.307858
v -0.443820 0.026430 -0.317692
v -0.488629 -0.023978 -0.326605
v -0.528377 -0.078623 -0.334512
v -0.562681 -0.136976 -0.341335
v -0.591210 -0.198477 -0.347010
v -0.613689 -0.262532 -0.351481
v -0.629902 -0.328526 -0.354706
v -0.639692 -0.395822 -0.356654
v -0.642966 -0.463772 -0.357305
v -0.639692 -0.531723 -0.356654
v -0.629902 -0.599019 -0.354706
v -0.613689 -0.665012 -0.351481
v -0.591210 -0.729068 -0.347010
v -0.562681 -0.790569 -0.341335
v -0.528377 -0.848922 -0.334512
v -0.488629 -0.903566 -0.326605
v -0.443820 -0.953975 -0.317692
v -0.394379 -0.999663 -0.307858
v -0.340785 -1.040190 -0.297197
v -0.283553 -1.075165 -0.285813
v -0.223234 -1.104253 -0.273815
v -0.160410 -1.127172 -0.261318
v -0.095684 -1.143703 -0.248444
v -0.029681 -1.153685 -0.235315
v -0.025814 0.226141 -0.248062
v -0.087988 0.216158 -0.273815
v -0.148958 0.199628 -0.299070
v -0.208137 0.176708 -0.323583
v -0.264956 0.147621 -0.347118
v -0.318868 0.112645 -0.369449
v -0.369352 0.072118 -0.390360
v -0.415924 0.026430 -0.409651
v -0.458134 -0.023978 -0.427135
v -0.495576 -0.078623 -0.442644
v -0.527889 -0.136976 -0.456028
v -0.554763 -0.198477 -0.467159
v -0.575937 -0.262532 -0.475930
v -0.591210 -0.328526 -0.482256
v -0.600432 -0.395822 -0.486076
v -0.603516 -0.463772 -0.487354
v -0.600432 -0.531723 -0.486076
v -0.591210 -0.599019 -0.482256
v -0.575937 -0.665012 -0.475930
v -0.554763 -0.729068 -0.467159
v -0.527889 -0.790569 -0.456028
v -0.495576 -0.848922 -0.442644
v -0.458134 -0.903566 -0.427135
v -0.415924 -0.953975 -0.409651
v -0.369352 -0.999663 -0.390360
v -0.318868 -1.040190 -0.369449
v -0.264956 -1.075165 -0.347118
v -0.208137 -1.104253 -0.323583
v -0.148958 -1.127172 -0.299070
v -0.087988 -1.143703 -0.273815
v -0.025814 -1.153685 -0.248062
v -0.019535 0.226141 -0.259810
v -0.075490 0.216158 -0.297197
v -0.130361 0.199628 -0.333861
v -0.183621 0.176708 -0.369449
v -0.234757 0.147621 -0.403616
v -0.283276 0.112645 -0.436036
v -0.328711 0.072118 -0.466395
v -0.370625 0.026430 -0.494400
v -0.408613 -0.023978 -0.519783
v -0.442309 -0.078623 -0.542298
v -0.471390 -0.136976 -0.561730
v -0.495576 -0.198477 -0.577890
v -0.514633 -0.262532 -0.590623
v -0.528377 -0.328526 -0.599807
v -0.536677 -0.395822 -0.605353
v -0.539453 -0.463772 -0.607208
v -0.536677 -0.531723 -0.605353
v -0.528377 -0.599019 -0.599807
v -0.514633 -0.665012 -0.590623
v -0.495576 -0.729068 -0.577890
v -0.471390 -0.790569 -0.561730
v -0.442309 -0.848922 -0.542298
v -0.408613 -0.903566 -0.519783
v -0.370625 -0.953975 -0.494400
v -0.328711 -0.999663 -0.466395
v -0.283276 -1.040190 -0.436036
v -0.234757 -1.075165 -0.403616
v -0.183621 -1.104253 -0.369449
v -0.130361 -1.127172 -0.333861
v -0.075490 -1.143703 -0.297197
v -0.019535 -1.153685 -0.259810
v -0.011084 0.226141 -0.270106
v -0.058670 0.216158 -0.317692
v -0.105334 0.199628 -0.364356
v -0.150629 0.176708 -0.409651
v -0.194116 0.147621 -0.453138
v -0.235378 0.112645 -0.494400
v -0.274017 0.072118 -0.533039
v -0.309662 0.026430 -0.568684
v -0.341968 -0.023978 -0.600990
v -0.370624 -0.078623 -0.629647
v -0.395356 -0.136976 -0.654378
v -0.415924 -0.198477 -0.674946
v -0.432130 -0.262532 -0.691153
v -0.443819 -0.328526 -0.702842
v -0.450878 -0.395822 -0.709900
v -0.453238 -0.463772 -0.712261
v -0.450878 -0.531723 -0.709900
v -0.443819 -0.599019 -0.702842
v -0.432130 -0.665012 -0.691153
v -0.415924 -0.729068 -0.674946
v -0.395356 -0.790569 -0.654378
v -0.370624 -0.848922 -0.629647
v -0.341968 -0.903566 -0.600990
v -0.309662 -0.953975 -0.568684
v -0.274017 -0.999663 -0.533039
v -0.235378 -1.040190 -0.494400
v -0.194116 -1.075165 -0.453138
v -0.150629 -1.104253 -0.409651
v -0.105334 -1.127172 -0.364356
v -0.058670 -1.143703 -0.317692
v -0.011084 -1.153685 -0.270106
v -0.000787 0.226141 -0.278557
v -0.038175 0.216158 -0.334512
v -0.074839 0.199628 -0.389383
v -0.110427 0.176708 -0.442643
v -0.144594 0.147621 -0.493779
v -0.177014 0.112645 -0.542298
v -0.207372 0.072118 -0.587733
v -0.235378 0.026430 -0.629647
v -0.260761 -0.023978 -0.667635
v -0.283276 -0.078623 -0.701331
v -0.302708 -0.136976 -0.730412
v -0.318868 -0.198477 -0.754598
v -0.331601 -0.262532 -0.773655
v -0.340785 -0.328526 -0.787400
v -0.346331 -0.395822 -0.795699
v -0.348185 -0.463772 -0.798475
v -0.346331 -0.531723 -0.795699
v -0.340785 -0.599019 -0.787400
v -0.331601 -0.665012 -0.773655
v -0.318868 -0.729068 -0.754598
v -0.302708 -0.790569 -0.730412
v -0.283276 -0.848922 -0.701331
v -0.260761 -0.903566 -0.667635
v -0.235378 -0.953975 -0.629647
v -0.207372 -0.999663 -0.587733
v -0.177014 -1.040190 -0.542298
v -0.144594 -1.075165 -0.493779
v -0.110427 -1.104253 -0.442643
v -0.074839 -1.127172 -0.389383
v -0.038175 -1.143703 -0.334512
v -0.000787 -1.153685 -0.278557
v 0.010960 0.226141 -0.284836
v -0.014793 0.216158 -0.347010
v -0.040047 0.199628 -0.407980
v -0.064560 0.176708 -0.467159
v -0.088096 0.147621 -0.523978
v -0.110426 0.112645 -0.577890
v -0.131338 0.072118 -0.628374
v -0.150629 0.026430 -0.674946
v -0.168112 -0.023978 -0.717156
v -0.183621 -0.078623 -0.754598
v -0.197006 -0.136976 -0.786911
v -0.208137 -0.198477 -0.813785
v -0.216908 -0.262532 -0.834960
v -0.223234 -0.328526 -0.850232
v -0.227054 -0.395822 -0.859454
v -0.228331 -0.463772 -0.862538
v -0.227054 -0.531723 -0.859454
v -0.223234 -0.599019 -0.850232
v -0.216908 -0.665012 -0.834960
v -0.208137 -0.729068 -0.813785
v -0.197006 -0.790569 -0.786911
v -0.183621 -0.848922 -0.754598
v -0.168112 -0.903566 -0.717156
v -0.150629 -0.953975 -0.674946
v -0.131338 -0.999663 -0.628374
v -0.110426 -1.040190 -0.577890
v -0.088096 -1.075165 -0.523978
v -0.064560 -1.104253 -0.467159
v -0.040047 -1.127172 -0.407980
v -0.014793 -1.143703 -0.347010
v 0.010960 -1.153685 -0.284836
v 0.023707 0.226141 -0.288703
v 0.010578 0.216158 -0.354706
v -0.002296 0.199628 -0.419432
v -0.014793 0.176708 -0.482256
v -0.026791 0.147621 -0.542575
v -0.038175 0.112645 -0.599807
v -0.048836 0.072118 -0.653401
v -0.058670 0.026430 -0.702842
v -0.067583 -0.023978 -0.747651
v -0.075489 -0.078623 -0.787399
v -0.082313 -0.136976 -0.821703
v -0.087988 -0.198477 -0.850232
v -0.092459 -0.262532 -0.872711
v -0.095684 -0.328526 -0.888924
v -0.097631 -0.395822 -0.898714
v -0.098282 -0.463772 -0.901988
v -0.097631 -0.531723 -0.898714
v -0.095684 -0.599019 -0.888924
v -0.092459 -0.665012 -0.872711
v -0.087988 -0.729068 -0.850232
v -0.082313 -0.790569 -0.821703
v -0.075489 -0.848922 -0.787399
v -0.067583 -0.903566 -0.747651
v -0.058670 -0.953975 -0.702842
v -0.048836 -0.999663 -0.653401
v -0.038175 -1.040190 -0.599807
v -0.026791 -1.075165 -0.542575
v -0.014793 -1.104253 -0.482256
v -0.002296 -1.127172 -0.419432
v 0.010578 -1.143703 -0.354706
v 0.023707 -1.153685 -0.288703
v 0.036964 0.226141 -0.290009
v 0.036964 0.216158 -0.357305
v 0.036964 0.199628 -0.423298
v 0.036964 0.176708 -0.487354
v 0.036964 0.147621 -0.548854
v 0.036964 0.112645 -0.607207
v 0.036964 0.026430 -0.712261
v 0.036964 -0.078623 -0.798475
v 0.036964 -0.136976 -0.833451
v 0.036964 -0.463772 -0.915309
v 0.036964 -0.665012 -0.885458
v 0.036964 -0.729068 -0.862538
v 0.036964 -0.953975 -0.712261
v 0.036964 -1.104253 -0.487354
v 0.036964 -1.127172 -0.423298
vn -0.0000 0.7715 -0.6362
vn -0.0000 0.6329 -0.7742
vn -0.0000 0.3816 -0.9243
vn -0.0000 0.2894 -0.9572
vn -0.0000 0.1945 -0.9809
vn -0.0000 0.0977 -0.9952
vn -0.0000 -0.0977 -0.9952
vn -0.0000 -0.1945 -0.9809
vn -0.0000 -0.4701 -0.8826
vn -0.0000 -0.5542 -0.8324
vn -0.0000 -0.6329 -0.7742
vn -0.0000 -0.7715 -0.6362
vn -0.0000 -0.8301 -0.5577
vn -0.0000 -0.8806 -0.4738
vn -0.0000 -0.9802 -0.1980
vn -0.0000 -0.9949 -0.1011
vn 0.0197 0.9949 -0.0991
vn 0.0386 0.9802 -0.1942
vn 0.0572 0.9561 -0.2875
vn 0.0752 0.9228 -0.3779
vn 0.0924 0.8806 -0.4647
vn 0.1088 0.8301 -0.5470
vn 0.1241 0.7715 -0.6240
vn 0.1382 0.7056 -0.6950
vn 0.1510 0.6329 -0.7594
vn 0.1624 0.5542 -0.8164
vn 0.1722 0.4701 -0.8656
vn 0.1803 0.3816 -0.9066
vn 0.1867 0.2894 -0.9388
vn 0.1914 0.1945 -0.9621
vn 0.1942 0.0977 -0.9761
vn 0.1951 -0.0000 -0.9808
vn 0.1942 -0.0977 -0.9761
vn 0.1914 -0.1945 -0.9621
vn 0.1867 -0.2894 -0.9388
vn 0.1803 -0.3816 -0.9066
vn 0.1722 -0.4701 -0.8656
vn 0.1624 -0.5542 -0.8164
vn 0.1510 -0.6329 -0.7594
vn 0.1382 -0.7056 -0.6950
vn 0.1241 -0.7715 -0.6240
vn 0.1088 -0.8301 -0.5470
vn 0.0924 -0.8806 -0.4647
vn 0.0752 -0.9228 -0.3779
vn 0.0572 -0.9561 -0.2875
vn 0.0386 -0.9802 -0.1942
vn 0.0197 -0.9949 -0.0991
vn 0.0387 0.9949 -0.0934
vn 0.0758 0.9802 -0.1830
vn 0.1122 0.9561 -0.2708
vn 0.1474 0.9228 -0.3560
vn 0.1813 0.8806 -0.4377
vn 0.2134 0.8301 -0.5152
vn 0.2435 0.7715 -0.5878
vn 0.2712 0.7056 -0.6547
vn 0.2963 0.6329 -0.7153
vn 0.3185 0.5542 -0.7690
vn 0.3378 0.4701 -0.8154
vn 0.3537 0.3816 -0.8540
vn 0.3663 0.2894 -0.8843
vn 0.3754 0.1945 -0.9062
vn 0.3809 0.0977 -0.9195
vn 0.3827 -0.0000 -0.9239
vn 0.3809 -0.0977 -0.9195
vn 0.3754 -0.1945 -0.9062
vn 0.3663 -0.2894 -0.8843
vn 0.3537 -0.3816 -0.8540
vn 0.3378 -0.4701 -0.8154
vn 0.3185 -0.5542 -0.7690
vn 0.2963 -0.6329 -0.7153
vn 0.2712 -0.7056 -0.6547
vn 0.2435 -0.7715 -0.5878
vn 0.2134 -0.8301 -0.5152
vn 0.1813 -0.8806 -0.4377
vn 0.1474 -0.9228 -0.3560
vn 0.1122 -0.9561 -0.2708
vn 0.0758 -0.9802 -0.1830
vn 0.0387 -0.9949 -0.0934
vn 0.0561 0.9949 -0.0840
vn 0.1100 0.9802 -0.1647
vn 0.1628 0.9561 -0.2437
vn 0.2141 0.9228 -0.3204
vn 0.2632 0.8806 -0.3939
vn 0.3098 0.8301 -0.4637
vn 0.3535 0.7715 -0.5290
vn 0.3937 0.7056 -0.5892
vn 0.4301 0.6329 -0.6438
vn 0.4625 0.5542 -0.6921
vn 0.4903 0.4701 -0.7339
vn 0.5135 0.3816 -0.7685
vn 0.5318 0.2894 -0.7959
vn 0.5450 0.1945 -0.8156
vn 0.5529 0.0977 -0.8275
vn 0.5556 -0.0000 -0.8315
vn 0.5529 -0.0977 -0.8275
vn 0.5450 -0.1945 -0.8156
vn 0.5318 -0.2894 -0.7959
vn 0.5135 -0.3816 -0.7685
vn 0.4903 -0.4701 -0.7339
vn 0.4625 -0.5542 -0.6921
vn 0.4301 -0.6329 -0.6438
vn 0.3937 -0.7056 -0.5892
vn 0.3535 -0.7715 -0.5290
vn 0.3098 -0.8301 -0.4637
vn 0.2632 -0.8806 -0.3939
vn 0.2141 -0.9228 -0.3204
vn 0.1628 -0.9561 -0.2437
vn 0.1100 -0.9802 -0.1647
vn 0.0561 -0.9949 -0.0840
vn 0.0715 0.9949 -0.0715
vn 0.1400 0.9802 -0.1400
vn 0.2072 0.9561 -0.2072
vn 0.2724 0.9228 -0.2724
vn 0.3350 0.8806 -0.3350
vn 0.3943 0.8301 -0.3943
vn 0.4499 0.7715 -0.4499
vn 0.5011 0.7056 -0.5011
vn 0.5475 0.6329 -0.5475
vn 0.5886 0.5542 -0.5886
vn 0.6241 0.4701 -0.6241
vn 0.6536 0.3816 -0.6536
vn 0.6768 0.2894 -0.6768
vn 0.6936 0.1945 -0.6936
vn 0.7037 0.0977 -0.7037
vn 0.7071 -0.0000 -0.7071
vn 0.7037 -0.0977 -0.7037
vn 0.6936 -0.1945 -0.6936
vn 0.6768 -0.2894 -0.6768
vn 0.6536 -0.3816 -0.6536
vn 0.6241 -0.4701 -0.6241
vn 0.5886 -0.5542 -0.5886
vn 0.5475 -0.6329 -0.5475
vn 0.5011 -0.7056 -0.5011
vn 0.4499 -0.7715 -0.4499
vn 0.3943 -0.8301 -0.3943
vn 0.3350 -0.8806 -0.3350
vn 0.2724 -0.9228 -0.2724
vn 0.2072 -0.9561 -0.2072
vn 0.1400 -0.9802 -0.1400
vn 0.0715 -0.9949 -0.0715
vn 0.0840 0.9949 -0.0561
vn 0.1647 0.9802 -0.1100
vn 0.2437 0.9561 -0.1628
vn 0.3204 0.9228 -0.2141
vn 0.3939 0.8806 -0.2632
vn 0.4637 0.8301 -0.3098
vn 0.5290 0.7715 -0.3535
vn 0.5892 0.7056 -0.3937
vn 0.6438 0.6329 -0.4301
vn 0.6921 0.5542 -0.4625
vn 0.7339 0.4701 -0.4903
vn 0.7685 0.3816 -0.5135
vn 0.7959 0.2894 -0.5318
vn 0.8156 0.1945 -0.5450
vn 0.8275 0.0977 -0.5529
vn 0.8315 -0.0000 -0.5556
vn 0.8275 -0.0977 -0.5529
vn 0.8156 -0.1945 -0.5450
vn 0.7959 -0.2894 -0.5318
vn 0.7685 -0.3816 -0.5135
vn 0.7339 -0.4701 -0.4903
vn 0.6921 -0.5542 -0.4625
vn 0.6438 -0.6329 -0.4301
vn 0.5892 -0.7056 -0.3937
vn 0.5290 -0.7715 -0.3535
vn 0.4637 -0.8301 -0.3098
vn 0.3939 -0.8806 -0.2632
vn 0.3204 -0.9228 -0.2141
vn 0.2437 -0.9561 -0.1628
vn 0.1647 -0.9802 -0.1100
vn 0.0840 -0.9949 -0.0561
vn 0.0934 0.9949 -0.0387
vn 0.1830 0.9802 -0.0758
vn 0.2708 0.9561 -0.1122
vn 0.3560 0.9228 -0.1474
vn 0.4377 0.8806 -0.1813
vn 0.5152 0.8301 -0.2134
vn 0.5878 0.7715 -0.2435
vn 0.6547 0.7056 -0.2712
vn 0.7153 0.6329 -0.2963
vn 0.7690 0.5542 -0.3185
vn 0.8154 0.4701 -0.3378
vn 0.8540 0.3816 -0.3537
vn 0.8843 0.2894 -0.3663
vn 0.9062 0.1945 -0.3754
vn 0.9195 0.0977 -0.3809
vn 0.9239 -0.0000 -0.3827
vn 0.9195 -0.0977 -0.3809
vn 0.9062 -0.1945 -0.3754
vn 0.8843 -0.2894 -0.3663
vn 0.8540 -0.3816 -0.3537
vn 0.8154 -0.4701 -0.3378
vn 0.7690 -0.5542 -0.3185
vn 0.7153 -0.6329 -0.2963
vn 0.6547 -0.7056 -0.2712
vn 0.5878 -0.7715 -0.2435
vn 0.5152 -0.8301 -0.2134
vn 0.4377 -0.8806 -0.1813
vn 0.3560 -0.9228 -0.1474
vn 0.2708 -0.9561 -0.1122
vn 0.1830 -0.9802 -0.0758
vn 0.0934 -0.9949 -0.0387
vn 0.0991 0.9949 -0.0197
vn 0.1942 0.9802 -0.0386
vn 0.2875 0.9561 -0.0572
vn 0.3779 0.9228 -0.0752
vn 0.4647 0.8806 -0.0924
vn 0.5470 0.8301 -0.1088
vn 0.6240 0.7715 -0.1241
vn 0.6950 0.7056 -0.1382
vn 0.7594 0.6329 -0.1510
vn 0.8164 0.5542 -0.1624
vn 0.8656 0.4701 -0.1722
vn 0.9066 0.3816 -0.1803
vn 0.9388 0.2894 -0.1867
vn 0.9621 0.1945 -0.1914
vn 0.9761 0.0977 -0.1942
vn 0.9808 -0.0000 -0.1951
vn 0.9761 -0.0977 -0.1942
vn 0.9621 -0.1945 -0.1914
vn 0.9388 -0.2894 -0.1867
vn 0.9066 -0.3816 -0.1803
vn 0.8656 -0.4701 -0.1722
vn 0.8164 -0.5542 -0.1624
vn 0.7594 -0.6329 -0.1510
vn 0.6950 -0.7056 -0.1382
vn 0.6240 -0.7715 -0.1241
vn 0.5470 -0.8301 -0.1088
vn 0.4647 -0.8806 -0.0924
vn 0.3779 -0.9228 -0.0752
vn 0.2875 -0.9561 -0.0572
vn 0.1942 -0.9802 -0.0386
vn 0.0991 -0.9949 -0.0197
vn 0.1011 0.9949 -0.0000
vn 0.1980 0.9802 -0.0000
vn 0.2931 0.9561 -0.0000
vn 0.3853 0.9228 -0.0000
vn 0.4738 0.8806 -0.0000
vn 0.5577 0.8301 -0.0000
vn 0.6362 0.7715 -0.0000
vn 0.7086 0.7056 -0.0000
vn 0.7742 0.6329 -0.0000
vn 0.8324 0.5542 -0.0000
vn 0.8826 0.4701 -0.0000
vn 0.9243 0.3816 -0.0000
vn 0.9572 0.2894 -0.0000
vn 0.9809 0.1945 -0.0000
vn 0.9952 0.0977 -0.0000
vn 1.0000 -0.0000 -0.0000
vn 0.9952 -0.0977 -0.0000
vn 0.9809 -0.1945 -0.0000
vn 0.9572 -0.2894 -0.0000
vn 0.9243 -0.3816 -0.0000
vn 0.8826 -0.4701 -0.0000
vn 0.8324 -0.5542 -0.0000
vn 0.7742 -0.6329 -0.0000
vn 0.7086 -0.7056 -0.0000
vn 0.6362 -0.7715 -0.0000
vn 0.5577 -0.8301 -0.0000
vn 0.4738 -0.8806 -0.0000
vn 0.3853 -0.9228 -0.0000
vn 0.2931 -0.9561 -0.0000
vn 0.1980 -0.9802 -0.0000
vn 0.1011 -0.9949 -0.0000
vn 0.0991 0.9949 0.0197
vn 0.1942 0.9802 0.0386
vn 0.2875 0.9561 0.0572
vn 0.3779 0.9228 0.0752
vn 0.4647 0.8806 0.0924
vn 0.5470 0.8301 0.1088
vn 0.6240 0.7715 0.1241
vn 0.6950 0.7056 0.1382
vn 0.7594 0.6329 0.1510
vn 0.8164 0.5542 0.1624
vn 0.8656 0.4701 0.1722
vn 0.9066 0.3816 0.1803
vn 0.9388 0.2894 0.1867
vn 0.9621 0.1945 0.1914
vn 0.9761 0.0977 0.1942
vn 0.9808 -0.0000 0.1951
vn 0.9761 -0.0977 0.1942
vn 0.9621 -0.1945 0.1914
vn 0.9388 -0.2894 0.1867
vn 0.9066 -0.3816 0.1803
vn 0.8656 -0.4701 0.1722
vn 0.8164 -0.5542 0.1624
vn 0.7594 -0.6329 0.1510
vn 0.6950 -0.7056 0.1382
vn 0.6240 -0.7715 0.1241
vn 0.5470 -0.8301 0.1088
vn 0.4647 -0.8806 0.0924
vn 0.3779 -0.9228 0.0752
vn 0.2875 -0.9561 0.0572
vn 0.1942 -0.9802 0.0386
vn 0.0991 -0.9949 0.0197
vn 0.0934 0.9949 0.0387
vn 0.1830 0.9802 0.0758
vn 0.2708 0.9561 0.1122
vn 0.3560 0.9228 0.1474
vn 0.4377 0.8806 0.1813
vn 0.5152 0.8301 0.2134
vn 0.5878 0.7715 0.2435
vn 0.6547 0.7056 0.2712
vn 0.7153 0.6329 0.2963
vn 0.7690 0.5542 0.3185
vn 0.8154 0.4701 0.3378
vn 0.8540 0.3816 0.3537
vn 0.8843 0.2894 0.3663
vn 0.9062 0.1945 0.3754
vn 0.9195 0.0977 0.3809
vn 0.9239 -0.0000 0.3827
vn 0.9195 -0.0977 0.3809
vn 0.9062 -0.1945 0.3754
vn 0.8843 -0.2894 0.3663
vn 0.8540 -0.3816 0.3537
vn 0.8154 -0.4701 0.3378
vn 0.7690 -0.5542 0.3185
vn 0.7153 -0.6329 0.2963
vn 0.6547 -0.7056 0.2712
vn 0.5878 -0.7715 0.2435
vn 0.5152 -0.8301 0.2134
vn 0.4377 -0.8806 0.1813
vn 0.3560 -0.9228 0.1474
vn 0.2708 -0.9561 0.1122
vn 0.1830 -0.9802 0.0758
vn 0.0934 -0.9949 0.0387
vn 0.0840 0.9949 0.0561
vn 0.1647 0.9802 0.1100
vn 0.2437 0.9561 0.1628
vn 0.3204 0.9228 0.2141
vn 0.3939 0.8806 0.2632
vn 0.4637 0.8301 0.3098
vn 0.5290 0.7715 0.3535
vn 0.5892 0.7056 0.3937
vn 0.6438 0.6329 0.4301
vn 0.6921 0.5542 0.4625
vn 0.7339 0.4701 0.4903
vn 0.7685 0.3816 0.5135
vn 0.7959 0.2894 0.5318
vn 0.8156 0.1945 0.5450
vn 0.8275 0.0977 0.5529
vn 0.8315 -0.0000 0.5556
vn 0.8275 -0.0977 0.5529
vn 0.8156 -0.1945 0.5450
vn 0.7959 -0.2894 0.5318
vn 0.7685 -0.3816 0.5135
vn 0.7339 -0.4701 0.4903
vn 0.6921 -0.5542 0.4625
vn 0.6438 -0.6329 0.4301
vn 0.5892 -0.7056 0.3937
vn 0.5290 -0.7715 0.3535
vn 0.4637 -0.8301 0.3098
vn 0.3939 -0.8806 0.2632
vn 0.3204 -0.9228 0.2141
vn 0.2437 -0.9561 0.1628
vn 0.1647 -0.9802 0.1100
vn 0.0840 -0.9949 0.0561
vn 0.0715 0.9949 0.0715
vn 0.1400 0.9802 0.1400
vn 0.2072 0.9561 0.2072
vn 0.2724 0.9228 0.2724
vn 0.3350 0.8806 0.3350
vn 0.3943 0.8301 0.3943
vn 0.4499 0.7715 0.4499
vn 0.5011 0.7056 0.5011
vn 0.5475 0.6329 0.5475
vn 0.5886 0.5542 0.5886
vn 0.6241 0.4701 0.6241
vn 0.6536 0.3816 0.6536
vn 0.6768 0.2894 0.6768
vn 0.6936 0.1945 0.6936
vn 0.7037 0.0977 0.7037
vn 0.7071 -0.0000 0.7071
vn 0.7037 -0.0977 0.7037
vn 0.6936 -0.1945 0.6936
vn 0.6768 -0.2894 0.6768
vn 0.6536 -0.3816 0.6536
vn 0.6241 -0.4701 0.6241
vn 0.5886 -0.5542 0.5886
vn 0.5475 -0.6329 0.5475
vn 0.5011 -0.7056 0.5011
vn 0.4499 -0.7715 0.4499
vn 0.3943 -0.8301 0.3943
vn 0.3350 -0.8806 0.3350
vn 0.2724 -0.9228 0.2724
vn 0.2072 -0.9561 0.2072
vn 0.1400 -0.9802 0.1400
vn 0.0715 -0.9949 0.0715
vn 0.0561 0.9949 0.0840
vn 0.1100 0.9802 0.1647
vn 0.1628 0.9561 0.2437
vn 0.2141 0.9228 0.3204
vn 0.2632 0.8806 0.3939
vn 0.3098 0.8301 0.4637
vn 0.3535 0.7715 0.5290
vn 0.3937 0.7056 0.5892
vn 0.4301 0.6329 0.6438
vn 0.4625 0.5542 0.6921
vn 0.4903 0.4701 0.7339
vn 0.5135 0.3816 0.7685
vn 0.5318 0.2894 0.7959
vn 0.5450 0.1945 0.8156
vn 0.5529 0.0977 0.8275
vn 0.5556 -0.0000 0.8315
vn 0.5529 -0.0977 0.8275
vn 0.5450 -0.1945 0.8156
vn 0.5318 -0.2894 0.7959
vn 0.5135 -0.3816 0.7685
vn 0.4903 -0.4701 0.7339
vn 0.4625 -0.5542 0.6921
vn 0.4301 -0.6329 0.6438
vn 0.3937 -0.7056 0.5892
vn 0.3535 -0.7715 0.5290
vn 0.3098 -0.8301 0.4637
vn 0.2632 -0.8806 0.3939
vn 0.2141 -0.9228 0.3204
vn 0.1628 -0.9561 0.2437
vn 0.1100 -0.9802 0.1647
vn 0.0561 -0.9949 0.0840
vn 0.0387 0.9949 0.0934
vn 0.0758 0.9802 0.1830
vn 0.1122 0.9561 0.2708
vn 0.1474 0.9228 0.3560
vn 0.1813 0.8806 0.4377
vn 0.2134 0.8301 0.5152
vn 0.2435 0.7715 0.5878
vn 0.2712 0.7056 0.6547
vn 0.2963 0.6329 0.7153
vn 0.3185 0.5542 0.7690
vn 0.3378 0.4701 0.8154
vn 0.3537 0.3816 0.8540
vn 0.3663 0.2894 0.8843
vn 0.3754 0.1945 0.9062
vn 0.3809 0.0977 0.9195
vn 0.3827 -0.0000 0.9239
vn 0.3809 -0.0977 0.9195
vn 0.3754 -0.1945 0.9062
vn 0.3663 -0.2894 0.8843
vn 0.3537 -0.3816 0.8540
vn 0.3378 -0.4701 0.8154
vn 0.3185 -0.5542 0.7690
vn 0.2963 -0.6329 0.7153
vn 0.2712 -0.7056 0.6547
vn 0.2435 -0.7715 0.5878
vn 0.2134 -0.8301 0.5152
vn 0.1813 -0.8806 0.4377
vn 0.1474 -0.9228 0.3560
vn 0.1122 -0.9561 0.2708
vn 0.0758 -0.9802 0.1830
vn 0.0387 -0.9949 0.0934
vn 0.0197 0.9949 0.0991
vn 0.0386 0.9802 0.1942
vn 0.0572 0.9561 0.2875
vn 0.0752 0.9228 0.3779
vn 0.0924 0.8806 0.4647
vn 0.1088 0.8301 0.5470
vn 0.1241 0.7715 0.6240
vn 0.1382 0.7056 0.6950
vn 0.1510 0.6329 0.7594
vn 0.1624 0.5542 0.8164
vn 0.1722 0.4701 0.8656
vn 0.1803 0.3816 0.9066
vn 0.1867 0.2894 0.9388
vn 0.1914 0.1945 0.9621
vn 0.1942 0.0977 0.9761
vn 0.1951 -0.0000 0.9808
vn 0.1942 -0.0977 0.9761
vn 0.1914 -0.1945 0.9621
vn 0.1867 -0.2894 0.9388
vn 0.1803 -0.3816 0.9066
vn 0.1722 -0.4701 0.8656
vn 0.1624 -0.5542 0.8164
vn 0.1510 -0.6329 0.7594
vn 0.1382 -0.7056 0.6950
vn 0.1241 -0.7715 0.6240
vn 0.1088 -0.8301 0.5470
vn 0.0924 -0.8806 0.4647
vn 0.0752 -0.9228 0.3779
vn 0.0572 -0.9561 0.2875
vn 0.0386 -0.9802 0.1942
vn 0.0197 -0.9949 0.0991
vn -0.0000 0.9949 0.1011
vn -0.0000 0.9802 0.1980
vn -0.0000 0.9561 0.2931
vn -0.0000 0.9228 0.3853
vn -0.0000 0.8806 0.4738
vn -0.0000 0.8301 0.5577
vn -0.0000 0.7715 0.6362
vn -0.0000 0.7056 0.7086
vn -0.0000 0.6329 0.7742
vn -0.0000 0.5542 0.8324
vn -0.0000 0.4701 0.8826
vn -0.0000 0.3816 0.9243
vn -0.0000 0.2894 0.9572
vn -0.0000 0.1945 0.9809
vn -0.0000 0.0977 0.9952
vn -0.0000 -0.0000 1.0000
vn -0.0000 -0.0977 0.9952
vn -0.0000 -0.1945 0.9809
vn -0.0000 -0.2894 0.9572
vn -0.0000 -0.3816 0.9243
vn -0.0000 -0.4701 0.8826
vn -0.0000 -0.5542 0.8324
vn -0.0000 -0.6329 0.7742
vn -0.0000 -0.7056 0.7086
vn -0.0000 -0.7715 0.6362
vn -0.0000 -0.8301 0.5577
vn -0.0000 -0.8806 0.4738
vn -0.0000 -0.9228 0.3853
vn -0.0000 -0.9561 0.2931
vn -0.0000 -0.9802 0.1980
vn -0.0000 -0.9949 0.1011
vn -0.0000 -1.0000 -0.0000
vn -0.0000 1.0000 -0.0000
vn -0.0197 0.9949 0.0991
vn -0.0386 0.9802 0.1942
vn -0.0572 0.9561 0.2875
vn -0.0752 0.9228 0.3779
vn -0.0924 0.8806 0.4647
vn -0.1088 0.8301 0.5470
vn -0.1241 0.7715 0.6240
vn -0.1382 0.7056 0.6950
vn -0.1510 0.6329 0.7594
vn -0.1624 0.5542 0.8164
vn -0.1722 0.4701 0.8656
vn -0.1803 0.3816 0.9066
vn -0.1867 0.2894 0.9388
vn -0.1914 0.1945 0.9621
vn -0.1942 0.0977 0.9761
vn -0.1951 -0.0000 0.9808
vn -0.1942 -0.0977 0.9761
vn -0.1914 -0.1945 0.9621
vn -0.1867 -0.2894 0.9388
vn -0.1803 -0.3816 0.9066
vn -0.1722 -0.4701 0.8656
vn -0.1624 -0.5542 0.8164
vn -0.1510 -0.6329 0.7594
vn -0.1382 -0.7056 0.6950
vn -0.1241 -0.7715 0.6240
vn -0.1088 -0.8301 0.5470
vn -0.0924 -0.8806 0.4647
vn -0.0752 -0.9228 0.3779
vn -0.0572 -0.9561 0.2875
vn -0.0386 -0.9802 0.1942
vn -0.0197 -0.9949 0.0991
vn -0.0387 0.9949 0.0934
vn -0.0758 0.9802 0.1830
vn -0.1122 0.9561 0.2708
vn -0.1474 0.9228 0.3560
vn -0.1813 0.8806 0.4377
vn -0.2134 0.8301 0.5152
vn -0.2435 0.7715 0.5878
vn -0.2712 0.7056 0.6547
vn -0.2963 0.6329 0.7153
vn -0.3185 0.5542 0.7690
vn -0.3378 0.4701 0.8154
vn -0.3537 0.3816 0.8540
vn -0.3663 0.2894 0.8843
vn -0.3754 0.1945 0.9062
vn -0.3809 0.0977 0.9195
vn -0.3827 -0.0000 0.9239
vn -0.3809 -0.0977 0.9195
vn -0.3754 -0.1945 0.9062
vn -0.3663 -0.2894 0.8843
vn -0.3537 -0.3816 0.8540
vn -0.3378 -0.4701 0.8154
vn -0.3185 -0.5542 0.7690
vn -0.2963 -0.6329 0.7153
vn -0.2712 -0.7056 0.6547
vn -0.2435 -0.7715 0.5878
vn -0.2134 -0.8301 0.5152
vn -0.1813 -0.8806 0.4377
vn -0.1474 -0.9228 0.3560
vn -0.1122 -0.9561 0.2708
vn -0.0758 -0.9802 0.1830
vn -0.0387 -0.9949 0.0934
vn -0.0561 0.9949 0.0840
vn -0.1100 0.9802 0.1647
vn -0.1628 0.9561 0.2437
vn -0.2141 0.9228 0.3204
vn -0.2632 0.8806 0.3939
vn -0.3098 0.8301 0.4637
vn -0.3535 0.7715 0.5290
vn -0.3937 0.7056 0.5892
vn -0.4301 0.6329 0.6438
vn -0.4625 0.5542 0.6921
vn -0.4903 0.4701 0.7339
vn -0.5135 0.3816 0.7685
vn -0.5318 0.2894 0.7959
vn -0.5450 0.1945 0.8156
vn -0.5529 0.0977 0.8275
vn -0.5556 -0.0000 0.8315
vn -0.5529 -0.0977 0.8275
vn -0.5450 -0.1945 0.8156
vn -0.5318 -0.2894 0.7959
vn -0.5135 -0.3816 0.7685
vn -0.4903 -0.4701 0.7339
vn -0.4625 -0.5542 0.6921
vn -0.4301 -0.6329 0.6438
vn -0.3937 -0.7056 0.5892
vn -0.3535 -0.7715 0.5290
vn -0.3098 -0.8301 0.4637
vn -0.2632 -0.8806 0.3939
vn -0.2141 -0.9228 0.3204
vn -0.1628 -0.9561 0.2437
vn -0.1100 -0.9802 0.1647
vn -0.0561 -0.9949 0.0840
vn -0.0715 0.9949 0.0715
vn -0.1400 0.9802 0.1400
vn -0.2072 0.9561 0.2072
vn -0.2724 0.9228 0.2724
vn -0.3350 0.8806 0.3350
vn -0.3943 0.8301 0.3943
vn -0.4499 0.7715 0.4499
vn -0.5011 0.7056 0.5011
vn -0.5475 0.6329 0.5475
vn -0.5886 0.5542 0.5886
vn -0.6241 0.4701 0.6241
vn -0.6536 0.3816 0.6536
vn -0.6768 0.2894 0.6768
vn -0.6936 0.1945 0.6936
vn -0.7037 0.0977 0.7037
vn -0.7071 -0.0000 0.7071
vn -0.7037 -0.0977 0.7037
vn -0.6936 -0.1945 0.6936
vn -0.6768 -0.2894 0.6768
vn -0.6536 -0.3816 0.6536
vn -0.6241 -0.4701 0.6241
vn -0.5886 -0.5542 0.5886
vn -0.5475 -0.6329 0.5475
vn -0.5011 -0.7056 0.5011
vn -0.4499 -0.7715 0.4499
vn -0.3943 -0.8301 0.3943
vn -0.3350 -0.8806 0.3350
vn -0.2724 -0.9228 0.2724
vn -0.2072 -0.9561 0.2072
vn -0.1400 -0.9802 0.1400
vn -0.0715 -0.9949 0.0715
vn -0.0840 0.9949 0.0561
vn -0.1647 0.9802 0.1100
vn -0.2437 0.9561 0.1628
vn -0.3204 0.9228 0.2141
vn -0.3939 0.8806 0.2632
vn -0.4637 0.8301 0.3098
vn -0.5290 0.7715 0.3535
vn -0.5892 0.7056 0.3937
vn -0.6438 0.6329 0.4301
vn -0.6921 0.5542 0.4625
vn -0.7339 0.4701 0.4903
vn -0.7685 0.3816 0.5135
vn -0.7959 0.2894 0.5318
vn -0.8156 0.1945 0.5450
vn -0.8275 0.0977 0.5529
vn -0.8315 -0.0000 0.5556
vn -0.8275 -0.0977 0.5529
vn -0.8156 -0.1945 0.5450
vn -0.7959 -0.2894 0.5318
vn -0.7685 -0.3816 0.5135
vn -0.7339 -0.4701 0.4903
vn -0.6921 -0.5542 0.4625
vn -0.6438 -0.6329 0.4301
vn -0.5892 -0.7056 0.3937
vn -0.5290 -0.7715 0.3535
vn -0.4637 -0.8301 0.3098
vn -0.3939 -0.8806 0.2632
vn -0.3204 -0.9228 0.2141
vn -0.2437 -0.9561 0.1628
vn -0.1647 -0.9802 0.1100
vn -0.0840 -0.9949 0.0561
vn -0.0934 0.9949 0.0387
vn -0.1830 0.9802 0.0758
vn -0.2708 0.9561 0.1122
vn -0.3560 0.9228 0.1474
vn -0.4377 0.8806 0.1813
vn -0.5152 0.8301 0.2134
vn -0.5878 0.7715 0.2435
vn -0.6547 0.7056 0.2712
vn -0.7153 0.6329 0.2963
vn -0.7690 0.5542 0.3185
vn -0.8154 0.4701 0.3378
vn -0.8540 0.3816 0.3537
vn -0.8843 0.2894 0.3663
vn -0.9062 0.1945 0.3754
vn -0.9195 0.0977 0.3809
vn -0.9239 -0.0000 0.3827
vn -0.9195 -0.0977 0.3809
vn -0.9062 -0.1945 0.3754
vn -0.8843 -0.2894 0.3663
vn -0.8540 -0.3816 0.3537
vn -0.8154 -0.4701 0.3378
vn -0.7690 -0.5542 0.3185
vn -0.7153 -0.6329 0.2963
vn -0.6547 -0.7056 0.2712
vn -0.5878 -0.7715 0.2435
vn -0.5152 -0.8301 0.2134
vn -0.4377 -0.8806 0.1813
vn -0.3560 -0.9228 0.1474
vn -0.2708 -0.9561 0.1122
vn -0.1830 -0.9802 0.0758
vn -0.0934 -0.9949 0.0387
vn -0.0991 0.9949 0.0197
vn -0.1942 0.9802 0.0386
vn -0.2875 0.9561 0.0572
vn -0.3779 0.9228 0.0752
vn -0.4647 0.8806 0.0924
vn -0.5470 0.8301 0.1088
vn -0.6240 0.7715 0.1241
vn -0.6950 0.7056 0.1382
vn -0.7594 0.6329 0.1510
vn -0.8164 0.5542 0.1624
vn -0.8656 0.4701 0.1722
vn -0.9066 0.3816 0.1803
vn -0.9388 0.2894 0.1867
vn -0.9621 0.1945 0.1914
vn -0.9761 0.0977 0.1942
vn -0.9808 -0.0000 0.1951
vn -0.9761 -0.0977 0.1942
vn -0.9621 -0.1945 0.1914
vn -0.9388 -0.2894 0.1867
vn -0.9066 -0.3816 0.1803
vn -0.8656 -0.4701 0.1722
vn -0.8164 -0.5542 0.1624
vn -0.7594 -0.6329 0.1510
vn -0.6950 -0.7056 0.1382
vn -0.6240 -0.7715 0.1241
vn -0.5470 -0.8301 0.1088
vn -0.4647 -0.8806 0.0924
vn -0.3779 -0.9228 0.0752
vn -0.2875 -0.9561 0.0572
vn -0.1942 -0.9802 0.0386
vn -0.0991 -0.9949 0.0197
vn -0.1011 0.9949 -0.0000
vn -0.1980 0.9802 -0.0000
vn -0.2931 0.9561 -0.0000
vn -0.3853 0.9228 -0.0000
vn -0.4738 0.8806 -0.0000
vn -0.5577 0.8301 -0.0000
vn -0.6362 0.7715 -0.0000
vn -0.7086 0.7056 -0.0000
vn -0.7742 0.6329 -0.0000
vn -0.8324 0.5542 -0.0000
vn -0.8826 0.4701 -0.0000
vn -0.9243 0.3816 -0.0000
vn -0.9572 0.2894 -0.0000
vn -0.9809 0.1945 -0.0000
vn -0.9952 0.0977 -0.0000
vn -1.0000 -0.0000 -0.0000
vn -0.9952 -0.0977 -0.0000
vn -0.9809 -0.1945 -0.0000
vn -0.9572 -0.2894 -0.0000
vn -0.9243 -0.3816 -0.0000
vn -0.8826 -0.4701 -0.0000
vn -0.8324 -0.5542 -0.0000
vn -0.7742 -0.6329 -0.0000
vn -0.7086 -0.7056 -0.0000
vn -0.6362 -0.7715 -0.0000
vn -0.5577 -0.8301 -0.0000
vn -0.4738 -0.8806 -0.0000
vn -0.3853 -0.9228 -0.0000
vn -0.2931 -0.9561 -0.0000
vn -0.1980 -0.9802 -0.0000
vn -0.1011 -0.9949 -0.0000
vn -0.0991 0.9949 -0.0197
vn -0.1942 0.9802 -0.0386
vn -0.2875 0.9561 -0.0572
vn -0.3779 0.9228 -0.0752
vn -0.4647 0.8806 -0.0924
vn -0.5470 0.8301 -0.1088
vn -0.6240 0.7715 -0.1241
vn -0.6950 0.7056 -0.1382
vn -0.7594 0.6329 -0.1510
vn -0.8164 0.5542 -0.1624
vn -0.8656 0.4701 -0.1722
vn -0.9066 0.3816 -0.1803
vn -0.9388 0.2894 -0.1867
vn -0.9621 0.1945 -0.1914
vn -0.9761 0.0977 -0.1942
vn -0.9808 -0.0000 -0.1951
vn -0.9761 -0.0977 -0.1942
vn -0.9621 -0.1945 -0.1914
vn -0.9388 -0.2894 -0.1867
vn -0.9066 -0.3816 -0.1803
vn -0.8656 -0.4701 -0.1722
vn -0.8164 -0.5542 -0.1624
vn -0.7594 -0.6329 -0.1510
vn -0.6950 -0.7056 -0.1382
vn -0.6240 -0.7715 -0.1241
vn -0.5470 -0.8301 -0.1088
vn -0.4647 -0.8806 -0.0924
vn -0.3779 -0.9228 -0.0752
vn -0.2875 -0.9561 -0.0572
vn -0.1942 -0.9802 -0.0386
vn -0.0991 -0.9949 -0.0197
vn -0.0934 0.9949 -0.0387
vn -0.1830 0.9802 -0.0758
vn -0.2708 0.9561 -0.1122
vn -0.3560 0.9228 -0.1474
vn -0.4377 0.8806 -0.1813
vn -0.5152 0.8301 -0.2134
vn -0.5878 0.7715 -0.2435
vn -0.6547 0.7056 -0.2712
vn -0.7153 0.6329 -0.2963
vn -0.7690 0.5542 -0.3186
vn -0.8154 0.4701 -0.3378
vn -0.8540 0.3816 -0.3537
vn -0.8843 0.2894 -0.3663
vn -0.9062 0.1945 -0.3754
vn -0.9195 0.0977 -0.3809
vn -0.9239 -0.0000 -0.3827
vn -0.9195 -0.0977 -0.3809
vn -0.9062 -0.1945 -0.3754
vn -0.8843 -0.2894 -0.3663
vn -0.8540 -0.3816 -0.3537
vn -0.8154 -0.4701 -0.3378
vn -0.7690 -0.5542 -0.3186
vn -0.7153 -0.6329 -0.2963
vn -0.6547 -0.7056 -0.2712
vn -0.5878 -0.7715 -0.2435
vn -0.5152 -0.8301 -0.2134
vn -0.4377 -0.8806 -0.1813
vn -0.3560 -0.9228 -0.1474
vn -0.2708 -0.9561 -0.1122
vn -0.1830 -0.9802 -0.0758
vn -0.0934 -0.9949 -0.0387
vn -0.0840 0.9949 -0.0561
vn -0.1647 0.9802 -0.1100
vn -0.2437 0.9561 -0.1628
vn -0.3204 0.9228 -0.2141
vn -0.3939 0.8806 -0.2632
vn -0.4637 0.8301 -0.3098
vn -0.5290 0.7715 -0.3535
vn -0.5892 0.7056 -0.3937
vn -0.6438 0.6329 -0.4301
vn -0.6921 0.5542 -0.4625
vn -0.7339 0.4701 -0.4903
vn -0.7685 0.3816 -0.5135
vn -0.7959 0.2894 -0.5318
vn -0.8156 0.1945 -0.5450
vn -0.8275 0.0977 -0.5529
vn -0.8315 -0.0000 -0.5556
vn -0.8275 -0.0977 -0.5529
vn -0.8156 -0.1945 -0.5450
vn -0.7959 -0.2894 -0.5318
vn -0.7685 -0.3816 -0.5135
vn -0.7339 -0.4701 -0.4903
vn -0.6921 -0.5542 -0.4625
vn -0.6438 -0.6329 -0.4301
vn -0.5892 -0.7056 -0.3937
vn -0.5290 -0.7715 -0.3535
vn -0.4637 -0.8301 -0.3098
vn -0.3939 -0.8806 -0.2632
vn -0.3204 -0.9228 -0.2141
vn -0.2437 -0.9561 -0.1628
vn -0.1647 -0.9802 -0.1100
vn -0.0840 -0.9949 -0.0561
vn -0.0715 0.9949 -0.0715
vn -0.1400 0.9802 -0.1400
vn -0.2072 0.9561 -0.2072
vn -0.2724 0.9228 -0.2724
vn -0.3350 0.8806 -0.3350
vn -0.3943 0.8301 -0.3943
vn -0.4499 0.7715 -0.4499
vn -0.5011 0.7056 -0.5011
vn -0.5475 0.6329 -0.5475
vn -0.5886 0.5542 -0.5886
vn -0.6241 0.4701 -0.6241
vn -0.6536 0.3816 -0.6536
vn -0.6768 0.2894 -0.6768
vn -0.6936 0.1945 -0.6936
vn -0.7037 0.0977 -0.7037
vn -0.7071 -0.0000 -0.7071
vn -0.7037 -0.0977 -0.7037
vn -0.6936 -0.1945 -0.6936
vn -0.6768 -0.2894 -0.6768
vn -0.6536 -0.3816 -0.6536
vn -0.6241 -0.4701 -0.6241
vn -0.5886 -0.5542 -0.5886
vn -0.5475 -0.6329 -0.5475
vn -0.5011 -0.7056 -0.5011
vn -0.4499 -0.7715 -0.4499
vn -0.3943 -0.8301 -0.3943
vn -0.3350 -0.8806 -0.3350
vn -0.2724 -0.9228 -0.2724
vn -0.2072 -0.9561 -0.2072
vn -0.1400 -0.9802 -0.1400
vn -0.0715 -0.9949 -0.0715
vn -0.0561 0.9949 -0.0840
vn -0.1100 0.9802 -0.1647
vn -0.1628 0.9561 -0.2437
vn -0.2141 0.9228 -0.3204
vn -0.2632 0.8806 -0.3939
vn -0.3098 0.8301 -0.4637
vn -0.3535 0.7715 -0.5290
vn -0.3937 0.7056 -0.5892
vn -0.4301 0.6329 -0.6438
vn -0.4625 0.5542 -0.6921
vn -0.4903 0.4701 -0.7339
vn -0.5135 0.3816 -0.7685
vn -0.5318 0.2894 -0.7959
vn -0.5450 0.1945 -0.8156
vn -0.5529 0.0977 -0.8275
vn -0.5556 -0.0000 -0.8315
vn -0.5529 -0.0977 -0.8275
vn -0.5450 -0.1945 -0.8156
vn -0.5318 -0.2894 -0.7959
vn -0.5135 -0.3816 -0.7685
vn -0.4903 -0.4701 -0.7339
vn -0.4625 -0.5542 -0.6921
vn -0.4301 -0.6329 -0.6438
vn -0.3937 -0.7056 -0.5892
vn -0.3535 -0.7715 -0.5290
vn -0.3098 -0.8301 -0.4637
vn -0.2632 -0.8806 -0.3939
vn -0.2141 -0.9228 -0.3204
vn -0.1628 -0.9561 -0.2437
vn -0.1100 -0.9802 -0.1647
vn -0.0561 -0.9949 -0.0840
vn -0.0387 0.9949 -0.0934
vn -0.0758 0.9802 -0.1830
vn -0.1122 0.9561 -0.2708
vn -0.1474 0.9228 -0.3560
vn -0.1813 0.8806 -0.4377
vn -0.2134 0.8301 -0.5152
vn -0.2435 0.7715 -0.5878
vn -0.2712 0.7056 -0.6547
vn -0.2963 0.6329 -0.7153
vn -0.3185 0.5542 -0.7690
vn -0.3378 0.4701 -0.8154
vn -0.3537 0.3816 -0.8540
vn -0.3663 0.2894 -0.8843
vn -0.3754 0.1945 -0.9062
vn -0.3809 0.0977 -0.9195
vn -0.3827 -0.0000 -0.9239
vn -0.3809 -0.0977 -0.9195
vn -0.3754 -0.1945 -0.9062
vn -0.3663 -0.2894 -0.8843
vn -0.3537 -0.3816 -0.8540
vn -0.3378 -0.4701 -0.8154
vn -0.3185 -0.5542 -0.7690
vn -0.2963 -0.6329 -0.7153
vn -0.2712 -0.7056 -0.6547
vn -0.2435 -0.7715 -0.5878
vn -0.2134 -0.8301 -0.5152
vn -0.1813 -0.8806 -0.4377
vn -0.1474 -0.9228 -0.3560
vn -0.1122 -0.9561 -0.2708
vn -0.0758 -0.9802 -0.1830
vn -0.0387 -0.9949 -0.0934
vn -0.0197 0.9949 -0.0991
vn -0.0386 0.9802 -0.1942
vn -0.0572 0.9561 -0.2875
vn -0.0752 0.9228 -0.3779
vn -0.0924 0.8806 -0.4647
vn -0.1088 0.8301 -0.5470
vn -0.1241 0.7715 -0.6240
vn -0.1382 0.7056 -0.6950
vn -0.1510 0.6329 -0.7594
vn -0.1624 0.5542 -0.8164
vn -0.1722 0.4701 -0.8656
vn -0.1803 0.3816 -0.9066
vn -0.1867 0.2894 -0.9388
vn -0.1914 0.1945 -0.9621
vn -0.1942 0.0977 -0.9761
vn -0.1951 -0.0000 -0.9808
vn -0.1942 -0.0977 -0.9761
vn -0.1914 -0.1945 -0.9621
vn -0.1867 -0.2894 -0.9388
vn -0.1803 -0.3816 -0.9066
vn -0.1722 -0.4701 -0.8656
vn -0.1624 -0.5542 -0.8164
vn -0.1510 -0.6329 -0.7594
vn -0.1382 -0.7056 -0.6950
vn -0.1241 -0.7715 -0.6240
vn -0.1088 -0.8301 -0.5470
vn -0.0924 -0.8806 -0.4647
vn -0.0752 -0.9228 -0.3779
vn -0.0572 -0.9561 -0.2875
vn -0.0386 -0.9802 -0.1942
vn -0.0197 -0.9949 -0.0991
vn -0.0000 0.9949 -0.1011
vn -0.0000 0.9802 -0.1980
vn -0.0000 0.9561 -0.2931
vn -0.0000 0.9228 -0.3853
vn -0.0000 0.8806 -0.4738
vn -0.0000 0.8301 -0.5577
vn -0.0000 0.7056 -0.7086
vn -0.0000 0.5542 -0.8324
vn -0.0000 0.4701 -0.8826
vn -0.0000 -0.0000 -1.0000
vn -0.0000 -0.2894 -0.9572
vn -0.0000 -0.3816 -0.9243
vn -0.0000 -0.7056 -0.7086
vn -0.0000 -0.9228 -0.3853
vn -0.0000 -0.9561 -0.2931
vt 0.313059 0.551197
vt 0.309840 0.555347
vt 0.299049 0.552191
vt 0.301031 0.547679
vt 0.248068 0.535828
vt 0.245834 0.530401
vt 0.260836 0.530624
vt 0.262211 0.536038
vt 0.250656 0.456816
vt 0.253574 0.451803
vt 0.265602 0.451982
vt 0.263805 0.457011
vt 0.250656 0.540877
vt 0.263805 0.541072
vt 0.248068 0.462212
vt 0.262211 0.462421
vt 0.395812 0.554251
vt 0.392894 0.550283
vt 0.406043 0.546437
vt 0.407839 0.550733
vt 0.245834 0.467938
vt 0.260836 0.468160
vt 0.399031 0.558606
vt 0.409822 0.555450
vt 0.243977 0.473940
vt 0.259692 0.474173
vt 0.402521 0.563308
vt 0.411971 0.560543
vt 0.242513 0.480160
vt 0.258790 0.480401
vt 0.406247 0.568309
vt 0.414266 0.565964
vt 0.241457 0.486537
vt 0.258140 0.486784
vt 0.286093 0.586373
vt 0.281753 0.592099
vt 0.284426 0.585886
vt 0.410175 0.573563
vt 0.416684 0.571659
vt 0.240820 0.493011
vt 0.257748 0.493262
vt 0.290391 0.580718
vt 0.287072 0.579747
vt 0.414266 0.579019
vt 0.419203 0.577575
vt 0.240607 0.499519
vt 0.257616 0.499772
vt 0.294605 0.575187
vt 0.289667 0.573743
vt 0.418480 0.584624
vt 0.421798 0.583654
vt 0.240820 0.505999
vt 0.257748 0.506250
vt 0.298696 0.569834
vt 0.292186 0.567931
vt 0.422778 0.590324
vt 0.424445 0.589837
vt 0.241457 0.512388
vt 0.258140 0.512635
vt 0.302623 0.564711
vt 0.294605 0.562366
vt 0.427117 0.596065
vt 0.242513 0.518624
vt 0.258790 0.518865
vt 0.306350 0.559866
vt 0.296900 0.557102
vt 0.243977 0.524648
vt 0.259692 0.524881
vt 0.275718 0.493390
vt 0.275674 0.499900
vt 0.283549 0.579253
vt 0.284426 0.573007
vt 0.424445 0.576839
vt 0.425321 0.583159
vt 0.275718 0.506378
vt 0.285276 0.566960
vt 0.426215 0.589588
vt 0.275851 0.512761
vt 0.286093 0.561170
vt 0.276070 0.518988
vt 0.286868 0.555693
vt 0.276375 0.525000
vt 0.287593 0.550582
vt 0.276761 0.530737
vt 0.288263 0.545885
vt 0.277225 0.536145
vt 0.278370 0.452072
vt 0.277763 0.457110
vt 0.277763 0.541172
vt 0.277225 0.462528
vt 0.265602 0.545678
vt 0.278370 0.545769
vt 0.276761 0.468274
vt 0.420608 0.548939
vt 0.421277 0.553841
vt 0.276375 0.474292
vt 0.422003 0.559134
vt 0.276070 0.480524
vt 0.422778 0.564768
vt 0.275851 0.486910
vt 0.282656 0.585637
vt 0.423594 0.570689
vt 0.294041 0.506378
vt 0.293908 0.512761
vt 0.278231 0.566960
vt 0.277414 0.561170
vt 0.428020 0.589588
vt 0.293689 0.518988
vt 0.276639 0.555693
vt 0.293384 0.525000
vt 0.275913 0.550582
vt 0.292998 0.530737
vt 0.275244 0.545885
vt 0.292534 0.536145
vt 0.291389 0.452072
vt 0.291995 0.457110
vt 0.291995 0.541172
vt 0.292534 0.462528
vt 0.291389 0.545769
vt 0.292998 0.468274
vt 0.433627 0.548939
vt 0.432957 0.553841
vt 0.293384 0.474292
vt 0.432232 0.559134
vt 0.293689 0.480524
vt 0.431457 0.564768
vt 0.293908 0.486910
vt 0.280851 0.585637
vt 0.430640 0.570689
vt 0.294041 0.493390
vt 0.279957 0.579253
vt 0.429789 0.576839
vt 0.294085 0.499900
vt 0.279081 0.573007
vt 0.428913 0.583159
vt 0.310968 0.518865
vt 0.310067 0.524881
vt 0.266607 0.557102
vt 0.264458 0.552191
vt 0.308923 0.530624
vt 0.262476 0.547679
vt 0.307548 0.536038
vt 0.304157 0.451982
vt 0.305954 0.457011
vt 0.305954 0.541072
vt 0.307548 0.462421
vt 0.304157 0.545678
vt 0.308923 0.468160
vt 0.446395 0.550733
vt 0.444413 0.555450
vt 0.310067 0.474173
vt 0.442264 0.560543
vt 0.310968 0.480401
vt 0.439969 0.565964
vt 0.311619 0.486784
vt 0.279081 0.585886
vt 0.437550 0.571660
vt 0.312011 0.493262
vt 0.276435 0.579747
vt 0.435031 0.577575
vt 0.312142 0.499772
vt 0.273839 0.573743
vt 0.432436 0.583654
vt 0.312011 0.506250
vt 0.271320 0.567930
vt 0.429789 0.589837
vt 0.311619 0.512635
vt 0.268902 0.562366
vt 0.323924 0.530401
vt 0.321691 0.535828
vt 0.316185 0.451803
vt 0.319103 0.456816
vt 0.319103 0.540877
vt 0.321691 0.462212
vt 0.448192 0.546437
vt 0.461340 0.550283
vt 0.458423 0.554251
vt 0.323924 0.467938
vt 0.455204 0.558606
vt 0.325782 0.473940
vt 0.451714 0.563308
vt 0.327246 0.480160
vt 0.447987 0.568309
vt 0.328301 0.486537
vt 0.277414 0.586373
vt 0.444060 0.573563
vt 0.328939 0.493011
vt 0.273116 0.580718
vt 0.439969 0.579019
vt 0.329152 0.499519
vt 0.268902 0.575187
vt 0.435754 0.584624
vt 0.328939 0.505999
vt 0.264811 0.569834
vt 0.431457 0.590324
vt 0.328301 0.512388
vt 0.260883 0.564711
vt 0.327246 0.518624
vt 0.257157 0.559866
vt 0.325782 0.524648
vt 0.253667 0.555347
vt 0.250448 0.551197
vt 0.473174 0.555866
vt 0.469247 0.559358
vt 0.334419 0.461907
vt 0.337425 0.467615
vt 0.464915 0.563189
vt 0.339925 0.473602
vt 0.460219 0.567320
vt 0.341895 0.479809
vt 0.455204 0.571714
vt 0.343316 0.486178
vt 0.275913 0.587081
vt 0.449918 0.576328
vt 0.344173 0.492647
vt 0.270130 0.582127
vt 0.444413 0.581116
vt 0.344460 0.499153
vt 0.264458 0.577284
vt 0.438741 0.586033
vt 0.344173 0.505635
vt 0.258953 0.572599
vt 0.432957 0.591032
vt 0.343316 0.512029
vt 0.253667 0.568116
vt 0.341895 0.518274
vt 0.248652 0.563879
vt 0.339925 0.524310
vt 0.243956 0.559929
vt 0.337425 0.530078
vt 0.239623 0.556304
vt 0.334419 0.535524
vt 0.247530 0.547455
vt 0.235697 0.553039
vt 0.330936 0.540595
vt 0.330936 0.456533
vt 0.473174 0.569021
vt 0.467451 0.572428
vt 0.351953 0.473171
vt 0.354353 0.479364
vt 0.461340 0.576048
vt 0.356084 0.485721
vt 0.274637 0.587982
vt 0.454900 0.579846
vt 0.357129 0.492183
vt 0.267590 0.583921
vt 0.448192 0.583785
vt 0.357479 0.498688
vt 0.260679 0.579953
vt 0.441281 0.587827
vt 0.357644 0.410488
vt 0.357644 0.403982
vt 0.370683 0.403690
vt 0.370620 0.410198
vt 0.253971 0.576117
vt 0.434233 0.591933
vt 0.358342 0.416962
vt 0.371130 0.416676
vt 0.247530 0.572449
vt 0.359730 0.423341
vt 0.372208 0.423062
vt 0.241419 0.568987
vt 0.361797 0.429563
vt 0.373844 0.429293
vt 0.235697 0.565761
vt 0.364522 0.435568
vt 0.376021 0.435311
vt 0.230418 0.562804
vt 0.367878 0.441300
vt 0.378719 0.441057
vt 0.225633 0.560145
vt 0.476657 0.552747
vt 0.487482 0.560391
vt 0.483238 0.562973
vt 0.341000 0.456173
vt 0.345244 0.461520
vt 0.478453 0.565859
vt 0.348907 0.467204
vt 0.466162 0.581144
vt 0.458814 0.583982
vt 0.371318 0.397215
vt 0.372519 0.390835
vt 0.387547 0.390677
vt 0.386566 0.397055
vt 0.273635 0.589042
vt 0.265594 0.586030
vt 0.451161 0.586923
vt 0.386005 0.403529
vt 0.257710 0.583091
vt 0.443276 0.589936
vt 0.385869 0.410038
vt 0.250056 0.580253
vt 0.435236 0.592993
vt 0.386158 0.416518
vt 0.242708 0.577545
vt 0.386871 0.422908
vt 0.235736 0.574992
vt 0.388000 0.429145
vt 0.229208 0.572619
vt 0.389534 0.435169
vt 0.223185 0.570448
vt 0.391459 0.440923
vt 0.217726 0.568501
vt 0.381912 0.446476
vt 0.393757 0.446351
vt 0.382674 0.367467
vt 0.386429 0.362445
vt 0.398273 0.362320
vt 0.395415 0.367333
vt 0.491144 0.571329
vt 0.485686 0.573503
vt 0.379377 0.372870
vt 0.392890 0.372728
vt 0.479663 0.575878
vt 0.376568 0.378604
vt 0.390724 0.378455
vt 0.473134 0.578434
vt 0.374275 0.384611
vt 0.388937 0.384457
vt 0.453206 0.590409
vt 0.444651 0.592279
vt 0.403022 0.403504
vt 0.402804 0.410013
vt 0.255664 0.586577
vt 0.247360 0.584850
vt 0.435926 0.594170
vt 0.402848 0.416494
vt 0.239387 0.583207
vt 0.403155 0.422884
vt 0.231822 0.581665
vt 0.403722 0.429122
vt 0.224738 0.580239
vt 0.404542 0.435148
vt 0.218203 0.578942
vt 0.405609 0.440903
vt 0.212280 0.577786
vt 0.406911 0.446333
vt 0.411427 0.362301
vt 0.409564 0.367313
vt 0.396404 0.451402
vt 0.408437 0.451384
vt 0.407898 0.372707
vt 0.490668 0.581996
vt 0.484133 0.583498
vt 0.406446 0.378432
vt 0.477049 0.585107
vt 0.405222 0.384433
vt 0.469484 0.586806
vt 0.404237 0.390653
vt 0.272944 0.590219
vt 0.461511 0.588579
vt 0.403502 0.397030
vt 0.264220 0.588373
vt 0.436279 0.595420
vt 0.420559 0.416605
vt 0.420435 0.422992
vt 0.237694 0.589218
vt 0.229827 0.588750
vt 0.420405 0.429226
vt 0.222459 0.588328
vt 0.420468 0.435247
vt 0.215663 0.587958
vt 0.420623 0.440997
vt 0.413471 0.357721
vt 0.426240 0.357801
vt 0.425386 0.362389
vt 0.420870 0.446420
vt 0.424578 0.367407
vt 0.421206 0.451464
vt 0.423824 0.372806
vt 0.493208 0.591012
vt 0.486411 0.591588
vt 0.423129 0.378536
vt 0.479044 0.592191
vt 0.422502 0.384541
vt 0.471177 0.592817
vt 0.421948 0.390763
vt 0.272592 0.591469
vt 0.462885 0.593459
vt 0.421472 0.397143
vt 0.263519 0.590860
vt 0.454249 0.594111
vt 0.421080 0.403618
vt 0.254622 0.590279
vt 0.445352 0.594767
vt 0.420775 0.410126
vt 0.245986 0.589730
vt 0.437408 0.429454
vt 0.436699 0.435464
vt 0.222459 0.596576
vt 0.215663 0.597151
vt 0.435926 0.441202
vt 0.439254 0.357976
vt 0.439613 0.362579
vt 0.435097 0.446610
vt 0.439881 0.367611
vt 0.434220 0.451638
vt 0.440055 0.373024
vt 0.493208 0.600206
vt 0.486411 0.599835
vt 0.440133 0.378764
vt 0.479044 0.599414
vt 0.440114 0.384777
vt 0.471177 0.598945
vt 0.439999 0.391005
vt 0.272592 0.592744
vt 0.462885 0.598434
vt 0.439788 0.397388
vt 0.263519 0.593397
vt 0.454249 0.597885
vt 0.439485 0.403864
vt 0.254622 0.594053
vt 0.445352 0.597303
vt 0.439091 0.410371
vt 0.245986 0.594705
vt 0.436279 0.596694
vt 0.438610 0.416846
vt 0.237694 0.595347
vt 0.438047 0.423228
vt 0.229827 0.595973
vt 0.450929 0.441509
vt 0.449045 0.446896
vt 0.453562 0.362865
vt 0.454884 0.367919
vt 0.446979 0.451900
vt 0.455968 0.373350
vt 0.490668 0.609222
vt 0.484133 0.607925
vt 0.456803 0.379106
vt 0.477049 0.606498
vt 0.457381 0.385131
vt 0.469484 0.604956
vt 0.457696 0.391368
vt 0.272944 0.593993
vt 0.461511 0.603314
vt 0.457746 0.397756
vt 0.264220 0.595885
vt 0.453206 0.601586
vt 0.457529 0.404234
vt 0.255664 0.597754
vt 0.444651 0.599791
vt 0.457048 0.410739
vt 0.247360 0.599585
vt 0.435926 0.597944
vt 0.456307 0.417209
vt 0.239387 0.601358
vt 0.455314 0.423582
vt 0.231822 0.603057
vt 0.454079 0.429796
vt 0.224738 0.604665
vt 0.452612 0.435791
vt 0.218203 0.606168
vt 0.452013 0.358237
vt 0.485686 0.617715
vt 0.479663 0.615545
vt 0.470952 0.373773
vt 0.472500 0.379549
vt 0.473134 0.613171
vt 0.473640 0.385590
vt 0.466162 0.610618
vt 0.474360 0.391838
vt 0.273635 0.595171
vt 0.458814 0.607910
vt 0.474654 0.398233
vt 0.265594 0.598228
vt 0.451161 0.605073
vt 0.474519 0.404713
vt 0.257710 0.601241
vt 0.443276 0.602134
vt 0.473956 0.411216
vt 0.250056 0.604181
vt 0.435236 0.599122
vt 0.472971 0.417680
vt 0.242708 0.607020
vt 0.471573 0.424041
vt 0.235736 0.609730
vt 0.469776 0.430239
vt 0.229208 0.612285
vt 0.467596 0.436214
vt 0.223185 0.614661
vt 0.465056 0.441908
vt 0.212280 0.607550
vt 0.217726 0.616835
vt 0.462179 0.447267
vt 0.466695 0.363236
vt 0.469011 0.368318
vt 0.458993 0.452239
vt 0.467452 0.619177
vt 0.461341 0.615714
vt 0.488265 0.386136
vt 0.489349 0.392398
vt 0.274637 0.596230
vt 0.454900 0.612047
vt 0.489863 0.398801
vt 0.267590 0.600337
vt 0.448192 0.608211
vt 0.489802 0.405284
vt 0.260679 0.604379
vt 0.441281 0.604243
vt 0.489166 0.411784
vt 0.253971 0.608318
vt 0.434233 0.600181
vt 0.487960 0.418239
vt 0.247530 0.612116
vt 0.486198 0.424587
vt 0.241419 0.615736
vt 0.483895 0.430766
vt 0.235697 0.619143
vt 0.481075 0.436717
vt 0.230418 0.622305
vt 0.477763 0.442382
vt 0.225633 0.625191
vt 0.473993 0.447708
vt 0.478509 0.363677
vt 0.481718 0.368792
vt 0.491144 0.619663
vt 0.483238 0.628019
vt 0.478453 0.625359
vt 0.484431 0.374276
vt 0.473174 0.622402
vt 0.486620 0.380076
vt 0.275913 0.597131
vt 0.270130 0.602130
vt 0.449918 0.615565
vt 0.444413 0.610880
vt 0.212280 0.404803
vt 0.212629 0.398319
vt 0.225585 0.397855
vt 0.225298 0.404337
vt 0.264458 0.607048
vt 0.438741 0.606036
vt 0.212629 0.411307
vt 0.225585 0.410843
vt 0.258953 0.611836
vt 0.432957 0.601082
vt 0.213675 0.417769
vt 0.226443 0.417312
vt 0.253667 0.616449
vt 0.215406 0.424127
vt 0.227864 0.423681
vt 0.248652 0.620843
vt 0.498628 0.425199
vt 0.495896 0.431357
vt 0.243956 0.624975
vt 0.492530 0.437281
vt 0.239623 0.628805
vt 0.488563 0.442914
vt 0.235697 0.632297
vt 0.228759 0.447317
vt 0.224515 0.441970
vt 0.235340 0.441583
vt 0.238823 0.446957
vt 0.221389 0.627773
vt 0.232214 0.635417
vt 0.473174 0.635125
vt 0.469247 0.631860
vt 0.492518 0.369324
vt 0.495886 0.374840
vt 0.464915 0.628234
vt 0.498620 0.380667
vt 0.460219 0.624285
vt 0.215406 0.385662
vt 0.217806 0.379611
vt 0.229834 0.379180
vt 0.227864 0.385216
vt 0.455204 0.620048
vt 0.213675 0.391918
vt 0.226443 0.391461
vt 0.268902 0.609144
vt 0.264811 0.614600
vt 0.435754 0.607446
vt 0.431457 0.601790
vt 0.240820 0.410479
vt 0.241457 0.416953
vt 0.260883 0.619854
vt 0.242513 0.423331
vt 0.257157 0.624856
vt 0.229834 0.429889
vt 0.243977 0.429550
vt 0.253667 0.629557
vt 0.232334 0.435875
vt 0.245834 0.435552
vt 0.250448 0.633913
vt 0.248068 0.441279
vt 0.247530 0.637881
vt 0.250656 0.446674
vt 0.235340 0.367966
vt 0.238823 0.362896
vt 0.250656 0.362613
vt 0.248068 0.367662
vt 0.461341 0.640709
vt 0.458423 0.636967
vt 0.232334 0.373412
vt 0.245834 0.373089
vt 0.455204 0.632817
vt 0.243977 0.378842
vt 0.451714 0.628297
vt 0.242513 0.384866
vt 0.447987 0.623453
vt 0.241457 0.391102
vt 0.277414 0.597839
vt 0.444060 0.618329
vt 0.240820 0.397491
vt 0.273116 0.603539
vt 0.439969 0.612976
vt 0.240607 0.403971
vt 0.268902 0.622200
vt 0.266607 0.627620
vt 0.258790 0.423089
vt 0.259692 0.429318
vt 0.264458 0.632714
vt 0.260836 0.435330
vt 0.262476 0.637431
vt 0.262211 0.441069
vt 0.260679 0.641727
vt 0.263805 0.446479
vt 0.263805 0.362418
vt 0.262211 0.367452
vt 0.253574 0.451687
vt 0.265602 0.451509
vt 0.260836 0.372867
vt 0.446395 0.640485
vt 0.444413 0.635973
vt 0.259692 0.378609
vt 0.442264 0.631061
vt 0.258790 0.384625
vt 0.439969 0.625798
vt 0.258140 0.390855
vt 0.279081 0.598327
vt 0.437550 0.620233
vt 0.257748 0.397240
vt 0.276435 0.604510
vt 0.435031 0.614421
vt 0.257616 0.403719
vt 0.273839 0.610589
vt 0.432436 0.608416
vt 0.257748 0.410228
vt 0.271320 0.616504
vt 0.429789 0.602278
vt 0.258140 0.416706
vt 0.275913 0.634323
vt 0.275244 0.639224
vt 0.276761 0.435217
vt 0.277225 0.440962
vt 0.265602 0.357812
vt 0.278370 0.357721
vt 0.277763 0.362319
vt 0.277763 0.446380
vt 0.277225 0.367345
vt 0.278370 0.451418
vt 0.276761 0.372753
vt 0.433627 0.642279
vt 0.432957 0.637582
vt 0.276375 0.378491
vt 0.432232 0.632471
vt 0.276070 0.384502
vt 0.431457 0.626994
vt 0.275851 0.390729
vt 0.280851 0.598576
vt 0.430640 0.621204
vt 0.275718 0.397112
vt 0.279957 0.605005
vt 0.429789 0.615157
vt 0.275674 0.403590
vt 0.279081 0.611325
vt 0.428913 0.608911
vt 0.275718 0.410100
vt 0.278231 0.617475
vt 0.428020 0.602527
vt 0.275851 0.416580
vt 0.277414 0.623395
vt 0.276070 0.422967
vt 0.276639 0.629029
vt 0.276375 0.429199
vt 0.291995 0.362319
vt 0.292534 0.367345
vt 0.291995 0.446380
vt 0.291389 0.451418
vt 0.292998 0.372753
vt 0.420608 0.642279
vt 0.421277 0.637582
vt 0.293384 0.378491
vt 0.422003 0.632471
vt 0.293689 0.384502
vt 0.422778 0.626994
vt 0.293908 0.390729
vt 0.282656 0.598576
vt 0.423594 0.621204
vt 0.294041 0.397112
vt 0.283549 0.605005
vt 0.424445 0.615157
vt 0.294085 0.403590
vt 0.284426 0.611325
vt 0.425321 0.608911
vt 0.294041 0.410100
vt 0.285276 0.617475
vt 0.426215 0.602527
vt 0.293908 0.416580
vt 0.286093 0.623395
vt 0.293689 0.422967
vt 0.286868 0.629029
vt 0.293384 0.429199
vt 0.287593 0.634323
vt 0.292998 0.435217
vt 0.288263 0.639224
vt 0.292534 0.440962
vt 0.291389 0.357721
vt 0.308923 0.372867
vt 0.310067 0.378609
vt 0.409822 0.635973
vt 0.411971 0.631061
vt 0.310969 0.384625
vt 0.414266 0.625798
vt 0.311619 0.390855
vt 0.284426 0.598327
vt 0.416684 0.620233
vt 0.312011 0.397240
vt 0.287072 0.604510
vt 0.419203 0.614421
vt 0.312142 0.403719
vt 0.289667 0.610589
vt 0.421799 0.608416
vt 0.312011 0.410228
vt 0.292186 0.616504
vt 0.424445 0.602278
vt 0.311619 0.416706
vt 0.294605 0.622200
vt 0.310969 0.423089
vt 0.296900 0.627620
vt 0.310067 0.429318
vt 0.299049 0.632714
vt 0.308923 0.435330
vt 0.301031 0.637431
vt 0.307548 0.441069
vt 0.304157 0.357812
vt 0.305954 0.362418
vt 0.305954 0.446479
vt 0.307548 0.367452
vt 0.304157 0.451509
vt 0.407839 0.640485
vt 0.327246 0.384866
vt 0.328301 0.391102
vt 0.286093 0.597839
vt 0.406247 0.623453
vt 0.410175 0.618329
vt 0.328939 0.397491
vt 0.290391 0.603539
vt 0.414266 0.612976
vt 0.329152 0.403971
vt 0.294605 0.609144
vt 0.418480 0.607446
vt 0.328939 0.410479
vt 0.298696 0.614600
vt 0.422778 0.601790
vt 0.328301 0.416953
vt 0.302623 0.619854
vt 0.327246 0.423331
vt 0.306350 0.624856
vt 0.325782 0.429550
vt 0.309840 0.629557
vt 0.323924 0.435552
vt 0.313059 0.633913
vt 0.321691 0.441279
vt 0.302828 0.641727
vt 0.315977 0.637881
vt 0.319103 0.446674
vt 0.319103 0.362613
vt 0.321691 0.367662
vt 0.316185 0.451687
vt 0.323924 0.373089
vt 0.395812 0.636967
vt 0.399031 0.632817
vt 0.325782 0.378842
vt 0.402521 0.628297
vt 0.344174 0.397855
vt 0.344460 0.404337
vt 0.293377 0.602130
vt 0.299049 0.607048
vt 0.409822 0.610880
vt 0.415494 0.606036
vt 0.344174 0.410843
vt 0.304554 0.611836
vt 0.421277 0.601082
vt 0.343316 0.417312
vt 0.309840 0.616449
vt 0.341895 0.423681
vt 0.314855 0.620843
vt 0.339925 0.429889
vt 0.319551 0.624975
vt 0.337425 0.435875
vt 0.323884 0.628806
vt 0.334419 0.441583
vt 0.327810 0.632297
vt 0.330936 0.446957
vt 0.330936 0.362896
vt 0.334419 0.367966
vt 0.392894 0.640708
vt 0.381061 0.635125
vt 0.384987 0.631859
vt 0.337425 0.373412
vt 0.389319 0.628234
vt 0.339925 0.379180
vt 0.394016 0.624284
vt 0.341895 0.385216
vt 0.399031 0.620048
vt 0.343316 0.391461
vt 0.287593 0.597131
vt 0.404317 0.615565
vt 0.357130 0.411307
vt 0.356084 0.417769
vt 0.309536 0.608318
vt 0.315977 0.612116
vt 0.420001 0.600181
vt 0.354353 0.424127
vt 0.322088 0.615736
vt 0.351953 0.430319
vt 0.327810 0.619143
vt 0.348907 0.436286
vt 0.333089 0.622305
vt 0.345244 0.441970
vt 0.337874 0.625191
vt 0.341000 0.447317
vt 0.331293 0.635417
vt 0.342118 0.627773
vt 0.370997 0.628019
vt 0.375782 0.625359
vt 0.366216 0.467756
vt 0.369879 0.462072
vt 0.380704 0.462459
vt 0.377698 0.468167
vt 0.381061 0.622402
vt 0.363170 0.473723
vt 0.375198 0.474154
vt 0.386783 0.619177
vt 0.360770 0.479915
vt 0.373228 0.480361
vt 0.392894 0.615714
vt 0.359039 0.486273
vt 0.371807 0.486730
vt 0.288869 0.596230
vt 0.399335 0.612047
vt 0.357993 0.492735
vt 0.370949 0.493199
vt 0.295917 0.600337
vt 0.406043 0.608211
vt 0.357644 0.499240
vt 0.370662 0.499705
vt 0.302828 0.604379
vt 0.412954 0.604243
vt 0.357479 0.404803
vt 0.375198 0.524862
vt 0.373228 0.518826
vt 0.387877 0.519176
vt 0.389341 0.525200
vt 0.327770 0.609730
vt 0.334299 0.612285
vt 0.377698 0.530630
vt 0.391198 0.530953
vt 0.340322 0.614661
vt 0.380704 0.536076
vt 0.393432 0.536380
vt 0.345781 0.616835
vt 0.384187 0.541146
vt 0.396020 0.541429
vt 0.384187 0.457085
vt 0.396020 0.457368
vt 0.393432 0.462764
vt 0.363090 0.619662
vt 0.368549 0.617715
vt 0.391198 0.468490
vt 0.374572 0.615544
vt 0.389341 0.474492
vt 0.381100 0.613171
vt 0.387877 0.480711
vt 0.388072 0.610618
vt 0.386821 0.487089
vt 0.289872 0.595171
vt 0.395420 0.607910
vt 0.386184 0.493563
vt 0.297912 0.598228
vt 0.403073 0.605073
vt 0.385971 0.500071
vt 0.305797 0.601241
vt 0.410958 0.602134
vt 0.370949 0.506187
vt 0.386184 0.506551
vt 0.313450 0.604181
vt 0.418999 0.599122
vt 0.371807 0.512581
vt 0.386821 0.512940
vt 0.320798 0.607020
vt 0.406200 0.531175
vt 0.407575 0.536590
vt 0.398938 0.452355
vt 0.410965 0.452533
vt 0.409169 0.457563
vt 0.409169 0.541624
vt 0.407575 0.462973
vt 0.357644 0.610377
vt 0.363567 0.609222
vt 0.406200 0.468712
vt 0.370102 0.607925
vt 0.405056 0.474725
vt 0.377186 0.606498
vt 0.404154 0.480953
vt 0.384751 0.604956
vt 0.403504 0.487336
vt 0.290563 0.593993
vt 0.392724 0.603314
vt 0.403112 0.493814
vt 0.299287 0.595885
vt 0.401028 0.601586
vt 0.402980 0.500323
vt 0.307842 0.597754
vt 0.409584 0.599791
vt 0.403112 0.506802
vt 0.316147 0.599585
vt 0.418308 0.597944
vt 0.403504 0.513187
vt 0.324120 0.601358
vt 0.404154 0.519417
vt 0.331685 0.603057
vt 0.405056 0.525433
vt 0.338769 0.604665
vt 0.345304 0.606168
vt 0.410965 0.546230
vt 0.423127 0.541724
vt 0.423734 0.546321
vt 0.422589 0.463080
vt 0.422125 0.468826
vt 0.361027 0.600205
vt 0.367823 0.599835
vt 0.421738 0.474843
vt 0.375190 0.599414
vt 0.421434 0.481076
vt 0.383058 0.598945
vt 0.421215 0.487462
vt 0.290915 0.592744
vt 0.391349 0.598434
vt 0.421082 0.493942
vt 0.299988 0.593397
vt 0.399986 0.597885
vt 0.421038 0.500452
vt 0.308885 0.594053
vt 0.408883 0.597303
vt 0.421082 0.506930
vt 0.317521 0.594705
vt 0.417956 0.596694
vt 0.421215 0.513313
vt 0.325813 0.595347
vt 0.421434 0.519540
vt 0.333680 0.595973
vt 0.421738 0.525552
vt 0.341047 0.596576
vt 0.422125 0.531289
vt 0.347844 0.597151
vt 0.422589 0.536697
vt 0.423734 0.452624
vt 0.423127 0.457662
vt 0.438748 0.525552
vt 0.438362 0.531289
vt 0.341047 0.588328
vt 0.347844 0.587958
vt 0.437897 0.536697
vt 0.436753 0.452624
vt 0.437359 0.457662
vt 0.437359 0.541724
vt 0.437897 0.463080
vt 0.436753 0.546321
vt 0.438362 0.468826
vt 0.361027 0.591012
vt 0.367823 0.591587
vt 0.438748 0.474843
vt 0.375190 0.592191
vt 0.439053 0.481076
vt 0.383058 0.592817
vt 0.439272 0.487462
vt 0.290915 0.591469
vt 0.391349 0.593459
vt 0.439405 0.493942
vt 0.299988 0.590861
vt 0.399986 0.594111
vt 0.439449 0.500452
vt 0.308885 0.590279
vt 0.408883 0.594767
vt 0.439405 0.506930
vt 0.317521 0.589730
vt 0.417956 0.595420
vt 0.439272 0.513313
vt 0.325813 0.589218
vt 0.439053 0.519540
vt 0.333680 0.588750
vt 0.452912 0.536590
vt 0.451318 0.541624
vt 0.451318 0.457563
vt 0.452912 0.462973
vt 0.449521 0.546230
vt 0.454287 0.468712
vt 0.363567 0.581996
vt 0.370102 0.583498
vt 0.455431 0.474725
vt 0.377186 0.585107
vt 0.456332 0.480953
vt 0.384751 0.586806
vt 0.456982 0.487336
vt 0.290563 0.590219
vt 0.392724 0.588579
vt 0.457375 0.493814
vt 0.299287 0.588373
vt 0.401028 0.590409
vt 0.457506 0.500323
vt 0.307842 0.586577
vt 0.409584 0.592279
vt 0.457375 0.506802
vt 0.316147 0.584850
vt 0.418308 0.594170
vt 0.456982 0.513187
vt 0.324120 0.583207
vt 0.456332 0.519417
vt 0.331685 0.581666
vt 0.455431 0.525433
vt 0.338769 0.580239
vt 0.454287 0.531175
vt 0.345304 0.578942
vt 0.449521 0.452533
vt 0.368549 0.573502
vt 0.374572 0.575878
vt 0.469288 0.468490
vt 0.471146 0.474492
vt 0.381100 0.578434
vt 0.472610 0.480711
vt 0.388072 0.581144
vt 0.473665 0.487089
vt 0.289872 0.589042
vt 0.395420 0.583982
vt 0.474303 0.493563
vt 0.297912 0.586030
vt 0.403073 0.586923
vt 0.474516 0.500071
vt 0.305797 0.583091
vt 0.410958 0.589936
vt 0.474303 0.506551
vt 0.313450 0.580253
vt 0.418999 0.592993
vt 0.473665 0.512940
vt 0.320798 0.577545
vt 0.472610 0.519176
vt 0.327770 0.574992
vt 0.471146 0.525200
vt 0.334299 0.572619
vt 0.469288 0.530953
vt 0.340322 0.570448
vt 0.467055 0.536380
vt 0.461549 0.452355
vt 0.464467 0.457368
vt 0.464467 0.541429
vt 0.467055 0.462764
vt 0.357644 0.580614
vt 0.363090 0.571329
vt 0.386783 0.572428
vt 0.392894 0.576048
vt 0.487259 0.480361
vt 0.488679 0.486730
vt 0.288869 0.587982
vt 0.399335 0.579846
vt 0.489537 0.493199
vt 0.295917 0.583921
vt 0.406043 0.583785
vt 0.489824 0.499705
vt 0.302828 0.579953
vt 0.412954 0.587827
vt 0.489537 0.506187
vt 0.309536 0.576117
vt 0.420001 0.591933
vt 0.488679 0.512581
vt 0.315977 0.572450
vt 0.487259 0.518826
vt 0.322088 0.568987
vt 0.485289 0.524862
vt 0.327810 0.565761
vt 0.482789 0.530630
vt 0.333089 0.562805
vt 0.479783 0.536076
vt 0.345781 0.568501
vt 0.337874 0.560145
vt 0.476300 0.541146
vt 0.476300 0.457085
vt 0.479783 0.462459
vt 0.370997 0.562973
vt 0.375782 0.565859
vt 0.482789 0.468167
vt 0.381061 0.569021
vt 0.485289 0.474154
vt 0.287593 0.587081
vt 0.293377 0.582127
vt 0.404317 0.576328
vt 0.409822 0.581116
vt 0.212280 0.498688
vt 0.212629 0.492183
vt 0.225585 0.492647
vt 0.225298 0.499153
vt 0.299049 0.577284
vt 0.415494 0.586033
vt 0.212629 0.505171
vt 0.225585 0.505635
vt 0.304554 0.572599
vt 0.421277 0.591032
vt 0.213675 0.511572
vt 0.226443 0.512029
vt 0.309840 0.568116
vt 0.215406 0.517828
vt 0.227864 0.518274
vt 0.314855 0.563879
vt 0.217806 0.523879
vt 0.229834 0.524310
vt 0.319551 0.559929
vt 0.497317 0.524431
vt 0.494271 0.530219
vt 0.323884 0.556304
vt 0.224515 0.535137
vt 0.220852 0.529668
vt 0.232334 0.530078
vt 0.235340 0.535524
vt 0.327810 0.553039
vt 0.366753 0.560390
vt 0.377577 0.552747
vt 0.381060 0.555866
vt 0.224515 0.461520
vt 0.228759 0.456173
vt 0.238823 0.456533
vt 0.235340 0.461907
vt 0.384987 0.559358
vt 0.220852 0.467204
vt 0.232334 0.467615
vt 0.389319 0.563188
vt 0.494271 0.467756
vt 0.497317 0.473723
vt 0.394016 0.567320
vt 0.215406 0.479364
vt 0.217806 0.473171
vt 0.229834 0.473602
vt 0.227864 0.479809
vt 0.399031 0.571714
vt 0.213675 0.485721
vt 0.226443 0.486178
vt 0.315977 0.547455
vt 0.238823 0.540595
s 1
usemtl Hydrogen.002
f 3974/3442/3968 2989/3443/2983 3011/3444/3005 3012/3445/3006
f 2998/3446/2992 2997/3447/2991 3025/3448/3019 3026/3449/3020
f 2990/3450/2984 3974/3451/3968 3012/3452/3006 3013/3453/3007
f 2999/3454/2993 2998/3446/2992 3026/3449/3020 3027/3455/3021
f 3975/3456/3969 2990/3450/2984 3013/3453/3007 3014/3457/3008
f 3980/3458/3974 2999/3459/2993 3027/3460/3021 3028/3461/3022
f 3976/3462/3970 3975/3456/3969 3014/3457/3008 3015/3463/3009
f 3000/3464/2994 3980/3458/3974 3028/3461/3022 3029/3465/3023
f 2991/3466/2985 3976/3462/3970 3015/3463/3009 3016/3467/3010
f 3001/3468/2995 3000/3464/2994 3029/3465/3023 3030/3469/3024
f 2992/3470/2986 2991/3466/2985 3016/3467/3010 3017/3471/3011
f 3002/3472/2996 3001/3468/2995 3030/3469/3024 3031/3473/3025
f 2993/3474/2987 2992/3470/2986 3017/3471/3011 3018/3475/3012
f 3968/3476/3962 3502/3477/3496 3005/3478/2999
f 3981/3479/3975 3002/3472/2996 3031/3473/3025 3032/3480/3026
f 2994/3481/2988 2993/3474/2987 3018/3475/3012 3019/3482/3013
f 3969/3483/3963 3968/3476/3962 3005/3478/2999 3006/3484/3000
f 3982/3485/3976 3981/3479/3975 3032/3480/3026 3033/3486/3027
f 3977/3487/3971 2994/3481/2988 3019/3482/3013 3020/3488/3014
f 3970/3489/3964 3969/3483/3963 3006/3484/3000 3007/3490/3001
f 3003/3491/2997 3982/3485/3976 3033/3486/3027 3034/3492/3028
f 2995/3493/2989 3977/3487/3971 3020/3488/3014 3021/3494/3015
f 3971/3495/3965 3970/3489/3964 3007/3490/3001 3008/3496/3002
f 3004/3497/2998 3003/3491/2997 3034/3492/3028 3035/3498/3029
f 2996/3499/2990 2995/3493/2989 3021/3494/3015 3022/3500/3016
f 3972/3501/3966 3971/3495/3965 3008/3496/3002 3009/3502/3003
f 3501/3503/3495 3004/3497/2998 3035/3498/3029
f 3978/3504/3972 2996/3499/2990 3022/3500/3016 3023/3505/3017
f 3973/3506/3967 3972/3501/3966 3009/3502/3003 3010/3507/3004
f 3979/3508/3973 3978/3504/3972 3023/3505/3017 3024/3509/3018
f 2989/3443/2983 3973/3506/3967 3010/3507/3004 3011/3444/3005
f 2997/3447/2991 3979/3508/3973 3024/3509/3018 3025/3448/3019
f 3020/3488/3014 3019/3482/3013 3050/3510/3044 3051/3511/3045
f 3007/3490/3001 3006/3484/3000 3037/3512/3031 3038/3513/3032
f 3034/3492/3028 3033/3486/3027 3064/3514/3058 3065/3515/3059
f 3021/3494/3015 3020/3488/3014 3051/3511/3045 3052/3516/3046
f 3008/3496/3002 3007/3490/3001 3038/3513/3032 3039/3517/3033
f 3035/3498/3029 3034/3492/3028 3065/3515/3059 3066/3518/3060
f 3022/3500/3016 3021/3494/3015 3052/3516/3046 3053/3519/3047
f 3009/3502/3003 3008/3496/3002 3039/3517/3033 3040/3520/3034
f 3501/3503/3495 3035/3498/3029 3066/3518/3060
f 3023/3505/3017 3022/3500/3016 3053/3519/3047 3054/3521/3048
f 3010/3507/3004 3009/3502/3003 3040/3520/3034 3041/3522/3035
f 3024/3509/3018 3023/3505/3017 3054/3521/3048 3055/3523/3049
f 3011/3444/3005 3010/3507/3004 3041/3522/3035 3042/3524/3036
f 3025/3448/3019 3024/3509/3018 3055/3523/3049 3056/3525/3050
f 3012/3445/3006 3011/3444/3005 3042/3524/3036 3043/3526/3037
f 3026/3449/3020 3025/3448/3019 3056/3525/3050 3057/3527/3051
f 3013/3453/3007 3012/3452/3006 3043/3528/3037 3044/3529/3038
f 3027/3455/3021 3026/3449/3020 3057/3527/3051 3058/3530/3052
f 3014/3457/3008 3013/3453/3007 3044/3529/3038 3045/3531/3039
f 3028/3532/3022 3027/3455/3021 3058/3530/3052 3059/3533/3053
f 3015/3463/3009 3014/3457/3008 3045/3531/3039 3046/3534/3040
f 3029/3465/3023 3028/3461/3022 3059/3535/3053 3060/3536/3054
f 3016/3467/3010 3015/3463/3009 3046/3534/3040 3047/3537/3041
f 3030/3469/3024 3029/3465/3023 3060/3536/3054 3061/3538/3055
f 3017/3471/3011 3016/3467/3010 3047/3537/3041 3048/3539/3042
f 3031/3473/3025 3030/3469/3024 3061/3538/3055 3062/3540/3056
f 3018/3475/3012 3017/3471/3011 3048/3539/3042 3049/3541/3043
f 3005/3478/2999 3502/3477/3496 3036/3542/3030
f 3032/3480/3026 3031/3473/3025 3062/3540/3056 3063/3543/3057
f 3019/3482/3013 3018/3475/3012 3049/3541/3043 3050/3510/3044
f 3006/3484/3000 3005/3478/2999 3036/3542/3030 3037/3512/3031
f 3033/3486/3027 3032/3480/3026 3063/3543/3057 3064/3514/3058
f 3053/3519/3047 3052/3516/3046 3083/3544/3077 3084/3545/3078
f 3040/3520/3034 3039/3517/3033 3070/3546/3064 3071/3547/3065
f 3501/3503/3495 3066/3518/3060 3097/3548/3091
f 3054/3521/3048 3053/3519/3047 3084/3545/3078 3085/3549/3079
f 3041/3522/3035 3040/3520/3034 3071/3547/3065 3072/3550/3066
f 3055/3523/3049 3054/3521/3048 3085/3549/3079 3086/3551/3080
f 3042/3524/3036 3041/3522/3035 3072/3550/3066 3073/3552/3067
f 3056/3525/3050 3055/3523/3049 3086/3551/3080 3087/3553/3081
f 3043/3526/3037 3042/3524/3036 3073/3552/3067 3074/3554/3068
f 3057/3527/3051 3056/3525/3050 3087/3553/3081 3088/3555/3082
f 3044/3529/3038 3043/3528/3037 3074/3556/3068 3075/3557/3069
f 3058/3530/3052 3057/3527/3051 3088/3555/3082 3089/3558/3083
f 3045/3531/3039 3044/3529/3038 3075/3557/3069 3076/3559/3070
f 3059/3533/3053 3058/3530/3052 3089/3558/3083 3090/3560/3084
f 3046/3534/3040 3045/3531/3039 3076/3559/3070 3077/3561/3071
f 3060/3536/3054 3059/3535/3053 3090/3562/3084 3091/3563/3085
f 3047/3537/3041 3046/3534/3040 3077/3561/3071 3078/3564/3072
f 3061/3538/3055 3060/3536/3054 3091/3563/3085 3092/3565/3086
f 3048/3539/3042 3047/3537/3041 3078/3564/3072 3079/3566/3073
f 3062/3540/3056 3061/3538/3055 3092/3565/3086 3093/3567/3087
f 3049/3541/3043 3048/3539/3042 3079/3566/3073 3080/3568/3074
f 3036/3542/3030 3502/3477/3496 3067/3569/3061
f 3063/3543/3057 3062/3540/3056 3093/3567/3087 3094/3570/3088
f 3050/3510/3044 3049/3541/3043 3080/3568/3074 3081/3571/3075
f 3037/3512/3031 3036/3542/3030 3067/3569/3061 3068/3572/3062
f 3064/3514/3058 3063/3543/3057 3094/3570/3088 3095/3573/3089
f 3051/3511/3045 3050/3510/3044 3081/3571/3075 3082/3574/3076
f 3038/3513/3032 3037/3512/3031 3068/3572/3062 3069/3575/3063
f 3065/3515/3059 3064/3514/3058 3095/3573/3089 3096/3576/3090
f 3052/3516/3046 3051/3511/3045 3082/3574/3076 3083/3544/3077
f 3039/3517/3033 3038/3513/3032 3069/3575/3063 3070/3546/3064
f 3066/3518/3060 3065/3515/3059 3096/3576/3090 3097/3548/3091
f 3086/3551/3080 3085/3549/3079 3116/3577/3110 3117/3578/3111
f 3073/3552/3067 3072/3550/3066 3103/3579/3097 3104/3580/3098
f 3087/3553/3081 3086/3551/3080 3117/3578/3111 3118/3581/3112
f 3074/3554/3068 3073/3552/3067 3104/3580/3098 3105/3582/3099
f 3088/3555/3082 3087/3553/3081 3118/3581/3112 3119/3583/3113
f 3075/3557/3069 3074/3556/3068 3105/3584/3099 3106/3585/3100
f 3089/3558/3083 3088/3555/3082 3119/3583/3113 3120/3586/3114
f 3076/3559/3070 3075/3557/3069 3106/3585/3100 3107/3587/3101
f 3090/3560/3084 3089/3558/3083 3120/3586/3114 3121/3588/3115
f 3077/3561/3071 3076/3559/3070 3107/3587/3101 3108/3589/3102
f 3091/3563/3085 3090/3562/3084 3121/3590/3115 3122/3591/3116
f 3078/3564/3072 3077/3561/3071 3108/3589/3102 3109/3592/3103
f 3092/3565/3086 3091/3563/3085 3122/3591/3116 3123/3593/3117
f 3079/3566/3073 3078/3564/3072 3109/3592/3103 3110/3594/3104
f 3093/3567/3087 3092/3565/3086 3123/3593/3117 3124/3595/3118
f 3080/3568/3074 3079/3566/3073 3110/3594/3104 3111/3596/3105
f 3067/3569/3061 3502/3477/3496 3098/3597/3092
f 3094/3570/3088 3093/3567/3087 3124/3595/3118 3125/3598/3119
f 3081/3571/3075 3080/3568/3074 3111/3596/3105 3112/3599/3106
f 3068/3572/3062 3067/3569/3061 3098/3597/3092 3099/3600/3093
f 3095/3573/3089 3094/3570/3088 3125/3598/3119 3126/3601/3120
f 3082/3574/3076 3081/3571/3075 3112/3599/3106 3113/3602/3107
f 3069/3575/3063 3068/3572/3062 3099/3600/3093 3100/3603/3094
f 3096/3576/3090 3095/3573/3089 3126/3601/3120 3127/3604/3121
f 3083/3544/3077 3082/3574/3076 3113/3602/3107 3114/3605/3108
f 3070/3546/3064 3069/3575/3063 3100/3603/3094 3101/3606/3095
f 3097/3548/3091 3096/3576/3090 3127/3604/3121 3128/3607/3122
f 3084/3545/3078 3083/3544/3077 3114/3605/3108 3115/3608/3109
f 3071/3547/3065 3070/3546/3064 3101/3606/3095 3102/3609/3096
f 3501/3503/3495 3097/3548/3091 3128/3607/3122
f 3085/3549/3079 3084/3545/3078 3115/3608/3109 3116/3577/3110
f 3072/3550/3066 3071/3547/3065 3102/3609/3096 3103/3579/3097
f 3119/3583/3113 3118/3581/3112 3149/3610/3143 3150/3611/3144
f 3106/3585/3100 3105/3584/3099 3136/3612/3130 3137/3613/3131
f 3120/3586/3114 3119/3583/3113 3150/3611/3144 3151/3614/3145
f 3107/3587/3101 3106/3585/3100 3137/3613/3131 3138/3615/3132
f 3121/3590/3115 3120/3616/3114 3151/3617/3145 3152/3618/3146
f 3108/3589/3102 3107/3587/3101 3138/3615/3132 3139/3619/3133
f 3122/3591/3116 3121/3590/3115 3152/3618/3146 3153/3620/3147
f 3109/3592/3103 3108/3589/3102 3139/3619/3133 3140/3621/3134
f 3123/3593/3117 3122/3591/3116 3153/3620/3147 3154/3622/3148
f 3110/3594/3104 3109/3592/3103 3140/3621/3134 3141/3623/3135
f 3124/3595/3118 3123/3593/3117 3154/3622/3148 3155/3624/3149
f 3111/3596/3105 3110/3594/3104 3141/3623/3135 3142/3625/3136
f 3098/3597/3092 3502/3477/3496 3129/3626/3123
f 3125/3598/3119 3124/3595/3118 3155/3624/3149 3156/3627/3150
f 3112/3599/3106 3111/3596/3105 3142/3625/3136 3143/3628/3137
f 3099/3600/3093 3098/3597/3092 3129/3626/3123 3130/3629/3124
f 3126/3601/3120 3125/3598/3119 3156/3627/3150 3157/3630/3151
f 3113/3602/3107 3112/3599/3106 3143/3628/3137 3144/3631/3138
f 3100/3603/3094 3099/3600/3093 3130/3629/3124 3131/3632/3125
f 3127/3604/3121 3126/3601/3120 3157/3630/3151 3158/3633/3152
f 3114/3605/3108 3113/3602/3107 3144/3631/3138 3145/3634/3139
f 3101/3606/3095 3100/3603/3094 3131/3632/3125 3132/3635/3126
f 3128/3607/3122 3127/3604/3121 3158/3633/3152 3159/3636/3153
f 3115/3608/3109 3114/3605/3108 3145/3634/3139 3146/3637/3140
f 3102/3609/3096 3101/3606/3095 3132/3635/3126 3133/3638/3127
f 3501/3503/3495 3128/3607/3122 3159/3636/3153
f 3116/3577/3110 3115/3608/3109 3146/3637/3140 3147/3639/3141
f 3103/3579/3097 3102/3609/3096 3133/3638/3127 3134/3640/3128
f 3117/3578/3111 3116/3577/3110 3147/3639/3141 3148/3641/3142
f 3104/3580/3098 3103/3579/3097 3134/3640/3128 3135/3642/3129
f 3118/3581/3112 3117/3578/3111 3148/3641/3142 3149/3610/3143
f 3105/3582/3099 3104/3580/3098 3135/3642/3129 3136/3643/3130
f 3152/3618/3146 3151/3617/3145 3182/3644/3176 3183/3645/3177
f 3139/3619/3133 3138/3615/3132 3169/3646/3163 3170/3647/3164
f 3153/3620/3147 3152/3618/3146 3183/3645/3177 3184/3648/3178
f 3140/3621/3134 3139/3619/3133 3170/3647/3164 3171/3649/3165
f 3154/3622/3148 3153/3620/3147 3184/3648/3178 3185/3650/3179
f 3141/3623/3135 3140/3621/3134 3171/3649/3165 3172/3651/3166
f 3155/3624/3149 3154/3622/3148 3185/3650/3179 3186/3652/3180
f 3142/3625/3136 3141/3623/3135 3172/3651/3166 3173/3653/3167
f 3129/3626/3123 3502/3477/3496 3160/3654/3154
f 3156/3627/3150 3155/3624/3149 3186/3652/3180 3187/3655/3181
f 3143/3628/3137 3142/3625/3136 3173/3653/3167 3174/3656/3168
f 3130/3629/3124 3129/3626/3123 3160/3654/3154 3161/3657/3155
f 3157/3630/3151 3156/3627/3150 3187/3655/3181 3188/3658/3182
f 3144/3631/3138 3143/3628/3137 3174/3656/3168 3175/3659/3169
f 3131/3632/3125 3130/3629/3124 3161/3657/3155 3162/3660/3156
f 3158/3633/3152 3157/3630/3151 3188/3658/3182 3189/3661/3183
f 3145/3634/3139 3144/3631/3138 3175/3659/3169 3176/3662/3170
f 3132/3635/3126 3131/3632/3125 3162/3660/3156 3163/3663/3157
f 3159/3636/3153 3158/3633/3152 3189/3661/3183 3190/3664/3184
f 3146/3637/3140 3145/3634/3139 3176/3662/3170 3177/3665/3171
f 3133/3638/3127 3132/3635/3126 3163/3663/3157 3164/3666/3158
f 3501/3503/3495 3159/3636/3153 3190/3664/3184
f 3147/3639/3141 3146/3637/3140 3177/3665/3171 3178/3667/3172
f 3134/3640/3128 3133/3638/3127 3164/3666/3158 3165/3668/3159
f 3148/3641/3142 3147/3639/3141 3178/3667/3172 3179/3669/3173
f 3135/3642/3129 3134/3640/3128 3165/3668/3159 3166/3670/3160
f 3149/3610/3143 3148/3641/3142 3179/3669/3173 3180/3671/3174
f 3136/3643/3130 3135/3642/3129 3166/3670/3160 3167/3672/3161
f 3150/3611/3144 3149/3610/3143 3180/3671/3174 3181/3673/3175
f 3137/3674/3131 3136/3643/3130 3167/3672/3161 3168/3675/3162
f 3151/3614/3145 3150/3611/3144 3181/3673/3175 3182/3676/3176
f 3138/3615/3132 3137/3613/3131 3168/3677/3162 3169/3646/3163
f 3185/3650/3179 3184/3648/3178 3215/3678/3209 3216/3679/3210
f 3172/3651/3166 3171/3649/3165 3202/3680/3196 3203/3681/3197
f 3186/3652/3180 3185/3650/3179 3216/3679/3210 3217/3682/3211
f 3173/3653/3167 3172/3651/3166 3203/3681/3197 3204/3683/3198
f 3160/3654/3154 3502/3477/3496 3191/3684/3185
f 3187/3655/3181 3186/3652/3180 3217/3682/3211 3218/3685/3212
f 3174/3656/3168 3173/3653/3167 3204/3683/3198 3205/3686/3199
f 3161/3657/3155 3160/3654/3154 3191/3684/3185 3192/3687/3186
f 3188/3658/3182 3187/3655/3181 3218/3685/3212 3219/3688/3213
f 3175/3659/3169 3174/3656/3168 3205/3686/3199 3206/3689/3200
f 3162/3660/3156 3161/3657/3155 3192/3687/3186 3193/3690/3187
f 3189/3661/3183 3188/3658/3182 3219/3688/3213 3220/3691/3214
f 3176/3692/3170 3175/3693/3169 3206/3694/3200 3207/3695/3201
f 3163/3663/3157 3162/3660/3156 3193/3690/3187 3194/3696/3188
f 3190/3664/3184 3189/3661/3183 3220/3691/3214 3221/3697/3215
f 3177/3698/3171 3176/3692/3170 3207/3695/3201 3208/3699/3202
f 3164/3666/3158 3163/3663/3157 3194/3696/3188 3195/3700/3189
f 3501/3503/3495 3190/3664/3184 3221/3697/3215
f 3178/3701/3172 3177/3698/3171 3208/3699/3202 3209/3702/3203
f 3165/3668/3159 3164/3666/3158 3195/3700/3189 3196/3703/3190
f 3179/3704/3173 3178/3701/3172 3209/3702/3203 3210/3705/3204
f 3166/3670/3160 3165/3668/3159 3196/3703/3190 3197/3706/3191
f 3180/3707/3174 3179/3704/3173 3210/3705/3204 3211/3708/3205
f 3167/3672/3161 3166/3670/3160 3197/3706/3191 3198/3709/3192
f 3181/3710/3175 3180/3707/3174 3211/3708/3205 3212/3711/3206
f 3168/3675/3162 3167/3672/3161 3198/3709/3192 3199/3712/3193
f 3182/3644/3176 3181/3713/3175 3212/3714/3206 3213/3715/3207
f 3169/3646/3163 3168/3677/3162 3199/3716/3193 3200/3717/3194
f 3183/3645/3177 3182/3644/3176 3213/3715/3207 3214/3718/3208
f 3170/3647/3164 3169/3646/3163 3200/3717/3194 3201/3719/3195
f 3184/3648/3178 3183/3645/3177 3214/3718/3208 3215/3678/3209
f 3171/3649/3165 3170/3647/3164 3201/3719/3195 3202/3680/3196
f 3218/3685/3212 3217/3682/3211 3248/3720/3242 3249/3721/3243
f 3205/3722/3199 3204/3723/3198 3235/3724/3229 3236/3725/3230
f 3192/3687/3186 3191/3684/3185 3222/3726/3216 3223/3727/3217
f 3219/3688/3213 3218/3685/3212 3249/3721/3243 3250/3728/3244
f 3206/3694/3200 3205/3722/3199 3236/3725/3230 3237/3729/3231
f 3193/3690/3187 3192/3687/3186 3223/3727/3217 3224/3730/3218
f 3220/3691/3214 3219/3688/3213 3250/3728/3244 3251/3731/3245
f 3207/3695/3201 3206/3694/3200 3237/3729/3231 3238/3732/3232
f 3194/3696/3188 3193/3690/3187 3224/3730/3218 3225/3733/3219
f 3221/3697/3215 3220/3691/3214 3251/3731/3245 3252/3734/3246
f 3208/3699/3202 3207/3695/3201 3238/3732/3232 3239/3735/3233
f 3195/3700/3189 3194/3696/3188 3225/3733/3219 3226/3736/3220
f 3501/3503/3495 3221/3697/3215 3252/3734/3246
f 3209/3702/3203 3208/3699/3202 3239/3735/3233 3240/3737/3234
f 3196/3703/3190 3195/3700/3189 3226/3736/3220 3227/3738/3221
f 3210/3705/3204 3209/3702/3203 3240/3737/3234 3241/3739/3235
f 3197/3706/3191 3196/3703/3190 3227/3738/3221 3228/3740/3222
f 3211/3708/3205 3210/3705/3204 3241/3739/3235 3242/3741/3236
f 3198/3709/3192 3197/3706/3191 3228/3740/3222 3229/3742/3223
f 3212/3711/3206 3211/3708/3205 3242/3741/3236 3243/3743/3237
f 3199/3712/3193 3198/3709/3192 3229/3742/3223 3230/3744/3224
f 3213/3745/3207 3212/3711/3206 3243/3743/3237 3244/3746/3238
f 3200/3747/3194 3199/3748/3193 3230/3749/3224 3231/3750/3225
f 3214/3718/3208 3213/3715/3207 3244/3751/3238 3245/3752/3239
f 3201/3753/3195 3200/3747/3194 3231/3750/3225 3232/3754/3226
f 3215/3678/3209 3214/3718/3208 3245/3752/3239 3246/3755/3240
f 3202/3756/3196 3201/3753/3195 3232/3754/3226 3233/3757/3227
f 3216/3679/3210 3215/3678/3209 3246/3755/3240 3247/3758/3241
f 3203/3759/3197 3202/3756/3196 3233/3757/3227 3234/3760/3228
f 3217/3682/3211 3216/3679/3210 3247/3758/3241 3248/3720/3242
f 3204/3723/3198 3203/3759/3197 3234/3760/3228 3235/3724/3229
f 3191/3684/3185 3502/3477/3496 3222/3726/3216
f 3251/3731/3245 3250/3728/3244 3281/3761/3275 3282/3762/3276
f 3238/3732/3232 3237/3729/3231 3268/3763/3262 3269/3764/3263
f 3225/3733/3219 3224/3730/3218 3255/3765/3249 3256/3766/3250
f 3252/3734/3246 3251/3731/3245 3282/3762/3276 3283/3767/3277
f 3239/3735/3233 3238/3732/3232 3269/3764/3263 3270/3768/3264
f 3226/3736/3220 3225/3733/3219 3256/3766/3250 3257/3769/3251
f 3501/3503/3495 3252/3734/3246 3283/3767/3277
f 3240/3737/3234 3239/3735/3233 3270/3768/3264 3271/3770/3265
f 3227/3738/3221 3226/3736/3220 3257/3769/3251 3258/3771/3252
f 3241/3739/3235 3240/3737/3234 3271/3770/3265 3272/3772/3266
f 3228/3740/3222 3227/3738/3221 3258/3771/3252 3259/3773/3253
f 3242/3741/3236 3241/3739/3235 3272/3772/3266 3273/3774/3267
f 3229/3742/3223 3228/3740/3222 3259/3773/3253 3260/3775/3254
f 3243/3743/3237 3242/3741/3236 3273/3774/3267 3274/3776/3268
f 3230/3744/3224 3229/3742/3223 3260/3775/3254 3261/3777/3255
f 3244/3746/3238 3243/3743/3237 3274/3776/3268 3275/3778/3269
f 3231/3750/3225 3230/3749/3224 3261/3779/3255 3262/3780/3256
f 3245/3781/3239 3244/3746/3238 3275/3778/3269 3276/3782/3270
f 3232/3754/3226 3231/3750/3225 3262/3780/3256 3263/3783/3257
f 3246/3755/3240 3245/3752/3239 3276/3784/3270 3277/3785/3271
f 3233/3757/3227 3232/3754/3226 3263/3783/3257 3264/3786/3258
f 3247/3758/3241 3246/3755/3240 3277/3785/3271 3278/3787/3272
f 3234/3760/3228 3233/3757/3227 3264/3786/3258 3265/3788/3259
f 3248/3720/3242 3247/3758/3241 3278/3787/3272 3279/3789/3273
f 3235/3724/3229 3234/3760/3228 3265/3788/3259 3266/3790/3260
f 3222/3726/3216 3502/3477/3496 3253/3791/3247
f 3249/3721/3243 3248/3720/3242 3279/3789/3273 3280/3792/3274
f 3236/3725/3230 3235/3724/3229 3266/3790/3260 3267/3793/3261
f 3223/3727/3217 3222/3726/3216 3253/3791/3247 3254/3794/3248
f 3250/3728/3244 3249/3721/3243 3280/3792/3274 3281/3761/3275
f 3237/3729/3231 3236/3725/3230 3267/3793/3261 3268/3763/3262
f 3224/3730/3218 3223/3727/3217 3254/3794/3248 3255/3765/3249
f 3501/3503/3495 3283/3767/3277 3314/3795/3308
f 3271/3770/3265 3270/3768/3264 3301/3796/3295 3302/3797/3296
f 3258/3771/3252 3257/3769/3251 3288/3798/3282 3289/3799/3283
f 3272/3772/3266 3271/3770/3265 3302/3797/3296 3303/3800/3297
f 3259/3773/3253 3258/3771/3252 3289/3799/3283 3290/3801/3284
f 3273/3774/3267 3272/3772/3266 3303/3800/3297 3304/3802/3298
f 3260/3775/3254 3259/3773/3253 3290/3801/3284 3291/3803/3285
f 3274/3776/3268 3273/3774/3267 3304/3802/3298 3305/3804/3299
f 3261/3779/3255 3260/3805/3254 3291/3806/3285 3292/3807/3286
f 3275/3778/3269 3274/3776/3268 3305/3804/3299 3306/3808/3300
f 3262/3780/3256 3261/3779/3255 3292/3807/3286 3293/3809/3287
f 3276/3782/3270 3275/3778/3269 3306/3808/3300 3307/3810/3301
f 3263/3783/3257 3262/3780/3256 3293/3809/3287 3294/3811/3288
f 3277/3785/3271 3276/3784/3270 3307/3812/3301 3308/3813/3302
f 3264/3786/3258 3263/3783/3257 3294/3811/3288 3295/3814/3289
f 3278/3787/3272 3277/3785/3271 3308/3813/3302 3309/3815/3303
f 3265/3788/3259 3264/3786/3258 3295/3814/3289 3296/3816/3290
f 3279/3789/3273 3278/3787/3272 3309/3815/3303 3310/3817/3304
f 3266/3790/3260 3265/3788/3259 3296/3816/3290 3297/3818/3291
f 3253/3791/3247 3502/3477/3496 3284/3819/3278
f 3280/3792/3274 3279/3789/3273 3310/3817/3304 3311/3820/3305
f 3267/3793/3261 3266/3790/3260 3297/3818/3291 3298/3821/3292
f 3254/3794/3248 3253/3791/3247 3284/3819/3278 3285/3822/3279
f 3281/3761/3275 3280/3792/3274 3311/3820/3305 3312/3823/3306
f 3268/3763/3262 3267/3793/3261 3298/3821/3292 3299/3824/3293
f 3255/3765/3249 3254/3794/3248 3285/3822/3279 3286/3825/3280
f 3282/3762/3276 3281/3761/3275 3312/3823/3306 3313/3826/3307
f 3269/3764/3263 3268/3763/3262 3299/3824/3293 3300/3827/3294
f 3256/3766/3250 3255/3765/3249 3286/3825/3280 3287/3828/3281
f 3283/3767/3277 3282/3762/3276 3313/3826/3307 3314/3795/3308
f 3270/3768/3264 3269/3764/3263 3300/3827/3294 3301/3796/3295
f 3257/3769/3251 3256/3766/3250 3287/3828/3281 3288/3798/3282
f 3304/3802/3298 3303/3800/3297 3334/3829/3328 3335/3830/3329
f 3291/3803/3285 3290/3801/3284 3321/3831/3315 3322/3832/3316
f 3305/3804/3299 3304/3802/3298 3335/3830/3329 3336/3833/3330
f 3292/3807/3286 3291/3806/3285 3322/3834/3316 3323/3835/3317
f 3306/3808/3300 3305/3804/3299 3336/3833/3330 3337/3836/3331
f 3293/3809/3287 3292/3807/3286 3323/3835/3317 3324/3837/3318
f 3307/3810/3301 3306/3808/3300 3337/3836/3331 3338/3838/3332
f 3294/3811/3288 3293/3809/3287 3324/3837/3318 3325/3839/3319
f 3308/3813/3302 3307/3812/3301 3338/3840/3332 3339/3841/3333
f 3295/3814/3289 3294/3811/3288 3325/3839/3319 3326/3842/3320
f 3309/3815/3303 3308/3813/3302 3339/3841/3333 3340/3843/3334
f 3296/3816/3290 3295/3814/3289 3326/3842/3320 3327/3844/3321
f 3310/3817/3304 3309/3815/3303 3340/3843/3334 3341/3845/3335
f 3297/3818/3291 3296/3816/3290 3327/3844/3321 3328/3846/3322
f 3284/3819/3278 3502/3477/3496 3315/3847/3309
f 3311/3820/3305 3310/3817/3304 3341/3845/3335 3342/3848/3336
f 3298/3821/3292 3297/3818/3291 3328/3846/3322 3329/3849/3323
f 3285/3822/3279 3284/3819/3278 3315/3847/3309 3316/3850/3310
f 3312/3823/3306 3311/3820/3305 3342/3848/3336 3343/3851/3337
f 3299/3824/3293 3298/3821/3292 3329/3849/3323 3330/3852/3324
f 3286/3825/3280 3285/3822/3279 3316/3850/3310 3317/3853/3311
f 3313/3826/3307 3312/3823/3306 3343/3851/3337 3344/3854/3338
f 3300/3827/3294 3299/3824/3293 3330/3852/3324 3331/3855/3325
f 3287/3828/3281 3286/3825/3280 3317/3853/3311 3318/3856/3312
f 3314/3795/3308 3313/3826/3307 3344/3854/3338 3345/3857/3339
f 3301/3796/3295 3300/3827/3294 3331/3855/3325 3332/3858/3326
f 3288/3798/3282 3287/3828/3281 3318/3856/3312 3319/3859/3313
f 3501/3503/3495 3314/3795/3308 3345/3857/3339
f 3302/3797/3296 3301/3796/3295 3332/3858/3326 3333/3860/3327
f 3289/3799/3283 3288/3798/3282 3319/3859/3313 3320/3861/3314
f 3303/3800/3297 3302/3797/3296 3333/3860/3327 3334/3829/3328
f 3290/3801/3284 3289/3799/3283 3320/3861/3314 3321/3831/3315
f 3337/3836/3331 3336/3833/3330 3367/3862/3361 3368/3863/3362
f 3324/3837/3318 3323/3835/3317 3354/3864/3348 3355/3865/3349
f 3338/3838/3332 3337/3836/3331 3368/3863/3362 3369/3866/3363
f 3325/3839/3319 3324/3837/3318 3355/3865/3349 3356/3867/3350
f 3339/3841/3333 3338/3840/3332 3369/3868/3363 3370/3869/3364
f 3326/3842/3320 3325/3839/3319 3356/3867/3350 3357/3870/3351
f 3340/3843/3334 3339/3841/3333 3370/3869/3364 3371/3871/3365
f 3327/3844/3321 3326/3842/3320 3357/3870/3351 3358/3872/3352
f 3341/3845/3335 3340/3843/3334 3371/3871/3365 3372/3873/3366
f 3328/3846/3322 3327/3844/3321 3358/3872/3352 3359/3874/3353
f 3315/3847/3309 3502/3477/3496 3346/3875/3340
f 3342/3848/3336 3341/3845/3335 3372/3873/3366 3373/3876/3367
f 3329/3849/3323 3328/3846/3322 3359/3874/3353 3360/3877/3354
f 3316/3850/3310 3315/3847/3309 3346/3875/3340 3347/3878/3341
f 3343/3851/3337 3342/3848/3336 3373/3876/3367 3374/3879/3368
f 3330/3852/3324 3329/3849/3323 3360/3877/3354 3361/3880/3355
f 3317/3853/3311 3316/3850/3310 3347/3878/3341 3348/3881/3342
f 3344/3854/3338 3343/3851/3337 3374/3879/3368 3375/3882/3369
f 3331/3855/3325 3330/3852/3324 3361/3880/3355 3362/3883/3356
f 3318/3856/3312 3317/3853/3311 3348/3881/3342 3349/3884/3343
f 3345/3857/3339 3344/3854/3338 3375/3882/3369 3376/3885/3370
f 3332/3858/3326 3331/3855/3325 3362/3883/3356 3363/3886/3357
f 3319/3859/3313 3318/3856/3312 3349/3884/3343 3350/3887/3344
f 3501/3503/3495 3345/3857/3339 3376/3885/3370
f 3333/3860/3327 3332/3858/3326 3363/3886/3357 3364/3888/3358
f 3320/3861/3314 3319/3859/3313 3350/3887/3344 3351/3889/3345
f 3334/3829/3328 3333/3860/3327 3364/3888/3358 3365/3890/3359
f 3321/3831/3315 3320/3861/3314 3351/3889/3345 3352/3891/3346
f 3335/3830/3329 3334/3829/3328 3365/3890/3359 3366/3892/3360
f 3322/3832/3316 3321/3831/3315 3352/3891/3346 3353/3893/3347
f 3336/3833/3330 3335/3830/3329 3366/3892/3360 3367/3862/3361
f 3323/3835/3317 3322/3834/3316 3353/3894/3347 3354/3864/3348
f 3370/3869/3364 3369/3868/3363 3400/3895/3394 3401/3896/3395
f 3357/3870/3351 3356/3867/3350 3387/3897/3381 3388/3898/3382
f 3371/3871/3365 3370/3869/3364 3401/3896/3395 3402/3899/3396
f 3358/3872/3352 3357/3870/3351 3388/3898/3382 3389/3900/3383
f 3372/3873/3366 3371/3871/3365 3402/3899/3396 3403/3901/3397
f 3359/3874/3353 3358/3872/3352 3389/3900/3383 3390/3902/3384
f 3346/3875/3340 3502/3477/3496 3377/3903/3371
f 3373/3876/3367 3372/3873/3366 3403/3901/3397 3404/3904/3398
f 3360/3877/3354 3359/3874/3353 3390/3902/3384 3391/3905/3385
f 3347/3878/3341 3346/3875/3340 3377/3903/3371 3378/3906/3372
f 3374/3879/3368 3373/3876/3367 3404/3904/3398 3405/3907/3399
f 3361/3880/3355 3360/3877/3354 3391/3905/3385 3392/3908/3386
f 3348/3881/3342 3347/3878/3341 3378/3906/3372 3379/3909/3373
f 3375/3882/3369 3374/3879/3368 3405/3907/3399 3406/3910/3400
f 3362/3883/3356 3361/3880/3355 3392/3908/3386 3393/3911/3387
f 3349/3884/3343 3348/3881/3342 3379/3909/3373 3380/3912/3374
f 3376/3885/3370 3375/3882/3369 3406/3910/3400 3407/3913/3401
f 3363/3886/3357 3362/3883/3356 3393/3911/3387 3394/3914/3388
f 3350/3887/3344 3349/3884/3343 3380/3912/3374 3381/3915/3375
f 3501/3503/3495 3376/3885/3370 3407/3913/3401
f 3364/3888/3358 3363/3886/3357 3394/3914/3388 3395/3916/3389
f 3351/3889/3345 3350/3887/3344 3381/3915/3375 3382/3917/3376
f 3365/3890/3359 3364/3888/3358 3395/3916/3389 3396/3918/3390
f 3352/3891/3346 3351/3889/3345 3382/3917/3376 3383/3919/3377
f 3366/3892/3360 3365/3890/3359 3396/3918/3390 3397/3920/3391
f 3353/3893/3347 3352/3891/3346 3383/3919/3377 3384/3921/3378
f 3367/3862/3361 3366/3892/3360 3397/3920/3391 3398/3922/3392
f 3354/3923/3348 3353/3893/3347 3384/3921/3378 3385/3924/3379
f 3368/3863/3362 3367/3862/3361 3398/3922/3392 3399/3925/3393
f 3355/3865/3349 3354/3864/3348 3385/3926/3379 3386/3927/3380
f 3369/3866/3363 3368/3863/3362 3399/3925/3393 3400/3928/3394
f 3356/3867/3350 3355/3865/3349 3386/3927/3380 3387/3897/3381
f 3403/3901/3397 3402/3899/3396 3433/3929/3427 3434/3930/3428
f 3390/3902/3384 3389/3900/3383 3420/3931/3414 3421/3932/3415
f 3377/3903/3371 3502/3477/3496 3408/3933/3402
f 3404/3904/3398 3403/3901/3397 3434/3930/3428 3435/3934/3429
f 3391/3905/3385 3390/3902/3384 3421/3932/3415 3422/3935/3416
f 3378/3906/3372 3377/3903/3371 3408/3933/3402 3409/3936/3403
f 3405/3907/3399 3404/3904/3398 3435/3934/3429 3436/3937/3430
f 3392/3908/3386 3391/3905/3385 3422/3935/3416 3423/3938/3417
f 3379/3909/3373 3378/3906/3372 3409/3936/3403 3410/3939/3404
f 3406/3910/3400 3405/3907/3399 3436/3937/3430 3437/3940/3431
f 3393/3911/3387 3392/3908/3386 3423/3938/3417 3424/3941/3418
f 3380/3912/3374 3379/3909/3373 3410/3939/3404 3411/3942/3405
f 3407/3913/3401 3406/3910/3400 3437/3940/3431 3438/3943/3432
f 3394/3914/3388 3393/3911/3387 3424/3941/3418 3425/3944/3419
f 3381/3915/3375 3380/3912/3374 3411/3942/3405 3412/3945/3406
f 3501/3503/3495 3407/3913/3401 3438/3943/3432
f 3395/3916/3389 3394/3914/3388 3425/3944/3419 3426/3946/3420
f 3382/3917/3376 3381/3915/3375 3412/3945/3406 3413/3947/3407
f 3396/3918/3390 3395/3916/3389 3426/3946/3420 3427/3948/3421
f 3383/3919/3377 3382/3917/3376 3413/3947/3407 3414/3949/3408
f 3397/3920/3391 3396/3918/3390 3427/3948/3421 3428/3950/3422
f 3384/3921/3378 3383/3919/3377 3414/3949/3408 3415/3951/3409
f 3398/3922/3392 3397/3920/3391 3428/3950/3422 3429/3952/3423
f 3385/3924/3379 3384/3921/3378 3415/3951/3409 3416/3953/3410
f 3399/3925/3393 3398/3922/3392 3429/3952/3423 3430/3954/3424
f 3386/3927/3380 3385/3926/3379 3416/3955/3410 3417/3956/3411
f 3400/3895/3394 3399/3957/3393 3430/3958/3424 3431/3959/3425
f 3387/3897/3381 3386/3927/3380 3417/3956/3411 3418/3960/3412
f 3401/3896/3395 3400/3895/3394 3431/3959/3425 3432/3961/3426
f 3388/3898/3382 3387/3897/3381 3418/3960/3412 3419/3962/3413
f 3402/3899/3396 3401/3896/3395 3432/3961/3426 3433/3929/3427
f 3389/3900/3383 3388/3898/3382 3419/3962/3413 3420/3931/3414
f 3409/3936/3403 3408/3933/3402 3439/3963/3433 3440/3964/3434
f 3436/3937/3430 3435/3934/3429 3466/3965/3460 3467/3966/3461
f 3423/3967/3417 3422/3968/3416 3453/3969/3447 3454/3970/3448
f 3410/3939/3404 3409/3936/3403 3440/3964/3434 3441/3971/3435
f 3437/3940/3431 3436/3937/3430 3467/3966/3461 3468/3972/3462
f 3424/3973/3418 3423/3967/3417 3454/3970/3448 3455/3974/3449
f 3411/3942/3405 3410/3939/3404 3441/3971/3435 3442/3975/3436
f 3438/3943/3432 3437/3940/3431 3468/3972/3462 3469/3976/3463
f 3425/3977/3419 3424/3973/3418 3455/3974/3449 3456/3978/3450
f 3412/3945/3406 3411/3942/3405 3442/3975/3436 3443/3979/3437
f 3501/3503/3495 3438/3943/3432 3469/3976/3463
f 3426/3980/3420 3425/3977/3419 3456/3978/3450 3457/3981/3451
f 3413/3947/3407 3412/3945/3406 3443/3979/3437 3444/3982/3438
f 3427/3948/3421 3426/3946/3420 3457/3983/3451 3458/3984/3452
f 3414/3949/3408 3413/3947/3407 3444/3982/3438 3445/3985/3439
f 3428/3950/3422 3427/3948/3421 3458/3984/3452 3459/3986/3453
f 3415/3951/3409 3414/3949/3408 3445/3985/3439 3446/3987/3440
f 3429/3952/3423 3428/3950/3422 3459/3986/3453 3460/3988/3454
f 3416/3953/3410 3415/3951/3409 3446/3987/3440 3447/3989/3441
f 3430/3990/3424 3429/3991/3423 3460/3992/3454 3461/3993/3455
f 3417/3994/3411 3416/3953/3410 3447/3989/3441 3448/3995/3442
f 3431/3959/3425 3430/3958/3424 3461/3996/3455 3462/3997/3456
f 3418/3960/3412 3417/3956/3411 3448/3998/3442 3449/3999/3443
f 3432/3961/3426 3431/3959/3425 3462/3997/3456 3463/4000/3457
f 3419/3962/3413 3418/3960/3412 3449/3999/3443 3450/4001/3444
f 3433/3929/3427 3432/3961/3426 3463/4000/3457 3464/4002/3458
f 3420/4003/3414 3419/4004/3413 3450/4005/3444 3451/4006/3445
f 3434/3930/3428 3433/3929/3427 3464/4002/3458 3465/4007/3459
f 3421/4008/3415 3420/4003/3414 3451/4006/3445 3452/4009/3446
f 3408/3933/3402 3502/3477/3496 3439/3963/3433
f 3435/3934/3429 3434/3930/3428 3465/4007/3459 3466/3965/3460
f 3422/3968/3416 3421/4008/3415 3452/4009/3446 3453/3969/3447
f 3442/3975/3436 3441/3971/3435 3472/4010/3466 3473/4011/3467
f 3469/3976/3463 3468/3972/3462 3499/4012/3493 3500/4013/3494
f 3456/3978/3450 3455/3974/3449 3486/4014/3480 3487/4015/3481
f 3443/3979/3437 3442/3975/3436 3473/4011/3467 3474/4016/3468
f 3501/3503/3495 3469/3976/3463 3500/4013/3494
f 3457/3981/3451 3456/3978/3450 3487/4015/3481 3488/4017/3482
f 3444/3982/3438 3443/3979/3437 3474/4016/3468 3475/4018/3469
f 3458/4019/3452 3457/3981/3451 3488/4017/3482 3489/4020/3483
f 3445/3985/3439 3444/3982/3438 3475/4018/3469 3476/4021/3470
f 3459/4022/3453 3458/4019/3452 3489/4020/3483 3490/4023/3484
f 3446/3987/3440 3445/3985/3439 3476/4021/3470 3477/4024/3471
f 3460/3992/3454 3459/4022/3453 3490/4023/3484 3491/4025/3485
f 3447/3989/3441 3446/3987/3440 3477/4024/3471 3478/4026/3472
f 3461/3993/3455 3460/3992/3454 3491/4025/3485 3492/4027/3486
f 3448/4028/3442 3447/4029/3441 3478/4030/3472 3479/4031/3473
f 3462/3997/3456 3461/3996/3455 3492/4032/3486 3493/4033/3487
f 3449/4034/3443 3448/4028/3442 3479/4031/3473 3480/4035/3474
f 3463/4000/3457 3462/3997/3456 3493/4033/3487 3494/4036/3488
f 3450/4005/3444 3449/4034/3443 3480/4035/3474 3481/4037/3475
f 3464/4002/3458 3463/4000/3457 3494/4036/3488 3495/4038/3489
f 3451/4006/3445 3450/4005/3444 3481/4037/3475 3482/4039/3476
f 3465/4007/3459 3464/4002/3458 3495/4038/3489 3496/4040/3490
f 3452/4009/3446 3451/4006/3445 3482/4039/3476 3483/4041/3477
f 3439/3963/3433 3502/3477/3496 3470/4042/3464
f 3466/3965/3460 3465/4007/3459 3496/4040/3490 3497/4043/3491
f 3453/3969/3447 3452/4009/3446 3483/4041/3477 3484/4044/3478
f 3440/3964/3434 3439/3963/3433 3470/4042/3464 3471/4045/3465
f 3467/3966/3461 3466/3965/3460 3497/4043/3491 3498/4046/3492
f 3454/3970/3448 3453/3969/3447 3484/4044/3478 3485/4047/3479
f 3441/3971/3435 3440/3964/3434 3471/4045/3465 3472/4010/3466
f 3468/3972/3462 3467/3966/3461 3498/4046/3492 3499/4012/3493
f 3455/3974/3449 3454/3970/3448 3485/4047/3479 3486/4014/3480
f 3475/4018/3469 3474/4016/3468 3507/4048/3501 3508/4049/3502
f 3489/4020/3483 3488/4017/3482 3521/4050/3515 3522/4051/3516
f 3476/4021/3470 3475/4018/3469 3508/4049/3502 3509/4052/3503
f 3490/4023/3484 3489/4020/3483 3522/4051/3516 3523/4053/3517
f 3477/4024/3471 3476/4021/3470 3509/4052/3503 3510/4054/3504
f 3491/4025/3485 3490/4023/3484 3523/4053/3517 3524/4055/3518
f 3478/4026/3472 3477/4024/3471 3510/4054/3504 3511/4056/3505
f 3492/4027/3486 3491/4025/3485 3524/4055/3518 3525/4057/3519
f 3479/4031/3473 3478/4030/3472 3511/4058/3505 3512/4059/3506
f 3493/4060/3487 3492/4027/3486 3525/4057/3519 3526/4061/3520
f 3480/4035/3474 3479/4031/3473 3512/4059/3506 3513/4062/3507
f 3494/4036/3488 3493/4033/3487 3526/4063/3520 3527/4064/3521
f 3481/4037/3475 3480/4035/3474 3513/4062/3507 3514/4065/3508
f 3495/4038/3489 3494/4036/3488 3527/4064/3521 3528/4066/3522
f 3482/4039/3476 3481/4037/3475 3514/4065/3508 3515/4067/3509
f 3496/4040/3490 3495/4038/3489 3528/4066/3522 3529/4068/3523
f 3483/4041/3477 3482/4039/3476 3515/4067/3509 3516/4069/3510
f 3470/4042/3464 3502/3477/3496 3503/4070/3497
f 3497/4043/3491 3496/4040/3490 3529/4068/3523 3530/4071/3524
f 3484/4044/3478 3483/4041/3477 3516/4069/3510 3517/4072/3511
f 3471/4045/3465 3470/4042/3464 3503/4070/3497 3504/4073/3498
f 3498/4046/3492 3497/4043/3491 3530/4071/3524 3531/4074/3525
f 3485/4047/3479 3484/4044/3478 3517/4072/3511 3518/4075/3512
f 3472/4010/3466 3471/4045/3465 3504/4073/3498 3505/4076/3499
f 3499/4012/3493 3498/4046/3492 3531/4074/3525 3532/4077/3526
f 3486/4014/3480 3485/4047/3479 3518/4075/3512 3519/4078/3513
f 3473/4011/3467 3472/4010/3466 3505/4076/3499 3506/4079/3500
f 3500/4013/3494 3499/4012/3493 3532/4077/3526 3533/4080/3527
f 3487/4015/3481 3486/4014/3480 3519/4078/3513 3520/4081/3514
f 3474/4016/3468 3473/4011/3467 3506/4079/3500 3507/4048/3501
f 3501/3503/3495 3500/4013/3494 3533/4080/3527
f 3488/4017/3482 3487/4015/3481 3520/4081/3514 3521/4050/3515
f 3510/4054/3504 3509/4052/3503 3540/4082/3534 3541/4083/3535
f 3524/4055/3518 3523/4053/3517 3554/4084/3548 3555/4085/3549
f 3511/4058/3505 3510/4086/3504 3541/4087/3535 3542/4088/3536
f 3525/4057/3519 3524/4055/3518 3555/4085/3549 3556/4089/3550
f 3512/4059/3506 3511/4058/3505 3542/4088/3536 3543/4090/3537
f 3526/4061/3520 3525/4057/3519 3556/4089/3550 3557/4091/3551
f 3513/4062/3507 3512/4059/3506 3543/4090/3537 3544/4092/3538
f 3527/4064/3521 3526/4063/3520 3557/4093/3551 3558/4094/3552
f 3514/4065/3508 3513/4062/3507 3544/4092/3538 3545/4095/3539
f 3528/4066/3522 3527/4064/3521 3558/4094/3552 3559/4096/3553
f 3515/4067/3509 3514/4065/3508 3545/4095/3539 3546/4097/3540
f 3529/4068/3523 3528/4066/3522 3559/4096/3553 3560/4098/3554
f 3516/4069/3510 3515/4067/3509 3546/4097/3540 3547/4099/3541
f 3503/4070/3497 3502/3477/3496 3534/4100/3528
f 3530/4071/3524 3529/4068/3523 3560/4098/3554 3561/4101/3555
f 3517/4072/3511 3516/4069/3510 3547/4099/3541 3548/4102/3542
f 3504/4073/3498 3503/4070/3497 3534/4100/3528 3535/4103/3529
f 3531/4074/3525 3530/4071/3524 3561/4101/3555 3562/4104/3556
f 3518/4075/3512 3517/4072/3511 3548/4102/3542 3549/4105/3543
f 3505/4076/3499 3504/4073/3498 3535/4103/3529 3536/4106/3530
f 3532/4077/3526 3531/4074/3525 3562/4104/3556 3563/4107/3557
f 3519/4078/3513 3518/4075/3512 3549/4105/3543 3550/4108/3544
f 3506/4079/3500 3505/4076/3499 3536/4106/3530 3537/4109/3531
f 3533/4080/3527 3532/4077/3526 3563/4107/3557 3564/4110/3558
f 3520/4081/3514 3519/4078/3513 3550/4108/3544 3551/4111/3545
f 3507/4048/3501 3506/4079/3500 3537/4109/3531 3538/4112/3532
f 3501/3503/3495 3533/4080/3527 3564/4110/3558
f 3521/4050/3515 3520/4081/3514 3551/4111/3545 3552/4113/3546
f 3508/4049/3502 3507/4048/3501 3538/4112/3532 3539/4114/3533
f 3522/4051/3516 3521/4050/3515 3552/4113/3546 3553/4115/3547
f 3509/4052/3503 3508/4049/3502 3539/4114/3533 3540/4082/3534
f 3523/4053/3517 3522/4051/3516 3553/4115/3547 3554/4084/3548
f 3543/4090/3537 3542/4088/3536 3573/4116/3567 3574/4117/3568
f 3557/4091/3551 3556/4089/3550 3587/4118/3581 3588/4119/3582
f 3544/4092/3538 3543/4090/3537 3574/4117/3568 3575/4120/3569
f 3558/4094/3552 3557/4093/3551 3588/4121/3582 3589/4122/3583
f 3545/4095/3539 3544/4092/3538 3575/4120/3569 3576/4123/3570
f 3559/4096/3553 3558/4094/3552 3589/4122/3583 3590/4124/3584
f 3546/4097/3540 3545/4095/3539 3576/4123/3570 3577/4125/3571
f 3560/4098/3554 3559/4096/3553 3590/4124/3584 3591/4126/3585
f 3547/4099/3541 3546/4097/3540 3577/4125/3571 3578/4127/3572
f 3534/4100/3528 3502/3477/3496 3565/4128/3559
f 3561/4101/3555 3560/4098/3554 3591/4126/3585 3592/4129/3586
f 3548/4102/3542 3547/4099/3541 3578/4127/3572 3579/4130/3573
f 3535/4103/3529 3534/4100/3528 3565/4128/3559 3566/4131/3560
f 3562/4104/3556 3561/4101/3555 3592/4129/3586 3593/4132/3587
f 3549/4105/3543 3548/4102/3542 3579/4130/3573 3580/4133/3574
f 3536/4106/3530 3535/4103/3529 3566/4131/3560 3567/4134/3561
f 3563/4107/3557 3562/4104/3556 3593/4132/3587 3594/4135/3588
f 3550/4108/3544 3549/4105/3543 3580/4133/3574 3581/4136/3575
f 3537/4109/3531 3536/4106/3530 3567/4134/3561 3568/4137/3562
f 3564/4110/3558 3563/4107/3557 3594/4135/3588 3595/4138/3589
f 3551/4111/3545 3550/4108/3544 3581/4136/3575 3582/4139/3576
f 3538/4112/3532 3537/4109/3531 3568/4137/3562 3569/4140/3563
f 3501/3503/3495 3564/4110/3558 3595/4138/3589
f 3552/4113/3546 3551/4111/3545 3582/4139/3576 3583/4141/3577
f 3539/4114/3533 3538/4112/3532 3569/4140/3563 3570/4142/3564
f 3553/4115/3547 3552/4113/3546 3583/4141/3577 3584/4143/3578
f 3540/4082/3534 3539/4114/3533 3570/4142/3564 3571/4144/3565
f 3554/4084/3548 3553/4115/3547 3584/4143/3578 3585/4145/3579
f 3541/4083/3535 3540/4082/3534 3571/4144/3565 3572/4146/3566
f 3555/4085/3549 3554/4084/3548 3585/4145/3579 3586/4147/3580
f 3542/4088/3536 3541/4087/3535 3572/4148/3566 3573/4116/3567
f 3556/4089/3550 3555/4085/3549 3586/4147/3580 3587/4118/3581
f 3576/4123/3570 3575/4120/3569 3606/4149/3600 3607/4150/3601
f 3590/4124/3584 3589/4122/3583 3620/4151/3614 3621/4152/3615
f 3577/4125/3571 3576/4123/3570 3607/4150/3601 3608/4153/3602
f 3591/4126/3585 3590/4124/3584 3621/4152/3615 3622/4154/3616
f 3578/4127/3572 3577/4125/3571 3608/4153/3602 3609/4155/3603
f 3565/4128/3559 3502/3477/3496 3596/4156/3590
f 3592/4129/3586 3591/4126/3585 3622/4154/3616 3623/4157/3617
f 3579/4130/3573 3578/4127/3572 3609/4155/3603 3610/4158/3604
f 3566/4131/3560 3565/4128/3559 3596/4156/3590 3597/4159/3591
f 3593/4132/3587 3592/4129/3586 3623/4157/3617 3624/4160/3618
f 3580/4133/3574 3579/4130/3573 3610/4158/3604 3611/4161/3605
f 3567/4134/3561 3566/4131/3560 3597/4159/3591 3598/4162/3592
f 3594/4135/3588 3593/4132/3587 3624/4160/3618 3625/4163/3619
f 3581/4136/3575 3580/4133/3574 3611/4161/3605 3612/4164/3606
f 3568/4137/3562 3567/4134/3561 3598/4162/3592 3599/4165/3593
f 3595/4138/3589 3594/4135/3588 3625/4163/3619 3626/4166/3620
f 3582/4139/3576 3581/4136/3575 3612/4164/3606 3613/4167/3607
f 3569/4140/3563 3568/4137/3562 3599/4165/3593 3600/4168/3594
f 3501/3503/3495 3595/4138/3589 3626/4166/3620
f 3583/4141/3577 3582/4139/3576 3613/4167/3607 3614/4169/3608
f 3570/4142/3564 3569/4140/3563 3600/4168/3594 3601/4170/3595
f 3584/4143/3578 3583/4141/3577 3614/4169/3608 3615/4171/3609
f 3571/4144/3565 3570/4142/3564 3601/4170/3595 3602/4172/3596
f 3585/4145/3579 3584/4143/3578 3615/4171/3609 3616/4173/3610
f 3572/4146/3566 3571/4144/3565 3602/4172/3596 3603/4174/3597
f 3586/4147/3580 3585/4145/3579 3616/4173/3610 3617/4175/3611
f 3573/4116/3567 3572/4148/3566 3603/4176/3597 3604/4177/3598
f 3587/4118/3581 3586/4147/3580 3617/4175/3611 3618/4178/3612
f 3574/4117/3568 3573/4116/3567 3604/4177/3598 3605/4179/3599
f 3588/4119/3582 3587/4118/3581 3618/4178/3612 3619/4180/3613
f 3575/4120/3569 3574/4117/3568 3605/4179/3599 3606/4149/3600
f 3589/4122/3583 3588/4121/3582 3619/4181/3613 3620/4151/3614
f 3609/4155/3603 3608/4153/3602 3639/4182/3633 3640/4183/3634
f 3596/4156/3590 3502/3477/3496 3627/4184/3621
f 3623/4157/3617 3622/4154/3616 3653/4185/3647 3654/4186/3648
f 3610/4158/3604 3609/4155/3603 3640/4183/3634 3641/4187/3635
f 3597/4159/3591 3596/4156/3590 3627/4184/3621 3628/4188/3622
f 3624/4160/3618 3623/4157/3617 3654/4186/3648 3655/4189/3649
f 3611/4161/3605 3610/4158/3604 3641/4187/3635 3642/4190/3636
f 3598/4162/3592 3597/4159/3591 3628/4188/3622 3629/4191/3623
f 3625/4163/3619 3624/4160/3618 3655/4189/3649 3656/4192/3650
f 3612/4164/3606 3611/4161/3605 3642/4190/3636 3643/4193/3637
f 3599/4165/3593 3598/4162/3592 3629/4191/3623 3630/4194/3624
f 3626/4166/3620 3625/4163/3619 3656/4192/3650 3657/4195/3651
f 3613/4167/3607 3612/4164/3606 3643/4193/3637 3644/4196/3638
f 3600/4168/3594 3599/4165/3593 3630/4194/3624 3631/4197/3625
f 3501/3503/3495 3626/4166/3620 3657/4195/3651
f 3614/4169/3608 3613/4167/3607 3644/4196/3638 3645/4198/3639
f 3601/4170/3595 3600/4168/3594 3631/4197/3625 3632/4199/3626
f 3615/4171/3609 3614/4169/3608 3645/4198/3639 3646/4200/3640
f 3602/4172/3596 3601/4170/3595 3632/4199/3626 3633/4201/3627
f 3616/4173/3610 3615/4171/3609 3646/4200/3640 3647/4202/3641
f 3603/4174/3597 3602/4172/3596 3633/4201/3627 3634/4203/3628
f 3617/4175/3611 3616/4173/3610 3647/4202/3641 3648/4204/3642
f 3604/4205/3598 3603/4174/3597 3634/4203/3628 3635/4206/3629
f 3618/4178/3612 3617/4175/3611 3648/4204/3642 3649/4207/3643
f 3605/4179/3599 3604/4177/3598 3635/4208/3629 3636/4209/3630
f 3619/4180/3613 3618/4178/3612 3649/4207/3643 3650/4210/3644
f 3606/4149/3600 3605/4179/3599 3636/4209/3630 3637/4211/3631
f 3620/4151/3614 3619/4181/3613 3650/4212/3644 3651/4213/3645
f 3607/4150/3601 3606/4149/3600 3637/4211/3631 3638/4214/3632
f 3621/4152/3615 3620/4151/3614 3651/4213/3645 3652/4215/3646
f 3608/4153/3602 3607/4150/3601 3638/4214/3632 3639/4182/3633
f 3622/4154/3616 3621/4152/3615 3652/4215/3646 3653/4185/3647
f 3642/4190/3636 3641/4187/3635 3672/4216/3666 3673/4217/3667
f 3629/4191/3623 3628/4188/3622 3659/4218/3653 3660/4219/3654
f 3656/4192/3650 3655/4189/3649 3686/4220/3680 3687/4221/3681
f 3643/4193/3637 3642/4190/3636 3673/4217/3667 3674/4222/3668
f 3630/4194/3624 3629/4191/3623 3660/4219/3654 3661/4223/3655
f 3657/4195/3651 3656/4192/3650 3687/4221/3681 3688/4224/3682
f 3644/4196/3638 3643/4193/3637 3674/4222/3668 3675/4225/3669
f 3631/4197/3625 3630/4194/3624 3661/4223/3655 3662/4226/3656
f 3501/3503/3495 3657/4195/3651 3688/4224/3682
f 3645/4198/3639 3644/4196/3638 3675/4225/3669 3676/4227/3670
f 3632/4199/3626 3631/4197/3625 3662/4226/3656 3663/4228/3657
f 3646/4200/3640 3645/4198/3639 3676/4227/3670 3677/4229/3671
f 3633/4201/3627 3632/4199/3626 3663/4228/3657 3664/4230/3658
f 3647/4202/3641 3646/4200/3640 3677/4229/3671 3678/4231/3672
f 3634/4203/3628 3633/4201/3627 3664/4230/3658 3665/4232/3659
f 3648/4204/3642 3647/4202/3641 3678/4231/3672 3679/4233/3673
f 3635/4206/3629 3634/4203/3628 3665/4232/3659 3666/4234/3660
f 3649/4207/3643 3648/4204/3642 3679/4233/3673 3680/4235/3674
f 3636/4209/3630 3635/4208/3629 3666/4236/3660 3667/4237/3661
f 3650/4212/3644 3649/4238/3643 3680/4239/3674 3681/4240/3675
f 3637/4211/3631 3636/4209/3630 3667/4237/3661 3668/4241/3662
f 3651/4213/3645 3650/4212/3644 3681/4240/3675 3682/4242/3676
f 3638/4214/3632 3637/4211/3631 3668/4241/3662 3669/4243/3663
f 3652/4215/3646 3651/4213/3645 3682/4242/3676 3683/4244/3677
f 3639/4182/3633 3638/4214/3632 3669/4243/3663 3670/4245/3664
f 3653/4185/3647 3652/4215/3646 3683/4244/3677 3684/4246/3678
f 3640/4183/3634 3639/4182/3633 3670/4245/3664 3671/4247/3665
f 3627/4184/3621 3502/3477/3496 3658/4248/3652
f 3654/4186/3648 3653/4185/3647 3684/4246/3678 3685/4249/3679
f 3641/4187/3635 3640/4183/3634 3671/4247/3665 3672/4216/3666
f 3628/4188/3622 3627/4184/3621 3658/4248/3652 3659/4218/3653
f 3655/4189/3649 3654/4186/3648 3685/4249/3679 3686/4220/3680
f 3675/4225/3669 3674/4222/3668 3705/4250/3699 3706/4251/3700
f 3662/4226/3656 3661/4223/3655 3692/4252/3686 3693/4253/3687
f 3501/3503/3495 3688/4224/3682 3719/4254/3713
f 3676/4227/3670 3675/4225/3669 3706/4251/3700 3707/4255/3701
f 3663/4228/3657 3662/4226/3656 3693/4253/3687 3694/4256/3688
f 3677/4229/3671 3676/4227/3670 3707/4255/3701 3708/4257/3702
f 3664/4230/3658 3663/4228/3657 3694/4256/3688 3695/4258/3689
f 3678/4231/3672 3677/4229/3671 3708/4257/3702 3709/4259/3703
f 3665/4232/3659 3664/4230/3658 3695/4258/3689 3696/4260/3690
f 3679/4233/3673 3678/4231/3672 3709/4259/3703 3710/4261/3704
f 3666/4234/3660 3665/4232/3659 3696/4260/3690 3697/4262/3691
f 3680/4235/3674 3679/4233/3673 3710/4261/3704 3711/4263/3705
f 3667/4264/3661 3666/4234/3660 3697/4262/3691 3698/4265/3692
f 3681/4240/3675 3680/4239/3674 3711/4266/3705 3712/4267/3706
f 3668/4268/3662 3667/4269/3661 3698/4270/3692 3699/4271/3693
f 3682/4242/3676 3681/4240/3675 3712/4267/3706 3713/4272/3707
f 3669/4273/3663 3668/4268/3662 3699/4271/3693 3700/4274/3694
f 3683/4244/3677 3682/4242/3676 3713/4272/3707 3714/4275/3708
f 3670/4276/3664 3669/4273/3663 3700/4274/3694 3701/4277/3695
f 3684/4246/3678 3683/4244/3677 3714/4275/3708 3715/4278/3709
f 3671/4279/3665 3670/4276/3664 3701/4277/3695 3702/4280/3696
f 3658/4248/3652 3502/3477/3496 3689/4281/3683
f 3685/4249/3679 3684/4246/3678 3715/4278/3709 3716/4282/3710
f 3672/4283/3666 3671/4279/3665 3702/4280/3696 3703/4284/3697
f 3659/4218/3653 3658/4248/3652 3689/4281/3683 3690/4285/3684
f 3686/4220/3680 3685/4249/3679 3716/4282/3710 3717/4286/3711
f 3673/4287/3667 3672/4283/3666 3703/4284/3697 3704/4288/3698
f 3660/4219/3654 3659/4218/3653 3690/4285/3684 3691/4289/3685
f 3687/4221/3681 3686/4220/3680 3717/4286/3711 3718/4290/3712
f 3674/4222/3668 3673/4217/3667 3704/4291/3698 3705/4250/3699
f 3661/4223/3655 3660/4219/3654 3691/4289/3685 3692/4252/3686
f 3688/4224/3682 3687/4221/3681 3718/4290/3712 3719/4254/3713
f 3708/4292/3702 3707/4293/3701 3738/4294/3732 3739/4295/3733
f 3695/4258/3689 3694/4256/3688 3725/4296/3719 3726/4297/3720
f 3709/4298/3703 3708/4292/3702 3739/4295/3733 3740/4299/3734
f 3696/4260/3690 3695/4258/3689 3726/4297/3720 3727/4300/3721
f 3710/4301/3704 3709/4298/3703 3740/4299/3734 3741/4302/3735
f 3697/4262/3691 3696/4260/3690 3727/4300/3721 3728/4303/3722
f 3711/4304/3705 3710/4301/3704 3741/4302/3735 3742/4305/3736
f 3698/4270/3692 3697/4306/3691 3728/4307/3722 3729/4308/3723
f 3712/4267/3706 3711/4266/3705 3742/4309/3736 3743/4310/3737
f 3699/4271/3693 3698/4270/3692 3729/4308/3723 3730/4311/3724
f 3713/4272/3707 3712/4267/3706 3743/4310/3737 3744/4312/3738
f 3700/4274/3694 3699/4271/3693 3730/4311/3724 3731/4313/3725
f 3714/4275/3708 3713/4272/3707 3744/4312/3738 3745/4314/3739
f 3701/4277/3695 3700/4274/3694 3731/4313/3725 3732/4315/3726
f 3715/4278/3709 3714/4275/3708 3745/4314/3739 3746/4316/3740
f 3702/4280/3696 3701/4277/3695 3732/4315/3726 3733/4317/3727
f 3689/4281/3683 3502/3477/3496 3720/4318/3714
f 3716/4282/3710 3715/4278/3709 3746/4316/3740 3747/4319/3741
f 3703/4284/3697 3702/4280/3696 3733/4317/3727 3734/4320/3728
f 3690/4285/3684 3689/4281/3683 3720/4318/3714 3721/4321/3715
f 3717/4286/3711 3716/4282/3710 3747/4319/3741 3748/4322/3742
f 3704/4288/3698 3703/4284/3697 3734/4320/3728 3735/4323/3729
f 3691/4289/3685 3690/4285/3684 3721/4321/3715 3722/4324/3716
f 3718/4290/3712 3717/4286/3711 3748/4322/3742 3749/4325/3743
f 3705/4326/3699 3704/4288/3698 3735/4323/3729 3736/4327/3730
f 3692/4252/3686 3691/4289/3685 3722/4324/3716 3723/4328/3717
f 3719/4254/3713 3718/4290/3712 3749/4325/3743 3750/4329/3744
f 3706/4330/3700 3705/4326/3699 3736/4327/3730 3737/4331/3731
f 3693/4253/3687 3692/4252/3686 3723/4328/3717 3724/4332/3718
f 3501/3503/3495 3719/4254/3713 3750/4329/3744
f 3707/4293/3701 3706/4330/3700 3737/4331/3731 3738/4294/3732
f 3694/4256/3688 3693/4253/3687 3724/4332/3718 3725/4296/3719
f 3741/4302/3735 3740/4299/3734 3771/4333/3765 3772/4334/3766
f 3728/4307/3722 3727/4335/3721 3758/4336/3752 3759/4337/3753
f 3742/4305/3736 3741/4302/3735 3772/4334/3766 3773/4338/3767
f 3729/4308/3723 3728/4307/3722 3759/4337/3753 3760/4339/3754
f 3743/4310/3737 3742/4309/3736 3773/4340/3767 3774/4341/3768
f 3730/4311/3724 3729/4308/3723 3760/4339/3754 3761/4342/3755
f 3744/4312/3738 3743/4310/3737 3774/4341/3768 3775/4343/3769
f 3731/4313/3725 3730/4311/3724 3761/4342/3755 3762/4344/3756
f 3745/4314/3739 3744/4312/3738 3775/4343/3769 3776/4345/3770
f 3732/4315/3726 3731/4313/3725 3762/4344/3756 3763/4346/3757
f 3746/4316/3740 3745/4314/3739 3776/4345/3770 3777/4347/3771
f 3733/4317/3727 3732/4315/3726 3763/4346/3757 3764/4348/3758
f 3720/4318/3714 3502/3477/3496 3751/4349/3745
f 3747/4319/3741 3746/4316/3740 3777/4347/3771 3778/4350/3772
f 3734/4320/3728 3733/4317/3727 3764/4348/3758 3765/4351/3759
f 3721/4321/3715 3720/4318/3714 3751/4349/3745 3752/4352/3746
f 3748/4322/3742 3747/4319/3741 3778/4350/3772 3779/4353/3773
f 3735/4323/3729 3734/4320/3728 3765/4351/3759 3766/4354/3760
f 3722/4324/3716 3721/4321/3715 3752/4352/3746 3753/4355/3747
f 3749/4325/3743 3748/4322/3742 3779/4353/3773 3780/4356/3774
f 3736/4327/3730 3735/4323/3729 3766/4354/3760 3767/4357/3761
f 3723/4328/3717 3722/4324/3716 3753/4355/3747 3754/4358/3748
f 3750/4329/3744 3749/4325/3743 3780/4356/3774 3781/4359/3775
f 3737/4331/3731 3736/4327/3730 3767/4357/3761 3768/4360/3762
f 3724/4332/3718 3723/4328/3717 3754/4358/3748 3755/4361/3749
f 3501/3503/3495 3750/4329/3744 3781/4359/3775
f 3738/4294/3732 3737/4331/3731 3768/4360/3762 3769/4362/3763
f 3725/4296/3719 3724/4332/3718 3755/4361/3749 3756/4363/3750
f 3739/4295/3733 3738/4294/3732 3769/4362/3763 3770/4364/3764
f 3726/4297/3720 3725/4296/3719 3756/4363/3750 3757/4365/3751
f 3740/4299/3734 3739/4295/3733 3770/4364/3764 3771/4333/3765
f 3727/4300/3721 3726/4297/3720 3757/4365/3751 3758/4366/3752
f 3774/4367/3768 3773/4338/3767 3804/4368/3798 3805/4369/3799
f 3761/4342/3755 3760/4339/3754 3791/4370/3785 3792/4371/3786
f 3775/4343/3769 3774/4341/3768 3805/4372/3799 3806/4373/3800
f 3762/4344/3756 3761/4342/3755 3792/4371/3786 3793/4374/3787
f 3776/4345/3770 3775/4343/3769 3806/4373/3800 3807/4375/3801
f 3763/4346/3757 3762/4344/3756 3793/4374/3787 3794/4376/3788
f 3777/4347/3771 3776/4345/3770 3807/4375/3801 3808/4377/3802
f 3764/4348/3758 3763/4346/3757 3794/4376/3788 3795/4378/3789
f 3751/4349/3745 3502/3477/3496 3782/4379/3776
f 3778/4350/3772 3777/4347/3771 3808/4377/3802 3809/4380/3803
f 3765/4351/3759 3764/4348/3758 3795/4378/3789 3796/4381/3790
f 3752/4352/3746 3751/4349/3745 3782/4379/3776 3783/4382/3777
f 3779/4353/3773 3778/4350/3772 3809/4380/3803 3810/4383/3804
f 3766/4354/3760 3765/4351/3759 3796/4381/3790 3797/4384/3791
f 3753/4355/3747 3752/4352/3746 3783/4382/3777 3784/4385/3778
f 3780/4356/3774 3779/4353/3773 3810/4383/3804 3811/4386/3805
f 3767/4357/3761 3766/4354/3760 3797/4384/3791 3798/4387/3792
f 3754/4358/3748 3753/4355/3747 3784/4385/3778 3785/4388/3779
f 3781/4359/3775 3780/4356/3774 3811/4386/3805 3812/4389/3806
f 3768/4360/3762 3767/4357/3761 3798/4387/3792 3799/4390/3793
f 3755/4361/3749 3754/4358/3748 3785/4388/3779 3786/4391/3780
f 3501/3503/3495 3781/4359/3775 3812/4389/3806
f 3769/4362/3763 3768/4360/3762 3799/4390/3793 3800/4392/3794
f 3756/4363/3750 3755/4361/3749 3786/4391/3780 3787/4393/3781
f 3770/4364/3764 3769/4362/3763 3800/4392/3794 3801/4394/3795
f 3757/4365/3751 3756/4363/3750 3787/4393/3781 3788/4395/3782
f 3771/4333/3765 3770/4364/3764 3801/4394/3795 3802/4396/3796
f 3758/4366/3752 3757/4365/3751 3788/4395/3782 3789/4397/3783
f 3772/4334/3766 3771/4333/3765 3802/4396/3796 3803/4398/3797
f 3759/4337/3753 3758/4336/3752 3789/4399/3783 3790/4400/3784
f 3773/4338/3767 3772/4334/3766 3803/4398/3797 3804/4368/3798
f 3760/4339/3754 3759/4337/3753 3790/4400/3784 3791/4370/3785
f 3802/4396/3796 3801/4394/3795 3832/4401/3826 3833/4402/3827
f 3789/4397/3783 3788/4395/3782 3819/4403/3813 3820/4404/3814
f 3803/4398/3797 3802/4396/3796 3833/4402/3827 3834/4405/3828
f 3790/4400/3784 3789/4399/3783 3820/4406/3814 3821/4407/3815
f 3804/4368/3798 3803/4398/3797 3834/4405/3828 3835/4408/3829
f 3791/4370/3785 3790/4400/3784 3821/4407/3815 3822/4409/3816
f 3805/4369/3799 3804/4368/3798 3835/4408/3829 3836/4410/3830
f 3792/4371/3786 3791/4370/3785 3822/4409/3816 3823/4411/3817
f 3806/4373/3800 3805/4372/3799 3836/4412/3830 3837/4413/3831
f 3793/4374/3787 3792/4371/3786 3823/4411/3817 3824/4414/3818
f 3807/4375/3801 3806/4373/3800 3837/4413/3831 3838/4415/3832
f 3794/4376/3788 3793/4374/3787 3824/4414/3818 3825/4416/3819
f 3808/4377/3802 3807/4375/3801 3838/4415/3832 3839/4417/3833
f 3795/4378/3789 3794/4376/3788 3825/4416/3819 3826/4418/3820
f 3782/4379/3776 3502/3477/3496 3813/4419/3807
f 3809/4380/3803 3808/4377/3802 3839/4417/3833 3840/4420/3834
f 3796/4381/3790 3795/4378/3789 3826/4418/3820 3827/4421/3821
f 3783/4382/3777 3782/4379/3776 3813/4419/3807 3814/4422/3808
f 3810/4383/3804 3809/4380/3803 3840/4420/3834 3841/4423/3835
f 3797/4384/3791 3796/4381/3790 3827/4421/3821 3828/4424/3822
f 3784/4385/3778 3783/4382/3777 3814/4422/3808 3815/4425/3809
f 3811/4386/3805 3810/4383/3804 3841/4423/3835 3842/4426/3836
f 3798/4387/3792 3797/4384/3791 3828/4424/3822 3829/4427/3823
f 3785/4388/3779 3784/4385/3778 3815/4425/3809 3816/4428/3810
f 3812/4389/3806 3811/4386/3805 3842/4426/3836 3843/4429/3837
f 3799/4390/3793 3798/4387/3792 3829/4427/3823 3830/4430/3824
f 3786/4391/3780 3785/4388/3779 3816/4428/3810 3817/4431/3811
f 3501/3503/3495 3812/4389/3806 3843/4429/3837
f 3800/4392/3794 3799/4390/3793 3830/4430/3824 3831/4432/3825
f 3787/4393/3781 3786/4391/3780 3817/4431/3811 3818/4433/3812
f 3801/4394/3795 3800/4392/3794 3831/4432/3825 3832/4401/3826
f 3788/4395/3782 3787/4393/3781 3818/4433/3812 3819/4403/3813
f 3835/4408/3829 3834/4405/3828 3865/4434/3859 3866/4435/3860
f 3822/4409/3816 3821/4407/3815 3852/4436/3846 3853/4437/3847
f 3836/4410/3830 3835/4408/3829 3866/4435/3860 3867/4438/3861
f 3823/4411/3817 3822/4409/3816 3853/4437/3847 3854/4439/3848
f 3837/4413/3831 3836/4412/3830 3867/4440/3861 3868/4441/3862
f 3824/4414/3818 3823/4411/3817 3854/4439/3848 3855/4442/3849
f 3838/4415/3832 3837/4413/3831 3868/4441/3862 3869/4443/3863
f 3825/4416/3819 3824/4414/3818 3855/4442/3849 3856/4444/3850
f 3839/4417/3833 3838/4415/3832 3869/4443/3863 3870/4445/3864
f 3826/4418/3820 3825/4416/3819 3856/4444/3850 3857/4446/3851
f 3813/4419/3807 3502/3477/3496 3844/4447/3838
f 3840/4420/3834 3839/4417/3833 3870/4445/3864 3871/4448/3865
f 3827/4421/3821 3826/4418/3820 3857/4446/3851 3858/4449/3852
f 3814/4422/3808 3813/4419/3807 3844/4447/3838 3845/4450/3839
f 3841/4423/3835 3840/4420/3834 3871/4448/3865 3872/4451/3866
f 3828/4424/3822 3827/4421/3821 3858/4449/3852 3859/4452/3853
f 3815/4425/3809 3814/4422/3808 3845/4450/3839 3846/4453/3840
f 3842/4426/3836 3841/4423/3835 3872/4451/3866 3873/4454/3867
f 3829/4427/3823 3828/4424/3822 3859/4452/3853 3860/4455/3854
f 3816/4428/3810 3815/4425/3809 3846/4453/3840 3847/4456/3841
f 3843/4429/3837 3842/4426/3836 3873/4454/3867 3874/4457/3868
f 3830/4430/3824 3829/4427/3823 3860/4455/3854 3861/4458/3855
f 3817/4431/3811 3816/4428/3810 3847/4456/3841 3848/4459/3842
f 3501/3503/3495 3843/4429/3837 3874/4457/3868
f 3831/4432/3825 3830/4430/3824 3861/4458/3855 3862/4460/3856
f 3818/4433/3812 3817/4431/3811 3848/4459/3842 3849/4461/3843
f 3832/4401/3826 3831/4432/3825 3862/4460/3856 3863/4462/3857
f 3819/4403/3813 3818/4433/3812 3849/4461/3843 3850/4463/3844
f 3833/4402/3827 3832/4401/3826 3863/4462/3857 3864/4464/3858
f 3820/4404/3814 3819/4403/3813 3850/4463/3844 3851/4465/3845
f 3834/4405/3828 3833/4402/3827 3864/4464/3858 3865/4434/3859
f 3821/4407/3815 3820/4406/3814 3851/4466/3845 3852/4436/3846
f 3868/4441/3862 3867/4440/3861 3898/4467/3892 3899/4468/3893
f 3855/4442/3849 3854/4439/3848 3885/4469/3879 3886/4470/3880
f 3869/4443/3863 3868/4441/3862 3899/4468/3893 3900/4471/3894
f 3856/4444/3850 3855/4442/3849 3886/4470/3880 3887/4472/3881
f 3870/4445/3864 3869/4443/3863 3900/4471/3894 3901/4473/3895
f 3857/4446/3851 3856/4444/3850 3887/4472/3881 3888/4474/3882
f 3844/4447/3838 3502/3477/3496 3875/4475/3869
f 3871/4448/3865 3870/4445/3864 3901/4473/3895 3902/4476/3896
f 3858/4449/3852 3857/4446/3851 3888/4474/3882 3889/4477/3883
f 3845/4450/3839 3844/4447/3838 3875/4475/3869 3876/4478/3870
f 3872/4451/3866 3871/4448/3865 3902/4476/3896 3903/4479/3897
f 3859/4452/3853 3858/4449/3852 3889/4477/3883 3890/4480/3884
f 3846/4453/3840 3845/4450/3839 3876/4478/3870 3877/4481/3871
f 3873/4454/3867 3872/4451/3866 3903/4479/3897 3904/4482/3898
f 3860/4455/3854 3859/4452/3853 3890/4480/3884 3891/4483/3885
f 3847/4456/3841 3846/4453/3840 3877/4481/3871 3878/4484/3872
f 3874/4457/3868 3873/4454/3867 3904/4482/3898 3905/4485/3899
f 3861/4458/3855 3860/4455/3854 3891/4483/3885 3892/4486/3886
f 3848/4459/3842 3847/4456/3841 3878/4484/3872 3879/4487/3873
f 3501/3503/3495 3874/4457/3868 3905/4485/3899
f 3862/4460/3856 3861/4458/3855 3892/4486/3886 3893/4488/3887
f 3849/4461/3843 3848/4459/3842 3879/4487/3873 3880/4489/3874
f 3863/4462/3857 3862/4460/3856 3893/4488/3887 3894/4490/3888
f 3850/4463/3844 3849/4461/3843 3880/4489/3874 3881/4491/3875
f 3864/4464/3858 3863/4462/3857 3894/4490/3888 3895/4492/3889
f 3851/4465/3845 3850/4463/3844 3881/4491/3875 3882/4493/3876
f 3865/4434/3859 3864/4464/3858 3895/4492/3889 3896/4494/3890
f 3852/4436/3846 3851/4466/3845 3882/4495/3876 3883/4496/3877
f 3866/4435/3860 3865/4434/3859 3896/4494/3890 3897/4497/3891
f 3853/4437/3847 3852/4436/3846 3883/4496/3877 3884/4498/3878
f 3867/4440/3861 3866/4499/3860 3897/4500/3891 3898/4467/3892
f 3854/4439/3848 3853/4437/3847 3884/4498/3878 3885/4469/3879
f 3901/4473/3895 3900/4471/3894 3931/4501/3925 3932/4502/3926
f 3888/4474/3882 3887/4472/3881 3918/4503/3912 3919/4504/3913
f 3875/4475/3869 3502/3477/3496 3906/4505/3900
f 3902/4476/3896 3901/4473/3895 3932/4502/3926 3933/4506/3927
f 3889/4477/3883 3888/4474/3882 3919/4504/3913 3920/4507/3914
f 3876/4478/3870 3875/4475/3869 3906/4505/3900 3907/4508/3901
f 3903/4479/3897 3902/4476/3896 3933/4506/3927 3934/4509/3928
f 3890/4480/3884 3889/4477/3883 3920/4507/3914 3921/4510/3915
f 3877/4481/3871 3876/4478/3870 3907/4508/3901 3908/4511/3902
f 3904/4482/3898 3903/4479/3897 3934/4509/3928 3935/4512/3929
f 3891/4483/3885 3890/4480/3884 3921/4510/3915 3922/4513/3916
f 3878/4484/3872 3877/4481/3871 3908/4511/3902 3909/4514/3903
f 3905/4485/3899 3904/4482/3898 3935/4512/3929 3936/4515/3930
f 3892/4486/3886 3891/4483/3885 3922/4513/3916 3923/4516/3917
f 3879/4487/3873 3878/4484/3872 3909/4514/3903 3910/4517/3904
f 3501/3503/3495 3905/4485/3899 3936/4515/3930
f 3893/4488/3887 3892/4486/3886 3923/4516/3917 3924/4518/3918
f 3880/4489/3874 3879/4487/3873 3910/4517/3904 3911/4519/3905
f 3894/4490/3888 3893/4488/3887 3924/4518/3918 3925/4520/3919
f 3881/4491/3875 3880/4489/3874 3911/4519/3905 3912/4521/3906
f 3895/4492/3889 3894/4490/3888 3925/4520/3919 3926/4522/3920
f 3882/4493/3876 3881/4491/3875 3912/4521/3906 3913/4523/3907
f 3896/4494/3890 3895/4492/3889 3926/4522/3920 3927/4524/3921
f 3883/4525/3877 3882/4493/3876 3913/4523/3907 3914/4526/3908
f 3897/4497/3891 3896/4494/3890 3927/4524/3921 3928/4527/3922
f 3884/4498/3878 3883/4496/3877 3914/4528/3908 3915/4529/3909
f 3898/4467/3892 3897/4500/3891 3928/4530/3922 3929/4531/3923
f 3885/4469/3879 3884/4498/3878 3915/4529/3909 3916/4532/3910
f 3899/4468/3893 3898/4467/3892 3929/4531/3923 3930/4533/3924
f 3886/4470/3880 3885/4469/3879 3916/4532/3910 3917/4534/3911
f 3900/4471/3894 3899/4468/3893 3930/4533/3924 3931/4501/3925
f 3887/4472/3881 3886/4470/3880 3917/4534/3911 3918/4503/3912
f 3907/4508/3901 3906/4505/3900 3937/4535/3931 3938/4536/3932
f 3934/4509/3928 3933/4506/3927 3964/4537/3958 3965/4538/3959
f 3921/4539/3915 3920/4540/3914 3951/4541/3945 3952/4542/3946
f 3908/4511/3902 3907/4508/3901 3938/4536/3932 3939/4543/3933
f 3935/4512/3929 3934/4509/3928 3965/4538/3959 3966/4544/3960
f 3922/4545/3916 3921/4539/3915 3952/4542/3946 3953/4546/3947
f 3909/4514/3903 3908/4511/3902 3939/4543/3933 3940/4547/3934
f 3936/4515/3930 3935/4512/3929 3966/4544/3960 3967/4548/3961
f 3923/4549/3917 3922/4545/3916 3953/4546/3947 3954/4550/3948
f 3910/4517/3904 3909/4514/3903 3940/4547/3934 3941/4551/3935
f 3501/3503/3495 3936/4515/3930 3967/4548/3961
f 3924/4552/3918 3923/4549/3917 3954/4550/3948 3955/4553/3949
f 3911/4519/3905 3910/4517/3904 3941/4551/3935 3942/4554/3936
f 3925/4555/3919 3924/4552/3918 3955/4553/3949 3956/4556/3950
f 3912/4521/3906 3911/4519/3905 3942/4554/3936 3943/4557/3937
f 3926/4522/3920 3925/4520/3919 3956/4558/3950 3957/4559/3951
f 3913/4523/3907 3912/4521/3906 3943/4557/3937 3944/4560/3938
f 3927/4561/3921 3926/4562/3920 3957/4563/3951 3958/4564/3952
f 3914/4526/3908 3913/4523/3907 3944/4560/3938 3945/4565/3939
f 3928/4530/3922 3927/4566/3921 3958/4567/3952 3959/4568/3953
f 3915/4569/3909 3914/4570/3908 3945/4571/3939 3946/4572/3940
f 3929/4531/3923 3928/4530/3922 3959/4568/3953 3960/4573/3954
f 3916/4574/3910 3915/4569/3909 3946/4572/3940 3947/4575/3941
f 3930/4533/3924 3929/4531/3923 3960/4573/3954 3961/4576/3955
f 3917/4534/3911 3916/4532/3910 3947/4577/3941 3948/4578/3942
f 3931/4501/3925 3930/4533/3924 3961/4576/3955 3962/4579/3956
f 3918/4580/3912 3917/4581/3911 3948/4582/3942 3949/4583/3943
f 3932/4502/3926 3931/4501/3925 3962/4579/3956 3963/4584/3957
f 3919/4585/3913 3918/4580/3912 3949/4583/3943 3950/4586/3944
f 3906/4505/3900 3502/3477/3496 3937/4535/3931
f 3933/4506/3927 3932/4502/3926 3963/4584/3957 3964/4537/3958
f 3920/4540/3914 3919/4585/3913 3950/4586/3944 3951/4541/3945
f 3940/4547/3934 3939/4543/3933 3970/3489/3964 3971/3495/3965
f 3967/4548/3961 3966/4544/3960 3003/3491/2997 3004/3497/2998
f 3954/4550/3948 3953/4546/3947 2995/3493/2989 2996/3499/2990
f 3941/4551/3935 3940/4547/3934 3971/3495/3965 3972/3501/3966
f 3501/3503/3495 3967/4548/3961 3004/3497/2998
f 3955/4553/3949 3954/4550/3948 2996/3499/2990 3978/3504/3972
f 3942/4554/3936 3941/4551/3935 3972/3501/3966 3973/3506/3967
f 3956/4556/3950 3955/4553/3949 3978/3504/3972 3979/3508/3973
f 3943/4557/3937 3942/4554/3936 3973/3506/3967 2989/3443/2983
f 3957/4563/3951 3956/4556/3950 3979/3508/3973 2997/3447/2991
f 3944/4560/3938 3943/4557/3937 2989/3443/2983 3974/3442/3968
f 3958/4564/3952 3957/4563/3951 2997/3447/2991 2998/3446/2992
f 3945/4565/3939 3944/4560/3938 3974/3442/3968 2990/4587/2984
f 3959/4588/3953 3958/4564/3952 2998/3446/2992 2999/3454/2993
f 3946/4572/3940 3945/4571/3939 2990/3450/2984 3975/3456/3969
f 3960/4573/3954 3959/4568/3953 2999/3459/2993 3980/3458/3974
f 3947/4575/3941 3946/4572/3940 3975/3456/3969 3976/3462/3970
f 3961/4576/3955 3960/4573/3954 3980/3458/3974 3000/3464/2994
f 3948/4582/3942 3947/4575/3941 3976/3462/3970 2991/3466/2985
f 3962/4579/3956 3961/4576/3955 3000/3464/2994 3001/3468/2995
f 3949/4583/3943 3948/4582/3942 2991/3466/2985 2992/3470/2986
f 3963/4584/3957 3962/4579/3956 3001/3468/2995 3002/3472/2996
f 3950/4586/3944 3949/4583/3943 2992/3470/2986 2993/3474/2987
f 3937/4535/3931 3502/3477/3496 3968/3476/3962
f 3964/4537/3958 3963/4584/3957 3002/3472/2996 3981/3479/3975
f 3951/4541/3945 3950/4586/3944 2993/3474/2987 2994/3481/2988
f 3938/4536/3932 3937/4535/3931 3968/3476/3962 3969/3483/3963
f 3965/4538/3959 3964/4537/3958 3981/3479/3975 3982/3485/3976
f 3952/4542/3946 3951/4541/3945 2994/3481/2988 3977/3487/3971
f 3939/4543/3933 3938/4536/3932 3969/3483/3963 3970/3489/3964
f 3966/4544/3960 3965/4538/3959 3982/3485/3976 3003/3491/2997
f 3953/4546/3947 3952/4542/3946 3977/3487/3971 2995/3493/2989
o Hydrogen_ball
v -0.600564 0.509568 -0.541191
v -0.600564 0.413472 -0.637288
v -0.600564 0.238974 -0.741878
v -0.600564 0.174918 -0.764797
v -0.600564 0.108925 -0.781328
v -0.600564 0.041628 -0.791310
v -0.600564 -0.094273 -0.791310
v -0.600564 -0.161569 -0.781328
v -0.600564 -0.353118 -0.712790
v -0.600564 -0.411472 -0.677815
v -0.600564 -0.466116 -0.637288
v -0.600564 -0.562212 -0.541191
v -0.600564 -0.602739 -0.486547
v -0.600564 -0.637715 -0.428194
v -0.600564 -0.706253 -0.236644
v -0.600564 -0.716235 -0.169348
v -0.587308 0.663591 -0.168042
v -0.574179 0.653608 -0.234045
v -0.561304 0.637078 -0.298771
v -0.548808 0.614158 -0.361596
v -0.536809 0.585071 -0.421915
v -0.525425 0.550095 -0.479147
v -0.514765 0.509568 -0.532741
v -0.504930 0.463880 -0.582181
v -0.496017 0.413472 -0.626991
v -0.488111 0.358828 -0.666739
v -0.481287 0.300474 -0.701043
v -0.475613 0.238974 -0.729571
v -0.471141 0.174918 -0.752050
v -0.467916 0.108925 -0.768263
v -0.465969 0.041628 -0.778054
v -0.465318 -0.026322 -0.781328
v -0.465969 -0.094273 -0.778054
v -0.467916 -0.161569 -0.768263
v -0.471141 -0.227562 -0.752050
v -0.475613 -0.291618 -0.729571
v -0.481287 -0.353118 -0.701043
v -0.488111 -0.411472 -0.666739
v -0.496017 -0.466116 -0.626991
v -0.504930 -0.516525 -0.582181
v -0.514765 -0.562212 -0.532741
v -0.525425 -0.602739 -0.479147
v -0.536809 -0.637715 -0.421915
v -0.548808 -0.666803 -0.361596
v -0.561304 -0.689722 -0.298771
v -0.574179 -0.706253 -0.234045
v -0.587308 -0.716235 -0.168042
v -0.574561 0.663591 -0.164176
v -0.548808 0.653608 -0.226349
v -0.523553 0.637078 -0.287319
v -0.499040 0.614158 -0.346499
v -0.475505 0.585071 -0.403318
v -0.453174 0.550095 -0.457229
v -0.432262 0.509568 -0.507714
v -0.412972 0.463880 -0.554286
v -0.395488 0.413472 -0.596496
v -0.379979 0.358828 -0.633937
v -0.366594 0.300474 -0.666251
v -0.355463 0.238974 -0.693124
v -0.346692 0.174918 -0.714299
v -0.340366 0.108925 -0.729571
v -0.336546 0.041628 -0.738794
v -0.335268 -0.026322 -0.741878
v -0.336546 -0.094273 -0.738794
v -0.340366 -0.161569 -0.729571
v -0.346692 -0.227562 -0.714299
v -0.355463 -0.291618 -0.693124
v -0.366594 -0.353118 -0.666251
v -0.379979 -0.411472 -0.633937
v -0.395488 -0.466116 -0.596496
v -0.412972 -0.516525 -0.554286
v -0.432262 -0.562212 -0.507714
v -0.453174 -0.602739 -0.457229
v -0.475505 -0.637715 -0.403318
v -0.499040 -0.666803 -0.346499
v -0.523553 -0.689722 -0.287319
v -0.548808 -0.706253 -0.226349
v -0.574561 -0.716235 -0.164176
v -0.562813 0.663591 -0.157896
v -0.525425 0.653608 -0.213851
v -0.488761 0.637078 -0.268723
v -0.453174 0.614158 -0.321983
v -0.419006 0.585071 -0.373119
v -0.386586 0.550095 -0.421638
v -0.356228 0.509568 -0.467073
v -0.328222 0.463880 -0.508986
v -0.302839 0.413472 -0.546974
v -0.280324 0.358828 -0.580671
v -0.260892 0.300474 -0.609752
v -0.244732 0.238974 -0.633937
v -0.231999 0.174918 -0.652994
v -0.222815 0.108925 -0.666739
v -0.217269 0.041628 -0.675039
v -0.215414 -0.026322 -0.677815
v -0.217269 -0.094273 -0.675039
v -0.222815 -0.161569 -0.666739
v -0.231999 -0.227562 -0.652994
v -0.244732 -0.291618 -0.633937
v -0.260892 -0.353118 -0.609752
v -0.280324 -0.411472 -0.580671
v -0.302839 -0.466116 -0.546974
v -0.328222 -0.516525 -0.508986
v -0.356228 -0.562212 -0.467073
v -0.386586 -0.602739 -0.421638
v -0.419006 -0.637715 -0.373119
v -0.453174 -0.666803 -0.321983
v -0.488761 -0.689722 -0.268723
v -0.525425 -0.706253 -0.213851
v -0.562813 -0.716235 -0.157896
v -0.552516 0.663591 -0.149446
v -0.504930 0.653608 -0.197031
v -0.458266 0.637078 -0.243696
v -0.412972 0.614158 -0.288990
v -0.369484 0.585071 -0.332477
v -0.328222 0.550095 -0.373739
v -0.289583 0.509568 -0.412379
v -0.253939 0.463880 -0.448023
v -0.221632 0.413472 -0.480329
v -0.192976 0.358828 -0.508986
v -0.168244 0.300474 -0.533717
v -0.147676 0.238974 -0.554286
v -0.131470 0.174918 -0.570492
v -0.119781 0.108925 -0.582181
v -0.112722 0.041628 -0.589240
v -0.110362 -0.026322 -0.591600
v -0.112722 -0.094273 -0.589240
v -0.119781 -0.161569 -0.582181
v -0.131470 -0.227562 -0.570492
v -0.147676 -0.291618 -0.554286
v -0.168244 -0.353118 -0.533717
v -0.192976 -0.411472 -0.508986
v -0.221632 -0.466116 -0.480329
v -0.253939 -0.516525 -0.448023
v -0.289583 -0.562212 -0.412379
v -0.328222 -0.602739 -0.373739
v -0.369484 -0.637715 -0.332477
v -0.412972 -0.666803 -0.288990
v -0.458266 -0.689722 -0.243696
v -0.504930 -0.706253 -0.197031
v -0.552516 -0.716235 -0.149446
v -0.544065 0.663591 -0.139149
v -0.488111 0.653608 -0.176536
v -0.433239 0.637078 -0.213200
v -0.379979 0.614158 -0.248788
v -0.328843 0.585071 -0.282956
v -0.280324 0.550095 -0.315375
v -0.234889 0.509568 -0.345734
v -0.192976 0.463880 -0.373739
v -0.154988 0.413472 -0.399122
v -0.121291 0.358828 -0.421638
v -0.092210 0.300474 -0.441069
v -0.068024 0.238974 -0.457229
v -0.048967 0.174918 -0.469963
v -0.035223 0.108925 -0.479147
v -0.026923 0.041628 -0.484693
v -0.024147 -0.026322 -0.486547
v -0.026923 -0.094273 -0.484693
v -0.035223 -0.161569 -0.479147
v -0.048967 -0.227562 -0.469963
v -0.068024 -0.291618 -0.457229
v -0.092210 -0.353118 -0.441069
v -0.121291 -0.411472 -0.421638
v -0.154988 -0.466116 -0.399122
v -0.192976 -0.516525 -0.373739
v -0.234889 -0.562212 -0.345734
v -0.280324 -0.602739 -0.315375
v -0.328843 -0.637715 -0.282956
v -0.379979 -0.666803 -0.248788
v -0.433239 -0.689722 -0.213200
v -0.488111 -0.706253 -0.176536
v -0.544065 -0.716235 -0.139149
v -0.537786 0.663591 -0.127401
v -0.475613 0.653608 -0.153154
v -0.414642 0.637078 -0.178409
v -0.355463 0.614158 -0.202922
v -0.298644 0.585071 -0.226457
v -0.244732 0.550095 -0.248788
v -0.194248 0.509568 -0.269699
v -0.147676 0.463880 -0.288990
v -0.105466 0.413472 -0.306474
v -0.068024 0.358828 -0.321983
v -0.035711 0.300474 -0.335367
v -0.008837 0.238974 -0.346499
v 0.012338 0.174918 -0.355270
v 0.027610 0.108925 -0.361596
v 0.036832 0.041628 -0.365416
v 0.039916 -0.026322 -0.366693
v 0.036832 -0.094273 -0.365416
v 0.027610 -0.161569 -0.361596
v 0.012338 -0.227562 -0.355270
v -0.008837 -0.291618 -0.346499
v -0.035711 -0.353118 -0.335367
v -0.068024 -0.411472 -0.321983
v -0.105466 -0.466116 -0.306474
v -0.147676 -0.516525 -0.288990
v -0.194248 -0.562212 -0.269699
v -0.244732 -0.602739 -0.248788
v -0.298644 -0.637715 -0.226457
v -0.355463 -0.666803 -0.202922
v -0.414642 -0.689722 -0.178409
v -0.475613 -0.706253 -0.153154
v -0.537786 -0.716235 -0.127401
v -0.533919 0.663591 -0.114654
v -0.467916 0.653608 -0.127783
v -0.403191 0.637078 -0.140657
v -0.340366 0.614158 -0.153154
v -0.280047 0.585071 -0.165152
v -0.222815 0.550095 -0.176536
v -0.169221 0.509568 -0.187197
v -0.119781 0.463880 -0.197031
v -0.074971 0.413472 -0.205944
v -0.035223 0.358828 -0.213851
v -0.000919 0.300474 -0.220674
v 0.027610 0.238974 -0.226349
v 0.050089 0.174918 -0.230820
v 0.066302 0.108925 -0.234045
v 0.076092 0.041628 -0.235993
v 0.079366 -0.026322 -0.236644
v 0.076092 -0.094273 -0.235993
v 0.066302 -0.161569 -0.234045
v 0.050089 -0.227562 -0.230820
v 0.027610 -0.291618 -0.226349
v -0.000919 -0.353118 -0.220674
v -0.035223 -0.411472 -0.213851
v -0.074971 -0.466116 -0.205944
v -0.119781 -0.516525 -0.197031
v -0.169221 -0.562212 -0.187197
v -0.222815 -0.602739 -0.176536
v -0.280047 -0.637715 -0.165152
v -0.340366 -0.666803 -0.153154
v -0.403191 -0.689722 -0.140657
v -0.467916 -0.706253 -0.127783
v -0.533919 -0.716235 -0.114654
v -0.532614 0.663591 -0.101397
v -0.465318 0.653608 -0.101397
v -0.399324 0.637078 -0.101397
v -0.335268 0.614158 -0.101397
v -0.273768 0.585071 -0.101397
v -0.215414 0.550095 -0.101397
v -0.160770 0.509568 -0.101397
v -0.110362 0.463880 -0.101397
v -0.064674 0.413472 -0.101397
v -0.024147 0.358828 -0.101397
v 0.010829 0.300474 -0.101397
v 0.039916 0.238974 -0.101397
v 0.062836 0.174918 -0.101397
v 0.079366 0.108925 -0.101397
v 0.089349 0.041628 -0.101397
v 0.092687 -0.026322 -0.101397
v 0.089349 -0.094273 -0.101397
v 0.079366 -0.161569 -0.101397
v 0.062836 -0.227562 -0.101397
v 0.039916 -0.291618 -0.101397
v 0.010829 -0.353118 -0.101397
v -0.024147 -0.411472 -0.101397
v -0.064674 -0.466116 -0.101397
v -0.110362 -0.516525 -0.101397
v -0.160770 -0.562212 -0.101397
v -0.215414 -0.602739 -0.101397
v -0.273768 -0.637715 -0.101397
v -0.335268 -0.666803 -0.101397
v -0.399324 -0.689722 -0.101397
v -0.465318 -0.706253 -0.101397
v -0.532614 -0.716235 -0.101397
v -0.533919 0.663591 -0.088141
v -0.467916 0.653608 -0.075012
v -0.403191 0.637078 -0.062137
v -0.340366 0.614158 -0.049641
v -0.280047 0.585071 -0.037643
v -0.222815 0.550095 -0.026258
v -0.169221 0.509568 -0.015598
v -0.119781 0.463880 -0.005764
v -0.074971 0.413472 0.003150
v -0.035223 0.358828 0.011056
v -0.000919 0.300474 0.017879
v 0.027610 0.238974 0.023554
v 0.050089 0.174918 0.028025
v 0.066302 0.108925 0.031250
v 0.076092 0.041628 0.033198
v 0.079366 -0.026322 0.033849
v 0.076092 -0.094273 0.033198
v 0.066302 -0.161569 0.031250
v 0.050089 -0.227562 0.028025
v 0.027610 -0.291618 0.023554
v -0.000919 -0.353118 0.017879
v -0.035223 -0.411472 0.011056
v -0.074971 -0.466116 0.003150
v -0.119781 -0.516525 -0.005764
v -0.169221 -0.562212 -0.015598
v -0.222815 -0.602739 -0.026258
v -0.280047 -0.637715 -0.037643
v -0.340366 -0.666803 -0.049641
v -0.403191 -0.689722 -0.062137
v -0.467916 -0.706253 -0.075012
v -0.533919 -0.716235 -0.088141
v -0.537786 0.663591 -0.075394
v -0.475613 0.653608 -0.049641
v -0.414643 0.637078 -0.024386
v -0.355463 0.614158 0.000127
v -0.298644 0.585071 0.023662
v -0.244732 0.550095 0.045993
v -0.194248 0.509568 0.066904
v -0.147676 0.463880 0.086195
v -0.105466 0.413472 0.103679
v -0.068024 0.358828 0.119188
v -0.035711 0.300474 0.132572
v -0.008837 0.238974 0.143704
v 0.012337 0.174918 0.152475
v 0.027610 0.108925 0.158801
v 0.036832 0.041628 0.162621
v 0.039916 -0.026322 0.163898
v 0.036832 -0.094273 0.162621
v 0.027610 -0.161569 0.158801
v 0.012337 -0.227562 0.152475
v -0.008837 -0.291618 0.143704
v -0.035711 -0.353118 0.132572
v -0.068024 -0.411472 0.119188
v -0.105466 -0.466116 0.103679
v -0.147676 -0.516525 0.086195
v -0.194248 -0.562212 0.066904
v -0.244732 -0.602739 0.045993
v -0.298644 -0.637715 0.023662
v -0.355463 -0.666803 0.000127
v -0.414643 -0.689722 -0.024386
v -0.475613 -0.706253 -0.049641
v -0.537786 -0.716235 -0.075394
v -0.544065 0.663591 -0.063646
v -0.488111 0.653608 -0.026259
v -0.433239 0.637078 0.010406
v -0.379979 0.614158 0.045993
v -0.328843 0.585071 0.080161
v -0.280324 0.550095 0.112580
v -0.234889 0.509568 0.142939
v -0.192976 0.463880 0.170944
v -0.154988 0.413472 0.196327
v -0.121291 0.358828 0.218843
v -0.092210 0.300474 0.238274
v -0.068024 0.238974 0.254434
v -0.048967 0.174918 0.267168
v -0.035223 0.108925 0.276352
v -0.026923 0.041628 0.281897
v -0.024147 -0.026322 0.283752
v -0.026923 -0.094273 0.281897
v -0.035223 -0.161569 0.276352
v -0.048967 -0.227562 0.267168
v -0.068024 -0.291618 0.254434
v -0.092210 -0.353118 0.238274
v -0.121291 -0.411472 0.218843
v -0.154988 -0.466116 0.196327
v -0.192976 -0.516525 0.170944
v -0.234889 -0.562212 0.142939
v -0.280324 -0.602739 0.112580
v -0.328843 -0.637715 0.080161
v -0.379979 -0.666803 0.045993
v -0.433239 -0.689722 0.010406
v -0.488111 -0.706253 -0.026259
v -0.544065 -0.716235 -0.063646
v -0.552516 0.663591 -0.053349
v -0.504930 0.653608 -0.005764
v -0.458266 0.637078 0.040901
v -0.412972 0.614158 0.086195
v -0.369484 0.585071 0.129682
v -0.328222 0.550095 0.170944
v -0.289583 0.509568 0.209584
v -0.253939 0.463880 0.245228
v -0.221632 0.413472 0.277534
v -0.192976 0.358828 0.306191
v -0.168244 0.300474 0.330922
v -0.147676 0.238974 0.351491
v -0.131470 0.174918 0.367697
v -0.119781 0.108925 0.379386
v -0.112722 0.041628 0.386444
v -0.110362 -0.026322 0.388805
v -0.112722 -0.094273 0.386444
v -0.119781 -0.161569 0.379386
v -0.131470 -0.227562 0.367697
v -0.147676 -0.291618 0.351491
v -0.168244 -0.353118 0.330922
v -0.192976 -0.411472 0.306191
v -0.221632 -0.466116 0.277534
v -0.253939 -0.516525 0.245228
v -0.289583 -0.562212 0.209584
v -0.328222 -0.602739 0.170944
v -0.369484 -0.637715 0.129682
v -0.412972 -0.666803 0.086195
v -0.458266 -0.689722 0.040901
v -0.504930 -0.706253 -0.005764
v -0.552516 -0.716235 -0.053349
v -0.562813 0.663591 -0.044899
v -0.525425 0.653608 0.011056
v -0.488761 0.637078 0.065928
v -0.453174 0.614158 0.119188
v -0.419006 0.585071 0.170324
v -0.386587 0.550095 0.218843
v -0.356228 0.509568 0.264278
v -0.328222 0.463880 0.306191
v -0.302839 0.413472 0.344179
v -0.280324 0.358828 0.377876
v -0.260893 0.300474 0.406957
v -0.244732 0.238974 0.431143
v -0.231999 0.174918 0.450199
v -0.222815 0.108925 0.463944
v -0.217269 0.041628 0.472244
v -0.215415 -0.026322 0.475020
v -0.217269 -0.094273 0.472244
v -0.222815 -0.161569 0.463944
v -0.231999 -0.227562 0.450199
v -0.244732 -0.291618 0.431143
v -0.260893 -0.353118 0.406957
v -0.280324 -0.411472 0.377876
v -0.302839 -0.466116 0.344179
v -0.328222 -0.516525 0.306191
v -0.356228 -0.562212 0.264278
v -0.386587 -0.602739 0.218843
v -0.419006 -0.637715 0.170324
v -0.453174 -0.666803 0.119188
v -0.488761 -0.689722 0.065928
v -0.525425 -0.706253 0.011056
v -0.562813 -0.716235 -0.044899
v -0.574561 0.663591 -0.038619
v -0.548808 0.653608 0.023554
v -0.523553 0.637078 0.084524
v -0.499040 0.614158 0.143704
v -0.475505 0.585071 0.200523
v -0.453174 0.550095 0.254434
v -0.432262 0.509568 0.304919
v -0.412972 0.463880 0.351491
v -0.395488 0.413472 0.393701
v -0.379979 0.358828 0.431142
v -0.366594 0.300474 0.463456
v -0.355463 0.238974 0.490329
v -0.346692 0.174918 0.511504
v -0.340366 0.108925 0.526776
v -0.336546 0.041628 0.535999
v -0.335269 -0.026322 0.539083
v -0.336546 -0.094273 0.535999
v -0.340366 -0.161569 0.526776
v -0.346692 -0.227562 0.511504
v -0.355463 -0.291618 0.490329
v -0.366594 -0.353118 0.463456
v -0.379979 -0.411472 0.431142
v -0.395488 -0.466116 0.393701
v -0.412972 -0.516525 0.351491
v -0.432262 -0.562212 0.304919
v -0.453174 -0.602739 0.254434
v -0.475505 -0.637715 0.200523
v -0.499040 -0.666803 0.143704
v -0.523553 -0.689722 0.084524
v -0.548808 -0.706253 0.023554
v -0.574561 -0.716235 -0.038619
v -0.587308 0.663591 -0.034753
v -0.574179 0.653608 0.031250
v -0.561304 0.637078 0.095976
v -0.548808 0.614158 0.158801
v -0.536809 0.585071 0.219119
v -0.525425 0.550095 0.276352
v -0.514765 0.509568 0.329946
v -0.504930 0.463880 0.379386
v -0.496017 0.413472 0.424196
v -0.488111 0.358828 0.463944
v -0.481287 0.300474 0.498247
v -0.475613 0.238974 0.526776
v -0.471141 0.174918 0.549255
v -0.467916 0.108925 0.565468
v -0.465969 0.041628 0.575259
v -0.465318 -0.026322 0.578533
v -0.465969 -0.094273 0.575259
v -0.467916 -0.161569 0.565468
v -0.471141 -0.227562 0.549255
v -0.475613 -0.291618 0.526776
v -0.481287 -0.353118 0.498247
v -0.488111 -0.411472 0.463944
v -0.496017 -0.466116 0.424196
v -0.504930 -0.516525 0.379386
v -0.514765 -0.562212 0.329946
v -0.525425 -0.602739 0.276352
v -0.536809 -0.637715 0.219119
v -0.548808 -0.666803 0.158801
v -0.561304 -0.689722 0.095976
v -0.574179 -0.706253 0.031250
v -0.587308 -0.716235 -0.034753
v -0.600564 0.663591 -0.033447
v -0.600564 0.653608 0.033849
v -0.600564 0.637078 0.099843
v -0.600564 0.614158 0.163898
v -0.600564 0.585071 0.225399
v -0.600564 0.550095 0.283752
v -0.600564 0.509568 0.338396
v -0.600564 0.463880 0.388805
v -0.600564 0.413472 0.434493
v -0.600564 0.358828 0.475020
v -0.600564 0.300474 0.509995
v -0.600564 0.238974 0.539083
v -0.600564 0.174918 0.562002
v -0.600564 0.108925 0.578533
v -0.600564 0.041628 0.588515
v -0.600564 -0.026322 0.591853
v -0.600564 -0.094273 0.588515
v -0.600564 -0.161569 0.578533
v -0.600564 -0.227562 0.562002
v -0.600564 -0.291618 0.539083
v -0.600564 -0.353118 0.509995
v -0.600564 -0.411472 0.475020
v -0.600564 -0.466116 0.434493
v -0.600564 -0.516525 0.388805
v -0.600564 -0.562212 0.338396
v -0.600564 -0.602739 0.283752
v -0.600564 -0.637715 0.225399
v -0.600564 -0.666803 0.163898
v -0.600564 -0.689722 0.099843
v -0.600564 -0.706253 0.033849
v -0.600564 -0.716235 -0.033447
v -0.600564 -0.719573 -0.101397
v -0.600564 0.666929 -0.101397
v -0.613821 0.663591 -0.034753
v -0.626949 0.653608 0.031250
v -0.639824 0.637078 0.095976
v -0.652321 0.614158 0.158801
v -0.664319 0.585071 0.219119
v -0.675703 0.550095 0.276351
v -0.686364 0.509568 0.329946
v -0.696198 0.463880 0.379386
v -0.705111 0.413472 0.424196
v -0.713018 0.358828 0.463944
v -0.719841 0.300474 0.498247
v -0.725516 0.238974 0.526776
v -0.729987 0.174918 0.549255
v -0.733212 0.108925 0.565468
v -0.735159 0.041628 0.575259
v -0.735811 -0.026322 0.578533
v -0.735159 -0.094273 0.575259
v -0.733212 -0.161569 0.565468
v -0.729987 -0.227562 0.549255
v -0.725516 -0.291618 0.526776
v -0.719841 -0.353118 0.498247
v -0.713018 -0.411472 0.463944
v -0.705111 -0.466116 0.424196
v -0.696198 -0.516525 0.379386
v -0.686364 -0.562212 0.329946
v -0.675703 -0.602739 0.276351
v -0.664319 -0.637715 0.219119
v -0.652321 -0.666803 0.158801
v -0.639824 -0.689722 0.095976
v -0.626949 -0.706253 0.031250
v -0.613821 -0.716235 -0.034753
v -0.626568 0.663591 -0.038619
v -0.652321 0.653608 0.023554
v -0.677575 0.637078 0.084524
v -0.702088 0.614158 0.143704
v -0.725624 0.585071 0.200523
v -0.747954 0.550095 0.254434
v -0.768866 0.509568 0.304919
v -0.788157 0.463880 0.351491
v -0.805640 0.413472 0.393701
v -0.821149 0.358828 0.431142
v -0.834534 0.300474 0.463456
v -0.845665 0.238974 0.490329
v -0.854436 0.174918 0.511504
v -0.860762 0.108925 0.526776
v -0.864582 0.041628 0.535999
v -0.865860 -0.026322 0.539083
v -0.864582 -0.094273 0.535999
v -0.860762 -0.161569 0.526776
v -0.854436 -0.227562 0.511504
v -0.845665 -0.291618 0.490329
v -0.834534 -0.353118 0.463456
v -0.821149 -0.411472 0.431142
v -0.805640 -0.466116 0.393701
v -0.788157 -0.516525 0.351491
v -0.768866 -0.562212 0.304919
v -0.747954 -0.602739 0.254434
v -0.725624 -0.637715 0.200523
v -0.702088 -0.666803 0.143704
v -0.677575 -0.689722 0.084524
v -0.652321 -0.706253 0.023554
v -0.626568 -0.716235 -0.038619
v -0.638315 0.663591 -0.044899
v -0.675703 0.653608 0.011056
v -0.712367 0.637078 0.065928
v -0.747954 0.614158 0.119188
v -0.782122 0.585071 0.170324
v -0.814542 0.550095 0.218843
v -0.844900 0.509568 0.264277
v -0.872906 0.463880 0.306191
v -0.898289 0.413472 0.344179
v -0.920804 0.358828 0.377876
v -0.940236 0.300474 0.406957
v -0.956396 0.238974 0.431142
v -0.969129 0.174918 0.450199
v -0.978313 0.108925 0.463944
v -0.983859 0.041628 0.472244
v -0.985714 -0.026322 0.475019
v -0.983859 -0.094273 0.472244
v -0.978313 -0.161569 0.463944
v -0.969129 -0.227562 0.450199
v -0.956396 -0.291618 0.431142
v -0.940236 -0.353118 0.406957
v -0.920804 -0.411472 0.377876
v -0.898289 -0.466116 0.344179
v -0.872906 -0.516525 0.306191
v -0.844900 -0.562212 0.264277
v -0.814542 -0.602739 0.218843
v -0.782122 -0.637715 0.170324
v -0.747954 -0.666803 0.119188
v -0.712367 -0.689722 0.065928
v -0.675703 -0.706253 0.011056
v -0.638315 -0.716235 -0.044899
v -0.648612 0.663591 -0.053349
v -0.696198 0.653608 -0.005764
v -0.742862 0.637078 0.040901
v -0.788157 0.614158 0.086195
v -0.831644 0.585071 0.129682
v -0.872906 0.550095 0.170944
v -0.911545 0.509568 0.209584
v -0.947190 0.463880 0.245228
v -0.979496 0.413472 0.277534
v -1.008152 0.358828 0.306191
v -1.032884 0.300474 0.330922
v -1.053452 0.238974 0.351490
v -1.069659 0.174918 0.367697
v -1.081347 0.108925 0.379386
v -1.088406 0.041628 0.386444
v -1.090766 -0.026322 0.388804
v -1.088406 -0.094273 0.386444
v -1.081347 -0.161569 0.379386
v -1.069659 -0.227562 0.367697
v -1.053452 -0.291618 0.351490
v -1.032884 -0.353118 0.330922
v -1.008152 -0.411472 0.306191
v -0.979496 -0.466116 0.277534
v -0.947190 -0.516525 0.245228
v -0.911545 -0.562212 0.209584
v -0.872906 -0.602739 0.170944
v -0.831644 -0.637715 0.129682
v -0.788157 -0.666803 0.086195
v -0.742862 -0.689722 0.040901
v -0.696198 -0.706253 -0.005764
v -0.648612 -0.716235 -0.053349
v -0.657063 0.663591 -0.063646
v -0.713017 0.653608 -0.026259
v -0.767889 0.637078 0.010405
v -0.821149 0.614158 0.045993
v -0.872285 0.585071 0.080161
v -0.920804 0.550095 0.112580
v -0.966239 0.509568 0.142939
v -1.008153 0.463880 0.170944
v -1.046141 0.413472 0.196327
v -1.079837 0.358828 0.218843
v -1.108918 0.300474 0.238274
v -1.133104 0.238974 0.254434
v -1.152161 0.174918 0.267168
v -1.165905 0.108925 0.276351
v -1.174205 0.041628 0.281897
v -1.176981 -0.026322 0.283752
v -1.174205 -0.094273 0.281897
v -1.165905 -0.161569 0.276351
v -1.152161 -0.227562 0.267168
v -1.133104 -0.291618 0.254434
v -1.108918 -0.353118 0.238274
v -1.079837 -0.411472 0.218843
v -1.046141 -0.466116 0.196327
v -1.008153 -0.516525 0.170944
v -0.966239 -0.562212 0.142939
v -0.920804 -0.602739 0.112580
v -0.872285 -0.637715 0.080161
v -0.821149 -0.666803 0.045993
v -0.767889 -0.689722 0.010405
v -0.713017 -0.706253 -0.026259
v -0.657063 -0.716235 -0.063646
v -0.663342 0.663591 -0.075394
v -0.725516 0.653608 -0.049641
v -0.786486 0.637078 -0.024386
v -0.845665 0.614158 0.000127
v -0.902484 0.585071 0.023662
v -0.956396 0.550095 0.045993
v -1.006881 0.509568 0.066904
v -1.053452 0.463880 0.086195
v -1.095662 0.413472 0.103679
v -1.133104 0.358828 0.119188
v -1.165417 0.300474 0.132572
v -1.192291 0.238974 0.143704
v -1.213466 0.174918 0.152474
v -1.228738 0.108925 0.158800
v -1.237960 0.041628 0.162620
v -1.241044 -0.026322 0.163898
v -1.237960 -0.094273 0.162620
v -1.228738 -0.161569 0.158800
v -1.213466 -0.227562 0.152474
v -1.192291 -0.291618 0.143704
v -1.165417 -0.353118 0.132572
v -1.133104 -0.411472 0.119188
v -1.095662 -0.466116 0.103679
v -1.053452 -0.516525 0.086195
v -1.006881 -0.562212 0.066904
v -0.956396 -0.602739 0.045993
v -0.902484 -0.637715 0.023662
v -0.845665 -0.666803 0.000127
v -0.786486 -0.689722 -0.024386
v -0.725516 -0.706253 -0.049641
v -0.663342 -0.716235 -0.075394
v -0.667209 0.663591 -0.088141
v -0.733212 0.653608 -0.075012
v -0.797937 0.637078 -0.062138
v -0.860762 0.614158 -0.049641
v -0.921081 0.585071 -0.037643
v -0.978313 0.550095 -0.026259
v -1.031907 0.509568 -0.015598
v -1.081347 0.463880 -0.005764
v -1.126157 0.413472 0.003149
v -1.165905 0.358828 0.011056
v -1.200209 0.300474 0.017879
v -1.228738 0.238974 0.023554
v -1.251217 0.174918 0.028025
v -1.267430 0.108925 0.031250
v -1.277220 0.041628 0.033198
v -1.280494 -0.026322 0.033849
v -1.277220 -0.094273 0.033198
v -1.267430 -0.161569 0.031250
v -1.251217 -0.227562 0.028025
v -1.228738 -0.291618 0.023554
v -1.200209 -0.353118 0.017879
v -1.165905 -0.411472 0.011056
v -1.126157 -0.466116 0.003149
v -1.081347 -0.516525 -0.005764
v -1.031907 -0.562212 -0.015598
v -0.978313 -0.602739 -0.026259
v -0.921081 -0.637715 -0.037643
v -0.860762 -0.666803 -0.049641
v -0.797937 -0.689722 -0.062138
v -0.733212 -0.706253 -0.075012
v -0.667209 -0.716235 -0.088141
v -0.668515 0.663591 -0.101397
v -0.735811 0.653608 -0.101397
v -0.801804 0.637078 -0.101398
v -0.865860 0.614158 -0.101398
v -0.927360 0.585071 -0.101398
v -0.985713 0.550095 -0.101398
v -1.040358 0.509568 -0.101398
v -1.090767 0.463880 -0.101397
v -1.136454 0.413472 -0.101398
v -1.176981 0.358828 -0.101398
v -1.211957 0.300474 -0.101398
v -1.241044 0.238974 -0.101397
v -1.263964 0.174918 -0.101398
v -1.280494 0.108925 -0.101398
v -1.290476 0.041628 -0.101398
v -1.293815 -0.026322 -0.101398
v -1.290476 -0.094273 -0.101398
v -1.280494 -0.161569 -0.101398
v -1.263964 -0.227562 -0.101398
v -1.241044 -0.291618 -0.101397
v -1.211957 -0.353118 -0.101398
v -1.176981 -0.411472 -0.101398
v -1.136454 -0.466116 -0.101398
v -1.090767 -0.516525 -0.101397
v -1.040358 -0.562212 -0.101398
v -0.985713 -0.602739 -0.101398
v -0.927360 -0.637715 -0.101398
v -0.865860 -0.666803 -0.101398
v -0.801804 -0.689722 -0.101398
v -0.735811 -0.706253 -0.101397
v -0.668515 -0.716235 -0.101397
v -0.667209 0.663591 -0.114654
v -0.733212 0.653608 -0.127783
v -0.797937 0.637078 -0.140657
v -0.860762 0.614158 -0.153154
v -0.921081 0.585071 -0.165152
v -0.978313 0.550095 -0.176536
v -1.031907 0.509568 -0.187197
v -1.081347 0.463880 -0.197031
v -1.126157 0.413472 -0.205945
v -1.165905 0.358828 -0.213851
v -1.200209 0.300474 -0.220674
v -1.228738 0.238974 -0.226349
v -1.251217 0.174918 -0.230820
v -1.267430 0.108925 -0.234045
v -1.277220 0.041628 -0.235993
v -1.280494 -0.026322 -0.236644
v -1.277220 -0.094273 -0.235993
v -1.267430 -0.161569 -0.234045
v -1.251217 -0.227562 -0.230820
v -1.228738 -0.291618 -0.226349
v -1.200209 -0.353118 -0.220674
v -1.165905 -0.411472 -0.213851
v -1.126157 -0.466116 -0.205945
v -1.081347 -0.516525 -0.197031
v -1.031907 -0.562212 -0.187197
v -0.978313 -0.602739 -0.176536
v -0.921081 -0.637715 -0.165152
v -0.860762 -0.666803 -0.153154
v -0.797937 -0.689722 -0.140657
v -0.733212 -0.706253 -0.127783
v -0.667209 -0.716235 -0.114654
v -0.663342 0.663591 -0.127401
v -0.725516 0.653608 -0.153154
v -0.786486 0.637078 -0.178409
v -0.845665 0.614158 -0.202922
v -0.902484 0.585071 -0.226457
v -0.956396 0.550095 -0.248788
v -1.006880 0.509568 -0.269699
v -1.053452 0.463880 -0.288990
v -1.095662 0.413472 -0.306474
v -1.133104 0.358828 -0.321983
v -1.165417 0.300474 -0.335367
v -1.192291 0.238974 -0.346499
v -1.213465 0.174918 -0.355270
v -1.228738 0.108925 -0.361596
v -1.237960 0.041628 -0.365416
v -1.241044 -0.026322 -0.366693
v -1.237960 -0.094273 -0.365416
v -1.228738 -0.161569 -0.361596
v -1.213465 -0.227562 -0.355270
v -1.192291 -0.291618 -0.346499
v -1.165417 -0.353118 -0.335367
v -1.133104 -0.411472 -0.321983
v -1.095662 -0.466116 -0.306474
v -1.053452 -0.516525 -0.288990
v -1.006880 -0.562212 -0.269699
v -0.956396 -0.602739 -0.248788
v -0.902484 -0.637715 -0.226457
v -0.845665 -0.666803 -0.202922
v -0.786486 -0.689722 -0.178409
v -0.725516 -0.706253 -0.153154
v -0.663342 -0.716235 -0.127401
v -0.657063 0.663591 -0.139149
v -0.713017 0.653608 -0.176536
v -0.767889 0.637078 -0.213200
v -0.821149 0.614158 -0.248788
v -0.872285 0.585071 -0.282956
v -0.920804 0.550095 -0.315375
v -0.966239 0.509568 -0.345734
v -1.008152 0.463880 -0.373739
v -1.046140 0.413472 -0.399122
v -1.079837 0.358828 -0.421638
v -1.108918 0.300474 -0.441069
v -1.133104 0.238974 -0.457229
v -1.152161 0.174918 -0.469963
v -1.165905 0.108925 -0.479147
v -1.174205 0.041628 -0.484692
v -1.176980 -0.026322 -0.486547
v -1.174205 -0.094273 -0.484692
v -1.165905 -0.161569 -0.479147
v -1.152161 -0.227562 -0.469963
v -1.133104 -0.291618 -0.457229
v -1.108918 -0.353118 -0.441069
v -1.079837 -0.411472 -0.421638
v -1.046140 -0.466116 -0.399122
v -1.008152 -0.516525 -0.373739
v -0.966239 -0.562212 -0.345734
v -0.920804 -0.602739 -0.315375
v -0.872285 -0.637715 -0.282956
v -0.821149 -0.666803 -0.248788
v -0.767889 -0.689722 -0.213200
v -0.713017 -0.706253 -0.176536
v -0.657063 -0.716235 -0.139149
v -0.648612 0.663591 -0.149446
v -0.696198 0.653608 -0.197031
v -0.742862 0.637078 -0.243696
v -0.788156 0.614158 -0.288990
v -0.831644 0.585071 -0.332477
v -0.872906 0.550095 -0.373739
v -0.911545 0.509568 -0.412378
v -0.947190 0.463880 -0.448023
v -0.979496 0.413472 -0.480329
v -1.008152 0.358828 -0.508986
v -1.032884 0.300474 -0.533717
v -1.053452 0.238974 -0.554285
v -1.069658 0.174918 -0.570492
v -1.081347 0.108925 -0.582181
v -1.088406 0.041628 -0.589239
v -1.090766 -0.026322 -0.591600
v -1.088406 -0.094273 -0.589239
v -1.081347 -0.161569 -0.582181
v -1.069658 -0.227562 -0.570492
v -1.053452 -0.291618 -0.554285
v -1.032884 -0.353118 -0.533717
v -1.008152 -0.411472 -0.508986
v -0.979496 -0.466116 -0.480329
v -0.947190 -0.516525 -0.448023
v -0.911545 -0.562212 -0.412378
v -0.872906 -0.602739 -0.373739
v -0.831644 -0.637715 -0.332477
v -0.788156 -0.666803 -0.288990
v -0.742862 -0.689722 -0.243696
v -0.696198 -0.706253 -0.197031
v -0.648612 -0.716235 -0.149446
v -0.638315 0.663591 -0.157896
v -0.675703 0.653608 -0.213851
v -0.712367 0.637078 -0.268722
v -0.747954 0.614158 -0.321983
v -0.782122 0.585071 -0.373119
v -0.814541 0.550095 -0.421637
v -0.844900 0.509568 -0.467072
v -0.872906 0.463880 -0.508986
v -0.898289 0.413472 -0.546974
v -0.920804 0.358828 -0.580671
v -0.940235 0.300474 -0.609752
v -0.956396 0.238974 -0.633937
v -0.969129 0.174918 -0.652994
v -0.978313 0.108925 -0.666739
v -0.983859 0.041628 -0.675039
v -0.985713 -0.026322 -0.677814
v -0.983859 -0.094273 -0.675039
v -0.978313 -0.161569 -0.666739
v -0.969129 -0.227562 -0.652994
v -0.956396 -0.291618 -0.633937
v -0.940235 -0.353118 -0.609752
v -0.920804 -0.411472 -0.580671
v -0.898289 -0.466116 -0.546974
v -0.872906 -0.516525 -0.508986
v -0.844900 -0.562212 -0.467072
v -0.814541 -0.602739 -0.421637
v -0.782122 -0.637715 -0.373119
v -0.747954 -0.666803 -0.321983
v -0.712367 -0.689722 -0.268722
v -0.675703 -0.706253 -0.213851
v -0.638315 -0.716235 -0.157896
v -0.626568 0.663591 -0.164176
v -0.652321 0.653608 -0.226349
v -0.677575 0.637078 -0.287319
v -0.702088 0.614158 -0.346499
v -0.725623 0.585071 -0.403318
v -0.747954 0.550095 -0.457229
v -0.768866 0.509568 -0.507714
v -0.788156 0.463880 -0.554285
v -0.805640 0.413472 -0.596495
v -0.821149 0.358828 -0.633937
v -0.834534 0.300474 -0.666250
v -0.845665 0.238974 -0.693124
v -0.854436 0.174918 -0.714299
v -0.860762 0.108925 -0.729571
v -0.864582 0.041628 -0.738793
v -0.865859 -0.026322 -0.741877
v -0.864582 -0.094273 -0.738793
v -0.860762 -0.161569 -0.729571
v -0.854436 -0.227562 -0.714299
v -0.845665 -0.291618 -0.693124
v -0.834534 -0.353118 -0.666250
v -0.821149 -0.411472 -0.633937
v -0.805640 -0.466116 -0.596495
v -0.788156 -0.516525 -0.554285
v -0.768866 -0.562212 -0.507714
v -0.747954 -0.602739 -0.457229
v -0.725623 -0.637715 -0.403318
v -0.702088 -0.666803 -0.346499
v -0.677575 -0.689722 -0.287319
v -0.652321 -0.706253 -0.226349
v -0.626568 -0.716235 -0.164176
v -0.613821 0.663591 -0.168042
v -0.626949 0.653608 -0.234045
v -0.639824 0.637078 -0.298771
v -0.652321 0.614158 -0.361595
v -0.664319 0.585071 -0.421914
v -0.675703 0.550095 -0.479146
v -0.686363 0.509568 -0.532740
v -0.696198 0.463880 -0.582181
v -0.705111 0.413472 -0.626991
v -0.713017 0.358828 -0.666739
v -0.719841 0.300474 -0.701042
v -0.725516 0.238974 -0.729571
v -0.729987 0.174918 -0.752050
v -0.733212 0.108925 -0.768263
v -0.735159 0.041628 -0.778053
v -0.735810 -0.026322 -0.781327
v -0.735159 -0.094273 -0.778053
v -0.733212 -0.161569 -0.768263
v -0.729987 -0.227562 -0.752050
v -0.725516 -0.291618 -0.729571
v -0.719841 -0.353118 -0.701042
v -0.713017 -0.411472 -0.666739
v -0.705111 -0.466116 -0.626991
v -0.696198 -0.516525 -0.582181
v -0.686363 -0.562212 -0.532740
v -0.675703 -0.602739 -0.479146
v -0.664319 -0.637715 -0.421914
v -0.652321 -0.666803 -0.361595
v -0.639824 -0.689722 -0.298771
v -0.626949 -0.706253 -0.234045
v -0.613821 -0.716235 -0.168042
v -0.600564 0.663591 -0.169348
v -0.600564 0.653608 -0.236644
v -0.600564 0.637078 -0.302638
v -0.600564 0.614158 -0.366693
v -0.600564 0.585071 -0.428194
v -0.600564 0.550095 -0.486547
v -0.600564 0.463880 -0.591600
v -0.600564 0.358828 -0.677814
v -0.600564 0.300474 -0.712790
v -0.600564 -0.026322 -0.794648
v -0.600564 -0.227562 -0.764797
v -0.600564 -0.291618 -0.741878
v -0.600564 -0.516525 -0.591600
v -0.600564 -0.666803 -0.366693
v -0.600564 -0.689722 -0.302638
vn -0.0000 0.7715 -0.6362
vn -0.0000 0.6329 -0.7742
vn -0.0000 0.3816 -0.9243
vn -0.0000 0.2894 -0.9572
vn -0.0000 0.1945 -0.9809
vn -0.0000 0.0977 -0.9952
vn -0.0000 -0.0977 -0.9952
vn -0.0000 -0.1945 -0.9809
vn -0.0000 -0.4701 -0.8826
vn -0.0000 -0.5542 -0.8324
vn -0.0000 -0.6329 -0.7742
vn -0.0000 -0.7715 -0.6362
vn -0.0000 -0.8301 -0.5577
vn -0.0000 -0.8806 -0.4738
vn -0.0000 -0.9802 -0.1980
vn -0.0000 -0.9949 -0.1011
vn 0.0197 0.9949 -0.0991
vn 0.0386 0.9802 -0.1942
vn 0.0572 0.9561 -0.2875
vn 0.0752 0.9228 -0.3779
vn 0.0924 0.8806 -0.4647
vn 0.1088 0.8301 -0.5470
vn 0.1241 0.7715 -0.6240
vn 0.1382 0.7056 -0.6950
vn 0.1510 0.6329 -0.7594
vn 0.1624 0.5542 -0.8164
vn 0.1722 0.4701 -0.8656
vn 0.1803 0.3816 -0.9066
vn 0.1867 0.2894 -0.9388
vn 0.1914 0.1945 -0.9621
vn 0.1942 0.0977 -0.9761
vn 0.1951 -0.0000 -0.9808
vn 0.1942 -0.0977 -0.9761
vn 0.1914 -0.1945 -0.9621
vn 0.1867 -0.2894 -0.9388
vn 0.1803 -0.3816 -0.9066
vn 0.1722 -0.4701 -0.8656
vn 0.1624 -0.5542 -0.8164
vn 0.1510 -0.6329 -0.7594
vn 0.1382 -0.7056 -0.6950
vn 0.1241 -0.7715 -0.6240
vn 0.1088 -0.8301 -0.5470
vn 0.0924 -0.8806 -0.4647
vn 0.0752 -0.9228 -0.3779
vn 0.0572 -0.9561 -0.2875
vn 0.0386 -0.9802 -0.1942
vn 0.0197 -0.9949 -0.0991
vn 0.0387 0.9949 -0.0934
vn 0.0758 0.9802 -0.1830
vn 0.1122 0.9561 -0.2708
vn 0.1474 0.9228 -0.3560
vn 0.1813 0.8806 -0.4377
vn 0.2134 0.8301 -0.5152
vn 0.2435 0.7715 -0.5878
vn 0.2712 0.7056 -0.6547
vn 0.2963 0.6329 -0.7153
vn 0.3185 0.5542 -0.7690
vn 0.3378 0.4701 -0.8154
vn 0.3537 0.3816 -0.8540
vn 0.3663 0.2894 -0.8843
vn 0.3754 0.1945 -0.9062
vn 0.3809 0.0977 -0.9195
vn 0.3827 -0.0000 -0.9239
vn 0.3809 -0.0977 -0.9195
vn 0.3754 -0.1945 -0.9062
vn 0.3663 -0.2894 -0.8843
vn 0.3537 -0.3816 -0.8540
vn 0.3378 -0.4701 -0.8154
vn 0.3185 -0.5542 -0.7690
vn 0.2963 -0.6329 -0.7153
vn 0.2712 -0.7056 -0.6547
vn 0.2435 -0.7715 -0.5878
vn 0.2134 -0.8301 -0.5152
vn 0.1813 -0.8806 -0.4377
vn 0.1474 -0.9228 -0.3560
vn 0.1122 -0.9561 -0.2708
vn 0.0758 -0.9802 -0.1830
vn 0.0387 -0.9949 -0.0934
vn 0.0561 0.9949 -0.0840
vn 0.1100 0.9802 -0.1647
vn 0.1628 0.9561 -0.2437
vn 0.2141 0.9228 -0.3204
vn 0.2632 0.8806 -0.3939
vn 0.3098 0.8301 -0.4637
vn 0.3535 0.7715 -0.5290
vn 0.3937 0.7056 -0.5892
vn 0.4301 0.6329 -0.6438
vn 0.4625 0.5542 -0.6921
vn 0.4903 0.4701 -0.7339
vn 0.5135 0.3816 -0.7685
vn 0.5318 0.2894 -0.7959
vn 0.5450 0.1945 -0.8156
vn 0.5529 0.0977 -0.8275
vn 0.5556 -0.0000 -0.8315
vn 0.5529 -0.0977 -0.8275
vn 0.5450 -0.1945 -0.8156
vn 0.5318 -0.2894 -0.7959
vn 0.5135 -0.3816 -0.7685
vn 0.4903 -0.4701 -0.7339
vn 0.4625 -0.5542 -0.6921
vn 0.4301 -0.6329 -0.6438
vn 0.3937 -0.7056 -0.5892
vn 0.3535 -0.7715 -0.5290
vn 0.3098 -0.8301 -0.4637
vn 0.2632 -0.8806 -0.3939
vn 0.2141 -0.9228 -0.3204
vn 0.1628 -0.9561 -0.2437
vn 0.1100 -0.9802 -0.1647
vn 0.0561 -0.9949 -0.0840
vn 0.0715 0.9949 -0.0715
vn 0.1400 0.9802 -0.1400
vn 0.2072 0.9561 -0.2072
vn 0.2724 0.9228 -0.2724
vn 0.3350 0.8806 -0.3350
vn 0.3943 0.8301 -0.3943
vn 0.4499 0.7715 -0.4499
vn 0.5011 0.7056 -0.5011
vn 0.5475 0.6329 -0.5475
vn 0.5886 0.5542 -0.5886
vn 0.6241 0.4701 -0.6241
vn 0.6536 0.3816 -0.6536
vn 0.6768 0.2894 -0.6768
vn 0.6936 0.1945 -0.6936
vn 0.7037 0.0977 -0.7037
vn 0.7071 -0.0000 -0.7071
vn 0.7037 -0.0977 -0.7037
vn 0.6936 -0.1945 -0.6936
vn 0.6768 -0.2894 -0.6768
vn 0.6536 -0.3816 -0.6536
vn 0.6241 -0.4701 -0.6241
vn 0.5886 -0.5542 -0.5886
vn 0.5475 -0.6329 -0.5475
vn 0.5011 -0.7056 -0.5011
vn 0.4499 -0.7715 -0.4499
vn 0.3943 -0.8301 -0.3943
vn 0.3350 -0.8806 -0.3350
vn 0.2724 -0.9228 -0.2724
vn 0.2072 -0.9561 -0.2072
vn 0.1400 -0.9802 -0.1400
vn 0.0715 -0.9949 -0.0715
vn 0.0840 0.9949 -0.0561
vn 0.1647 0.9802 -0.1100
vn 0.2437 0.9561 -0.1628
vn 0.3204 0.9228 -0.2141
vn 0.3939 0.8806 -0.2632
vn 0.4637 0.8301 -0.3098
vn 0.5290 0.7715 -0.3535
vn 0.5892 0.7056 -0.3937
vn 0.6438 0.6329 -0.4301
vn 0.6921 0.5542 -0.4625
vn 0.7339 0.4701 -0.4903
vn 0.7685 0.3816 -0.5135
vn 0.7959 0.2894 -0.5318
vn 0.8156 0.1945 -0.5450
vn 0.8275 0.0977 -0.5529
vn 0.8315 -0.0000 -0.5556
vn 0.8275 -0.0977 -0.5529
vn 0.8156 -0.1945 -0.5450
vn 0.7959 -0.2894 -0.5318
vn 0.7685 -0.3816 -0.5135
vn 0.7339 -0.4701 -0.4903
vn 0.6921 -0.5542 -0.4625
vn 0.6438 -0.6329 -0.4301
vn 0.5892 -0.7056 -0.3937
vn 0.5290 -0.7715 -0.3535
vn 0.4637 -0.8301 -0.3098
vn 0.3939 -0.8806 -0.2632
vn 0.3204 -0.9228 -0.2141
vn 0.2437 -0.9561 -0.1628
vn 0.1647 -0.9802 -0.1100
vn 0.0840 -0.9949 -0.0561
vn 0.0934 0.9949 -0.0387
vn 0.1830 0.9802 -0.0758
vn 0.2708 0.9561 -0.1122
vn 0.3560 0.9228 -0.1474
vn 0.4377 0.8806 -0.1813
vn 0.5152 0.8301 -0.2134
vn 0.5878 0.7715 -0.2435
vn 0.6547 0.7056 -0.2712
vn 0.7153 0.6329 -0.2963
vn 0.7690 0.5542 -0.3185
vn 0.8154 0.4701 -0.3378
vn 0.8540 0.3816 -0.3537
vn 0.8843 0.2894 -0.3663
vn 0.9062 0.1945 -0.3754
vn 0.9195 0.0977 -0.3809
vn 0.9239 -0.0000 -0.3827
vn 0.9195 -0.0977 -0.3809
vn 0.9062 -0.1945 -0.3754
vn 0.8843 -0.2894 -0.3663
vn 0.8540 -0.3816 -0.3537
vn 0.8154 -0.4701 -0.3378
vn 0.7690 -0.5542 -0.3185
vn 0.7153 -0.6329 -0.2963
vn 0.6547 -0.7056 -0.2712
vn 0.5878 -0.7715 -0.2435
vn 0.5152 -0.8301 -0.2134
vn 0.4377 -0.8806 -0.1813
vn 0.3560 -0.9228 -0.1474
vn 0.2708 -0.9561 -0.1122
vn 0.1830 -0.9802 -0.0758
vn 0.0934 -0.9949 -0.0387
vn 0.0991 0.9949 -0.0197
vn 0.1942 0.9802 -0.0386
vn 0.2875 0.9561 -0.0572
vn 0.3779 0.9228 -0.0752
vn 0.4647 0.8806 -0.0924
vn 0.5470 0.8301 -0.1088
vn 0.6240 0.7715 -0.1241
vn 0.6950 0.7056 -0.1382
vn 0.7594 0.6329 -0.1510
vn 0.8164 0.5542 -0.1624
vn 0.8656 0.4701 -0.1722
vn 0.9066 0.3816 -0.1803
vn 0.9388 0.2894 -0.1867
vn 0.9621 0.1945 -0.1914
vn 0.9761 0.0977 -0.1942
vn 0.9808 -0.0000 -0.1951
vn 0.9761 -0.0977 -0.1942
vn 0.9621 -0.1945 -0.1914
vn 0.9388 -0.2894 -0.1867
vn 0.9066 -0.3816 -0.1803
vn 0.8656 -0.4701 -0.1722
vn 0.8164 -0.5542 -0.1624
vn 0.7594 -0.6329 -0.1510
vn 0.6950 -0.7056 -0.1382
vn 0.6240 -0.7715 -0.1241
vn 0.5470 -0.8301 -0.1088
vn 0.4647 -0.8806 -0.0924
vn 0.3779 -0.9228 -0.0752
vn 0.2875 -0.9561 -0.0572
vn 0.1942 -0.9802 -0.0386
vn 0.0991 -0.9949 -0.0197
vn 0.1011 0.9949 -0.0000
vn 0.1980 0.9802 -0.0000
vn 0.2931 0.9561 -0.0000
vn 0.3853 0.9228 -0.0000
vn 0.4738 0.8806 -0.0000
vn 0.5577 0.8301 -0.0000
vn 0.6362 0.7715 -0.0000
vn 0.7086 0.7056 -0.0000
vn 0.7742 0.6329 -0.0000
vn 0.8324 0.5542 -0.0000
vn 0.8826 0.4701 -0.0000
vn 0.9243 0.3816 -0.0000
vn 0.9572 0.2894 -0.0000
vn 0.9809 0.1945 -0.0000
vn 0.9952 0.0977 -0.0000
vn 1.0000 -0.0000 -0.0000
vn 0.9952 -0.0977 -0.0000
vn 0.9809 -0.1945 -0.0000
vn 0.9572 -0.2894 -0.0000
vn 0.9243 -0.3816 -0.0000
vn 0.8826 -0.4701 -0.0000
vn 0.8324 -0.5542 -0.0000
vn 0.7742 -0.6329 -0.0000
vn 0.7086 -0.7056 -0.0000
vn 0.6362 -0.7715 -0.0000
vn 0.5577 -0.8301 -0.0000
vn 0.4738 -0.8806 -0.0000
vn 0.3853 -0.9228 -0.0000
vn 0.2931 -0.9561 -0.0000
vn 0.1980 -0.9802 -0.0000
vn 0.1011 -0.9949 -0.0000
vn 0.0991 0.9949 0.0197
vn 0.1942 0.9802 0.0386
vn 0.2875 0.9561 0.0572
vn 0.3779 0.9228 0.0752
vn 0.4647 0.8806 0.0924
vn 0.5470 0.8301 0.1088
vn 0.6240 0.7715 0.1241
vn 0.6950 0.7056 0.1382
vn 0.7594 0.6329 0.1510
vn 0.8164 0.5542 0.1624
vn 0.8656 0.4701 0.1722
vn 0.9066 0.3816 0.1803
vn 0.9388 0.2894 0.1867
vn 0.9621 0.1945 0.1914
vn 0.9761 0.0977 0.1942
vn 0.9808 -0.0000 0.1951
vn 0.9761 -0.0977 0.1942
vn 0.9621 -0.1945 0.1914
vn 0.9388 -0.2894 0.1867
vn 0.9066 -0.3816 0.1803
vn 0.8656 -0.4701 0.1722
vn 0.8164 -0.5542 0.1624
vn 0.7594 -0.6329 0.1510
vn 0.6950 -0.7056 0.1382
vn 0.6240 -0.7715 0.1241
vn 0.5470 -0.8301 0.1088
vn 0.4647 -0.8806 0.0924
vn 0.3779 -0.9228 0.0752
vn 0.2875 -0.9561 0.0572
vn 0.1942 -0.9802 0.0386
vn 0.0991 -0.9949 0.0197
vn 0.0934 0.9949 0.0387
vn 0.1830 0.9802 0.0758
vn 0.2708 0.9561 0.1122
vn 0.3560 0.9228 0.1474
vn 0.4377 0.8806 0.1813
vn 0.5152 0.8301 0.2134
vn 0.5878 0.7715 0.2435
vn 0.6547 0.7056 0.2712
vn 0.7153 0.6329 0.2963
vn 0.7690 0.5542 0.3185
vn 0.8154 0.4701 0.3378
vn 0.8540 0.3816 0.3537
vn 0.8843 0.2894 0.3663
vn 0.9062 0.1945 0.3754
vn 0.9195 0.0977 0.3809
vn 0.9239 -0.0000 0.3827
vn 0.9195 -0.0977 0.3809
vn 0.9062 -0.1945 0.3754
vn 0.8843 -0.2894 0.3663
vn 0.8540 -0.3816 0.3537
vn 0.8154 -0.4701 0.3378
vn 0.7690 -0.5542 0.3185
vn 0.7153 -0.6329 0.2963
vn 0.6547 -0.7056 0.2712
vn 0.5878 -0.7715 0.2435
vn 0.5152 -0.8301 0.2134
vn 0.4377 -0.8806 0.1813
vn 0.3560 -0.9228 0.1474
vn 0.2708 -0.9561 0.1122
vn 0.1830 -0.9802 0.0758
vn 0.0934 -0.9949 0.0387
vn 0.0840 0.9949 0.0561
vn 0.1647 0.9802 0.1100
vn 0.2437 0.9561 0.1628
vn 0.3204 0.9228 0.2141
vn 0.3939 0.8806 0.2632
vn 0.4637 0.8301 0.3098
vn 0.5290 0.7715 0.3535
vn 0.5892 0.7056 0.3937
vn 0.6438 0.6329 0.4301
vn 0.6921 0.5542 0.4625
vn 0.7339 0.4701 0.4903
vn 0.7685 0.3816 0.5135
vn 0.7959 0.2894 0.5318
vn 0.8156 0.1945 0.5450
vn 0.8275 0.0977 0.5529
vn 0.8315 -0.0000 0.5556
vn 0.8275 -0.0977 0.5529
vn 0.8156 -0.1945 0.5450
vn 0.7959 -0.2894 0.5318
vn 0.7685 -0.3816 0.5135
vn 0.7339 -0.4701 0.4903
vn 0.6921 -0.5542 0.4625
vn 0.6438 -0.6329 0.4301
vn 0.5892 -0.7056 0.3937
vn 0.5290 -0.7715 0.3535
vn 0.4637 -0.8301 0.3098
vn 0.3939 -0.8806 0.2632
vn 0.3204 -0.9228 0.2141
vn 0.2437 -0.9561 0.1628
vn 0.1647 -0.9802 0.1100
vn 0.0840 -0.9949 0.0561
vn 0.0715 0.9949 0.0715
vn 0.1400 0.9802 0.1400
vn 0.2072 0.9561 0.2072
vn 0.2724 0.9228 0.2724
vn 0.3350 0.8806 0.3350
vn 0.3943 0.8301 0.3943
vn 0.4499 0.7715 0.4499
vn 0.5011 0.7056 0.5011
vn 0.5475 0.6329 0.5475
vn 0.5886 0.5542 0.5886
vn 0.6241 0.4701 0.6241
vn 0.6536 0.3816 0.6536
vn 0.6768 0.2894 0.6768
vn 0.6936 0.1945 0.6936
vn 0.7037 0.0977 0.7037
vn 0.7071 -0.0000 0.7071
vn 0.7037 -0.0977 0.7037
vn 0.6936 -0.1945 0.6936
vn 0.6768 -0.2894 0.6768
vn 0.6536 -0.3816 0.6536
vn 0.6241 -0.4701 0.6241
vn 0.5886 -0.5542 0.5886
vn 0.5475 -0.6329 0.5475
vn 0.5011 -0.7056 0.5011
vn 0.4499 -0.7715 0.4499
vn 0.3943 -0.8301 0.3943
vn 0.3350 -0.8806 0.3350
vn 0.2724 -0.9228 0.2724
vn 0.2072 -0.9561 0.2072
vn 0.1400 -0.9802 0.1400
vn 0.0715 -0.9949 0.0715
vn 0.0561 0.9949 0.0840
vn 0.1100 0.9802 0.1647
vn 0.1628 0.9561 0.2437
vn 0.2141 0.9228 0.3204
vn 0.2632 0.8806 0.3939
vn 0.3098 0.8301 0.4637
vn 0.3535 0.7715 0.5290
vn 0.3937 0.7056 0.5892
vn 0.4301 0.6329 0.6438
vn 0.4625 0.5542 0.6921
vn 0.4903 0.4701 0.7339
vn 0.5135 0.3816 0.7685
vn 0.5318 0.2894 0.7959
vn 0.5450 0.1945 0.8156
vn 0.5529 0.0977 0.8275
vn 0.5556 -0.0000 0.8315
vn 0.5529 -0.0977 0.8275
vn 0.5450 -0.1945 0.8156
vn 0.5318 -0.2894 0.7959
vn 0.5135 -0.3816 0.7685
vn 0.4903 -0.4701 0.7339
vn 0.4625 -0.5542 0.6921
vn 0.4301 -0.6329 0.6438
vn 0.3937 -0.7056 0.5892
vn 0.3535 -0.7715 0.5290
vn 0.3098 -0.8301 0.4637
vn 0.2632 -0.8806 0.3939
vn 0.2141 -0.9228 0.3204
vn 0.1628 -0.9561 0.2437
vn 0.1100 -0.9802 0.1647
vn 0.0561 -0.9949 0.0840
vn 0.0387 0.9949 0.0934
vn 0.0758 0.9802 0.1830
vn 0.1122 0.9561 0.2708
vn 0.1474 0.9228 0.3560
vn 0.1813 0.8806 0.4377
vn 0.2134 0.8301 0.5152
vn 0.2435 0.7715 0.5878
vn 0.2712 0.7056 0.6547
vn 0.2963 0.6329 0.7153
vn 0.3185 0.5542 0.7690
vn 0.3378 0.4701 0.8154
vn 0.3537 0.3816 0.8540
vn 0.3663 0.2894 0.8843
vn 0.3754 0.1945 0.9062
vn 0.3809 0.0977 0.9195
vn 0.3827 -0.0000 0.9239
vn 0.3809 -0.0977 0.9195
vn 0.3754 -0.1945 0.9062
vn 0.3663 -0.2894 0.8843
vn 0.3537 -0.3816 0.8540
vn 0.3378 -0.4701 0.8154
vn 0.3185 -0.5542 0.7690
vn 0.2963 -0.6329 0.7153
vn 0.2712 -0.7056 0.6547
vn 0.2435 -0.7715 0.5878
vn 0.2134 -0.8301 0.5152
vn 0.1813 -0.8806 0.4377
vn 0.1474 -0.9228 0.3560
vn 0.1122 -0.9561 0.2708
vn 0.0758 -0.9802 0.1830
vn 0.0387 -0.9949 0.0934
vn 0.0197 0.9949 0.0991
vn 0.0386 0.9802 0.1942
vn 0.0572 0.9561 0.2875
vn 0.0752 0.9228 0.3779
vn 0.0924 0.8806 0.4647
vn 0.1088 0.8301 0.5470
vn 0.1241 0.7715 0.6240
vn 0.1382 0.7056 0.6950
vn 0.1510 0.6329 0.7594
vn 0.1624 0.5542 0.8164
vn 0.1722 0.4701 0.8656
vn 0.1803 0.3816 0.9066
vn 0.1867 0.2894 0.9388
vn 0.1914 0.1945 0.9621
vn 0.1942 0.0977 0.9761
vn 0.1951 -0.0000 0.9808
vn 0.1942 -0.0977 0.9761
vn 0.1914 -0.1945 0.9621
vn 0.1867 -0.2894 0.9388
vn 0.1803 -0.3816 0.9066
vn 0.1722 -0.4701 0.8656
vn 0.1624 -0.5542 0.8164
vn 0.1510 -0.6329 0.7594
vn 0.1382 -0.7056 0.6950
vn 0.1241 -0.7715 0.6240
vn 0.1088 -0.8301 0.5470
vn 0.0924 -0.8806 0.4647
vn 0.0752 -0.9228 0.3779
vn 0.0572 -0.9561 0.2875
vn 0.0386 -0.9802 0.1942
vn 0.0197 -0.9949 0.0991
vn -0.0000 0.9949 0.1011
vn -0.0000 0.9802 0.1980
vn -0.0000 0.9561 0.2931
vn -0.0000 0.9228 0.3853
vn -0.0000 0.8806 0.4738
vn -0.0000 0.8301 0.5577
vn -0.0000 0.7715 0.6362
vn -0.0000 0.7056 0.7086
vn -0.0000 0.6329 0.7742
vn -0.0000 0.5542 0.8324
vn -0.0000 0.4701 0.8826
vn -0.0000 0.3816 0.9243
vn -0.0000 0.2894 0.9572
vn -0.0000 0.1945 0.9809
vn -0.0000 0.0977 0.9952
vn -0.0000 -0.0000 1.0000
vn -0.0000 -0.0977 0.9952
vn -0.0000 -0.1945 0.9809
vn -0.0000 -0.2894 0.9572
vn -0.0000 -0.3816 0.9243
vn -0.0000 -0.4701 0.8826
vn -0.0000 -0.5542 0.8324
vn -0.0000 -0.6329 0.7742
vn -0.0000 -0.7056 0.7086
vn -0.0000 -0.7715 0.6362
vn -0.0000 -0.8301 0.5577
vn -0.0000 -0.8806 0.4738
vn -0.0000 -0.9228 0.3853
vn -0.0000 -0.9561 0.2931
vn -0.0000 -0.9802 0.1980
vn -0.0000 -0.9949 0.1011
vn -0.0000 -1.0000 -0.0000
vn -0.0000 1.0000 -0.0000
vn -0.0197 0.9949 0.0991
vn -0.0386 0.9802 0.1942
vn -0.0572 0.9561 0.2875
vn -0.0752 0.9228 0.3779
vn -0.0924 0.8806 0.4647
vn -0.1088 0.8301 0.5470
vn -0.1241 0.7715 0.6240
vn -0.1382 0.7056 0.6950
vn -0.1510 0.6329 0.7594
vn -0.1624 0.5542 0.8164
vn -0.1722 0.4701 0.8656
vn -0.1803 0.3816 0.9066
vn -0.1867 0.2894 0.9388
vn -0.1914 0.1945 0.9621
vn -0.1942 0.0977 0.9761
vn -0.1951 -0.0000 0.9808
vn -0.1942 -0.0977 0.9761
vn -0.1914 -0.1945 0.9621
vn -0.1867 -0.2894 0.9388
vn -0.1803 -0.3816 0.9066
vn -0.1722 -0.4701 0.8656
vn -0.1624 -0.5542 0.8164
vn -0.1510 -0.6329 0.7594
vn -0.1382 -0.7056 0.6950
vn -0.1241 -0.7715 0.6240
vn -0.1088 -0.8301 0.5470
vn -0.0924 -0.8806 0.4647
vn -0.0752 -0.9228 0.3779
vn -0.0572 -0.9561 0.2875
vn -0.0386 -0.9802 0.1942
vn -0.0197 -0.9949 0.0991
vn -0.0387 0.9949 0.0934
vn -0.0758 0.9802 0.1830
vn -0.1122 0.9561 0.2708
vn -0.1474 0.9228 0.3560
vn -0.1813 0.8806 0.4377
vn -0.2134 0.8301 0.5152
vn -0.2435 0.7715 0.5878
vn -0.2712 0.7056 0.6547
vn -0.2963 0.6329 0.7153
vn -0.3185 0.5542 0.7690
vn -0.3378 0.4701 0.8154
vn -0.3537 0.3816 0.8540
vn -0.3663 0.2894 0.8843
vn -0.3754 0.1945 0.9062
vn -0.3809 0.0977 0.9195
vn -0.3827 -0.0000 0.9239
vn -0.3809 -0.0977 0.9195
vn -0.3754 -0.1945 0.9062
vn -0.3663 -0.2894 0.8843
vn -0.3537 -0.3816 0.8540
vn -0.3378 -0.4701 0.8154
vn -0.3185 -0.5542 0.7690
vn -0.2963 -0.6329 0.7153
vn -0.2712 -0.7056 0.6547
vn -0.2435 -0.7715 0.5878
vn -0.2134 -0.8301 0.5152
vn -0.1813 -0.8806 0.4377
vn -0.1474 -0.9228 0.3560
vn -0.1122 -0.9561 0.2708
vn -0.0758 -0.9802 0.1830
vn -0.0387 -0.9949 0.0934
vn -0.0561 0.9949 0.0840
vn -0.1100 0.9802 0.1647
vn -0.1628 0.9561 0.2437
vn -0.2141 0.9228 0.3204
vn -0.2632 0.8806 0.3939
vn -0.3098 0.8301 0.4637
vn -0.3535 0.7715 0.5290
vn -0.3937 0.7056 0.5892
vn -0.4301 0.6329 0.6438
vn -0.4625 0.5542 0.6921
vn -0.4903 0.4701 0.7339
vn -0.5135 0.3816 0.7685
vn -0.5318 0.2894 0.7959
vn -0.5450 0.1945 0.8156
vn -0.5529 0.0977 0.8275
vn -0.5556 -0.0000 0.8315
vn -0.5529 -0.0977 0.8275
vn -0.5450 -0.1945 0.8156
vn -0.5318 -0.2894 0.7959
vn -0.5135 -0.3816 0.7685
vn -0.4903 -0.4701 0.7339
vn -0.4625 -0.5542 0.6921
vn -0.4301 -0.6329 0.6438
vn -0.3937 -0.7056 0.5892
vn -0.3535 -0.7715 0.5290
vn -0.3098 -0.8301 0.4637
vn -0.2632 -0.8806 0.3939
vn -0.2141 -0.9228 0.3204
vn -0.1628 -0.9561 0.2437
vn -0.1100 -0.9802 0.1647
vn -0.0561 -0.9949 0.0840
vn -0.0715 0.9949 0.0715
vn -0.1400 0.9802 0.1400
vn -0.2072 0.9561 0.2072
vn -0.2724 0.9228 0.2724
vn -0.3350 0.8806 0.3350
vn -0.3943 0.8301 0.3943
vn -0.4499 0.7715 0.4499
vn -0.5011 0.7056 0.5011
vn -0.5475 0.6329 0.5475
vn -0.5886 0.5542 0.5886
vn -0.6241 0.4701 0.6241
vn -0.6536 0.3816 0.6536
vn -0.6768 0.2894 0.6768
vn -0.6936 0.1945 0.6936
vn -0.7037 0.0977 0.7037
vn -0.7071 -0.0000 0.7071
vn -0.7037 -0.0977 0.7037
vn -0.6936 -0.1945 0.6936
vn -0.6768 -0.2894 0.6768
vn -0.6536 -0.3816 0.6536
vn -0.6241 -0.4701 0.6241
vn -0.5886 -0.5542 0.5886
vn -0.5475 -0.6329 0.5475
vn -0.5011 -0.7056 0.5011
vn -0.4499 -0.7715 0.4499
vn -0.3943 -0.8301 0.3943
vn -0.3350 -0.8806 0.3350
vn -0.2724 -0.9228 0.2724
vn -0.2072 -0.9561 0.2072
vn -0.1400 -0.9802 0.1400
vn -0.0715 -0.9949 0.0715
vn -0.0840 0.9949 0.0561
vn -0.1647 0.9802 0.1100
vn -0.2437 0.9561 0.1628
vn -0.3204 0.9228 0.2141
vn -0.3939 0.8806 0.2632
vn -0.4637 0.8301 0.3098
vn -0.5290 0.7715 0.3535
vn -0.5892 0.7056 0.3937
vn -0.6438 0.6329 0.4301
vn -0.6921 0.5542 0.4625
vn -0.7339 0.4701 0.4903
vn -0.7685 0.3816 0.5135
vn -0.7959 0.2894 0.5318
vn -0.8156 0.1945 0.5450
vn -0.8275 0.0977 0.5529
vn -0.8315 -0.0000 0.5556
vn -0.8275 -0.0977 0.5529
vn -0.8156 -0.1945 0.5450
vn -0.7959 -0.2894 0.5318
vn -0.7685 -0.3816 0.5135
vn -0.7339 -0.4701 0.4903
vn -0.6921 -0.5542 0.4625
vn -0.6438 -0.6329 0.4301
vn -0.5892 -0.7056 0.3937
vn -0.5290 -0.7715 0.3535
vn -0.4637 -0.8301 0.3098
vn -0.3939 -0.8806 0.2632
vn -0.3204 -0.9228 0.2141
vn -0.2437 -0.9561 0.1628
vn -0.1647 -0.9802 0.1100
vn -0.0840 -0.9949 0.0561
vn -0.0934 0.9949 0.0387
vn -0.1830 0.9802 0.0758
vn -0.2708 0.9561 0.1122
vn -0.3560 0.9228 0.1474
vn -0.4377 0.8806 0.1813
vn -0.5152 0.8301 0.2134
vn -0.5878 0.7715 0.2435
vn -0.6547 0.7056 0.2712
vn -0.7153 0.6329 0.2963
vn -0.7690 0.5542 0.3185
vn -0.8154 0.4701 0.3378
vn -0.8540 0.3816 0.3537
vn -0.8843 0.2894 0.3663
vn -0.9062 0.1945 0.3754
vn -0.9195 0.0977 0.3809
vn -0.9239 -0.0000 0.3827
vn -0.9195 -0.0977 0.3809
vn -0.9062 -0.1945 0.3754
vn -0.8843 -0.2894 0.3663
vn -0.8540 -0.3816 0.3537
vn -0.8154 -0.4701 0.3378
vn -0.7690 -0.5542 0.3185
vn -0.7153 -0.6329 0.2963
vn -0.6547 -0.7056 0.2712
vn -0.5878 -0.7715 0.2435
vn -0.5152 -0.8301 0.2134
vn -0.4377 -0.8806 0.1813
vn -0.3560 -0.9228 0.1474
vn -0.2708 -0.9561 0.1122
vn -0.1830 -0.9802 0.0758
vn -0.0934 -0.9949 0.0387
vn -0.0991 0.9949 0.0197
vn -0.1942 0.9802 0.0386
vn -0.2875 0.9561 0.0572
vn -0.3779 0.9228 0.0752
vn -0.4647 0.8806 0.0924
vn -0.5470 0.8301 0.1088
vn -0.6240 0.7715 0.1241
vn -0.6950 0.7056 0.1382
vn -0.7594 0.6329 0.1510
vn -0.8164 0.5542 0.1624
vn -0.8656 0.4701 0.1722
vn -0.9066 0.3816 0.1803
vn -0.9388 0.2894 0.1867
vn -0.9621 0.1945 0.1914
vn -0.9761 0.0977 0.1942
vn -0.9808 -0.0000 0.1951
vn -0.9761 -0.0977 0.1942
vn -0.9621 -0.1945 0.1914
vn -0.9388 -0.2894 0.1867
vn -0.9066 -0.3816 0.1803
vn -0.8656 -0.4701 0.1722
vn -0.8164 -0.5542 0.1624
vn -0.7594 -0.6329 0.1510
vn -0.6950 -0.7056 0.1382
vn -0.6240 -0.7715 0.1241
vn -0.5470 -0.8301 0.1088
vn -0.4647 -0.8806 0.0924
vn -0.3779 -0.9228 0.0752
vn -0.2875 -0.9561 0.0572
vn -0.1942 -0.9802 0.0386
vn -0.0991 -0.9949 0.0197
vn -0.1011 0.9949 -0.0000
vn -0.1980 0.9802 -0.0000
vn -0.2931 0.9561 -0.0000
vn -0.3853 0.9228 -0.0000
vn -0.4738 0.8806 -0.0000
vn -0.5577 0.8301 -0.0000
vn -0.6362 0.7715 -0.0000
vn -0.7086 0.7056 -0.0000
vn -0.7742 0.6329 -0.0000
vn -0.8324 0.5542 -0.0000
vn -0.8826 0.4701 -0.0000
vn -0.9243 0.3816 -0.0000
vn -0.9572 0.2894 -0.0000
vn -0.9809 0.1945 -0.0000
vn -0.9952 0.0977 -0.0000
vn -1.0000 -0.0000 -0.0000
vn -0.9952 -0.0977 -0.0000
vn -0.9809 -0.1945 -0.0000
vn -0.9572 -0.2894 -0.0000
vn -0.9243 -0.3816 -0.0000
vn -0.8826 -0.4701 -0.0000
vn -0.8324 -0.5542 -0.0000
vn -0.7742 -0.6329 -0.0000
vn -0.7086 -0.7056 -0.0000
vn -0.6362 -0.7715 -0.0000
vn -0.5577 -0.8301 -0.0000
vn -0.4738 -0.8806 -0.0000
vn -0.3853 -0.9228 -0.0000
vn -0.2931 -0.9561 -0.0000
vn -0.1980 -0.9802 -0.0000
vn -0.1011 -0.9949 -0.0000
vn -0.0991 0.9949 -0.0197
vn -0.1942 0.9802 -0.0386
vn -0.2875 0.9561 -0.0572
vn -0.3779 0.9228 -0.0752
vn -0.4647 0.8806 -0.0924
vn -0.5470 0.8301 -0.1088
vn -0.6240 0.7715 -0.1241
vn -0.6950 0.7056 -0.1382
vn -0.7594 0.6329 -0.1510
vn -0.8164 0.5542 -0.1624
vn -0.8656 0.4701 -0.1722
vn -0.9066 0.3816 -0.1803
vn -0.9388 0.2894 -0.1867
vn -0.9621 0.1945 -0.1914
vn -0.9761 0.0977 -0.1942
vn -0.9808 -0.0000 -0.1951
vn -0.9761 -0.0977 -0.1942
vn -0.9621 -0.1945 -0.1914
vn -0.9388 -0.2894 -0.1867
vn -0.9066 -0.3816 -0.1803
vn -0.8656 -0.4701 -0.1722
vn -0.8164 -0.5542 -0.1624
vn -0.7594 -0.6329 -0.1510
vn -0.6950 -0.7056 -0.1382
vn -0.6240 -0.7715 -0.1241
vn -0.5470 -0.8301 -0.1088
vn -0.4647 -0.8806 -0.0924
vn -0.3779 -0.9228 -0.0752
vn -0.2875 -0.9561 -0.0572
vn -0.1942 -0.9802 -0.0386
vn -0.0991 -0.9949 -0.0197
vn -0.0934 0.9949 -0.0387
vn -0.1830 0.9802 -0.0758
vn -0.2708 0.9561 -0.1122
vn -0.3560 0.9228 -0.1474
vn -0.4377 0.8806 -0.1813
vn -0.5152 0.8301 -0.2134
vn -0.5878 0.7715 -0.2435
vn -0.6547 0.7056 -0.2712
vn -0.7153 0.6329 -0.2963
vn -0.7690 0.5542 -0.3186
vn -0.8154 0.4701 -0.3378
vn -0.8540 0.3816 -0.3537
vn -0.8843 0.2894 -0.3663
vn -0.9062 0.1945 -0.3754
vn -0.9195 0.0977 -0.3809
vn -0.9239 -0.0000 -0.3827
vn -0.9195 -0.0977 -0.3809
vn -0.9062 -0.1945 -0.3754
vn -0.8843 -0.2894 -0.3663
vn -0.8540 -0.3816 -0.3537
vn -0.8154 -0.4701 -0.3378
vn -0.7690 -0.5542 -0.3186
vn -0.7153 -0.6329 -0.2963
vn -0.6547 -0.7056 -0.2712
vn -0.5878 -0.7715 -0.2435
vn -0.5152 -0.8301 -0.2134
vn -0.4377 -0.8806 -0.1813
vn -0.3560 -0.9228 -0.1474
vn -0.2708 -0.9561 -0.1122
vn -0.1830 -0.9802 -0.0758
vn -0.0934 -0.9949 -0.0387
vn -0.0840 0.9949 -0.0561
vn -0.1647 0.9802 -0.1100
vn -0.2437 0.9561 -0.1628
vn -0.3204 0.9228 -0.2141
vn -0.3939 0.8806 -0.2632
vn -0.4637 0.8301 -0.3098
vn -0.5290 0.7715 -0.3535
vn -0.5892 0.7056 -0.3937
vn -0.6438 0.6329 -0.4301
vn -0.6921 0.5542 -0.4625
vn -0.7339 0.4701 -0.4903
vn -0.7685 0.3816 -0.5135
vn -0.7959 0.2894 -0.5318
vn -0.8156 0.1945 -0.5450
vn -0.8275 0.0977 -0.5529
vn -0.8315 -0.0000 -0.5556
vn -0.8275 -0.0977 -0.5529
vn -0.8156 -0.1945 -0.5450
vn -0.7959 -0.2894 -0.5318
vn -0.7685 -0.3816 -0.5135
vn -0.7339 -0.4701 -0.4903
vn -0.6921 -0.5542 -0.4625
vn -0.6438 -0.6329 -0.4301
vn -0.5892 -0.7056 -0.3937
vn -0.5290 -0.7715 -0.3535
vn -0.4637 -0.8301 -0.3098
vn -0.3939 -0.8806 -0.2632
vn -0.3204 -0.9228 -0.2141
vn -0.2437 -0.9561 -0.1628
vn -0.1647 -0.9802 -0.1100
vn -0.0840 -0.9949 -0.0561
vn -0.0715 0.9949 -0.0715
vn -0.1400 0.9802 -0.1400
vn -0.2072 0.9561 -0.2072
vn -0.2724 0.9228 -0.2724
vn -0.3350 0.8806 -0.3350
vn -0.3943 0.8301 -0.3943
vn -0.4499 0.7715 -0.4499
vn -0.5011 0.7056 -0.5011
vn -0.5475 0.6329 -0.5475
vn -0.5886 0.5542 -0.5886
vn -0.6241 0.4701 -0.6241
vn -0.6536 0.3816 -0.6536
vn -0.6768 0.2894 -0.6768
vn -0.6936 0.1945 -0.6936
vn -0.7037 0.0977 -0.7037
vn -0.7071 -0.0000 -0.7071
vn -0.7037 -0.0977 -0.7037
vn -0.6936 -0.1945 -0.6936
vn -0.6768 -0.2894 -0.6768
vn -0.6536 -0.3816 -0.6536
vn -0.6241 -0.4701 -0.6241
vn -0.5886 -0.5542 -0.5886
vn -0.5475 -0.6329 -0.5475
vn -0.5011 -0.7056 -0.5011
vn -0.4499 -0.7715 -0.4499
vn -0.3943 -0.8301 -0.3943
vn -0.3350 -0.8806 -0.3350
vn -0.2724 -0.9228 -0.2724
vn -0.2072 -0.9561 -0.2072
vn -0.1400 -0.9802 -0.1400
vn -0.0715 -0.9949 -0.0715
vn -0.0561 0.9949 -0.0840
vn -0.1100 0.9802 -0.1647
vn -0.1628 0.9561 -0.2437
vn -0.2141 0.9228 -0.3204
vn -0.2632 0.8806 -0.3939
vn -0.3098 0.8301 -0.4637
vn -0.3535 0.7715 -0.5290
vn -0.3937 0.7056 -0.5892
vn -0.4301 0.6329 -0.6438
vn -0.4625 0.5542 -0.6921
vn -0.4903 0.4701 -0.7339
vn -0.5135 0.3816 -0.7685
vn -0.5318 0.2894 -0.7959
vn -0.5450 0.1945 -0.8156
vn -0.5529 0.0977 -0.8275
vn -0.5556 -0.0000 -0.8315
vn -0.5529 -0.0977 -0.8275
vn -0.5450 -0.1945 -0.8156
vn -0.5318 -0.2894 -0.7959
vn -0.5135 -0.3816 -0.7685
vn -0.4903 -0.4701 -0.7339
vn -0.4625 -0.5542 -0.6921
vn -0.4301 -0.6329 -0.6438
vn -0.3937 -0.7056 -0.5892
vn -0.3535 -0.7715 -0.5290
vn -0.3098 -0.8301 -0.4637
vn -0.2632 -0.8806 -0.3939
vn -0.2141 -0.9228 -0.3204
vn -0.1628 -0.9561 -0.2437
vn -0.1100 -0.9802 -0.1647
vn -0.0561 -0.9949 -0.0840
vn -0.0387 0.9949 -0.0934
vn -0.0758 0.9802 -0.1830
vn -0.1122 0.9561 -0.2708
vn -0.1474 0.9228 -0.3560
vn -0.1813 0.8806 -0.4377
vn -0.2134 0.8301 -0.5152
vn -0.2435 0.7715 -0.5878
vn -0.2712 0.7056 -0.6547
vn -0.2963 0.6329 -0.7153
vn -0.3185 0.5542 -0.7690
vn -0.3378 0.4701 -0.8154
vn -0.3537 0.3816 -0.8540
vn -0.3663 0.2894 -0.8843
vn -0.3754 0.1945 -0.9062
vn -0.3809 0.0977 -0.9195
vn -0.3827 -0.0000 -0.9239
vn -0.3809 -0.0977 -0.9195
vn -0.3754 -0.1945 -0.9062
vn -0.3663 -0.2894 -0.8843
vn -0.3537 -0.3816 -0.8540
vn -0.3378 -0.4701 -0.8154
vn -0.3185 -0.5542 -0.7690
vn -0.2963 -0.6329 -0.7153
vn -0.2712 -0.7056 -0.6547
vn -0.2435 -0.7715 -0.5878
vn -0.2134 -0.8301 -0.5152
vn -0.1813 -0.8806 -0.4377
vn -0.1474 -0.9228 -0.3560
vn -0.1122 -0.9561 -0.2708
vn -0.0758 -0.9802 -0.1830
vn -0.0387 -0.9949 -0.0934
vn -0.0197 0.9949 -0.0991
vn -0.0386 0.9802 -0.1942
vn -0.0572 0.9561 -0.2875
vn -0.0752 0.9228 -0.3779
vn -0.0924 0.8806 -0.4647
vn -0.1088 0.8301 -0.5470
vn -0.1241 0.7715 -0.6240
vn -0.1382 0.7056 -0.6950
vn -0.1510 0.6329 -0.7594
vn -0.1624 0.5542 -0.8164
vn -0.1722 0.4701 -0.8656
vn -0.1803 0.3816 -0.9066
vn -0.1867 0.2894 -0.9388
vn -0.1914 0.1945 -0.9621
vn -0.1942 0.0977 -0.9761
vn -0.1951 -0.0000 -0.9808
vn -0.1942 -0.0977 -0.9761
vn -0.1914 -0.1945 -0.9621
vn -0.1867 -0.2894 -0.9388
vn -0.1803 -0.3816 -0.9066
vn -0.1722 -0.4701 -0.8656
vn -0.1624 -0.5542 -0.8164
vn -0.1510 -0.6329 -0.7594
vn -0.1382 -0.7056 -0.6950
vn -0.1241 -0.7715 -0.6240
vn -0.1088 -0.8301 -0.5470
vn -0.0924 -0.8806 -0.4647
vn -0.0752 -0.9228 -0.3779
vn -0.0572 -0.9561 -0.2875
vn -0.0386 -0.9802 -0.1942
vn -0.0197 -0.9949 -0.0991
vn -0.0000 0.9949 -0.1011
vn -0.0000 0.9802 -0.1980
vn -0.0000 0.9561 -0.2931
vn -0.0000 0.9228 -0.3853
vn -0.0000 0.8806 -0.4738
vn -0.0000 0.8301 -0.5577
vn -0.0000 0.7056 -0.7086
vn -0.0000 0.5542 -0.8324
vn -0.0000 0.4701 -0.8826
vn -0.0000 -0.0000 -1.0000
vn -0.0000 -0.2894 -0.9572
vn -0.0000 -0.3816 -0.9243
vn -0.0000 -0.7056 -0.7086
vn -0.0000 -0.9228 -0.3853
vn -0.0000 -0.9561 -0.2931
vt 0.313059 0.551197
vt 0.309840 0.555347
vt 0.299049 0.552191
vt 0.301031 0.547679
vt 0.248068 0.535828
vt 0.245834 0.530401
vt 0.260836 0.530624
vt 0.262211 0.536038
vt 0.250656 0.456816
vt 0.253574 0.451803
vt 0.265602 0.451982
vt 0.263805 0.457011
vt 0.250656 0.540877
vt 0.263805 0.541072
vt 0.248068 0.462212
vt 0.262211 0.462421
vt 0.395812 0.554251
vt 0.392894 0.550283
vt 0.406043 0.546437
vt 0.407839 0.550733
vt 0.245834 0.467938
vt 0.260836 0.468160
vt 0.399031 0.558606
vt 0.409822 0.555450
vt 0.243977 0.473940
vt 0.259692 0.474173
vt 0.402521 0.563308
vt 0.411971 0.560543
vt 0.242513 0.480160
vt 0.258790 0.480401
vt 0.406247 0.568309
vt 0.414266 0.565964
vt 0.241457 0.486537
vt 0.258140 0.486784
vt 0.286093 0.586373
vt 0.281753 0.592099
vt 0.284426 0.585886
vt 0.410175 0.573563
vt 0.416684 0.571659
vt 0.240820 0.493011
vt 0.257748 0.493262
vt 0.290391 0.580718
vt 0.287072 0.579747
vt 0.414266 0.579019
vt 0.419203 0.577575
vt 0.240607 0.499519
vt 0.257616 0.499772
vt 0.294605 0.575187
vt 0.289667 0.573743
vt 0.418480 0.584624
vt 0.421798 0.583654
vt 0.240820 0.505999
vt 0.257748 0.506250
vt 0.298696 0.569834
vt 0.292186 0.567931
vt 0.422778 0.590324
vt 0.424445 0.589837
vt 0.241457 0.512388
vt 0.258140 0.512635
vt 0.302623 0.564711
vt 0.294605 0.562366
vt 0.427117 0.596065
vt 0.242513 0.518624
vt 0.258790 0.518865
vt 0.306350 0.559866
vt 0.296900 0.557102
vt 0.243977 0.524648
vt 0.259692 0.524881
vt 0.275718 0.493390
vt 0.275674 0.499900
vt 0.283549 0.579253
vt 0.284426 0.573007
vt 0.424445 0.576839
vt 0.425321 0.583159
vt 0.275718 0.506378
vt 0.285276 0.566960
vt 0.426215 0.589588
vt 0.275851 0.512761
vt 0.286093 0.561170
vt 0.276070 0.518988
vt 0.286868 0.555693
vt 0.276375 0.525000
vt 0.287593 0.550582
vt 0.276761 0.530737
vt 0.288263 0.545885
vt 0.277225 0.536145
vt 0.278370 0.452072
vt 0.277763 0.457110
vt 0.277763 0.541172
vt 0.277225 0.462528
vt 0.265602 0.545678
vt 0.278370 0.545769
vt 0.276761 0.468274
vt 0.420608 0.548939
vt 0.421277 0.553841
vt 0.276375 0.474292
vt 0.422003 0.559134
vt 0.276070 0.480524
vt 0.422778 0.564768
vt 0.275851 0.486910
vt 0.282656 0.585637
vt 0.423594 0.570689
vt 0.294041 0.506378
vt 0.293908 0.512761
vt 0.278231 0.566960
vt 0.277414 0.561170
vt 0.428020 0.589588
vt 0.293689 0.518988
vt 0.276639 0.555693
vt 0.293384 0.525000
vt 0.275913 0.550582
vt 0.292998 0.530737
vt 0.275244 0.545885
vt 0.292534 0.536145
vt 0.291389 0.452072
vt 0.291995 0.457110
vt 0.291995 0.541172
vt 0.292534 0.462528
vt 0.291389 0.545769
vt 0.292998 0.468274
vt 0.433627 0.548939
vt 0.432957 0.553841
vt 0.293384 0.474292
vt 0.432232 0.559134
vt 0.293689 0.480524
vt 0.431457 0.564768
vt 0.293908 0.486910
vt 0.280851 0.585637
vt 0.430640 0.570689
vt 0.294041 0.493390
vt 0.279957 0.579253
vt 0.429789 0.576839
vt 0.294085 0.499900
vt 0.279081 0.573007
vt 0.428913 0.583159
vt 0.310968 0.518865
vt 0.310067 0.524881
vt 0.266607 0.557102
vt 0.264458 0.552191
vt 0.308923 0.530624
vt 0.262476 0.547679
vt 0.307548 0.536038
vt 0.304157 0.451982
vt 0.305954 0.457011
vt 0.305954 0.541072
vt 0.307548 0.462421
vt 0.304157 0.545678
vt 0.308923 0.468160
vt 0.446395 0.550733
vt 0.444413 0.555450
vt 0.310067 0.474173
vt 0.442264 0.560543
vt 0.310968 0.480401
vt 0.439969 0.565964
vt 0.311619 0.486784
vt 0.279081 0.585886
vt 0.437550 0.571660
vt 0.312011 0.493262
vt 0.276435 0.579747
vt 0.435031 0.577575
vt 0.312142 0.499772
vt 0.273839 0.573743
vt 0.432436 0.583654
vt 0.312011 0.506250
vt 0.271320 0.567930
vt 0.429789 0.589837
vt 0.311619 0.512635
vt 0.268902 0.562366
vt 0.323924 0.530401
vt 0.321691 0.535828
vt 0.316185 0.451803
vt 0.319103 0.456816
vt 0.319103 0.540877
vt 0.321691 0.462212
vt 0.448192 0.546437
vt 0.461340 0.550283
vt 0.458423 0.554251
vt 0.323924 0.467938
vt 0.455204 0.558606
vt 0.325782 0.473940
vt 0.451714 0.563308
vt 0.327246 0.480160
vt 0.447987 0.568309
vt 0.328301 0.486537
vt 0.277414 0.586373
vt 0.444060 0.573563
vt 0.328939 0.493011
vt 0.273116 0.580718
vt 0.439969 0.579019
vt 0.329152 0.499519
vt 0.268902 0.575187
vt 0.435754 0.584624
vt 0.328939 0.505999
vt 0.264811 0.569834
vt 0.431457 0.590324
vt 0.328301 0.512388
vt 0.260883 0.564711
vt 0.327246 0.518624
vt 0.257157 0.559866
vt 0.325782 0.524648
vt 0.253667 0.555347
vt 0.250448 0.551197
vt 0.473174 0.555866
vt 0.469247 0.559358
vt 0.334419 0.461907
vt 0.337425 0.467615
vt 0.464915 0.563189
vt 0.339925 0.473602
vt 0.460219 0.567320
vt 0.341895 0.479809
vt 0.455204 0.571714
vt 0.343316 0.486178
vt 0.275913 0.587081
vt 0.449918 0.576328
vt 0.344173 0.492647
vt 0.270130 0.582127
vt 0.444413 0.581116
vt 0.344460 0.499153
vt 0.264458 0.577284
vt 0.438741 0.586033
vt 0.344173 0.505635
vt 0.258953 0.572599
vt 0.432957 0.591032
vt 0.343316 0.512029
vt 0.253667 0.568116
vt 0.341895 0.518274
vt 0.248652 0.563879
vt 0.339925 0.524310
vt 0.243956 0.559929
vt 0.337425 0.530078
vt 0.239623 0.556304
vt 0.334419 0.535524
vt 0.247530 0.547455
vt 0.235697 0.553039
vt 0.330936 0.540595
vt 0.330936 0.456533
vt 0.473174 0.569021
vt 0.467451 0.572428
vt 0.351953 0.473171
vt 0.354353 0.479364
vt 0.461340 0.576048
vt 0.356084 0.485721
vt 0.274637 0.587982
vt 0.454900 0.579846
vt 0.357129 0.492183
vt 0.267590 0.583921
vt 0.448192 0.583785
vt 0.357479 0.498688
vt 0.260679 0.579953
vt 0.441281 0.587827
vt 0.357644 0.410488
vt 0.357644 0.403982
vt 0.370683 0.403690
vt 0.370620 0.410198
vt 0.253971 0.576117
vt 0.434233 0.591933
vt 0.358342 0.416962
vt 0.371130 0.416676
vt 0.247530 0.572449
vt 0.359730 0.423341
vt 0.372208 0.423062
vt 0.241419 0.568987
vt 0.361797 0.429563
vt 0.373844 0.429293
vt 0.235697 0.565761
vt 0.364522 0.435568
vt 0.376021 0.435311
vt 0.230418 0.562804
vt 0.367878 0.441300
vt 0.378719 0.441057
vt 0.225633 0.560145
vt 0.476657 0.552747
vt 0.487482 0.560391
vt 0.483238 0.562973
vt 0.341000 0.456173
vt 0.345244 0.461520
vt 0.478453 0.565859
vt 0.348907 0.467204
vt 0.466162 0.581144
vt 0.458814 0.583982
vt 0.371318 0.397215
vt 0.372519 0.390835
vt 0.387547 0.390677
vt 0.386566 0.397055
vt 0.273635 0.589042
vt 0.265594 0.586030
vt 0.451161 0.586923
vt 0.386005 0.403529
vt 0.257710 0.583091
vt 0.443276 0.589936
vt 0.385869 0.410038
vt 0.250056 0.580253
vt 0.435236 0.592993
vt 0.386158 0.416518
vt 0.242708 0.577545
vt 0.386871 0.422908
vt 0.235736 0.574992
vt 0.388000 0.429145
vt 0.229208 0.572619
vt 0.389534 0.435169
vt 0.223185 0.570448
vt 0.391459 0.440923
vt 0.217726 0.568501
vt 0.381912 0.446476
vt 0.393757 0.446351
vt 0.382674 0.367467
vt 0.386429 0.362445
vt 0.398273 0.362320
vt 0.395415 0.367333
vt 0.491144 0.571329
vt 0.485686 0.573503
vt 0.379377 0.372870
vt 0.392890 0.372728
vt 0.479663 0.575878
vt 0.376568 0.378604
vt 0.390724 0.378455
vt 0.473134 0.578434
vt 0.374275 0.384611
vt 0.388937 0.384457
vt 0.453206 0.590409
vt 0.444651 0.592279
vt 0.403022 0.403504
vt 0.402804 0.410013
vt 0.255664 0.586577
vt 0.247360 0.584850
vt 0.435926 0.594170
vt 0.402848 0.416494
vt 0.239387 0.583207
vt 0.403155 0.422884
vt 0.231822 0.581665
vt 0.403722 0.429122
vt 0.224738 0.580239
vt 0.404542 0.435148
vt 0.218203 0.578942
vt 0.405609 0.440903
vt 0.212280 0.577786
vt 0.406911 0.446333
vt 0.411427 0.362301
vt 0.409564 0.367313
vt 0.396404 0.451402
vt 0.408437 0.451384
vt 0.407898 0.372707
vt 0.490668 0.581996
vt 0.484133 0.583498
vt 0.406446 0.378432
vt 0.477049 0.585107
vt 0.405222 0.384433
vt 0.469484 0.586806
vt 0.404237 0.390653
vt 0.272944 0.590219
vt 0.461511 0.588579
vt 0.403502 0.397030
vt 0.264220 0.588373
vt 0.436279 0.595420
vt 0.420559 0.416605
vt 0.420435 0.422992
vt 0.237694 0.589218
vt 0.229827 0.588750
vt 0.420405 0.429226
vt 0.222459 0.588328
vt 0.420468 0.435247
vt 0.215663 0.587958
vt 0.420623 0.440997
vt 0.413471 0.357721
vt 0.426240 0.357801
vt 0.425386 0.362389
vt 0.420870 0.446420
vt 0.424578 0.367407
vt 0.421206 0.451464
vt 0.423824 0.372806
vt 0.493208 0.591012
vt 0.486411 0.591588
vt 0.423129 0.378536
vt 0.479044 0.592191
vt 0.422502 0.384541
vt 0.471177 0.592817
vt 0.421948 0.390763
vt 0.272592 0.591469
vt 0.462885 0.593459
vt 0.421472 0.397143
vt 0.263519 0.590860
vt 0.454249 0.594111
vt 0.421080 0.403618
vt 0.254622 0.590279
vt 0.445352 0.594767
vt 0.420775 0.410126
vt 0.245986 0.589730
vt 0.437408 0.429454
vt 0.436699 0.435464
vt 0.222459 0.596576
vt 0.215663 0.597151
vt 0.435926 0.441202
vt 0.439254 0.357976
vt 0.439613 0.362579
vt 0.435097 0.446610
vt 0.439881 0.367611
vt 0.434220 0.451638
vt 0.440055 0.373024
vt 0.493208 0.600206
vt 0.486411 0.599835
vt 0.440133 0.378764
vt 0.479044 0.599414
vt 0.440114 0.384777
vt 0.471177 0.598945
vt 0.439999 0.391005
vt 0.272592 0.592744
vt 0.462885 0.598434
vt 0.439788 0.397388
vt 0.263519 0.593397
vt 0.454249 0.597885
vt 0.439485 0.403864
vt 0.254622 0.594053
vt 0.445352 0.597303
vt 0.439091 0.410371
vt 0.245986 0.594705
vt 0.436279 0.596694
vt 0.438610 0.416846
vt 0.237694 0.595347
vt 0.438047 0.423228
vt 0.229827 0.595973
vt 0.450929 0.441509
vt 0.449045 0.446896
vt 0.453562 0.362865
vt 0.454884 0.367919
vt 0.446979 0.451900
vt 0.455968 0.373350
vt 0.490668 0.609222
vt 0.484133 0.607925
vt 0.456803 0.379106
vt 0.477049 0.606498
vt 0.457381 0.385131
vt 0.469484 0.604956
vt 0.457696 0.391368
vt 0.272944 0.593993
vt 0.461511 0.603314
vt 0.457746 0.397756
vt 0.264220 0.595885
vt 0.453206 0.601586
vt 0.457529 0.404234
vt 0.255664 0.597754
vt 0.444651 0.599791
vt 0.457048 0.410739
vt 0.247360 0.599585
vt 0.435926 0.597944
vt 0.456307 0.417209
vt 0.239387 0.601358
vt 0.455314 0.423582
vt 0.231822 0.603057
vt 0.454079 0.429796
vt 0.224738 0.604665
vt 0.452612 0.435791
vt 0.218203 0.606168
vt 0.452013 0.358237
vt 0.485686 0.617715
vt 0.479663 0.615545
vt 0.470952 0.373773
vt 0.472500 0.379549
vt 0.473134 0.613171
vt 0.473640 0.385590
vt 0.466162 0.610618
vt 0.474360 0.391838
vt 0.273635 0.595171
vt 0.458814 0.607910
vt 0.474654 0.398233
vt 0.265594 0.598228
vt 0.451161 0.605073
vt 0.474519 0.404713
vt 0.257710 0.601241
vt 0.443276 0.602134
vt 0.473956 0.411216
vt 0.250056 0.604181
vt 0.435236 0.599122
vt 0.472971 0.417680
vt 0.242708 0.607020
vt 0.471573 0.424041
vt 0.235736 0.609730
vt 0.469776 0.430239
vt 0.229208 0.612285
vt 0.467596 0.436214
vt 0.223185 0.614661
vt 0.465056 0.441908
vt 0.212280 0.607550
vt 0.217726 0.616835
vt 0.462179 0.447267
vt 0.466695 0.363236
vt 0.469011 0.368318
vt 0.458993 0.452239
vt 0.467452 0.619177
vt 0.461341 0.615714
vt 0.488265 0.386136
vt 0.489349 0.392398
vt 0.274637 0.596230
vt 0.454900 0.612047
vt 0.489863 0.398801
vt 0.267590 0.600337
vt 0.448192 0.608211
vt 0.489802 0.405284
vt 0.260679 0.604379
vt 0.441281 0.604243
vt 0.489166 0.411784
vt 0.253971 0.608318
vt 0.434233 0.600181
vt 0.487960 0.418239
vt 0.247530 0.612116
vt 0.486198 0.424587
vt 0.241419 0.615736
vt 0.483895 0.430766
vt 0.235697 0.619143
vt 0.481075 0.436717
vt 0.230418 0.622305
vt 0.477763 0.442382
vt 0.225633 0.625191
vt 0.473993 0.447708
vt 0.478509 0.363677
vt 0.481718 0.368792
vt 0.491144 0.619663
vt 0.483238 0.628019
vt 0.478453 0.625359
vt 0.484431 0.374276
vt 0.473174 0.622402
vt 0.486620 0.380076
vt 0.275913 0.597131
vt 0.270130 0.602130
vt 0.449918 0.615565
vt 0.444413 0.610880
vt 0.212280 0.404803
vt 0.212629 0.398319
vt 0.225585 0.397855
vt 0.225298 0.404337
vt 0.264458 0.607048
vt 0.438741 0.606036
vt 0.212629 0.411307
vt 0.225585 0.410843
vt 0.258953 0.611836
vt 0.432957 0.601082
vt 0.213675 0.417769
vt 0.226443 0.417312
vt 0.253667 0.616449
vt 0.215406 0.424127
vt 0.227864 0.423681
vt 0.248652 0.620843
vt 0.498628 0.425199
vt 0.495896 0.431357
vt 0.243956 0.624975
vt 0.492530 0.437281
vt 0.239623 0.628805
vt 0.488563 0.442914
vt 0.235697 0.632297
vt 0.228759 0.447317
vt 0.224515 0.441970
vt 0.235340 0.441583
vt 0.238823 0.446957
vt 0.221389 0.627773
vt 0.232214 0.635417
vt 0.473174 0.635125
vt 0.469247 0.631860
vt 0.492518 0.369324
vt 0.495886 0.374840
vt 0.464915 0.628234
vt 0.498620 0.380667
vt 0.460219 0.624285
vt 0.215406 0.385662
vt 0.217806 0.379611
vt 0.229834 0.379180
vt 0.227864 0.385216
vt 0.455204 0.620048
vt 0.213675 0.391918
vt 0.226443 0.391461
vt 0.268902 0.609144
vt 0.264811 0.614600
vt 0.435754 0.607446
vt 0.431457 0.601790
vt 0.240820 0.410479
vt 0.241457 0.416953
vt 0.260883 0.619854
vt 0.242513 0.423331
vt 0.257157 0.624856
vt 0.229834 0.429889
vt 0.243977 0.429550
vt 0.253667 0.629557
vt 0.232334 0.435875
vt 0.245834 0.435552
vt 0.250448 0.633913
vt 0.248068 0.441279
vt 0.247530 0.637881
vt 0.250656 0.446674
vt 0.235340 0.367966
vt 0.238823 0.362896
vt 0.250656 0.362613
vt 0.248068 0.367662
vt 0.461341 0.640709
vt 0.458423 0.636967
vt 0.232334 0.373412
vt 0.245834 0.373089
vt 0.455204 0.632817
vt 0.243977 0.378842
vt 0.451714 0.628297
vt 0.242513 0.384866
vt 0.447987 0.623453
vt 0.241457 0.391102
vt 0.277414 0.597839
vt 0.444060 0.618329
vt 0.240820 0.397491
vt 0.273116 0.603539
vt 0.439969 0.612976
vt 0.240607 0.403971
vt 0.268902 0.622200
vt 0.266607 0.627620
vt 0.258790 0.423089
vt 0.259692 0.429318
vt 0.264458 0.632714
vt 0.260836 0.435330
vt 0.262476 0.637431
vt 0.262211 0.441069
vt 0.260679 0.641727
vt 0.263805 0.446479
vt 0.263805 0.362418
vt 0.262211 0.367452
vt 0.253574 0.451687
vt 0.265602 0.451509
vt 0.260836 0.372867
vt 0.446395 0.640485
vt 0.444413 0.635973
vt 0.259692 0.378609
vt 0.442264 0.631061
vt 0.258790 0.384625
vt 0.439969 0.625798
vt 0.258140 0.390855
vt 0.279081 0.598327
vt 0.437550 0.620233
vt 0.257748 0.397240
vt 0.276435 0.604510
vt 0.435031 0.614421
vt 0.257616 0.403719
vt 0.273839 0.610589
vt 0.432436 0.608416
vt 0.257748 0.410228
vt 0.271320 0.616504
vt 0.429789 0.602278
vt 0.258140 0.416706
vt 0.275913 0.634323
vt 0.275244 0.639224
vt 0.276761 0.435217
vt 0.277225 0.440962
vt 0.265602 0.357812
vt 0.278370 0.357721
vt 0.277763 0.362319
vt 0.277763 0.446380
vt 0.277225 0.367345
vt 0.278370 0.451418
vt 0.276761 0.372753
vt 0.433627 0.642279
vt 0.432957 0.637582
vt 0.276375 0.378491
vt 0.432232 0.632471
vt 0.276070 0.384502
vt 0.431457 0.626994
vt 0.275851 0.390729
vt 0.280851 0.598576
vt 0.430640 0.621204
vt 0.275718 0.397112
vt 0.279957 0.605005
vt 0.429789 0.615157
vt 0.275674 0.403590
vt 0.279081 0.611325
vt 0.428913 0.608911
vt 0.275718 0.410100
vt 0.278231 0.617475
vt 0.428020 0.602527
vt 0.275851 0.416580
vt 0.277414 0.623395
vt 0.276070 0.422967
vt 0.276639 0.629029
vt 0.276375 0.429199
vt 0.291995 0.362319
vt 0.292534 0.367345
vt 0.291995 0.446380
vt 0.291389 0.451418
vt 0.292998 0.372753
vt 0.420608 0.642279
vt 0.421277 0.637582
vt 0.293384 0.378491
vt 0.422003 0.632471
vt 0.293689 0.384502
vt 0.422778 0.626994
vt 0.293908 0.390729
vt 0.282656 0.598576
vt 0.423594 0.621204
vt 0.294041 0.397112
vt 0.283549 0.605005
vt 0.424445 0.615157
vt 0.294085 0.403590
vt 0.284426 0.611325
vt 0.425321 0.608911
vt 0.294041 0.410100
vt 0.285276 0.617475
vt 0.426215 0.602527
vt 0.293908 0.416580
vt 0.286093 0.623395
vt 0.293689 0.422967
vt 0.286868 0.629029
vt 0.293384 0.429199
vt 0.287593 0.634323
vt 0.292998 0.435217
vt 0.288263 0.639224
vt 0.292534 0.440962
vt 0.291389 0.357721
vt 0.308923 0.372867
vt 0.310067 0.378609
vt 0.409822 0.635973
vt 0.411971 0.631061
vt 0.310969 0.384625
vt 0.414266 0.625798
vt 0.311619 0.390855
vt 0.284426 0.598327
vt 0.416684 0.620233
vt 0.312011 0.397240
vt 0.287072 0.604510
vt 0.419203 0.614421
vt 0.312142 0.403719
vt 0.289667 0.610589
vt 0.421799 0.608416
vt 0.312011 0.410228
vt 0.292186 0.616504
vt 0.424445 0.602278
vt 0.311619 0.416706
vt 0.294605 0.622200
vt 0.310969 0.423089
vt 0.296900 0.627620
vt 0.310067 0.429318
vt 0.299049 0.632714
vt 0.308923 0.435330
vt 0.301031 0.637431
vt 0.307548 0.441069
vt 0.304157 0.357812
vt 0.305954 0.362418
vt 0.305954 0.446479
vt 0.307548 0.367452
vt 0.304157 0.451509
vt 0.407839 0.640485
vt 0.327246 0.384866
vt 0.328301 0.391102
vt 0.286093 0.597839
vt 0.406247 0.623453
vt 0.410175 0.618329
vt 0.328939 0.397491
vt 0.290391 0.603539
vt 0.414266 0.612976
vt 0.329152 0.403971
vt 0.294605 0.609144
vt 0.418480 0.607446
vt 0.328939 0.410479
vt 0.298696 0.614600
vt 0.422778 0.601790
vt 0.328301 0.416953
vt 0.302623 0.619854
vt 0.327246 0.423331
vt 0.306350 0.624856
vt 0.325782 0.429550
vt 0.309840 0.629557
vt 0.323924 0.435552
vt 0.313059 0.633913
vt 0.321691 0.441279
vt 0.302828 0.641727
vt 0.315977 0.637881
vt 0.319103 0.446674
vt 0.319103 0.362613
vt 0.321691 0.367662
vt 0.316185 0.451687
vt 0.323924 0.373089
vt 0.395812 0.636967
vt 0.399031 0.632817
vt 0.325782 0.378842
vt 0.402521 0.628297
vt 0.344174 0.397855
vt 0.344460 0.404337
vt 0.293377 0.602130
vt 0.299049 0.607048
vt 0.409822 0.610880
vt 0.415494 0.606036
vt 0.344174 0.410843
vt 0.304554 0.611836
vt 0.421277 0.601082
vt 0.343316 0.417312
vt 0.309840 0.616449
vt 0.341895 0.423681
vt 0.314855 0.620843
vt 0.339925 0.429889
vt 0.319551 0.624975
vt 0.337425 0.435875
vt 0.323884 0.628806
vt 0.334419 0.441583
vt 0.327810 0.632297
vt 0.330936 0.446957
vt 0.330936 0.362896
vt 0.334419 0.367966
vt 0.392894 0.640708
vt 0.381061 0.635125
vt 0.384987 0.631859
vt 0.337425 0.373412
vt 0.389319 0.628234
vt 0.339925 0.379180
vt 0.394016 0.624284
vt 0.341895 0.385216
vt 0.399031 0.620048
vt 0.343316 0.391461
vt 0.287593 0.597131
vt 0.404317 0.615565
vt 0.357130 0.411307
vt 0.356084 0.417769
vt 0.309536 0.608318
vt 0.315977 0.612116
vt 0.420001 0.600181
vt 0.354353 0.424127
vt 0.322088 0.615736
vt 0.351953 0.430319
vt 0.327810 0.619143
vt 0.348907 0.436286
vt 0.333089 0.622305
vt 0.345244 0.441970
vt 0.337874 0.625191
vt 0.341000 0.447317
vt 0.331293 0.635417
vt 0.342118 0.627773
vt 0.370997 0.628019
vt 0.375782 0.625359
vt 0.366216 0.467756
vt 0.369879 0.462072
vt 0.380704 0.462459
vt 0.377698 0.468167
vt 0.381061 0.622402
vt 0.363170 0.473723
vt 0.375198 0.474154
vt 0.386783 0.619177
vt 0.360770 0.479915
vt 0.373228 0.480361
vt 0.392894 0.615714
vt 0.359039 0.486273
vt 0.371807 0.486730
vt 0.288869 0.596230
vt 0.399335 0.612047
vt 0.357993 0.492735
vt 0.370949 0.493199
vt 0.295917 0.600337
vt 0.406043 0.608211
vt 0.357644 0.499240
vt 0.370662 0.499705
vt 0.302828 0.604379
vt 0.412954 0.604243
vt 0.357479 0.404803
vt 0.375198 0.524862
vt 0.373228 0.518826
vt 0.387877 0.519176
vt 0.389341 0.525200
vt 0.327770 0.609730
vt 0.334299 0.612285
vt 0.377698 0.530630
vt 0.391198 0.530953
vt 0.340322 0.614661
vt 0.380704 0.536076
vt 0.393432 0.536380
vt 0.345781 0.616835
vt 0.384187 0.541146
vt 0.396020 0.541429
vt 0.384187 0.457085
vt 0.396020 0.457368
vt 0.393432 0.462764
vt 0.363090 0.619662
vt 0.368549 0.617715
vt 0.391198 0.468490
vt 0.374572 0.615544
vt 0.389341 0.474492
vt 0.381100 0.613171
vt 0.387877 0.480711
vt 0.388072 0.610618
vt 0.386821 0.487089
vt 0.289872 0.595171
vt 0.395420 0.607910
vt 0.386184 0.493563
vt 0.297912 0.598228
vt 0.403073 0.605073
vt 0.385971 0.500071
vt 0.305797 0.601241
vt 0.410958 0.602134
vt 0.370949 0.506187
vt 0.386184 0.506551
vt 0.313450 0.604181
vt 0.418999 0.599122
vt 0.371807 0.512581
vt 0.386821 0.512940
vt 0.320798 0.607020
vt 0.406200 0.531175
vt 0.407575 0.536590
vt 0.398938 0.452355
vt 0.410965 0.452533
vt 0.409169 0.457563
vt 0.409169 0.541624
vt 0.407575 0.462973
vt 0.357644 0.610377
vt 0.363567 0.609222
vt 0.406200 0.468712
vt 0.370102 0.607925
vt 0.405056 0.474725
vt 0.377186 0.606498
vt 0.404154 0.480953
vt 0.384751 0.604956
vt 0.403504 0.487336
vt 0.290563 0.593993
vt 0.392724 0.603314
vt 0.403112 0.493814
vt 0.299287 0.595885
vt 0.401028 0.601586
vt 0.402980 0.500323
vt 0.307842 0.597754
vt 0.409584 0.599791
vt 0.403112 0.506802
vt 0.316147 0.599585
vt 0.418308 0.597944
vt 0.403504 0.513187
vt 0.324120 0.601358
vt 0.404154 0.519417
vt 0.331685 0.603057
vt 0.405056 0.525433
vt 0.338769 0.604665
vt 0.345304 0.606168
vt 0.410965 0.546230
vt 0.423127 0.541724
vt 0.423734 0.546321
vt 0.422589 0.463080
vt 0.422125 0.468826
vt 0.361027 0.600205
vt 0.367823 0.599835
vt 0.421738 0.474843
vt 0.375190 0.599414
vt 0.421434 0.481076
vt 0.383058 0.598945
vt 0.421215 0.487462
vt 0.290915 0.592744
vt 0.391349 0.598434
vt 0.421082 0.493942
vt 0.299988 0.593397
vt 0.399986 0.597885
vt 0.421038 0.500452
vt 0.308885 0.594053
vt 0.408883 0.597303
vt 0.421082 0.506930
vt 0.317521 0.594705
vt 0.417956 0.596694
vt 0.421215 0.513313
vt 0.325813 0.595347
vt 0.421434 0.519540
vt 0.333680 0.595973
vt 0.421738 0.525552
vt 0.341047 0.596576
vt 0.422125 0.531289
vt 0.347844 0.597151
vt 0.422589 0.536697
vt 0.423734 0.452624
vt 0.423127 0.457662
vt 0.438748 0.525552
vt 0.438362 0.531289
vt 0.341047 0.588328
vt 0.347844 0.587958
vt 0.437897 0.536697
vt 0.436753 0.452624
vt 0.437359 0.457662
vt 0.437359 0.541724
vt 0.437897 0.463080
vt 0.436753 0.546321
vt 0.438362 0.468826
vt 0.361027 0.591012
vt 0.367823 0.591587
vt 0.438748 0.474843
vt 0.375190 0.592191
vt 0.439053 0.481076
vt 0.383058 0.592817
vt 0.439272 0.487462
vt 0.290915 0.591469
vt 0.391349 0.593459
vt 0.439405 0.493942
vt 0.299988 0.590861
vt 0.399986 0.594111
vt 0.439449 0.500452
vt 0.308885 0.590279
vt 0.408883 0.594767
vt 0.439405 0.506930
vt 0.317521 0.589730
vt 0.417956 0.595420
vt 0.439272 0.513313
vt 0.325813 0.589218
vt 0.439053 0.519540
vt 0.333680 0.588750
vt 0.452912 0.536590
vt 0.451318 0.541624
vt 0.451318 0.457563
vt 0.452912 0.462973
vt 0.449521 0.546230
vt 0.454287 0.468712
vt 0.363567 0.581996
vt 0.370102 0.583498
vt 0.455431 0.474725
vt 0.377186 0.585107
vt 0.456332 0.480953
vt 0.384751 0.586806
vt 0.456982 0.487336
vt 0.290563 0.590219
vt 0.392724 0.588579
vt 0.457375 0.493814
vt 0.299287 0.588373
vt 0.401028 0.590409
vt 0.457506 0.500323
vt 0.307842 0.586577
vt 0.409584 0.592279
vt 0.457375 0.506802
vt 0.316147 0.584850
vt 0.418308 0.594170
vt 0.456982 0.513187
vt 0.324120 0.583207
vt 0.456332 0.519417
vt 0.331685 0.581666
vt 0.455431 0.525433
vt 0.338769 0.580239
vt 0.454287 0.531175
vt 0.345304 0.578942
vt 0.449521 0.452533
vt 0.368549 0.573502
vt 0.374572 0.575878
vt 0.469288 0.468490
vt 0.471146 0.474492
vt 0.381100 0.578434
vt 0.472610 0.480711
vt 0.388072 0.581144
vt 0.473665 0.487089
vt 0.289872 0.589042
vt 0.395420 0.583982
vt 0.474303 0.493563
vt 0.297912 0.586030
vt 0.403073 0.586923
vt 0.474516 0.500071
vt 0.305797 0.583091
vt 0.410958 0.589936
vt 0.474303 0.506551
vt 0.313450 0.580253
vt 0.418999 0.592993
vt 0.473665 0.512940
vt 0.320798 0.577545
vt 0.472610 0.519176
vt 0.327770 0.574992
vt 0.471146 0.525200
vt 0.334299 0.572619
vt 0.469288 0.530953
vt 0.340322 0.570448
vt 0.467055 0.536380
vt 0.461549 0.452355
vt 0.464467 0.457368
vt 0.464467 0.541429
vt 0.467055 0.462764
vt 0.357644 0.580614
vt 0.363090 0.571329
vt 0.386783 0.572428
vt 0.392894 0.576048
vt 0.487259 0.480361
vt 0.488679 0.486730
vt 0.288869 0.587982
vt 0.399335 0.579846
vt 0.489537 0.493199
vt 0.295917 0.583921
vt 0.406043 0.583785
vt 0.489824 0.499705
vt 0.302828 0.579953
vt 0.412954 0.587827
vt 0.489537 0.506187
vt 0.309536 0.576117
vt 0.420001 0.591933
vt 0.488679 0.512581
vt 0.315977 0.572450
vt 0.487259 0.518826
vt 0.322088 0.568987
vt 0.485289 0.524862
vt 0.327810 0.565761
vt 0.482789 0.530630
vt 0.333089 0.562805
vt 0.479783 0.536076
vt 0.345781 0.568501
vt 0.337874 0.560145
vt 0.476300 0.541146
vt 0.476300 0.457085
vt 0.479783 0.462459
vt 0.370997 0.562973
vt 0.375782 0.565859
vt 0.482789 0.468167
vt 0.381061 0.569021
vt 0.485289 0.474154
vt 0.287593 0.587081
vt 0.293377 0.582127
vt 0.404317 0.576328
vt 0.409822 0.581116
vt 0.212280 0.498688
vt 0.212629 0.492183
vt 0.225585 0.492647
vt 0.225298 0.499153
vt 0.299049 0.577284
vt 0.415494 0.586033
vt 0.212629 0.505171
vt 0.225585 0.505635
vt 0.304554 0.572599
vt 0.421277 0.591032
vt 0.213675 0.511572
vt 0.226443 0.512029
vt 0.309840 0.568116
vt 0.215406 0.517828
vt 0.227864 0.518274
vt 0.314855 0.563879
vt 0.217806 0.523879
vt 0.229834 0.524310
vt 0.319551 0.559929
vt 0.497317 0.524431
vt 0.494271 0.530219
vt 0.323884 0.556304
vt 0.224515 0.535137
vt 0.220852 0.529668
vt 0.232334 0.530078
vt 0.235340 0.535524
vt 0.327810 0.553039
vt 0.366753 0.560390
vt 0.377577 0.552747
vt 0.381060 0.555866
vt 0.224515 0.461520
vt 0.228759 0.456173
vt 0.238823 0.456533
vt 0.235340 0.461907
vt 0.384987 0.559358
vt 0.220852 0.467204
vt 0.232334 0.467615
vt 0.389319 0.563188
vt 0.494271 0.467756
vt 0.497317 0.473723
vt 0.394016 0.567320
vt 0.215406 0.479364
vt 0.217806 0.473171
vt 0.229834 0.473602
vt 0.227864 0.479809
vt 0.399031 0.571714
vt 0.213675 0.485721
vt 0.226443 0.486178
vt 0.315977 0.547455
vt 0.238823 0.540595
s 1
usemtl Hydrogen.002
f 4968/4589/4962 3983/4590/3977 4005/4591/3999 4006/4592/4000
f 3992/4593/3986 3991/4594/3985 4019/4595/4013 4020/4596/4014
f 3984/4597/3978 4968/4598/4962 4006/4599/4000 4007/4600/4001
f 3993/4601/3987 3992/4593/3986 4020/4596/4014 4021/4602/4015
f 4969/4603/4963 3984/4597/3978 4007/4600/4001 4008/4604/4002
f 4974/4605/4968 3993/4606/3987 4021/4607/4015 4022/4608/4016
f 4970/4609/4964 4969/4603/4963 4008/4604/4002 4009/4610/4003
f 3994/4611/3988 4974/4605/4968 4022/4608/4016 4023/4612/4017
f 3985/4613/3979 4970/4609/4964 4009/4610/4003 4010/4614/4004
f 3995/4615/3989 3994/4611/3988 4023/4612/4017 4024/4616/4018
f 3986/4617/3980 3985/4613/3979 4010/4614/4004 4011/4618/4005
f 3996/4619/3990 3995/4615/3989 4024/4616/4018 4025/4620/4019
f 3987/4621/3981 3986/4617/3980 4011/4618/4005 4012/4622/4006
f 4962/4623/4956 4496/4624/4490 3999/4625/3993
f 4975/4626/4969 3996/4619/3990 4025/4620/4019 4026/4627/4020
f 3988/4628/3982 3987/4621/3981 4012/4622/4006 4013/4629/4007
f 4963/4630/4957 4962/4623/4956 3999/4625/3993 4000/4631/3994
f 4976/4632/4970 4975/4626/4969 4026/4627/4020 4027/4633/4021
f 4971/4634/4965 3988/4628/3982 4013/4629/4007 4014/4635/4008
f 4964/4636/4958 4963/4630/4957 4000/4631/3994 4001/4637/3995
f 3997/4638/3991 4976/4632/4970 4027/4633/4021 4028/4639/4022
f 3989/4640/3983 4971/4634/4965 4014/4635/4008 4015/4641/4009
f 4965/4642/4959 4964/4636/4958 4001/4637/3995 4002/4643/3996
f 3998/4644/3992 3997/4638/3991 4028/4639/4022 4029/4645/4023
f 3990/4646/3984 3989/4640/3983 4015/4641/4009 4016/4647/4010
f 4966/4648/4960 4965/4642/4959 4002/4643/3996 4003/4649/3997
f 4495/4650/4489 3998/4644/3992 4029/4645/4023
f 4972/4651/4966 3990/4646/3984 4016/4647/4010 4017/4652/4011
f 4967/4653/4961 4966/4648/4960 4003/4649/3997 4004/4654/3998
f 4973/4655/4967 4972/4651/4966 4017/4652/4011 4018/4656/4012
f 3983/4590/3977 4967/4653/4961 4004/4654/3998 4005/4591/3999
f 3991/4594/3985 4973/4655/4967 4018/4656/4012 4019/4595/4013
f 4014/4635/4008 4013/4629/4007 4044/4657/4038 4045/4658/4039
f 4001/4637/3995 4000/4631/3994 4031/4659/4025 4032/4660/4026
f 4028/4639/4022 4027/4633/4021 4058/4661/4052 4059/4662/4053
f 4015/4641/4009 4014/4635/4008 4045/4658/4039 4046/4663/4040
f 4002/4643/3996 4001/4637/3995 4032/4660/4026 4033/4664/4027
f 4029/4645/4023 4028/4639/4022 4059/4662/4053 4060/4665/4054
f 4016/4647/4010 4015/4641/4009 4046/4663/4040 4047/4666/4041
f 4003/4649/3997 4002/4643/3996 4033/4664/4027 4034/4667/4028
f 4495/4650/4489 4029/4645/4023 4060/4665/4054
f 4017/4652/4011 4016/4647/4010 4047/4666/4041 4048/4668/4042
f 4004/4654/3998 4003/4649/3997 4034/4667/4028 4035/4669/4029
f 4018/4656/4012 4017/4652/4011 4048/4668/4042 4049/4670/4043
f 4005/4591/3999 4004/4654/3998 4035/4669/4029 4036/4671/4030
f 4019/4595/4013 4018/4656/4012 4049/4670/4043 4050/4672/4044
f 4006/4592/4000 4005/4591/3999 4036/4671/4030 4037/4673/4031
f 4020/4596/4014 4019/4595/4013 4050/4672/4044 4051/4674/4045
f 4007/4600/4001 4006/4599/4000 4037/4675/4031 4038/4676/4032
f 4021/4602/4015 4020/4596/4014 4051/4674/4045 4052/4677/4046
f 4008/4604/4002 4007/4600/4001 4038/4676/4032 4039/4678/4033
f 4022/4679/4016 4021/4602/4015 4052/4677/4046 4053/4680/4047
f 4009/4610/4003 4008/4604/4002 4039/4678/4033 4040/4681/4034
f 4023/4612/4017 4022/4608/4016 4053/4682/4047 4054/4683/4048
f 4010/4614/4004 4009/4610/4003 4040/4681/4034 4041/4684/4035
f 4024/4616/4018 4023/4612/4017 4054/4683/4048 4055/4685/4049
f 4011/4618/4005 4010/4614/4004 4041/4684/4035 4042/4686/4036
f 4025/4620/4019 4024/4616/4018 4055/4685/4049 4056/4687/4050
f 4012/4622/4006 4011/4618/4005 4042/4686/4036 4043/4688/4037
f 3999/4625/3993 4496/4624/4490 4030/4689/4024
f 4026/4627/4020 4025/4620/4019 4056/4687/4050 4057/4690/4051
f 4013/4629/4007 4012/4622/4006 4043/4688/4037 4044/4657/4038
f 4000/4631/3994 3999/4625/3993 4030/4689/4024 4031/4659/4025
f 4027/4633/4021 4026/4627/4020 4057/4690/4051 4058/4661/4052
f 4047/4666/4041 4046/4663/4040 4077/4691/4071 4078/4692/4072
f 4034/4667/4028 4033/4664/4027 4064/4693/4058 4065/4694/4059
f 4495/4650/4489 4060/4665/4054 4091/4695/4085
f 4048/4668/4042 4047/4666/4041 4078/4692/4072 4079/4696/4073
f 4035/4669/4029 4034/4667/4028 4065/4694/4059 4066/4697/4060
f 4049/4670/4043 4048/4668/4042 4079/4696/4073 4080/4698/4074
f 4036/4671/4030 4035/4669/4029 4066/4697/4060 4067/4699/4061
f 4050/4672/4044 4049/4670/4043 4080/4698/4074 4081/4700/4075
f 4037/4673/4031 4036/4671/4030 4067/4699/4061 4068/4701/4062
f 4051/4674/4045 4050/4672/4044 4081/4700/4075 4082/4702/4076
f 4038/4676/4032 4037/4675/4031 4068/4703/4062 4069/4704/4063
f 4052/4677/4046 4051/4674/4045 4082/4702/4076 4083/4705/4077
f 4039/4678/4033 4038/4676/4032 4069/4704/4063 4070/4706/4064
f 4053/4680/4047 4052/4677/4046 4083/4705/4077 4084/4707/4078
f 4040/4681/4034 4039/4678/4033 4070/4706/4064 4071/4708/4065
f 4054/4683/4048 4053/4682/4047 4084/4709/4078 4085/4710/4079
f 4041/4684/4035 4040/4681/4034 4071/4708/4065 4072/4711/4066
f 4055/4685/4049 4054/4683/4048 4085/4710/4079 4086/4712/4080
f 4042/4686/4036 4041/4684/4035 4072/4711/4066 4073/4713/4067
f 4056/4687/4050 4055/4685/4049 4086/4712/4080 4087/4714/4081
f 4043/4688/4037 4042/4686/4036 4073/4713/4067 4074/4715/4068
f 4030/4689/4024 4496/4624/4490 4061/4716/4055
f 4057/4690/4051 4056/4687/4050 4087/4714/4081 4088/4717/4082
f 4044/4657/4038 4043/4688/4037 4074/4715/4068 4075/4718/4069
f 4031/4659/4025 4030/4689/4024 4061/4716/4055 4062/4719/4056
f 4058/4661/4052 4057/4690/4051 4088/4717/4082 4089/4720/4083
f 4045/4658/4039 4044/4657/4038 4075/4718/4069 4076/4721/4070
f 4032/4660/4026 4031/4659/4025 4062/4719/4056 4063/4722/4057
f 4059/4662/4053 4058/4661/4052 4089/4720/4083 4090/4723/4084
f 4046/4663/4040 4045/4658/4039 4076/4721/4070 4077/4691/4071
f 4033/4664/4027 4032/4660/4026 4063/4722/4057 4064/4693/4058
f 4060/4665/4054 4059/4662/4053 4090/4723/4084 4091/4695/4085
f 4080/4698/4074 4079/4696/4073 4110/4724/4104 4111/4725/4105
f 4067/4699/4061 4066/4697/4060 4097/4726/4091 4098/4727/4092
f 4081/4700/4075 4080/4698/4074 4111/4725/4105 4112/4728/4106
f 4068/4701/4062 4067/4699/4061 4098/4727/4092 4099/4729/4093
f 4082/4702/4076 4081/4700/4075 4112/4728/4106 4113/4730/4107
f 4069/4704/4063 4068/4703/4062 4099/4731/4093 4100/4732/4094
f 4083/4705/4077 4082/4702/4076 4113/4730/4107 4114/4733/4108
f 4070/4706/4064 4069/4704/4063 4100/4732/4094 4101/4734/4095
f 4084/4707/4078 4083/4705/4077 4114/4733/4108 4115/4735/4109
f 4071/4708/4065 4070/4706/4064 4101/4734/4095 4102/4736/4096
f 4085/4710/4079 4084/4709/4078 4115/4737/4109 4116/4738/4110
f 4072/4711/4066 4071/4708/4065 4102/4736/4096 4103/4739/4097
f 4086/4712/4080 4085/4710/4079 4116/4738/4110 4117/4740/4111
f 4073/4713/4067 4072/4711/4066 4103/4739/4097 4104/4741/4098
f 4087/4714/4081 4086/4712/4080 4117/4740/4111 4118/4742/4112
f 4074/4715/4068 4073/4713/4067 4104/4741/4098 4105/4743/4099
f 4061/4716/4055 4496/4624/4490 4092/4744/4086
f 4088/4717/4082 4087/4714/4081 4118/4742/4112 4119/4745/4113
f 4075/4718/4069 4074/4715/4068 4105/4743/4099 4106/4746/4100
f 4062/4719/4056 4061/4716/4055 4092/4744/4086 4093/4747/4087
f 4089/4720/4083 4088/4717/4082 4119/4745/4113 4120/4748/4114
f 4076/4721/4070 4075/4718/4069 4106/4746/4100 4107/4749/4101
f 4063/4722/4057 4062/4719/4056 4093/4747/4087 4094/4750/4088
f 4090/4723/4084 4089/4720/4083 4120/4748/4114 4121/4751/4115
f 4077/4691/4071 4076/4721/4070 4107/4749/4101 4108/4752/4102
f 4064/4693/4058 4063/4722/4057 4094/4750/4088 4095/4753/4089
f 4091/4695/4085 4090/4723/4084 4121/4751/4115 4122/4754/4116
f 4078/4692/4072 4077/4691/4071 4108/4752/4102 4109/4755/4103
f 4065/4694/4059 4064/4693/4058 4095/4753/4089 4096/4756/4090
f 4495/4650/4489 4091/4695/4085 4122/4754/4116
f 4079/4696/4073 4078/4692/4072 4109/4755/4103 4110/4724/4104
f 4066/4697/4060 4065/4694/4059 4096/4756/4090 4097/4726/4091
f 4113/4730/4107 4112/4728/4106 4143/4757/4137 4144/4758/4138
f 4100/4732/4094 4099/4731/4093 4130/4759/4124 4131/4760/4125
f 4114/4733/4108 4113/4730/4107 4144/4758/4138 4145/4761/4139
f 4101/4734/4095 4100/4732/4094 4131/4760/4125 4132/4762/4126
f 4115/4737/4109 4114/4763/4108 4145/4764/4139 4146/4765/4140
f 4102/4736/4096 4101/4734/4095 4132/4762/4126 4133/4766/4127
f 4116/4738/4110 4115/4737/4109 4146/4765/4140 4147/4767/4141
f 4103/4739/4097 4102/4736/4096 4133/4766/4127 4134/4768/4128
f 4117/4740/4111 4116/4738/4110 4147/4767/4141 4148/4769/4142
f 4104/4741/4098 4103/4739/4097 4134/4768/4128 4135/4770/4129
f 4118/4742/4112 4117/4740/4111 4148/4769/4142 4149/4771/4143
f 4105/4743/4099 4104/4741/4098 4135/4770/4129 4136/4772/4130
f 4092/4744/4086 4496/4624/4490 4123/4773/4117
f 4119/4745/4113 4118/4742/4112 4149/4771/4143 4150/4774/4144
f 4106/4746/4100 4105/4743/4099 4136/4772/4130 4137/4775/4131
f 4093/4747/4087 4092/4744/4086 4123/4773/4117 4124/4776/4118
f 4120/4748/4114 4119/4745/4113 4150/4774/4144 4151/4777/4145
f 4107/4749/4101 4106/4746/4100 4137/4775/4131 4138/4778/4132
f 4094/4750/4088 4093/4747/4087 4124/4776/4118 4125/4779/4119
f 4121/4751/4115 4120/4748/4114 4151/4777/4145 4152/4780/4146
f 4108/4752/4102 4107/4749/4101 4138/4778/4132 4139/4781/4133
f 4095/4753/4089 4094/4750/4088 4125/4779/4119 4126/4782/4120
f 4122/4754/4116 4121/4751/4115 4152/4780/4146 4153/4783/4147
f 4109/4755/4103 4108/4752/4102 4139/4781/4133 4140/4784/4134
f 4096/4756/4090 4095/4753/4089 4126/4782/4120 4127/4785/4121
f 4495/4650/4489 4122/4754/4116 4153/4783/4147
f 4110/4724/4104 4109/4755/4103 4140/4784/4134 4141/4786/4135
f 4097/4726/4091 4096/4756/4090 4127/4785/4121 4128/4787/4122
f 4111/4725/4105 4110/4724/4104 4141/4786/4135 4142/4788/4136
f 4098/4727/4092 4097/4726/4091 4128/4787/4122 4129/4789/4123
f 4112/4728/4106 4111/4725/4105 4142/4788/4136 4143/4757/4137
f 4099/4729/4093 4098/4727/4092 4129/4789/4123 4130/4790/4124
f 4146/4765/4140 4145/4764/4139 4176/4791/4170 4177/4792/4171
f 4133/4766/4127 4132/4762/4126 4163/4793/4157 4164/4794/4158
f 4147/4767/4141 4146/4765/4140 4177/4792/4171 4178/4795/4172
f 4134/4768/4128 4133/4766/4127 4164/4794/4158 4165/4796/4159
f 4148/4769/4142 4147/4767/4141 4178/4795/4172 4179/4797/4173
f 4135/4770/4129 4134/4768/4128 4165/4796/4159 4166/4798/4160
f 4149/4771/4143 4148/4769/4142 4179/4797/4173 4180/4799/4174
f 4136/4772/4130 4135/4770/4129 4166/4798/4160 4167/4800/4161
f 4123/4773/4117 4496/4624/4490 4154/4801/4148
f 4150/4774/4144 4149/4771/4143 4180/4799/4174 4181/4802/4175
f 4137/4775/4131 4136/4772/4130 4167/4800/4161 4168/4803/4162
f 4124/4776/4118 4123/4773/4117 4154/4801/4148 4155/4804/4149
f 4151/4777/4145 4150/4774/4144 4181/4802/4175 4182/4805/4176
f 4138/4778/4132 4137/4775/4131 4168/4803/4162 4169/4806/4163
f 4125/4779/4119 4124/4776/4118 4155/4804/4149 4156/4807/4150
f 4152/4780/4146 4151/4777/4145 4182/4805/4176 4183/4808/4177
f 4139/4781/4133 4138/4778/4132 4169/4806/4163 4170/4809/4164
f 4126/4782/4120 4125/4779/4119 4156/4807/4150 4157/4810/4151
f 4153/4783/4147 4152/4780/4146 4183/4808/4177 4184/4811/4178
f 4140/4784/4134 4139/4781/4133 4170/4809/4164 4171/4812/4165
f 4127/4785/4121 4126/4782/4120 4157/4810/4151 4158/4813/4152
f 4495/4650/4489 4153/4783/4147 4184/4811/4178
f 4141/4786/4135 4140/4784/4134 4171/4812/4165 4172/4814/4166
f 4128/4787/4122 4127/4785/4121 4158/4813/4152 4159/4815/4153
f 4142/4788/4136 4141/4786/4135 4172/4814/4166 4173/4816/4167
f 4129/4789/4123 4128/4787/4122 4159/4815/4153 4160/4817/4154
f 4143/4757/4137 4142/4788/4136 4173/4816/4167 4174/4818/4168
f 4130/4790/4124 4129/4789/4123 4160/4817/4154 4161/4819/4155
f 4144/4758/4138 4143/4757/4137 4174/4818/4168 4175/4820/4169
f 4131/4821/4125 4130/4790/4124 4161/4819/4155 4162/4822/4156
f 4145/4761/4139 4144/4758/4138 4175/4820/4169 4176/4823/4170
f 4132/4762/4126 4131/4760/4125 4162/4824/4156 4163/4793/4157
f 4179/4797/4173 4178/4795/4172 4209/4825/4203 4210/4826/4204
f 4166/4798/4160 4165/4796/4159 4196/4827/4190 4197/4828/4191
f 4180/4799/4174 4179/4797/4173 4210/4826/4204 4211/4829/4205
f 4167/4800/4161 4166/4798/4160 4197/4828/4191 4198/4830/4192
f 4154/4801/4148 4496/4624/4490 4185/4831/4179
f 4181/4802/4175 4180/4799/4174 4211/4829/4205 4212/4832/4206
f 4168/4803/4162 4167/4800/4161 4198/4830/4192 4199/4833/4193
f 4155/4804/4149 4154/4801/4148 4185/4831/4179 4186/4834/4180
f 4182/4805/4176 4181/4802/4175 4212/4832/4206 4213/4835/4207
f 4169/4806/4163 4168/4803/4162 4199/4833/4193 4200/4836/4194
f 4156/4807/4150 4155/4804/4149 4186/4834/4180 4187/4837/4181
f 4183/4808/4177 4182/4805/4176 4213/4835/4207 4214/4838/4208
f 4170/4839/4164 4169/4840/4163 4200/4841/4194 4201/4842/4195
f 4157/4810/4151 4156/4807/4150 4187/4837/4181 4188/4843/4182
f 4184/4811/4178 4183/4808/4177 4214/4838/4208 4215/4844/4209
f 4171/4845/4165 4170/4839/4164 4201/4842/4195 4202/4846/4196
f 4158/4813/4152 4157/4810/4151 4188/4843/4182 4189/4847/4183
f 4495/4650/4489 4184/4811/4178 4215/4844/4209
f 4172/4848/4166 4171/4845/4165 4202/4846/4196 4203/4849/4197
f 4159/4815/4153 4158/4813/4152 4189/4847/4183 4190/4850/4184
f 4173/4851/4167 4172/4848/4166 4203/4849/4197 4204/4852/4198
f 4160/4817/4154 4159/4815/4153 4190/4850/4184 4191/4853/4185
f 4174/4854/4168 4173/4851/4167 4204/4852/4198 4205/4855/4199
f 4161/4819/4155 4160/4817/4154 4191/4853/4185 4192/4856/4186
f 4175/4857/4169 4174/4854/4168 4205/4855/4199 4206/4858/4200
f 4162/4822/4156 4161/4819/4155 4192/4856/4186 4193/4859/4187
f 4176/4791/4170 4175/4860/4169 4206/4861/4200 4207/4862/4201
f 4163/4793/4157 4162/4824/4156 4193/4863/4187 4194/4864/4188
f 4177/4792/4171 4176/4791/4170 4207/4862/4201 4208/4865/4202
f 4164/4794/4158 4163/4793/4157 4194/4864/4188 4195/4866/4189
f 4178/4795/4172 4177/4792/4171 4208/4865/4202 4209/4825/4203
f 4165/4796/4159 4164/4794/4158 4195/4866/4189 4196/4827/4190
f 4212/4832/4206 4211/4829/4205 4242/4867/4236 4243/4868/4237
f 4199/4869/4193 4198/4870/4192 4229/4871/4223 4230/4872/4224
f 4186/4834/4180 4185/4831/4179 4216/4873/4210 4217/4874/4211
f 4213/4835/4207 4212/4832/4206 4243/4868/4237 4244/4875/4238
f 4200/4841/4194 4199/4869/4193 4230/4872/4224 4231/4876/4225
f 4187/4837/4181 4186/4834/4180 4217/4874/4211 4218/4877/4212
f 4214/4838/4208 4213/4835/4207 4244/4875/4238 4245/4878/4239
f 4201/4842/4195 4200/4841/4194 4231/4876/4225 4232/4879/4226
f 4188/4843/4182 4187/4837/4181 4218/4877/4212 4219/4880/4213
f 4215/4844/4209 4214/4838/4208 4245/4878/4239 4246/4881/4240
f 4202/4846/4196 4201/4842/4195 4232/4879/4226 4233/4882/4227
f 4189/4847/4183 4188/4843/4182 4219/4880/4213 4220/4883/4214
f 4495/4650/4489 4215/4844/4209 4246/4881/4240
f 4203/4849/4197 4202/4846/4196 4233/4882/4227 4234/4884/4228
f 4190/4850/4184 4189/4847/4183 4220/4883/4214 4221/4885/4215
f 4204/4852/4198 4203/4849/4197 4234/4884/4228 4235/4886/4229
f 4191/4853/4185 4190/4850/4184 4221/4885/4215 4222/4887/4216
f 4205/4855/4199 4204/4852/4198 4235/4886/4229 4236/4888/4230
f 4192/4856/4186 4191/4853/4185 4222/4887/4216 4223/4889/4217
f 4206/4858/4200 4205/4855/4199 4236/4888/4230 4237/4890/4231
f 4193/4859/4187 4192/4856/4186 4223/4889/4217 4224/4891/4218
f 4207/4892/4201 4206/4858/4200 4237/4890/4231 4238/4893/4232
f 4194/4894/4188 4193/4895/4187 4224/4896/4218 4225/4897/4219
f 4208/4865/4202 4207/4862/4201 4238/4898/4232 4239/4899/4233
f 4195/4900/4189 4194/4894/4188 4225/4897/4219 4226/4901/4220
f 4209/4825/4203 4208/4865/4202 4239/4899/4233 4240/4902/4234
f 4196/4903/4190 4195/4900/4189 4226/4901/4220 4227/4904/4221
f 4210/4826/4204 4209/4825/4203 4240/4902/4234 4241/4905/4235
f 4197/4906/4191 4196/4903/4190 4227/4904/4221 4228/4907/4222
f 4211/4829/4205 4210/4826/4204 4241/4905/4235 4242/4867/4236
f 4198/4870/4192 4197/4906/4191 4228/4907/4222 4229/4871/4223
f 4185/4831/4179 4496/4624/4490 4216/4873/4210
f 4245/4878/4239 4244/4875/4238 4275/4908/4269 4276/4909/4270
f 4232/4879/4226 4231/4876/4225 4262/4910/4256 4263/4911/4257
f 4219/4880/4213 4218/4877/4212 4249/4912/4243 4250/4913/4244
f 4246/4881/4240 4245/4878/4239 4276/4909/4270 4277/4914/4271
f 4233/4882/4227 4232/4879/4226 4263/4911/4257 4264/4915/4258
f 4220/4883/4214 4219/4880/4213 4250/4913/4244 4251/4916/4245
f 4495/4650/4489 4246/4881/4240 4277/4914/4271
f 4234/4884/4228 4233/4882/4227 4264/4915/4258 4265/4917/4259
f 4221/4885/4215 4220/4883/4214 4251/4916/4245 4252/4918/4246
f 4235/4886/4229 4234/4884/4228 4265/4917/4259 4266/4919/4260
f 4222/4887/4216 4221/4885/4215 4252/4918/4246 4253/4920/4247
f 4236/4888/4230 4235/4886/4229 4266/4919/4260 4267/4921/4261
f 4223/4889/4217 4222/4887/4216 4253/4920/4247 4254/4922/4248
f 4237/4890/4231 4236/4888/4230 4267/4921/4261 4268/4923/4262
f 4224/4891/4218 4223/4889/4217 4254/4922/4248 4255/4924/4249
f 4238/4893/4232 4237/4890/4231 4268/4923/4262 4269/4925/4263
f 4225/4897/4219 4224/4896/4218 4255/4926/4249 4256/4927/4250
f 4239/4928/4233 4238/4893/4232 4269/4925/4263 4270/4929/4264
f 4226/4901/4220 4225/4897/4219 4256/4927/4250 4257/4930/4251
f 4240/4902/4234 4239/4899/4233 4270/4931/4264 4271/4932/4265
f 4227/4904/4221 4226/4901/4220 4257/4930/4251 4258/4933/4252
f 4241/4905/4235 4240/4902/4234 4271/4932/4265 4272/4934/4266
f 4228/4907/4222 4227/4904/4221 4258/4933/4252 4259/4935/4253
f 4242/4867/4236 4241/4905/4235 4272/4934/4266 4273/4936/4267
f 4229/4871/4223 4228/4907/4222 4259/4935/4253 4260/4937/4254
f 4216/4873/4210 4496/4624/4490 4247/4938/4241
f 4243/4868/4237 4242/4867/4236 4273/4936/4267 4274/4939/4268
f 4230/4872/4224 4229/4871/4223 4260/4937/4254 4261/4940/4255
f 4217/4874/4211 4216/4873/4210 4247/4938/4241 4248/4941/4242
f 4244/4875/4238 4243/4868/4237 4274/4939/4268 4275/4908/4269
f 4231/4876/4225 4230/4872/4224 4261/4940/4255 4262/4910/4256
f 4218/4877/4212 4217/4874/4211 4248/4941/4242 4249/4912/4243
f 4495/4650/4489 4277/4914/4271 4308/4942/4302
f 4265/4917/4259 4264/4915/4258 4295/4943/4289 4296/4944/4290
f 4252/4918/4246 4251/4916/4245 4282/4945/4276 4283/4946/4277
f 4266/4919/4260 4265/4917/4259 4296/4944/4290 4297/4947/4291
f 4253/4920/4247 4252/4918/4246 4283/4946/4277 4284/4948/4278
f 4267/4921/4261 4266/4919/4260 4297/4947/4291 4298/4949/4292
f 4254/4922/4248 4253/4920/4247 4284/4948/4278 4285/4950/4279
f 4268/4923/4262 4267/4921/4261 4298/4949/4292 4299/4951/4293
f 4255/4926/4249 4254/4952/4248 4285/4953/4279 4286/4954/4280
f 4269/4925/4263 4268/4923/4262 4299/4951/4293 4300/4955/4294
f 4256/4927/4250 4255/4926/4249 4286/4954/4280 4287/4956/4281
f 4270/4929/4264 4269/4925/4263 4300/4955/4294 4301/4957/4295
f 4257/4930/4251 4256/4927/4250 4287/4956/4281 4288/4958/4282
f 4271/4932/4265 4270/4931/4264 4301/4959/4295 4302/4960/4296
f 4258/4933/4252 4257/4930/4251 4288/4958/4282 4289/4961/4283
f 4272/4934/4266 4271/4932/4265 4302/4960/4296 4303/4962/4297
f 4259/4935/4253 4258/4933/4252 4289/4961/4283 4290/4963/4284
f 4273/4936/4267 4272/4934/4266 4303/4962/4297 4304/4964/4298
f 4260/4937/4254 4259/4935/4253 4290/4963/4284 4291/4965/4285
f 4247/4938/4241 4496/4624/4490 4278/4966/4272
f 4274/4939/4268 4273/4936/4267 4304/4964/4298 4305/4967/4299
f 4261/4940/4255 4260/4937/4254 4291/4965/4285 4292/4968/4286
f 4248/4941/4242 4247/4938/4241 4278/4966/4272 4279/4969/4273
f 4275/4908/4269 4274/4939/4268 4305/4967/4299 4306/4970/4300
f 4262/4910/4256 4261/4940/4255 4292/4968/4286 4293/4971/4287
f 4249/4912/4243 4248/4941/4242 4279/4969/4273 4280/4972/4274
f 4276/4909/4270 4275/4908/4269 4306/4970/4300 4307/4973/4301
f 4263/4911/4257 4262/4910/4256 4293/4971/4287 4294/4974/4288
f 4250/4913/4244 4249/4912/4243 4280/4972/4274 4281/4975/4275
f 4277/4914/4271 4276/4909/4270 4307/4973/4301 4308/4942/4302
f 4264/4915/4258 4263/4911/4257 4294/4974/4288 4295/4943/4289
f 4251/4916/4245 4250/4913/4244 4281/4975/4275 4282/4945/4276
f 4298/4949/4292 4297/4947/4291 4328/4976/4322 4329/4977/4323
f 4285/4950/4279 4284/4948/4278 4315/4978/4309 4316/4979/4310
f 4299/4951/4293 4298/4949/4292 4329/4977/4323 4330/4980/4324
f 4286/4954/4280 4285/4953/4279 4316/4981/4310 4317/4982/4311
f 4300/4955/4294 4299/4951/4293 4330/4980/4324 4331/4983/4325
f 4287/4956/4281 4286/4954/4280 4317/4982/4311 4318/4984/4312
f 4301/4957/4295 4300/4955/4294 4331/4983/4325 4332/4985/4326
f 4288/4958/4282 4287/4956/4281 4318/4984/4312 4319/4986/4313
f 4302/4960/4296 4301/4959/4295 4332/4987/4326 4333/4988/4327
f 4289/4961/4283 4288/4958/4282 4319/4986/4313 4320/4989/4314
f 4303/4962/4297 4302/4960/4296 4333/4988/4327 4334/4990/4328
f 4290/4963/4284 4289/4961/4283 4320/4989/4314 4321/4991/4315
f 4304/4964/4298 4303/4962/4297 4334/4990/4328 4335/4992/4329
f 4291/4965/4285 4290/4963/4284 4321/4991/4315 4322/4993/4316
f 4278/4966/4272 4496/4624/4490 4309/4994/4303
f 4305/4967/4299 4304/4964/4298 4335/4992/4329 4336/4995/4330
f 4292/4968/4286 4291/4965/4285 4322/4993/4316 4323/4996/4317
f 4279/4969/4273 4278/4966/4272 4309/4994/4303 4310/4997/4304
f 4306/4970/4300 4305/4967/4299 4336/4995/4330 4337/4998/4331
f 4293/4971/4287 4292/4968/4286 4323/4996/4317 4324/4999/4318
f 4280/4972/4274 4279/4969/4273 4310/4997/4304 4311/5000/4305
f 4307/4973/4301 4306/4970/4300 4337/4998/4331 4338/5001/4332
f 4294/4974/4288 4293/4971/4287 4324/4999/4318 4325/5002/4319
f 4281/4975/4275 4280/4972/4274 4311/5000/4305 4312/5003/4306
f 4308/4942/4302 4307/4973/4301 4338/5001/4332 4339/5004/4333
f 4295/4943/4289 4294/4974/4288 4325/5002/4319 4326/5005/4320
f 4282/4945/4276 4281/4975/4275 4312/5003/4306 4313/5006/4307
f 4495/4650/4489 4308/4942/4302 4339/5004/4333
f 4296/4944/4290 4295/4943/4289 4326/5005/4320 4327/5007/4321
f 4283/4946/4277 4282/4945/4276 4313/5006/4307 4314/5008/4308
f 4297/4947/4291 4296/4944/4290 4327/5007/4321 4328/4976/4322
f 4284/4948/4278 4283/4946/4277 4314/5008/4308 4315/4978/4309
f 4331/4983/4325 4330/4980/4324 4361/5009/4355 4362/5010/4356
f 4318/4984/4312 4317/4982/4311 4348/5011/4342 4349/5012/4343
f 4332/4985/4326 4331/4983/4325 4362/5010/4356 4363/5013/4357
f 4319/4986/4313 4318/4984/4312 4349/5012/4343 4350/5014/4344
f 4333/4988/4327 4332/4987/4326 4363/5015/4357 4364/5016/4358
f 4320/4989/4314 4319/4986/4313 4350/5014/4344 4351/5017/4345
f 4334/4990/4328 4333/4988/4327 4364/5016/4358 4365/5018/4359
f 4321/4991/4315 4320/4989/4314 4351/5017/4345 4352/5019/4346
f 4335/4992/4329 4334/4990/4328 4365/5018/4359 4366/5020/4360
f 4322/4993/4316 4321/4991/4315 4352/5019/4346 4353/5021/4347
f 4309/4994/4303 4496/4624/4490 4340/5022/4334
f 4336/4995/4330 4335/4992/4329 4366/5020/4360 4367/5023/4361
f 4323/4996/4317 4322/4993/4316 4353/5021/4347 4354/5024/4348
f 4310/4997/4304 4309/4994/4303 4340/5022/4334 4341/5025/4335
f 4337/4998/4331 4336/4995/4330 4367/5023/4361 4368/5026/4362
f 4324/4999/4318 4323/4996/4317 4354/5024/4348 4355/5027/4349
f 4311/5000/4305 4310/4997/4304 4341/5025/4335 4342/5028/4336
f 4338/5001/4332 4337/4998/4331 4368/5026/4362 4369/5029/4363
f 4325/5002/4319 4324/4999/4318 4355/5027/4349 4356/5030/4350
f 4312/5003/4306 4311/5000/4305 4342/5028/4336 4343/5031/4337
f 4339/5004/4333 4338/5001/4332 4369/5029/4363 4370/5032/4364
f 4326/5005/4320 4325/5002/4319 4356/5030/4350 4357/5033/4351
f 4313/5006/4307 4312/5003/4306 4343/5031/4337 4344/5034/4338
f 4495/4650/4489 4339/5004/4333 4370/5032/4364
f 4327/5007/4321 4326/5005/4320 4357/5033/4351 4358/5035/4352
f 4314/5008/4308 4313/5006/4307 4344/5034/4338 4345/5036/4339
f 4328/4976/4322 4327/5007/4321 4358/5035/4352 4359/5037/4353
f 4315/4978/4309 4314/5008/4308 4345/5036/4339 4346/5038/4340
f 4329/4977/4323 4328/4976/4322 4359/5037/4353 4360/5039/4354
f 4316/4979/4310 4315/4978/4309 4346/5038/4340 4347/5040/4341
f 4330/4980/4324 4329/4977/4323 4360/5039/4354 4361/5009/4355
f 4317/4982/4311 4316/4981/4310 4347/5041/4341 4348/5011/4342
f 4364/5016/4358 4363/5015/4357 4394/5042/4388 4395/5043/4389
f 4351/5017/4345 4350/5014/4344 4381/5044/4375 4382/5045/4376
f 4365/5018/4359 4364/5016/4358 4395/5043/4389 4396/5046/4390
f 4352/5019/4346 4351/5017/4345 4382/5045/4376 4383/5047/4377
f 4366/5020/4360 4365/5018/4359 4396/5046/4390 4397/5048/4391
f 4353/5021/4347 4352/5019/4346 4383/5047/4377 4384/5049/4378
f 4340/5022/4334 4496/4624/4490 4371/5050/4365
f 4367/5023/4361 4366/5020/4360 4397/5048/4391 4398/5051/4392
f 4354/5024/4348 4353/5021/4347 4384/5049/4378 4385/5052/4379
f 4341/5025/4335 4340/5022/4334 4371/5050/4365 4372/5053/4366
f 4368/5026/4362 4367/5023/4361 4398/5051/4392 4399/5054/4393
f 4355/5027/4349 4354/5024/4348 4385/5052/4379 4386/5055/4380
f 4342/5028/4336 4341/5025/4335 4372/5053/4366 4373/5056/4367
f 4369/5029/4363 4368/5026/4362 4399/5054/4393 4400/5057/4394
f 4356/5030/4350 4355/5027/4349 4386/5055/4380 4387/5058/4381
f 4343/5031/4337 4342/5028/4336 4373/5056/4367 4374/5059/4368
f 4370/5032/4364 4369/5029/4363 4400/5057/4394 4401/5060/4395
f 4357/5033/4351 4356/5030/4350 4387/5058/4381 4388/5061/4382
f 4344/5034/4338 4343/5031/4337 4374/5059/4368 4375/5062/4369
f 4495/4650/4489 4370/5032/4364 4401/5060/4395
f 4358/5035/4352 4357/5033/4351 4388/5061/4382 4389/5063/4383
f 4345/5036/4339 4344/5034/4338 4375/5062/4369 4376/5064/4370
f 4359/5037/4353 4358/5035/4352 4389/5063/4383 4390/5065/4384
f 4346/5038/4340 4345/5036/4339 4376/5064/4370 4377/5066/4371
f 4360/5039/4354 4359/5037/4353 4390/5065/4384 4391/5067/4385
f 4347/5040/4341 4346/5038/4340 4377/5066/4371 4378/5068/4372
f 4361/5009/4355 4360/5039/4354 4391/5067/4385 4392/5069/4386
f 4348/5070/4342 4347/5040/4341 4378/5068/4372 4379/5071/4373
f 4362/5010/4356 4361/5009/4355 4392/5069/4386 4393/5072/4387
f 4349/5012/4343 4348/5011/4342 4379/5073/4373 4380/5074/4374
f 4363/5013/4357 4362/5010/4356 4393/5072/4387 4394/5075/4388
f 4350/5014/4344 4349/5012/4343 4380/5074/4374 4381/5044/4375
f 4397/5048/4391 4396/5046/4390 4427/5076/4421 4428/5077/4422
f 4384/5049/4378 4383/5047/4377 4414/5078/4408 4415/5079/4409
f 4371/5050/4365 4496/4624/4490 4402/5080/4396
f 4398/5051/4392 4397/5048/4391 4428/5077/4422 4429/5081/4423
f 4385/5052/4379 4384/5049/4378 4415/5079/4409 4416/5082/4410
f 4372/5053/4366 4371/5050/4365 4402/5080/4396 4403/5083/4397
f 4399/5054/4393 4398/5051/4392 4429/5081/4423 4430/5084/4424
f 4386/5055/4380 4385/5052/4379 4416/5082/4410 4417/5085/4411
f 4373/5056/4367 4372/5053/4366 4403/5083/4397 4404/5086/4398
f 4400/5057/4394 4399/5054/4393 4430/5084/4424 4431/5087/4425
f 4387/5058/4381 4386/5055/4380 4417/5085/4411 4418/5088/4412
f 4374/5059/4368 4373/5056/4367 4404/5086/4398 4405/5089/4399
f 4401/5060/4395 4400/5057/4394 4431/5087/4425 4432/5090/4426
f 4388/5061/4382 4387/5058/4381 4418/5088/4412 4419/5091/4413
f 4375/5062/4369 4374/5059/4368 4405/5089/4399 4406/5092/4400
f 4495/4650/4489 4401/5060/4395 4432/5090/4426
f 4389/5063/4383 4388/5061/4382 4419/5091/4413 4420/5093/4414
f 4376/5064/4370 4375/5062/4369 4406/5092/4400 4407/5094/4401
f 4390/5065/4384 4389/5063/4383 4420/5093/4414 4421/5095/4415
f 4377/5066/4371 4376/5064/4370 4407/5094/4401 4408/5096/4402
f 4391/5067/4385 4390/5065/4384 4421/5095/4415 4422/5097/4416
f 4378/5068/4372 4377/5066/4371 4408/5096/4402 4409/5098/4403
f 4392/5069/4386 4391/5067/4385 4422/5097/4416 4423/5099/4417
f 4379/5071/4373 4378/5068/4372 4409/5098/4403 4410/5100/4404
f 4393/5072/4387 4392/5069/4386 4423/5099/4417 4424/5101/4418
f 4380/5074/4374 4379/5073/4373 4410/5102/4404 4411/5103/4405
f 4394/5042/4388 4393/5104/4387 4424/5105/4418 4425/5106/4419
f 4381/5044/4375 4380/5074/4374 4411/5103/4405 4412/5107/4406
f 4395/5043/4389 4394/5042/4388 4425/5106/4419 4426/5108/4420
f 4382/5045/4376 4381/5044/4375 4412/5107/4406 4413/5109/4407
f 4396/5046/4390 4395/5043/4389 4426/5108/4420 4427/5076/4421
f 4383/5047/4377 4382/5045/4376 4413/5109/4407 4414/5078/4408
f 4403/5083/4397 4402/5080/4396 4433/5110/4427 4434/5111/4428
f 4430/5084/4424 4429/5081/4423 4460/5112/4454 4461/5113/4455
f 4417/5114/4411 4416/5115/4410 4447/5116/4441 4448/5117/4442
f 4404/5086/4398 4403/5083/4397 4434/5111/4428 4435/5118/4429
f 4431/5087/4425 4430/5084/4424 4461/5113/4455 4462/5119/4456
f 4418/5120/4412 4417/5114/4411 4448/5117/4442 4449/5121/4443
f 4405/5089/4399 4404/5086/4398 4435/5118/4429 4436/5122/4430
f 4432/5090/4426 4431/5087/4425 4462/5119/4456 4463/5123/4457
f 4419/5124/4413 4418/5120/4412 4449/5121/4443 4450/5125/4444
f 4406/5092/4400 4405/5089/4399 4436/5122/4430 4437/5126/4431
f 4495/4650/4489 4432/5090/4426 4463/5123/4457
f 4420/5127/4414 4419/5124/4413 4450/5125/4444 4451/5128/4445
f 4407/5094/4401 4406/5092/4400 4437/5126/4431 4438/5129/4432
f 4421/5095/4415 4420/5093/4414 4451/5130/4445 4452/5131/4446
f 4408/5096/4402 4407/5094/4401 4438/5129/4432 4439/5132/4433
f 4422/5097/4416 4421/5095/4415 4452/5131/4446 4453/5133/4447
f 4409/5098/4403 4408/5096/4402 4439/5132/4433 4440/5134/4434
f 4423/5099/4417 4422/5097/4416 4453/5133/4447 4454/5135/4448
f 4410/5100/4404 4409/5098/4403 4440/5134/4434 4441/5136/4435
f 4424/5137/4418 4423/5138/4417 4454/5139/4448 4455/5140/4449
f 4411/5141/4405 4410/5100/4404 4441/5136/4435 4442/5142/4436
f 4425/5106/4419 4424/5105/4418 4455/5143/4449 4456/5144/4450
f 4412/5107/4406 4411/5103/4405 4442/5145/4436 4443/5146/4437
f 4426/5108/4420 4425/5106/4419 4456/5144/4450 4457/5147/4451
f 4413/5109/4407 4412/5107/4406 4443/5146/4437 4444/5148/4438
f 4427/5076/4421 4426/5108/4420 4457/5147/4451 4458/5149/4452
f 4414/5150/4408 4413/5151/4407 4444/5152/4438 4445/5153/4439
f 4428/5077/4422 4427/5076/4421 4458/5149/4452 4459/5154/4453
f 4415/5155/4409 4414/5150/4408 4445/5153/4439 4446/5156/4440
f 4402/5080/4396 4496/4624/4490 4433/5110/4427
f 4429/5081/4423 4428/5077/4422 4459/5154/4453 4460/5112/4454
f 4416/5115/4410 4415/5155/4409 4446/5156/4440 4447/5116/4441
f 4436/5122/4430 4435/5118/4429 4466/5157/4460 4467/5158/4461
f 4463/5123/4457 4462/5119/4456 4493/5159/4487 4494/5160/4488
f 4450/5125/4444 4449/5121/4443 4480/5161/4474 4481/5162/4475
f 4437/5126/4431 4436/5122/4430 4467/5158/4461 4468/5163/4462
f 4495/4650/4489 4463/5123/4457 4494/5160/4488
f 4451/5128/4445 4450/5125/4444 4481/5162/4475 4482/5164/4476
f 4438/5129/4432 4437/5126/4431 4468/5163/4462 4469/5165/4463
f 4452/5166/4446 4451/5128/4445 4482/5164/4476 4483/5167/4477
f 4439/5132/4433 4438/5129/4432 4469/5165/4463 4470/5168/4464
f 4453/5169/4447 4452/5166/4446 4483/5167/4477 4484/5170/4478
f 4440/5134/4434 4439/5132/4433 4470/5168/4464 4471/5171/4465
f 4454/5139/4448 4453/5169/4447 4484/5170/4478 4485/5172/4479
f 4441/5136/4435 4440/5134/4434 4471/5171/4465 4472/5173/4466
f 4455/5140/4449 4454/5139/4448 4485/5172/4479 4486/5174/4480
f 4442/5175/4436 4441/5176/4435 4472/5177/4466 4473/5178/4467
f 4456/5144/4450 4455/5143/4449 4486/5179/4480 4487/5180/4481
f 4443/5181/4437 4442/5175/4436 4473/5178/4467 4474/5182/4468
f 4457/5147/4451 4456/5144/4450 4487/5180/4481 4488/5183/4482
f 4444/5152/4438 4443/5181/4437 4474/5182/4468 4475/5184/4469
f 4458/5149/4452 4457/5147/4451 4488/5183/4482 4489/5185/4483
f 4445/5153/4439 4444/5152/4438 4475/5184/4469 4476/5186/4470
f 4459/5154/4453 4458/5149/4452 4489/5185/4483 4490/5187/4484
f 4446/5156/4440 4445/5153/4439 4476/5186/4470 4477/5188/4471
f 4433/5110/4427 4496/4624/4490 4464/5189/4458
f 4460/5112/4454 4459/5154/4453 4490/5187/4484 4491/5190/4485
f 4447/5116/4441 4446/5156/4440 4477/5188/4471 4478/5191/4472
f 4434/5111/4428 4433/5110/4427 4464/5189/4458 4465/5192/4459
f 4461/5113/4455 4460/5112/4454 4491/5190/4485 4492/5193/4486
f 4448/5117/4442 4447/5116/4441 4478/5191/4472 4479/5194/4473
f 4435/5118/4429 4434/5111/4428 4465/5192/4459 4466/5157/4460
f 4462/5119/4456 4461/5113/4455 4492/5193/4486 4493/5159/4487
f 4449/5121/4443 4448/5117/4442 4479/5194/4473 4480/5161/4474
f 4469/5165/4463 4468/5163/4462 4501/5195/4495 4502/5196/4496
f 4483/5167/4477 4482/5164/4476 4515/5197/4509 4516/5198/4510
f 4470/5168/4464 4469/5165/4463 4502/5196/4496 4503/5199/4497
f 4484/5170/4478 4483/5167/4477 4516/5198/4510 4517/5200/4511
f 4471/5171/4465 4470/5168/4464 4503/5199/4497 4504/5201/4498
f 4485/5172/4479 4484/5170/4478 4517/5200/4511 4518/5202/4512
f 4472/5173/4466 4471/5171/4465 4504/5201/4498 4505/5203/4499
f 4486/5174/4480 4485/5172/4479 4518/5202/4512 4519/5204/4513
f 4473/5178/4467 4472/5177/4466 4505/5205/4499 4506/5206/4500
f 4487/5207/4481 4486/5174/4480 4519/5204/4513 4520/5208/4514
f 4474/5182/4468 4473/5178/4467 4506/5206/4500 4507/5209/4501
f 4488/5183/4482 4487/5180/4481 4520/5210/4514 4521/5211/4515
f 4475/5184/4469 4474/5182/4468 4507/5209/4501 4508/5212/4502
f 4489/5185/4483 4488/5183/4482 4521/5211/4515 4522/5213/4516
f 4476/5186/4470 4475/5184/4469 4508/5212/4502 4509/5214/4503
f 4490/5187/4484 4489/5185/4483 4522/5213/4516 4523/5215/4517
f 4477/5188/4471 4476/5186/4470 4509/5214/4503 4510/5216/4504
f 4464/5189/4458 4496/4624/4490 4497/5217/4491
f 4491/5190/4485 4490/5187/4484 4523/5215/4517 4524/5218/4518
f 4478/5191/4472 4477/5188/4471 4510/5216/4504 4511/5219/4505
f 4465/5192/4459 4464/5189/4458 4497/5217/4491 4498/5220/4492
f 4492/5193/4486 4491/5190/4485 4524/5218/4518 4525/5221/4519
f 4479/5194/4473 4478/5191/4472 4511/5219/4505 4512/5222/4506
f 4466/5157/4460 4465/5192/4459 4498/5220/4492 4499/5223/4493
f 4493/5159/4487 4492/5193/4486 4525/5221/4519 4526/5224/4520
f 4480/5161/4474 4479/5194/4473 4512/5222/4506 4513/5225/4507
f 4467/5158/4461 4466/5157/4460 4499/5223/4493 4500/5226/4494
f 4494/5160/4488 4493/5159/4487 4526/5224/4520 4527/5227/4521
f 4481/5162/4475 4480/5161/4474 4513/5225/4507 4514/5228/4508
f 4468/5163/4462 4467/5158/4461 4500/5226/4494 4501/5195/4495
f 4495/4650/4489 4494/5160/4488 4527/5227/4521
f 4482/5164/4476 4481/5162/4475 4514/5228/4508 4515/5197/4509
f 4504/5201/4498 4503/5199/4497 4534/5229/4528 4535/5230/4529
f 4518/5202/4512 4517/5200/4511 4548/5231/4542 4549/5232/4543
f 4505/5205/4499 4504/5233/4498 4535/5234/4529 4536/5235/4530
f 4519/5204/4513 4518/5202/4512 4549/5232/4543 4550/5236/4544
f 4506/5206/4500 4505/5205/4499 4536/5235/4530 4537/5237/4531
f 4520/5208/4514 4519/5204/4513 4550/5236/4544 4551/5238/4545
f 4507/5209/4501 4506/5206/4500 4537/5237/4531 4538/5239/4532
f 4521/5211/4515 4520/5210/4514 4551/5240/4545 4552/5241/4546
f 4508/5212/4502 4507/5209/4501 4538/5239/4532 4539/5242/4533
f 4522/5213/4516 4521/5211/4515 4552/5241/4546 4553/5243/4547
f 4509/5214/4503 4508/5212/4502 4539/5242/4533 4540/5244/4534
f 4523/5215/4517 4522/5213/4516 4553/5243/4547 4554/5245/4548
f 4510/5216/4504 4509/5214/4503 4540/5244/4534 4541/5246/4535
f 4497/5217/4491 4496/4624/4490 4528/5247/4522
f 4524/5218/4518 4523/5215/4517 4554/5245/4548 4555/5248/4549
f 4511/5219/4505 4510/5216/4504 4541/5246/4535 4542/5249/4536
f 4498/5220/4492 4497/5217/4491 4528/5247/4522 4529/5250/4523
f 4525/5221/4519 4524/5218/4518 4555/5248/4549 4556/5251/4550
f 4512/5222/4506 4511/5219/4505 4542/5249/4536 4543/5252/4537
f 4499/5223/4493 4498/5220/4492 4529/5250/4523 4530/5253/4524
f 4526/5224/4520 4525/5221/4519 4556/5251/4550 4557/5254/4551
f 4513/5225/4507 4512/5222/4506 4543/5252/4537 4544/5255/4538
f 4500/5226/4494 4499/5223/4493 4530/5253/4524 4531/5256/4525
f 4527/5227/4521 4526/5224/4520 4557/5254/4551 4558/5257/4552
f 4514/5228/4508 4513/5225/4507 4544/5255/4538 4545/5258/4539
f 4501/5195/4495 4500/5226/4494 4531/5256/4525 4532/5259/4526
f 4495/4650/4489 4527/5227/4521 4558/5257/4552
f 4515/5197/4509 4514/5228/4508 4545/5258/4539 4546/5260/4540
f 4502/5196/4496 4501/5195/4495 4532/5259/4526 4533/5261/4527
f 4516/5198/4510 4515/5197/4509 4546/5260/4540 4547/5262/4541
f 4503/5199/4497 4502/5196/4496 4533/5261/4527 4534/5229/4528
f 4517/5200/4511 4516/5198/4510 4547/5262/4541 4548/5231/4542
f 4537/5237/4531 4536/5235/4530 4567/5263/4561 4568/5264/4562
f 4551/5238/4545 4550/5236/4544 4581/5265/4575 4582/5266/4576
f 4538/5239/4532 4537/5237/4531 4568/5264/4562 4569/5267/4563
f 4552/5241/4546 4551/5240/4545 4582/5268/4576 4583/5269/4577
f 4539/5242/4533 4538/5239/4532 4569/5267/4563 4570/5270/4564
f 4553/5243/4547 4552/5241/4546 4583/5269/4577 4584/5271/4578
f 4540/5244/4534 4539/5242/4533 4570/5270/4564 4571/5272/4565
f 4554/5245/4548 4553/5243/4547 4584/5271/4578 4585/5273/4579
f 4541/5246/4535 4540/5244/4534 4571/5272/4565 4572/5274/4566
f 4528/5247/4522 4496/4624/4490 4559/5275/4553
f 4555/5248/4549 4554/5245/4548 4585/5273/4579 4586/5276/4580
f 4542/5249/4536 4541/5246/4535 4572/5274/4566 4573/5277/4567
f 4529/5250/4523 4528/5247/4522 4559/5275/4553 4560/5278/4554
f 4556/5251/4550 4555/5248/4549 4586/5276/4580 4587/5279/4581
f 4543/5252/4537 4542/5249/4536 4573/5277/4567 4574/5280/4568
f 4530/5253/4524 4529/5250/4523 4560/5278/4554 4561/5281/4555
f 4557/5254/4551 4556/5251/4550 4587/5279/4581 4588/5282/4582
f 4544/5255/4538 4543/5252/4537 4574/5280/4568 4575/5283/4569
f 4531/5256/4525 4530/5253/4524 4561/5281/4555 4562/5284/4556
f 4558/5257/4552 4557/5254/4551 4588/5282/4582 4589/5285/4583
f 4545/5258/4539 4544/5255/4538 4575/5283/4569 4576/5286/4570
f 4532/5259/4526 4531/5256/4525 4562/5284/4556 4563/5287/4557
f 4495/4650/4489 4558/5257/4552 4589/5285/4583
f 4546/5260/4540 4545/5258/4539 4576/5286/4570 4577/5288/4571
f 4533/5261/4527 4532/5259/4526 4563/5287/4557 4564/5289/4558
f 4547/5262/4541 4546/5260/4540 4577/5288/4571 4578/5290/4572
f 4534/5229/4528 4533/5261/4527 4564/5289/4558 4565/5291/4559
f 4548/5231/4542 4547/5262/4541 4578/5290/4572 4579/5292/4573
f 4535/5230/4529 4534/5229/4528 4565/5291/4559 4566/5293/4560
f 4549/5232/4543 4548/5231/4542 4579/5292/4573 4580/5294/4574
f 4536/5235/4530 4535/5234/4529 4566/5295/4560 4567/5263/4561
f 4550/5236/4544 4549/5232/4543 4580/5294/4574 4581/5265/4575
f 4570/5270/4564 4569/5267/4563 4600/5296/4594 4601/5297/4595
f 4584/5271/4578 4583/5269/4577 4614/5298/4608 4615/5299/4609
f 4571/5272/4565 4570/5270/4564 4601/5297/4595 4602/5300/4596
f 4585/5273/4579 4584/5271/4578 4615/5299/4609 4616/5301/4610
f 4572/5274/4566 4571/5272/4565 4602/5300/4596 4603/5302/4597
f 4559/5275/4553 4496/4624/4490 4590/5303/4584
f 4586/5276/4580 4585/5273/4579 4616/5301/4610 4617/5304/4611
f 4573/5277/4567 4572/5274/4566 4603/5302/4597 4604/5305/4598
f 4560/5278/4554 4559/5275/4553 4590/5303/4584 4591/5306/4585
f 4587/5279/4581 4586/5276/4580 4617/5304/4611 4618/5307/4612
f 4574/5280/4568 4573/5277/4567 4604/5305/4598 4605/5308/4599
f 4561/5281/4555 4560/5278/4554 4591/5306/4585 4592/5309/4586
f 4588/5282/4582 4587/5279/4581 4618/5307/4612 4619/5310/4613
f 4575/5283/4569 4574/5280/4568 4605/5308/4599 4606/5311/4600
f 4562/5284/4556 4561/5281/4555 4592/5309/4586 4593/5312/4587
f 4589/5285/4583 4588/5282/4582 4619/5310/4613 4620/5313/4614
f 4576/5286/4570 4575/5283/4569 4606/5311/4600 4607/5314/4601
f 4563/5287/4557 4562/5284/4556 4593/5312/4587 4594/5315/4588
f 4495/4650/4489 4589/5285/4583 4620/5313/4614
f 4577/5288/4571 4576/5286/4570 4607/5314/4601 4608/5316/4602
f 4564/5289/4558 4563/5287/4557 4594/5315/4588 4595/5317/4589
f 4578/5290/4572 4577/5288/4571 4608/5316/4602 4609/5318/4603
f 4565/5291/4559 4564/5289/4558 4595/5317/4589 4596/5319/4590
f 4579/5292/4573 4578/5290/4572 4609/5318/4603 4610/5320/4604
f 4566/5293/4560 4565/5291/4559 4596/5319/4590 4597/5321/4591
f 4580/5294/4574 4579/5292/4573 4610/5320/4604 4611/5322/4605
f 4567/5263/4561 4566/5295/4560 4597/5323/4591 4598/5324/4592
f 4581/5265/4575 4580/5294/4574 4611/5322/4605 4612/5325/4606
f 4568/5264/4562 4567/5263/4561 4598/5324/4592 4599/5326/4593
f 4582/5266/4576 4581/5265/4575 4612/5325/4606 4613/5327/4607
f 4569/5267/4563 4568/5264/4562 4599/5326/4593 4600/5296/4594
f 4583/5269/4577 4582/5268/4576 4613/5328/4607 4614/5298/4608
f 4603/5302/4597 4602/5300/4596 4633/5329/4627 4634/5330/4628
f 4590/5303/4584 4496/4624/4490 4621/5331/4615
f 4617/5304/4611 4616/5301/4610 4647/5332/4641 4648/5333/4642
f 4604/5305/4598 4603/5302/4597 4634/5330/4628 4635/5334/4629
f 4591/5306/4585 4590/5303/4584 4621/5331/4615 4622/5335/4616
f 4618/5307/4612 4617/5304/4611 4648/5333/4642 4649/5336/4643
f 4605/5308/4599 4604/5305/4598 4635/5334/4629 4636/5337/4630
f 4592/5309/4586 4591/5306/4585 4622/5335/4616 4623/5338/4617
f 4619/5310/4613 4618/5307/4612 4649/5336/4643 4650/5339/4644
f 4606/5311/4600 4605/5308/4599 4636/5337/4630 4637/5340/4631
f 4593/5312/4587 4592/5309/4586 4623/5338/4617 4624/5341/4618
f 4620/5313/4614 4619/5310/4613 4650/5339/4644 4651/5342/4645
f 4607/5314/4601 4606/5311/4600 4637/5340/4631 4638/5343/4632
f 4594/5315/4588 4593/5312/4587 4624/5341/4618 4625/5344/4619
f 4495/4650/4489 4620/5313/4614 4651/5342/4645
f 4608/5316/4602 4607/5314/4601 4638/5343/4632 4639/5345/4633
f 4595/5317/4589 4594/5315/4588 4625/5344/4619 4626/5346/4620
f 4609/5318/4603 4608/5316/4602 4639/5345/4633 4640/5347/4634
f 4596/5319/4590 4595/5317/4589 4626/5346/4620 4627/5348/4621
f 4610/5320/4604 4609/5318/4603 4640/5347/4634 4641/5349/4635
f 4597/5321/4591 4596/5319/4590 4627/5348/4621 4628/5350/4622
f 4611/5322/4605 4610/5320/4604 4641/5349/4635 4642/5351/4636
f 4598/5352/4592 4597/5321/4591 4628/5350/4622 4629/5353/4623
f 4612/5325/4606 4611/5322/4605 4642/5351/4636 4643/5354/4637
f 4599/5326/4593 4598/5324/4592 4629/5355/4623 4630/5356/4624
f 4613/5327/4607 4612/5325/4606 4643/5354/4637 4644/5357/4638
f 4600/5296/4594 4599/5326/4593 4630/5356/4624 4631/5358/4625
f 4614/5298/4608 4613/5328/4607 4644/5359/4638 4645/5360/4639
f 4601/5297/4595 4600/5296/4594 4631/5358/4625 4632/5361/4626
f 4615/5299/4609 4614/5298/4608 4645/5360/4639 4646/5362/4640
f 4602/5300/4596 4601/5297/4595 4632/5361/4626 4633/5329/4627
f 4616/5301/4610 4615/5299/4609 4646/5362/4640 4647/5332/4641
f 4636/5337/4630 4635/5334/4629 4666/5363/4660 4667/5364/4661
f 4623/5338/4617 4622/5335/4616 4653/5365/4647 4654/5366/4648
f 4650/5339/4644 4649/5336/4643 4680/5367/4674 4681/5368/4675
f 4637/5340/4631 4636/5337/4630 4667/5364/4661 4668/5369/4662
f 4624/5341/4618 4623/5338/4617 4654/5366/4648 4655/5370/4649
f 4651/5342/4645 4650/5339/4644 4681/5368/4675 4682/5371/4676
f 4638/5343/4632 4637/5340/4631 4668/5369/4662 4669/5372/4663
f 4625/5344/4619 4624/5341/4618 4655/5370/4649 4656/5373/4650
f 4495/4650/4489 4651/5342/4645 4682/5371/4676
f 4639/5345/4633 4638/5343/4632 4669/5372/4663 4670/5374/4664
f 4626/5346/4620 4625/5344/4619 4656/5373/4650 4657/5375/4651
f 4640/5347/4634 4639/5345/4633 4670/5374/4664 4671/5376/4665
f 4627/5348/4621 4626/5346/4620 4657/5375/4651 4658/5377/4652
f 4641/5349/4635 4640/5347/4634 4671/5376/4665 4672/5378/4666
f 4628/5350/4622 4627/5348/4621 4658/5377/4652 4659/5379/4653
f 4642/5351/4636 4641/5349/4635 4672/5378/4666 4673/5380/4667
f 4629/5353/4623 4628/5350/4622 4659/5379/4653 4660/5381/4654
f 4643/5354/4637 4642/5351/4636 4673/5380/4667 4674/5382/4668
f 4630/5356/4624 4629/5355/4623 4660/5383/4654 4661/5384/4655
f 4644/5359/4638 4643/5385/4637 4674/5386/4668 4675/5387/4669
f 4631/5358/4625 4630/5356/4624 4661/5384/4655 4662/5388/4656
f 4645/5360/4639 4644/5359/4638 4675/5387/4669 4676/5389/4670
f 4632/5361/4626 4631/5358/4625 4662/5388/4656 4663/5390/4657
f 4646/5362/4640 4645/5360/4639 4676/5389/4670 4677/5391/4671
f 4633/5329/4627 4632/5361/4626 4663/5390/4657 4664/5392/4658
f 4647/5332/4641 4646/5362/4640 4677/5391/4671 4678/5393/4672
f 4634/5330/4628 4633/5329/4627 4664/5392/4658 4665/5394/4659
f 4621/5331/4615 4496/4624/4490 4652/5395/4646
f 4648/5333/4642 4647/5332/4641 4678/5393/4672 4679/5396/4673
f 4635/5334/4629 4634/5330/4628 4665/5394/4659 4666/5363/4660
f 4622/5335/4616 4621/5331/4615 4652/5395/4646 4653/5365/4647
f 4649/5336/4643 4648/5333/4642 4679/5396/4673 4680/5367/4674
f 4669/5372/4663 4668/5369/4662 4699/5397/4693 4700/5398/4694
f 4656/5373/4650 4655/5370/4649 4686/5399/4680 4687/5400/4681
f 4495/4650/4489 4682/5371/4676 4713/5401/4707
f 4670/5374/4664 4669/5372/4663 4700/5398/4694 4701/5402/4695
f 4657/5375/4651 4656/5373/4650 4687/5400/4681 4688/5403/4682
f 4671/5376/4665 4670/5374/4664 4701/5402/4695 4702/5404/4696
f 4658/5377/4652 4657/5375/4651 4688/5403/4682 4689/5405/4683
f 4672/5378/4666 4671/5376/4665 4702/5404/4696 4703/5406/4697
f 4659/5379/4653 4658/5377/4652 4689/5405/4683 4690/5407/4684
f 4673/5380/4667 4672/5378/4666 4703/5406/4697 4704/5408/4698
f 4660/5381/4654 4659/5379/4653 4690/5407/4684 4691/5409/4685
f 4674/5382/4668 4673/5380/4667 4704/5408/4698 4705/5410/4699
f 4661/5411/4655 4660/5381/4654 4691/5409/4685 4692/5412/4686
f 4675/5387/4669 4674/5386/4668 4705/5413/4699 4706/5414/4700
f 4662/5415/4656 4661/5416/4655 4692/5417/4686 4693/5418/4687
f 4676/5389/4670 4675/5387/4669 4706/5414/4700 4707/5419/4701
f 4663/5420/4657 4662/5415/4656 4693/5418/4687 4694/5421/4688
f 4677/5391/4671 4676/5389/4670 4707/5419/4701 4708/5422/4702
f 4664/5423/4658 4663/5420/4657 4694/5421/4688 4695/5424/4689
f 4678/5393/4672 4677/5391/4671 4708/5422/4702 4709/5425/4703
f 4665/5426/4659 4664/5423/4658 4695/5424/4689 4696/5427/4690
f 4652/5395/4646 4496/4624/4490 4683/5428/4677
f 4679/5396/4673 4678/5393/4672 4709/5425/4703 4710/5429/4704
f 4666/5430/4660 4665/5426/4659 4696/5427/4690 4697/5431/4691
f 4653/5365/4647 4652/5395/4646 4683/5428/4677 4684/5432/4678
f 4680/5367/4674 4679/5396/4673 4710/5429/4704 4711/5433/4705
f 4667/5434/4661 4666/5430/4660 4697/5431/4691 4698/5435/4692
f 4654/5366/4648 4653/5365/4647 4684/5432/4678 4685/5436/4679
f 4681/5368/4675 4680/5367/4674 4711/5433/4705 4712/5437/4706
f 4668/5369/4662 4667/5364/4661 4698/5438/4692 4699/5397/4693
f 4655/5370/4649 4654/5366/4648 4685/5436/4679 4686/5399/4680
f 4682/5371/4676 4681/5368/4675 4712/5437/4706 4713/5401/4707
f 4702/5439/4696 4701/5440/4695 4732/5441/4726 4733/5442/4727
f 4689/5405/4683 4688/5403/4682 4719/5443/4713 4720/5444/4714
f 4703/5445/4697 4702/5439/4696 4733/5442/4727 4734/5446/4728
f 4690/5407/4684 4689/5405/4683 4720/5444/4714 4721/5447/4715
f 4704/5448/4698 4703/5445/4697 4734/5446/4728 4735/5449/4729
f 4691/5409/4685 4690/5407/4684 4721/5447/4715 4722/5450/4716
f 4705/5451/4699 4704/5448/4698 4735/5449/4729 4736/5452/4730
f 4692/5417/4686 4691/5453/4685 4722/5454/4716 4723/5455/4717
f 4706/5414/4700 4705/5413/4699 4736/5456/4730 4737/5457/4731
f 4693/5418/4687 4692/5417/4686 4723/5455/4717 4724/5458/4718
f 4707/5419/4701 4706/5414/4700 4737/5457/4731 4738/5459/4732
f 4694/5421/4688 4693/5418/4687 4724/5458/4718 4725/5460/4719
f 4708/5422/4702 4707/5419/4701 4738/5459/4732 4739/5461/4733
f 4695/5424/4689 4694/5421/4688 4725/5460/4719 4726/5462/4720
f 4709/5425/4703 4708/5422/4702 4739/5461/4733 4740/5463/4734
f 4696/5427/4690 4695/5424/4689 4726/5462/4720 4727/5464/4721
f 4683/5428/4677 4496/4624/4490 4714/5465/4708
f 4710/5429/4704 4709/5425/4703 4740/5463/4734 4741/5466/4735
f 4697/5431/4691 4696/5427/4690 4727/5464/4721 4728/5467/4722
f 4684/5432/4678 4683/5428/4677 4714/5465/4708 4715/5468/4709
f 4711/5433/4705 4710/5429/4704 4741/5466/4735 4742/5469/4736
f 4698/5435/4692 4697/5431/4691 4728/5467/4722 4729/5470/4723
f 4685/5436/4679 4684/5432/4678 4715/5468/4709 4716/5471/4710
f 4712/5437/4706 4711/5433/4705 4742/5469/4736 4743/5472/4737
f 4699/5473/4693 4698/5435/4692 4729/5470/4723 4730/5474/4724
f 4686/5399/4680 4685/5436/4679 4716/5471/4710 4717/5475/4711
f 4713/5401/4707 4712/5437/4706 4743/5472/4737 4744/5476/4738
f 4700/5477/4694 4699/5473/4693 4730/5474/4724 4731/5478/4725
f 4687/5400/4681 4686/5399/4680 4717/5475/4711 4718/5479/4712
f 4495/4650/4489 4713/5401/4707 4744/5476/4738
f 4701/5440/4695 4700/5477/4694 4731/5478/4725 4732/5441/4726
f 4688/5403/4682 4687/5400/4681 4718/5479/4712 4719/5443/4713
f 4735/5449/4729 4734/5446/4728 4765/5480/4759 4766/5481/4760
f 4722/5454/4716 4721/5482/4715 4752/5483/4746 4753/5484/4747
f 4736/5452/4730 4735/5449/4729 4766/5481/4760 4767/5485/4761
f 4723/5455/4717 4722/5454/4716 4753/5484/4747 4754/5486/4748
f 4737/5457/4731 4736/5456/4730 4767/5487/4761 4768/5488/4762
f 4724/5458/4718 4723/5455/4717 4754/5486/4748 4755/5489/4749
f 4738/5459/4732 4737/5457/4731 4768/5488/4762 4769/5490/4763
f 4725/5460/4719 4724/5458/4718 4755/5489/4749 4756/5491/4750
f 4739/5461/4733 4738/5459/4732 4769/5490/4763 4770/5492/4764
f 4726/5462/4720 4725/5460/4719 4756/5491/4750 4757/5493/4751
f 4740/5463/4734 4739/5461/4733 4770/5492/4764 4771/5494/4765
f 4727/5464/4721 4726/5462/4720 4757/5493/4751 4758/5495/4752
f 4714/5465/4708 4496/4624/4490 4745/5496/4739
f 4741/5466/4735 4740/5463/4734 4771/5494/4765 4772/5497/4766
f 4728/5467/4722 4727/5464/4721 4758/5495/4752 4759/5498/4753
f 4715/5468/4709 4714/5465/4708 4745/5496/4739 4746/5499/4740
f 4742/5469/4736 4741/5466/4735 4772/5497/4766 4773/5500/4767
f 4729/5470/4723 4728/5467/4722 4759/5498/4753 4760/5501/4754
f 4716/5471/4710 4715/5468/4709 4746/5499/4740 4747/5502/4741
f 4743/5472/4737 4742/5469/4736 4773/5500/4767 4774/5503/4768
f 4730/5474/4724 4729/5470/4723 4760/5501/4754 4761/5504/4755
f 4717/5475/4711 4716/5471/4710 4747/5502/4741 4748/5505/4742
f 4744/5476/4738 4743/5472/4737 4774/5503/4768 4775/5506/4769
f 4731/5478/4725 4730/5474/4724 4761/5504/4755 4762/5507/4756
f 4718/5479/4712 4717/5475/4711 4748/5505/4742 4749/5508/4743
f 4495/4650/4489 4744/5476/4738 4775/5506/4769
f 4732/5441/4726 4731/5478/4725 4762/5507/4756 4763/5509/4757
f 4719/5443/4713 4718/5479/4712 4749/5508/4743 4750/5510/4744
f 4733/5442/4727 4732/5441/4726 4763/5509/4757 4764/5511/4758
f 4720/5444/4714 4719/5443/4713 4750/5510/4744 4751/5512/4745
f 4734/5446/4728 4733/5442/4727 4764/5511/4758 4765/5480/4759
f 4721/5447/4715 4720/5444/4714 4751/5512/4745 4752/5513/4746
f 4768/5514/4762 4767/5485/4761 4798/5515/4792 4799/5516/4793
f 4755/5489/4749 4754/5486/4748 4785/5517/4779 4786/5518/4780
f 4769/5490/4763 4768/5488/4762 4799/5519/4793 4800/5520/4794
f 4756/5491/4750 4755/5489/4749 4786/5518/4780 4787/5521/4781
f 4770/5492/4764 4769/5490/4763 4800/5520/4794 4801/5522/4795
f 4757/5493/4751 4756/5491/4750 4787/5521/4781 4788/5523/4782
f 4771/5494/4765 4770/5492/4764 4801/5522/4795 4802/5524/4796
f 4758/5495/4752 4757/5493/4751 4788/5523/4782 4789/5525/4783
f 4745/5496/4739 4496/4624/4490 4776/5526/4770
f 4772/5497/4766 4771/5494/4765 4802/5524/4796 4803/5527/4797
f 4759/5498/4753 4758/5495/4752 4789/5525/4783 4790/5528/4784
f 4746/5499/4740 4745/5496/4739 4776/5526/4770 4777/5529/4771
f 4773/5500/4767 4772/5497/4766 4803/5527/4797 4804/5530/4798
f 4760/5501/4754 4759/5498/4753 4790/5528/4784 4791/5531/4785
f 4747/5502/4741 4746/5499/4740 4777/5529/4771 4778/5532/4772
f 4774/5503/4768 4773/5500/4767 4804/5530/4798 4805/5533/4799
f 4761/5504/4755 4760/5501/4754 4791/5531/4785 4792/5534/4786
f 4748/5505/4742 4747/5502/4741 4778/5532/4772 4779/5535/4773
f 4775/5506/4769 4774/5503/4768 4805/5533/4799 4806/5536/4800
f 4762/5507/4756 4761/5504/4755 4792/5534/4786 4793/5537/4787
f 4749/5508/4743 4748/5505/4742 4779/5535/4773 4780/5538/4774
f 4495/4650/4489 4775/5506/4769 4806/5536/4800
f 4763/5509/4757 4762/5507/4756 4793/5537/4787 4794/5539/4788
f 4750/5510/4744 4749/5508/4743 4780/5538/4774 4781/5540/4775
f 4764/5511/4758 4763/5509/4757 4794/5539/4788 4795/5541/4789
f 4751/5512/4745 4750/5510/4744 4781/5540/4775 4782/5542/4776
f 4765/5480/4759 4764/5511/4758 4795/5541/4789 4796/5543/4790
f 4752/5513/4746 4751/5512/4745 4782/5542/4776 4783/5544/4777
f 4766/5481/4760 4765/5480/4759 4796/5543/4790 4797/5545/4791
f 4753/5484/4747 4752/5483/4746 4783/5546/4777 4784/5547/4778
f 4767/5485/4761 4766/5481/4760 4797/5545/4791 4798/5515/4792
f 4754/5486/4748 4753/5484/4747 4784/5547/4778 4785/5517/4779
f 4796/5543/4790 4795/5541/4789 4826/5548/4820 4827/5549/4821
f 4783/5544/4777 4782/5542/4776 4813/5550/4807 4814/5551/4808
f 4797/5545/4791 4796/5543/4790 4827/5549/4821 4828/5552/4822
f 4784/5547/4778 4783/5546/4777 4814/5553/4808 4815/5554/4809
f 4798/5515/4792 4797/5545/4791 4828/5552/4822 4829/5555/4823
f 4785/5517/4779 4784/5547/4778 4815/5554/4809 4816/5556/4810
f 4799/5516/4793 4798/5515/4792 4829/5555/4823 4830/5557/4824
f 4786/5518/4780 4785/5517/4779 4816/5556/4810 4817/5558/4811
f 4800/5520/4794 4799/5519/4793 4830/5559/4824 4831/5560/4825
f 4787/5521/4781 4786/5518/4780 4817/5558/4811 4818/5561/4812
f 4801/5522/4795 4800/5520/4794 4831/5560/4825 4832/5562/4826
f 4788/5523/4782 4787/5521/4781 4818/5561/4812 4819/5563/4813
f 4802/5524/4796 4801/5522/4795 4832/5562/4826 4833/5564/4827
f 4789/5525/4783 4788/5523/4782 4819/5563/4813 4820/5565/4814
f 4776/5526/4770 4496/4624/4490 4807/5566/4801
f 4803/5527/4797 4802/5524/4796 4833/5564/4827 4834/5567/4828
f 4790/5528/4784 4789/5525/4783 4820/5565/4814 4821/5568/4815
f 4777/5529/4771 4776/5526/4770 4807/5566/4801 4808/5569/4802
f 4804/5530/4798 4803/5527/4797 4834/5567/4828 4835/5570/4829
f 4791/5531/4785 4790/5528/4784 4821/5568/4815 4822/5571/4816
f 4778/5532/4772 4777/5529/4771 4808/5569/4802 4809/5572/4803
f 4805/5533/4799 4804/5530/4798 4835/5570/4829 4836/5573/4830
f 4792/5534/4786 4791/5531/4785 4822/5571/4816 4823/5574/4817
f 4779/5535/4773 4778/5532/4772 4809/5572/4803 4810/5575/4804
f 4806/5536/4800 4805/5533/4799 4836/5573/4830 4837/5576/4831
f 4793/5537/4787 4792/5534/4786 4823/5574/4817 4824/5577/4818
f 4780/5538/4774 4779/5535/4773 4810/5575/4804 4811/5578/4805
f 4495/4650/4489 4806/5536/4800 4837/5576/4831
f 4794/5539/4788 4793/5537/4787 4824/5577/4818 4825/5579/4819
f 4781/5540/4775 4780/5538/4774 4811/5578/4805 4812/5580/4806
f 4795/5541/4789 4794/5539/4788 4825/5579/4819 4826/5548/4820
f 4782/5542/4776 4781/5540/4775 4812/5580/4806 4813/5550/4807
f 4829/5555/4823 4828/5552/4822 4859/5581/4853 4860/5582/4854
f 4816/5556/4810 4815/5554/4809 4846/5583/4840 4847/5584/4841
f 4830/5557/4824 4829/5555/4823 4860/5582/4854 4861/5585/4855
f 4817/5558/4811 4816/5556/4810 4847/5584/4841 4848/5586/4842
f 4831/5560/4825 4830/5559/4824 4861/5587/4855 4862/5588/4856
f 4818/5561/4812 4817/5558/4811 4848/5586/4842 4849/5589/4843
f 4832/5562/4826 4831/5560/4825 4862/5588/4856 4863/5590/4857
f 4819/5563/4813 4818/5561/4812 4849/5589/4843 4850/5591/4844
f 4833/5564/4827 4832/5562/4826 4863/5590/4857 4864/5592/4858
f 4820/5565/4814 4819/5563/4813 4850/5591/4844 4851/5593/4845
f 4807/5566/4801 4496/4624/4490 4838/5594/4832
f 4834/5567/4828 4833/5564/4827 4864/5592/4858 4865/5595/4859
f 4821/5568/4815 4820/5565/4814 4851/5593/4845 4852/5596/4846
f 4808/5569/4802 4807/5566/4801 4838/5594/4832 4839/5597/4833
f 4835/5570/4829 4834/5567/4828 4865/5595/4859 4866/5598/4860
f 4822/5571/4816 4821/5568/4815 4852/5596/4846 4853/5599/4847
f 4809/5572/4803 4808/5569/4802 4839/5597/4833 4840/5600/4834
f 4836/5573/4830 4835/5570/4829 4866/5598/4860 4867/5601/4861
f 4823/5574/4817 4822/5571/4816 4853/5599/4847 4854/5602/4848
f 4810/5575/4804 4809/5572/4803 4840/5600/4834 4841/5603/4835
f 4837/5576/4831 4836/5573/4830 4867/5601/4861 4868/5604/4862
f 4824/5577/4818 4823/5574/4817 4854/5602/4848 4855/5605/4849
f 4811/5578/4805 4810/5575/4804 4841/5603/4835 4842/5606/4836
f 4495/4650/4489 4837/5576/4831 4868/5604/4862
f 4825/5579/4819 4824/5577/4818 4855/5605/4849 4856/5607/4850
f 4812/5580/4806 4811/5578/4805 4842/5606/4836 4843/5608/4837
f 4826/5548/4820 4825/5579/4819 4856/5607/4850 4857/5609/4851
f 4813/5550/4807 4812/5580/4806 4843/5608/4837 4844/5610/4838
f 4827/5549/4821 4826/5548/4820 4857/5609/4851 4858/5611/4852
f 4814/5551/4808 4813/5550/4807 4844/5610/4838 4845/5612/4839
f 4828/5552/4822 4827/5549/4821 4858/5611/4852 4859/5581/4853
f 4815/5554/4809 4814/5553/4808 4845/5613/4839 4846/5583/4840
f 4862/5588/4856 4861/5587/4855 4892/5614/4886 4893/5615/4887
f 4849/5589/4843 4848/5586/4842 4879/5616/4873 4880/5617/4874
f 4863/5590/4857 4862/5588/4856 4893/5615/4887 4894/5618/4888
f 4850/5591/4844 4849/5589/4843 4880/5617/4874 4881/5619/4875
f 4864/5592/4858 4863/5590/4857 4894/5618/4888 4895/5620/4889
f 4851/5593/4845 4850/5591/4844 4881/5619/4875 4882/5621/4876
f 4838/5594/4832 4496/4624/4490 4869/5622/4863
f 4865/5595/4859 4864/5592/4858 4895/5620/4889 4896/5623/4890
f 4852/5596/4846 4851/5593/4845 4882/5621/4876 4883/5624/4877
f 4839/5597/4833 4838/5594/4832 4869/5622/4863 4870/5625/4864
f 4866/5598/4860 4865/5595/4859 4896/5623/4890 4897/5626/4891
f 4853/5599/4847 4852/5596/4846 4883/5624/4877 4884/5627/4878
f 4840/5600/4834 4839/5597/4833 4870/5625/4864 4871/5628/4865
f 4867/5601/4861 4866/5598/4860 4897/5626/4891 4898/5629/4892
f 4854/5602/4848 4853/5599/4847 4884/5627/4878 4885/5630/4879
f 4841/5603/4835 4840/5600/4834 4871/5628/4865 4872/5631/4866
f 4868/5604/4862 4867/5601/4861 4898/5629/4892 4899/5632/4893
f 4855/5605/4849 4854/5602/4848 4885/5630/4879 4886/5633/4880
f 4842/5606/4836 4841/5603/4835 4872/5631/4866 4873/5634/4867
f 4495/4650/4489 4868/5604/4862 4899/5632/4893
f 4856/5607/4850 4855/5605/4849 4886/5633/4880 4887/5635/4881
f 4843/5608/4837 4842/5606/4836 4873/5634/4867 4874/5636/4868
f 4857/5609/4851 4856/5607/4850 4887/5635/4881 4888/5637/4882
f 4844/5610/4838 4843/5608/4837 4874/5636/4868 4875/5638/4869
f 4858/5611/4852 4857/5609/4851 4888/5637/4882 4889/5639/4883
f 4845/5612/4839 4844/5610/4838 4875/5638/4869 4876/5640/4870
f 4859/5581/4853 4858/5611/4852 4889/5639/4883 4890/5641/4884
f 4846/5583/4840 4845/5613/4839 4876/5642/4870 4877/5643/4871
f 4860/5582/4854 4859/5581/4853 4890/5641/4884 4891/5644/4885
f 4847/5584/4841 4846/5583/4840 4877/5643/4871 4878/5645/4872
f 4861/5587/4855 4860/5646/4854 4891/5647/4885 4892/5614/4886
f 4848/5586/4842 4847/5584/4841 4878/5645/4872 4879/5616/4873
f 4895/5620/4889 4894/5618/4888 4925/5648/4919 4926/5649/4920
f 4882/5621/4876 4881/5619/4875 4912/5650/4906 4913/5651/4907
f 4869/5622/4863 4496/4624/4490 4900/5652/4894
f 4896/5623/4890 4895/5620/4889 4926/5649/4920 4927/5653/4921
f 4883/5624/4877 4882/5621/4876 4913/5651/4907 4914/5654/4908
f 4870/5625/4864 4869/5622/4863 4900/5652/4894 4901/5655/4895
f 4897/5626/4891 4896/5623/4890 4927/5653/4921 4928/5656/4922
f 4884/5627/4878 4883/5624/4877 4914/5654/4908 4915/5657/4909
f 4871/5628/4865 4870/5625/4864 4901/5655/4895 4902/5658/4896
f 4898/5629/4892 4897/5626/4891 4928/5656/4922 4929/5659/4923
f 4885/5630/4879 4884/5627/4878 4915/5657/4909 4916/5660/4910
f 4872/5631/4866 4871/5628/4865 4902/5658/4896 4903/5661/4897
f 4899/5632/4893 4898/5629/4892 4929/5659/4923 4930/5662/4924
f 4886/5633/4880 4885/5630/4879 4916/5660/4910 4917/5663/4911
f 4873/5634/4867 4872/5631/4866 4903/5661/4897 4904/5664/4898
f 4495/4650/4489 4899/5632/4893 4930/5662/4924
f 4887/5635/4881 4886/5633/4880 4917/5663/4911 4918/5665/4912
f 4874/5636/4868 4873/5634/4867 4904/5664/4898 4905/5666/4899
f 4888/5637/4882 4887/5635/4881 4918/5665/4912 4919/5667/4913
f 4875/5638/4869 4874/5636/4868 4905/5666/4899 4906/5668/4900
f 4889/5639/4883 4888/5637/4882 4919/5667/4913 4920/5669/4914
f 4876/5640/4870 4875/5638/4869 4906/5668/4900 4907/5670/4901
f 4890/5641/4884 4889/5639/4883 4920/5669/4914 4921/5671/4915
f 4877/5672/4871 4876/5640/4870 4907/5670/4901 4908/5673/4902
f 4891/5644/4885 4890/5641/4884 4921/5671/4915 4922/5674/4916
f 4878/5645/4872 4877/5643/4871 4908/5675/4902 4909/5676/4903
f 4892/5614/4886 4891/5647/4885 4922/5677/4916 4923/5678/4917
f 4879/5616/4873 4878/5645/4872 4909/5676/4903 4910/5679/4904
f 4893/5615/4887 4892/5614/4886 4923/5678/4917 4924/5680/4918
f 4880/5617/4874 4879/5616/4873 4910/5679/4904 4911/5681/4905
f 4894/5618/4888 4893/5615/4887 4924/5680/4918 4925/5648/4919
f 4881/5619/4875 4880/5617/4874 4911/5681/4905 4912/5650/4906
f 4901/5655/4895 4900/5652/4894 4931/5682/4925 4932/5683/4926
f 4928/5656/4922 4927/5653/4921 4958/5684/4952 4959/5685/4953
f 4915/5686/4909 4914/5687/4908 4945/5688/4939 4946/5689/4940
f 4902/5658/4896 4901/5655/4895 4932/5683/4926 4933/5690/4927
f 4929/5659/4923 4928/5656/4922 4959/5685/4953 4960/5691/4954
f 4916/5692/4910 4915/5686/4909 4946/5689/4940 4947/5693/4941
f 4903/5661/4897 4902/5658/4896 4933/5690/4927 4934/5694/4928
f 4930/5662/4924 4929/5659/4923 4960/5691/4954 4961/5695/4955
f 4917/5696/4911 4916/5692/4910 4947/5693/4941 4948/5697/4942
f 4904/5664/4898 4903/5661/4897 4934/5694/4928 4935/5698/4929
f 4495/4650/4489 4930/5662/4924 4961/5695/4955
f 4918/5699/4912 4917/5696/4911 4948/5697/4942 4949/5700/4943
f 4905/5666/4899 4904/5664/4898 4935/5698/4929 4936/5701/4930
f 4919/5702/4913 4918/5699/4912 4949/5700/4943 4950/5703/4944
f 4906/5668/4900 4905/5666/4899 4936/5701/4930 4937/5704/4931
f 4920/5669/4914 4919/5667/4913 4950/5705/4944 4951/5706/4945
f 4907/5670/4901 4906/5668/4900 4937/5704/4931 4938/5707/4932
f 4921/5708/4915 4920/5709/4914 4951/5710/4945 4952/5711/4946
f 4908/5673/4902 4907/5670/4901 4938/5707/4932 4939/5712/4933
f 4922/5677/4916 4921/5713/4915 4952/5714/4946 4953/5715/4947
f 4909/5716/4903 4908/5717/4902 4939/5718/4933 4940/5719/4934
f 4923/5678/4917 4922/5677/4916 4953/5715/4947 4954/5720/4948
f 4910/5721/4904 4909/5716/4903 4940/5719/4934 4941/5722/4935
f 4924/5680/4918 4923/5678/4917 4954/5720/4948 4955/5723/4949
f 4911/5681/4905 4910/5679/4904 4941/5724/4935 4942/5725/4936
f 4925/5648/4919 4924/5680/4918 4955/5723/4949 4956/5726/4950
f 4912/5727/4906 4911/5728/4905 4942/5729/4936 4943/5730/4937
f 4926/5649/4920 4925/5648/4919 4956/5726/4950 4957/5731/4951
f 4913/5732/4907 4912/5727/4906 4943/5730/4937 4944/5733/4938
f 4900/5652/4894 4496/4624/4490 4931/5682/4925
f 4927/5653/4921 4926/5649/4920 4957/5731/4951 4958/5684/4952
f 4914/5687/4908 4913/5732/4907 4944/5733/4938 4945/5688/4939
f 4934/5694/4928 4933/5690/4927 4964/4636/4958 4965/4642/4959
f 4961/5695/4955 4960/5691/4954 3997/4638/3991 3998/4644/3992
f 4948/5697/4942 4947/5693/4941 3989/4640/3983 3990/4646/3984
f 4935/5698/4929 4934/5694/4928 4965/4642/4959 4966/4648/4960
f 4495/4650/4489 4961/5695/4955 3998/4644/3992
f 4949/5700/4943 4948/5697/4942 3990/4646/3984 4972/4651/4966
f 4936/5701/4930 4935/5698/4929 4966/4648/4960 4967/4653/4961
f 4950/5703/4944 4949/5700/4943 4972/4651/4966 4973/4655/4967
f 4937/5704/4931 4936/5701/4930 4967/4653/4961 3983/4590/3977
f 4951/5710/4945 4950/5703/4944 4973/4655/4967 3991/4594/3985
f 4938/5707/4932 4937/5704/4931 3983/4590/3977 4968/4589/4962
f 4952/5711/4946 4951/5710/4945 3991/4594/3985 3992/4593/3986
f 4939/5712/4933 4938/5707/4932 4968/4589/4962 3984/5734/3978
f 4953/5735/4947 4952/5711/4946 3992/4593/3986 3993/4601/3987
f 4940/5719/4934 4939/5718/4933 3984/4597/3978 4969/4603/4963
f 4954/5720/4948 4953/5715/4947 3993/4606/3987 4974/4605/4968
f 4941/5722/4935 4940/5719/4934 4969/4603/4963 4970/4609/4964
f 4955/5723/4949 4954/5720/4948 4974/4605/4968 3994/4611/3988
f 4942/5729/4936 4941/5722/4935 4970/4609/4964 3985/4613/3979
f 4956/5726/4950 4955/5723/4949 3994/4611/3988 3995/4615/3989
f 4943/5730/4937 4942/5729/4936 3985/4613/3979 3986/4617/3980
f 4957/5731/4951 4956/5726/4950 3995/4615/3989 3996/4619/3990
f 4944/5733/4938 4943/5730/4937 3986/4617/3980 3987/4621/3981
f 4931/5682/4925 4496/4624/4490 4962/4623/4956
f 4958/5684/4952 4957/5731/4951 3996/4619/3990 4975/4626/4969
f 4945/5688/4939 4944/5733/4938 3987/4621/3981 3988/4628/3982
f 4932/5683/4926 4931/5682/4925 4962/4623/4956 4963/4630/4957
f 4959/5685/4953 4958/5684/4952 4975/4626/4969 4976/4632/4970
f 4946/5689/4940 4945/5688/4939 3988/4628/3982 4971/4634/4965
f 4933/5690/4927 4932/5683/4926 4963/4630/4957 4964/4636/4958
f 4960/5691/4954 4959/5685/4953 4976/4632/4970 3997/4638/3991
f 4947/5693/4941 4946/5689/4940 4971/4634/4965 3989/4640/3983
o Hydrogen_ball
v 0.509954 0.653045 0.008583
v 0.509954 0.556948 -0.087513
v 0.509954 0.382450 -0.192104
v 0.509954 0.318395 -0.215023
v 0.509954 0.252401 -0.231553
v 0.509954 0.185105 -0.241536
v 0.509954 0.049204 -0.241536
v 0.509954 -0.018092 -0.231553
v 0.509954 -0.209642 -0.163016
v 0.509954 -0.267995 -0.128040
v 0.509954 -0.322639 -0.087513
v 0.509954 -0.418736 0.008583
v 0.509954 -0.459263 0.063227
v 0.509954 -0.494238 0.121581
v 0.509954 -0.562776 0.313130
v 0.509954 -0.572758 0.380427
v 0.523211 0.807068 0.381732
v 0.536339 0.797085 0.315729
v 0.549214 0.780555 0.251004
v 0.561711 0.757635 0.188179
v 0.573709 0.728548 0.127860
v 0.585093 0.693572 0.070628
v 0.595754 0.653045 0.017034
v 0.605588 0.607357 -0.032406
v 0.614501 0.556948 -0.077216
v 0.622407 0.502304 -0.116965
v 0.629231 0.443951 -0.151268
v 0.634906 0.382450 -0.179797
v 0.639377 0.318395 -0.202276
v 0.642602 0.252401 -0.218489
v 0.644549 0.185105 -0.228279
v 0.645201 0.117155 -0.231553
v 0.644549 0.049204 -0.228279
v 0.642602 -0.018092 -0.218489
v 0.639377 -0.084086 -0.202276
v 0.634906 -0.148141 -0.179797
v 0.629231 -0.209642 -0.151268
v 0.622407 -0.267995 -0.116965
v 0.614501 -0.322639 -0.077216
v 0.605588 -0.373048 -0.032406
v 0.595754 -0.418736 0.017034
v 0.585093 -0.459263 0.070628
v 0.573709 -0.494238 0.127860
v 0.561711 -0.523326 0.188179
v 0.549214 -0.546245 0.251004
v 0.536339 -0.562776 0.315729
v 0.523211 -0.572758 0.381732
v 0.535958 0.807068 0.385599
v 0.561711 0.797085 0.323425
v 0.586965 0.780555 0.262455
v 0.611478 0.757635 0.203276
v 0.635014 0.728548 0.146457
v 0.657345 0.693572 0.092545
v 0.678256 0.653045 0.042060
v 0.697546 0.607357 -0.004511
v 0.715030 0.556948 -0.046721
v 0.730539 0.502304 -0.084163
v 0.743924 0.443951 -0.116476
v 0.755055 0.382450 -0.143350
v 0.763826 0.318395 -0.164525
v 0.770152 0.252401 -0.179797
v 0.773972 0.185105 -0.189019
v 0.775250 0.117155 -0.192103
v 0.773972 0.049204 -0.189019
v 0.770152 -0.018092 -0.179797
v 0.763826 -0.084086 -0.164525
v 0.755055 -0.148141 -0.143350
v 0.743924 -0.209642 -0.116476
v 0.730539 -0.267995 -0.084163
v 0.715030 -0.322639 -0.046721
v 0.697546 -0.373048 -0.004511
v 0.678256 -0.418736 0.042060
v 0.657345 -0.459263 0.092545
v 0.635014 -0.494238 0.146457
v 0.611478 -0.523326 0.203276
v 0.586965 -0.546245 0.262455
v 0.561711 -0.562776 0.323425
v 0.535958 -0.572758 0.385599
v 0.547705 0.807068 0.391878
v 0.585093 0.797085 0.335924
v 0.621757 0.780555 0.281052
v 0.657345 0.757635 0.227792
v 0.691512 0.728548 0.176656
v 0.723932 0.693572 0.128137
v 0.754290 0.653045 0.082702
v 0.782296 0.607357 0.040788
v 0.807679 0.556948 0.002800
v 0.830194 0.502304 -0.030896
v 0.849626 0.443951 -0.059978
v 0.865786 0.382450 -0.084163
v 0.878519 0.318395 -0.103220
v 0.887703 0.252401 -0.116965
v 0.893249 0.185105 -0.125265
v 0.895104 0.117155 -0.128040
v 0.893249 0.049204 -0.125265
v 0.887703 -0.018092 -0.116965
v 0.878519 -0.084086 -0.103220
v 0.865786 -0.148141 -0.084163
v 0.849626 -0.209642 -0.059978
v 0.830194 -0.267995 -0.030896
v 0.807679 -0.322639 0.002800
v 0.782296 -0.373048 0.040788
v 0.754290 -0.418736 0.082702
v 0.723932 -0.459263 0.128137
v 0.691512 -0.494238 0.176656
v 0.657345 -0.523326 0.227792
v 0.621757 -0.546245 0.281052
v 0.585093 -0.562776 0.335924
v 0.547705 -0.572758 0.391878
v 0.558002 0.807068 0.400329
v 0.605588 0.797085 0.352743
v 0.652252 0.780555 0.306079
v 0.697546 0.757635 0.260785
v 0.741034 0.728548 0.217297
v 0.782296 0.693572 0.176035
v 0.820935 0.653045 0.137396
v 0.856580 0.607357 0.101751
v 0.888886 0.556948 0.069445
v 0.917543 0.502304 0.040789
v 0.942274 0.443951 0.016057
v 0.962842 0.382450 -0.004511
v 0.979049 0.318395 -0.020718
v 0.990738 0.252401 -0.032406
v 0.997796 0.185105 -0.039465
v 1.000157 0.117155 -0.041825
v 0.997796 0.049204 -0.039465
v 0.990738 -0.018092 -0.032406
v 0.979049 -0.084086 -0.020718
v 0.962842 -0.148141 -0.004511
v 0.942274 -0.209642 0.016057
v 0.917543 -0.267995 0.040789
v 0.888886 -0.322639 0.069445
v 0.856580 -0.373048 0.101751
v 0.820935 -0.418736 0.137396
v 0.782296 -0.459263 0.176035
v 0.741034 -0.494238 0.217297
v 0.697546 -0.523326 0.260785
v 0.652252 -0.546245 0.306079
v 0.605588 -0.562776 0.352743
v 0.558002 -0.572758 0.400329
v 0.566453 0.807068 0.410626
v 0.622407 0.797085 0.373238
v 0.677279 0.780555 0.336574
v 0.730539 0.757635 0.300987
v 0.781675 0.728548 0.266819
v 0.830194 0.693572 0.234399
v 0.875629 0.653045 0.204041
v 0.917543 0.607357 0.176035
v 0.955531 0.556948 0.150652
v 0.989227 0.502304 0.128137
v 1.018309 0.443951 0.108705
v 1.042494 0.382450 0.092545
v 1.061551 0.318395 0.079812
v 1.075296 0.252401 0.070628
v 1.083596 0.185105 0.065082
v 1.086371 0.117155 0.063227
v 1.083596 0.049204 0.065082
v 1.075296 -0.018092 0.070628
v 1.061551 -0.084086 0.079812
v 1.042494 -0.148141 0.092545
v 1.018309 -0.209642 0.108705
v 0.989227 -0.267995 0.128137
v 0.955531 -0.322639 0.150652
v 0.917543 -0.373048 0.176035
v 0.875629 -0.418736 0.204041
v 0.830194 -0.459263 0.234399
v 0.781675 -0.494238 0.266819
v 0.730539 -0.523326 0.300987
v 0.677279 -0.546245 0.336574
v 0.622407 -0.562776 0.373238
v 0.566453 -0.572758 0.410626
v 0.572732 0.807068 0.422373
v 0.634906 0.797085 0.396620
v 0.695876 0.780555 0.371366
v 0.755055 0.757635 0.346853
v 0.811875 0.728548 0.323318
v 0.865786 0.693572 0.300987
v 0.916271 0.653045 0.280075
v 0.962842 0.607357 0.260785
v 1.005052 0.556948 0.243301
v 1.042494 0.502304 0.227792
v 1.074807 0.443951 0.214407
v 1.101681 0.382450 0.203276
v 1.122856 0.318395 0.194505
v 1.138128 0.252401 0.188179
v 1.147350 0.185105 0.184359
v 1.150434 0.117155 0.183081
v 1.147350 0.049204 0.184359
v 1.138128 -0.018092 0.188179
v 1.122856 -0.084086 0.194505
v 1.101681 -0.148141 0.203276
v 1.074807 -0.209642 0.214407
v 1.042494 -0.267995 0.227792
v 1.005052 -0.322639 0.243301
v 0.962842 -0.373048 0.260785
v 0.916271 -0.418736 0.280075
v 0.865786 -0.459263 0.300987
v 0.811875 -0.494238 0.323318
v 0.755055 -0.523326 0.346853
v 0.695876 -0.546245 0.371366
v 0.634906 -0.562776 0.396620
v 0.572732 -0.572758 0.422373
v 0.576599 0.807068 0.435121
v 0.642602 0.797085 0.421992
v 0.707327 0.780555 0.409117
v 0.770152 0.757635 0.396620
v 0.830471 0.728548 0.384622
v 0.887703 0.693572 0.373238
v 0.941297 0.653045 0.362578
v 0.990738 0.607357 0.352743
v 1.035547 0.556948 0.343830
v 1.075295 0.502304 0.335924
v 1.109599 0.443951 0.329100
v 1.138128 0.382450 0.323425
v 1.160607 0.318395 0.318954
v 1.176820 0.252401 0.315729
v 1.186610 0.185105 0.313782
v 1.189884 0.117155 0.313131
v 1.186610 0.049204 0.313782
v 1.176820 -0.018092 0.315729
v 1.160607 -0.084086 0.318954
v 1.138128 -0.148141 0.323425
v 1.109599 -0.209642 0.329100
v 1.075295 -0.267995 0.335924
v 1.035547 -0.322639 0.343830
v 0.990738 -0.373048 0.352743
v 0.941297 -0.418736 0.362578
v 0.887703 -0.459263 0.373238
v 0.830471 -0.494238 0.384622
v 0.770152 -0.523326 0.396620
v 0.707327 -0.546245 0.409117
v 0.642602 -0.562776 0.421992
v 0.576599 -0.572758 0.435121
v 0.577905 0.807068 0.448377
v 0.645201 0.797085 0.448377
v 0.711194 0.780555 0.448377
v 0.775250 0.757635 0.448377
v 0.836750 0.728548 0.448377
v 0.895104 0.693572 0.448377
v 0.949748 0.653045 0.448377
v 1.000157 0.607357 0.448377
v 1.045844 0.556948 0.448377
v 1.086371 0.502304 0.448377
v 1.121347 0.443951 0.448377
v 1.150434 0.382450 0.448377
v 1.173354 0.318395 0.448377
v 1.189884 0.252401 0.448377
v 1.199867 0.185105 0.448377
v 1.203205 0.117155 0.448377
v 1.199867 0.049204 0.448377
v 1.189884 -0.018092 0.448377
v 1.173354 -0.084086 0.448377
v 1.150434 -0.148141 0.448377
v 1.121347 -0.209642 0.448377
v 1.086371 -0.267995 0.448377
v 1.045844 -0.322639 0.448377
v 1.000157 -0.373048 0.448377
v 0.949748 -0.418736 0.448377
v 0.895104 -0.459263 0.448377
v 0.836750 -0.494238 0.448377
v 0.775250 -0.523326 0.448377
v 0.711194 -0.546245 0.448377
v 0.645201 -0.562776 0.448377
v 0.577905 -0.572758 0.448377
v 0.576599 0.807068 0.461634
v 0.642602 0.797085 0.474762
v 0.707327 0.780555 0.487637
v 0.770152 0.757635 0.500134
v 0.830471 0.728548 0.512132
v 0.887703 0.693572 0.523516
v 0.941297 0.653045 0.534177
v 0.990737 0.607357 0.544011
v 1.035547 0.556948 0.552924
v 1.075295 0.502304 0.560830
v 1.109599 0.443951 0.567654
v 1.138128 0.382450 0.573329
v 1.160607 0.318395 0.577800
v 1.176820 0.252401 0.581025
v 1.186610 0.185105 0.582972
v 1.189884 0.117155 0.583624
v 1.186610 0.049204 0.582972
v 1.176820 -0.018092 0.581025
v 1.160607 -0.084086 0.577800
v 1.138128 -0.148141 0.573329
v 1.109599 -0.209642 0.567654
v 1.075295 -0.267995 0.560830
v 1.035547 -0.322639 0.552924
v 0.990737 -0.373048 0.544011
v 0.941297 -0.418736 0.534177
v 0.887703 -0.459263 0.523516
v 0.830471 -0.494238 0.512132
v 0.770152 -0.523326 0.500134
v 0.707327 -0.546245 0.487637
v 0.642602 -0.562776 0.474762
v 0.576599 -0.572758 0.461634
v 0.572732 0.807068 0.474381
v 0.634906 0.797085 0.500134
v 0.695876 0.780555 0.525388
v 0.755055 0.757635 0.549901
v 0.811874 0.728548 0.573437
v 0.865786 0.693572 0.595767
v 0.916270 0.653045 0.616679
v 0.962842 0.607357 0.635969
v 1.005052 0.556948 0.653453
v 1.042494 0.502304 0.668962
v 1.074807 0.443951 0.682347
v 1.101681 0.382450 0.693478
v 1.122856 0.318395 0.702249
v 1.138128 0.252401 0.708575
v 1.147350 0.185105 0.712395
v 1.150434 0.117155 0.713673
v 1.147350 0.049204 0.712395
v 1.138128 -0.018092 0.708575
v 1.122856 -0.084086 0.702249
v 1.101681 -0.148141 0.693478
v 1.074807 -0.209642 0.682347
v 1.042494 -0.267995 0.668962
v 1.005052 -0.322639 0.653453
v 0.962842 -0.373048 0.635969
v 0.916270 -0.418736 0.616679
v 0.865786 -0.459263 0.595767
v 0.811874 -0.494238 0.573437
v 0.755055 -0.523326 0.549901
v 0.695876 -0.546245 0.525388
v 0.634906 -0.562776 0.500134
v 0.572732 -0.572758 0.474381
v 0.566453 0.807068 0.486128
v 0.622407 0.797085 0.523516
v 0.677279 0.780555 0.560180
v 0.730539 0.757635 0.595767
v 0.781675 0.728548 0.629935
v 0.830194 0.693572 0.662355
v 0.875629 0.653045 0.692713
v 0.917543 0.607357 0.720719
v 0.955531 0.556948 0.746102
v 0.989227 0.502304 0.768617
v 1.018309 0.443951 0.788049
v 1.042494 0.382450 0.804209
v 1.061551 0.318395 0.816942
v 1.075295 0.252401 0.826126
v 1.083596 0.185105 0.831672
v 1.086371 0.117155 0.833527
v 1.083596 0.049204 0.831672
v 1.075295 -0.018092 0.826126
v 1.061551 -0.084086 0.816942
v 1.042494 -0.148141 0.804209
v 1.018309 -0.209642 0.788049
v 0.989227 -0.267995 0.768617
v 0.955531 -0.322639 0.746102
v 0.917543 -0.373048 0.720719
v 0.875629 -0.418736 0.692713
v 0.830194 -0.459263 0.662355
v 0.781675 -0.494238 0.629935
v 0.730539 -0.523326 0.595767
v 0.677279 -0.546245 0.560180
v 0.622407 -0.562776 0.523516
v 0.566453 -0.572758 0.486128
v 0.558002 0.807068 0.496425
v 0.605588 0.797085 0.544011
v 0.652252 0.780555 0.590675
v 0.697546 0.757635 0.635969
v 0.741034 0.728548 0.679457
v 0.782296 0.693572 0.720719
v 0.820935 0.653045 0.759358
v 0.856580 0.607357 0.795003
v 0.888886 0.556948 0.827309
v 0.917542 0.502304 0.855965
v 0.942274 0.443951 0.880697
v 0.962842 0.382450 0.901265
v 0.979049 0.318395 0.917472
v 0.990737 0.252401 0.929160
v 0.997796 0.185105 0.936219
v 1.000156 0.117155 0.938579
v 0.997796 0.049204 0.936219
v 0.990737 -0.018092 0.929160
v 0.979049 -0.084086 0.917472
v 0.962842 -0.148141 0.901265
v 0.942274 -0.209642 0.880697
v 0.917542 -0.267995 0.855965
v 0.888886 -0.322639 0.827309
v 0.856580 -0.373048 0.795003
v 0.820935 -0.418736 0.759358
v 0.782296 -0.459263 0.720719
v 0.741034 -0.494238 0.679457
v 0.697546 -0.523326 0.635969
v 0.652252 -0.546245 0.590675
v 0.605588 -0.562776 0.544011
v 0.558002 -0.572758 0.496425
v 0.547705 0.807068 0.504876
v 0.585093 0.797085 0.560830
v 0.621757 0.780555 0.615702
v 0.657344 0.757635 0.668962
v 0.691512 0.728548 0.720098
v 0.723932 0.693572 0.768617
v 0.754290 0.653045 0.814052
v 0.782296 0.607357 0.855965
v 0.807679 0.556948 0.893954
v 0.830194 0.502304 0.927650
v 0.849626 0.443951 0.956731
v 0.865786 0.382450 0.980917
v 0.878519 0.318395 0.999974
v 0.887703 0.252401 1.013718
v 0.893249 0.185105 1.022018
v 0.895103 0.117155 1.024794
v 0.893249 0.049204 1.022018
v 0.887703 -0.018092 1.013718
v 0.878519 -0.084086 0.999974
v 0.865786 -0.148141 0.980917
v 0.849626 -0.209642 0.956731
v 0.830194 -0.267995 0.927650
v 0.807679 -0.322639 0.893954
v 0.782296 -0.373048 0.855965
v 0.754290 -0.418736 0.814052
v 0.723932 -0.459263 0.768617
v 0.691512 -0.494238 0.720098
v 0.657344 -0.523326 0.668962
v 0.621757 -0.546245 0.615702
v 0.585093 -0.562776 0.560830
v 0.547705 -0.572758 0.504876
v 0.535958 0.807068 0.511155
v 0.561711 0.797085 0.573328
v 0.586965 0.780555 0.634299
v 0.611478 0.757635 0.693478
v 0.635014 0.728548 0.750297
v 0.657344 0.693572 0.804209
v 0.678256 0.653045 0.854693
v 0.697546 0.607357 0.901265
v 0.715030 0.556948 0.943475
v 0.730539 0.502304 0.980917
v 0.743924 0.443951 1.013230
v 0.755055 0.382450 1.040104
v 0.763826 0.318395 1.061279
v 0.770152 0.252401 1.076551
v 0.773972 0.185105 1.085773
v 0.775249 0.117155 1.088857
v 0.773972 0.049204 1.085773
v 0.770152 -0.018092 1.076551
v 0.763826 -0.084086 1.061279
v 0.755055 -0.148141 1.040104
v 0.743924 -0.209642 1.013230
v 0.730539 -0.267995 0.980917
v 0.715030 -0.322639 0.943475
v 0.697546 -0.373048 0.901265
v 0.678256 -0.418736 0.854693
v 0.657344 -0.459263 0.804209
v 0.635014 -0.494238 0.750297
v 0.611478 -0.523326 0.693478
v 0.586965 -0.546245 0.634299
v 0.561711 -0.562776 0.573328
v 0.535958 -0.572758 0.511155
v 0.523211 0.807068 0.515022
v 0.536339 0.797085 0.581025
v 0.549214 0.780555 0.645750
v 0.561711 0.757635 0.708575
v 0.573709 0.728548 0.768894
v 0.585093 0.693572 0.826126
v 0.595753 0.653045 0.879720
v 0.605588 0.607357 0.929160
v 0.614501 0.556948 0.973970
v 0.622407 0.502304 1.013718
v 0.629231 0.443951 1.048022
v 0.634906 0.382450 1.076551
v 0.639377 0.318395 1.099030
v 0.642602 0.252401 1.115243
v 0.644549 0.185105 1.125033
v 0.645200 0.117155 1.128307
v 0.644549 0.049204 1.125033
v 0.642602 -0.018092 1.115243
v 0.639377 -0.084086 1.099030
v 0.634906 -0.148141 1.076551
v 0.629231 -0.209642 1.048022
v 0.622407 -0.267995 1.013718
v 0.614501 -0.322639 0.973970
v 0.605588 -0.373048 0.929160
v 0.595753 -0.418736 0.879720
v 0.585093 -0.459263 0.826126
v 0.573709 -0.494238 0.768894
v 0.561711 -0.523326 0.708575
v 0.549214 -0.546245 0.645750
v 0.536339 -0.562776 0.581025
v 0.523211 -0.572758 0.515022
v 0.509954 0.807068 0.516328
v 0.509954 0.797085 0.583624
v 0.509954 0.780555 0.649617
v 0.509954 0.757635 0.713673
v 0.509954 0.728548 0.775173
v 0.509954 0.693572 0.833526
v 0.509954 0.653045 0.888171
v 0.509954 0.607357 0.938579
v 0.509954 0.556948 0.984267
v 0.509954 0.502304 1.024794
v 0.509954 0.443951 1.059770
v 0.509954 0.382450 1.088857
v 0.509954 0.318395 1.111777
v 0.509954 0.252401 1.128307
v 0.509954 0.185105 1.138289
v 0.509954 0.117155 1.141628
v 0.509954 0.049204 1.138289
v 0.509954 -0.018092 1.128307
v 0.509954 -0.084086 1.111777
v 0.509954 -0.148141 1.088857
v 0.509954 -0.209642 1.059770
v 0.509954 -0.267995 1.024794
v 0.509954 -0.322639 0.984267
v 0.509954 -0.373048 0.938579
v 0.509954 -0.418736 0.888171
v 0.509954 -0.459263 0.833526
v 0.509954 -0.494238 0.775173
v 0.509954 -0.523326 0.713673
v 0.509954 -0.546245 0.649617
v 0.509954 -0.562776 0.583624
v 0.509954 -0.572758 0.516328
v 0.509954 -0.576097 0.448377
v 0.509954 0.810406 0.448377
v 0.496698 0.807068 0.515022
v 0.483569 0.797085 0.581025
v 0.470694 0.780555 0.645750
v 0.458197 0.757635 0.708575
v 0.446199 0.728548 0.768894
v 0.434815 0.693572 0.826126
v 0.424155 0.653045 0.879720
v 0.414320 0.607357 0.929160
v 0.405407 0.556948 0.973970
v 0.397501 0.502304 1.013718
v 0.390677 0.443951 1.048022
v 0.385003 0.382450 1.076551
v 0.380531 0.318395 1.099030
v 0.377306 0.252401 1.115243
v 0.375359 0.185105 1.125033
v 0.374707 0.117155 1.128307
v 0.375359 0.049204 1.125033
v 0.377306 -0.018092 1.115243
v 0.380531 -0.084086 1.099030
v 0.385003 -0.148141 1.076551
v 0.390677 -0.209642 1.048022
v 0.397501 -0.267995 1.013718
v 0.405407 -0.322639 0.973970
v 0.414320 -0.373048 0.929160
v 0.424155 -0.418736 0.879720
v 0.434815 -0.459263 0.826126
v 0.446199 -0.494238 0.768894
v 0.458197 -0.523326 0.708575
v 0.470694 -0.546245 0.645750
v 0.483569 -0.562776 0.581025
v 0.496698 -0.572758 0.515022
v 0.483951 0.807068 0.511155
v 0.458198 0.797085 0.573328
v 0.432943 0.780555 0.634299
v 0.408430 0.757635 0.693478
v 0.384895 0.728548 0.750297
v 0.362564 0.693572 0.804209
v 0.341652 0.653045 0.854693
v 0.322362 0.607357 0.901265
v 0.304878 0.556948 0.943475
v 0.289369 0.502304 0.980917
v 0.275984 0.443951 1.013230
v 0.264853 0.382450 1.040104
v 0.256082 0.318395 1.061278
v 0.249756 0.252401 1.076551
v 0.245936 0.185105 1.085773
v 0.244658 0.117155 1.088857
v 0.245936 0.049204 1.085773
v 0.249756 -0.018092 1.076551
v 0.256082 -0.084086 1.061278
v 0.264853 -0.148141 1.040104
v 0.275984 -0.209642 1.013230
v 0.289369 -0.267995 0.980917
v 0.304878 -0.322639 0.943475
v 0.322362 -0.373048 0.901265
v 0.341652 -0.418736 0.854693
v 0.362564 -0.459263 0.804209
v 0.384895 -0.494238 0.750297
v 0.408430 -0.523326 0.693478
v 0.432943 -0.546245 0.634299
v 0.458198 -0.562776 0.573328
v 0.483951 -0.572758 0.511155
v 0.472203 0.807068 0.504876
v 0.434815 0.797085 0.560830
v 0.398151 0.780555 0.615702
v 0.362564 0.757635 0.668962
v 0.328396 0.728548 0.720098
v 0.295976 0.693572 0.768617
v 0.265618 0.653045 0.814052
v 0.237612 0.607357 0.855965
v 0.212229 0.556948 0.893953
v 0.189714 0.502304 0.927650
v 0.170283 0.443951 0.956731
v 0.154122 0.382450 0.980917
v 0.141389 0.318395 0.999974
v 0.132205 0.252401 1.013718
v 0.126659 0.185105 1.022018
v 0.124804 0.117155 1.024794
v 0.126659 0.049204 1.022018
v 0.132205 -0.018092 1.013718
v 0.141389 -0.084086 0.999974
v 0.154122 -0.148141 0.980917
v 0.170283 -0.209642 0.956731
v 0.189714 -0.267995 0.927650
v 0.212229 -0.322639 0.893953
v 0.237612 -0.373048 0.855965
v 0.265618 -0.418736 0.814052
v 0.295976 -0.459263 0.768617
v 0.328396 -0.494238 0.720098
v 0.362564 -0.523326 0.668962
v 0.398151 -0.546245 0.615702
v 0.434815 -0.562776 0.560830
v 0.472203 -0.572758 0.504876
v 0.461906 0.807068 0.496425
v 0.414320 0.797085 0.544011
v 0.367656 0.780555 0.590675
v 0.322362 0.757635 0.635969
v 0.278874 0.728548 0.679457
v 0.237612 0.693572 0.720719
v 0.198973 0.653045 0.759358
v 0.163329 0.607357 0.795002
v 0.131022 0.556948 0.827309
v 0.102366 0.502304 0.855965
v 0.077634 0.443951 0.880697
v 0.057066 0.382450 0.901265
v 0.040860 0.318395 0.917471
v 0.029171 0.252401 0.929160
v 0.022112 0.185105 0.936219
v 0.019752 0.117155 0.938579
v 0.022112 0.049204 0.936219
v 0.029171 -0.018092 0.929160
v 0.040860 -0.084086 0.917471
v 0.057066 -0.148141 0.901265
v 0.077634 -0.209642 0.880697
v 0.102366 -0.267995 0.855965
v 0.131022 -0.322639 0.827309
v 0.163329 -0.373048 0.795002
v 0.198973 -0.418736 0.759358
v 0.237612 -0.459263 0.720719
v 0.278874 -0.494238 0.679457
v 0.322362 -0.523326 0.635969
v 0.367656 -0.546245 0.590675
v 0.414320 -0.562776 0.544011
v 0.461906 -0.572758 0.496425
v 0.453455 0.807068 0.486128
v 0.397501 0.797085 0.523516
v 0.342629 0.780555 0.560180
v 0.289369 0.757635 0.595767
v 0.238233 0.728548 0.629935
v 0.189714 0.693572 0.662354
v 0.144279 0.653045 0.692713
v 0.102366 0.607357 0.720719
v 0.064378 0.556948 0.746102
v 0.030681 0.502304 0.768617
v 0.001600 0.443951 0.788049
v -0.022586 0.382450 0.804209
v -0.041643 0.318395 0.816942
v -0.055387 0.252401 0.826126
v -0.063687 0.185105 0.831672
v -0.066463 0.117155 0.833526
v -0.063687 0.049204 0.831672
v -0.055387 -0.018092 0.826126
v -0.041643 -0.084086 0.816942
v -0.022586 -0.148141 0.804209
v 0.001600 -0.209642 0.788049
v 0.030681 -0.267995 0.768617
v 0.064378 -0.322639 0.746102
v 0.102366 -0.373048 0.720719
v 0.144279 -0.418736 0.692713
v 0.189714 -0.459263 0.662354
v 0.238233 -0.494238 0.629935
v 0.289369 -0.523326 0.595767
v 0.342629 -0.546245 0.560180
v 0.397501 -0.562776 0.523516
v 0.453455 -0.572758 0.486128
v 0.447176 0.807068 0.474381
v 0.385003 0.797085 0.500134
v 0.324033 0.780555 0.525388
v 0.264853 0.757635 0.549901
v 0.208034 0.728548 0.573436
v 0.154122 0.693572 0.595767
v 0.103638 0.653045 0.616679
v 0.057066 0.607357 0.635969
v 0.014856 0.556948 0.653453
v -0.022586 0.502304 0.668962
v -0.054899 0.443951 0.682347
v -0.081773 0.382450 0.693478
v -0.102947 0.318395 0.702249
v -0.118220 0.252401 0.708575
v -0.127442 0.185105 0.712395
v -0.130526 0.117155 0.713672
v -0.127442 0.049204 0.712395
v -0.118220 -0.018092 0.708575
v -0.102947 -0.084086 0.702249
v -0.081773 -0.148141 0.693478
v -0.054899 -0.209642 0.682347
v -0.022586 -0.267995 0.668962
v 0.014856 -0.322639 0.653453
v 0.057066 -0.373048 0.635969
v 0.103638 -0.418736 0.616679
v 0.154122 -0.459263 0.595767
v 0.208034 -0.494238 0.573436
v 0.264853 -0.523326 0.549901
v 0.324033 -0.546245 0.525388
v 0.385003 -0.562776 0.500134
v 0.447176 -0.572758 0.474381
v 0.443309 0.807068 0.461633
v 0.377306 0.797085 0.474762
v 0.312581 0.780555 0.487637
v 0.249756 0.757635 0.500134
v 0.189437 0.728548 0.512132
v 0.132205 0.693572 0.523516
v 0.078611 0.653045 0.534176
v 0.029171 0.607357 0.544011
v -0.015639 0.556948 0.552924
v -0.055387 0.502304 0.560830
v -0.089691 0.443951 0.567654
v -0.118220 0.382450 0.573328
v -0.140699 0.318395 0.577800
v -0.156911 0.252401 0.581025
v -0.166702 0.185105 0.582972
v -0.169976 0.117155 0.583623
v -0.166702 0.049204 0.582972
v -0.156911 -0.018092 0.581025
v -0.140699 -0.084086 0.577800
v -0.118220 -0.148141 0.573328
v -0.089691 -0.209642 0.567654
v -0.055387 -0.267995 0.560830
v -0.015639 -0.322639 0.552924
v 0.029171 -0.373048 0.544011
v 0.078611 -0.418736 0.534176
v 0.132205 -0.459263 0.523516
v 0.189437 -0.494238 0.512132
v 0.249756 -0.523326 0.500134
v 0.312581 -0.546245 0.487637
v 0.377306 -0.562776 0.474762
v 0.443309 -0.572758 0.461633
v 0.442004 0.807068 0.448377
v 0.374708 0.797085 0.448377
v 0.308714 0.780555 0.448377
v 0.244658 0.757635 0.448377
v 0.183158 0.728548 0.448377
v 0.124805 0.693572 0.448377
v 0.070161 0.653045 0.448377
v 0.019752 0.607357 0.448377
v -0.025936 0.556948 0.448377
v -0.066463 0.502304 0.448377
v -0.101438 0.443951 0.448377
v -0.130526 0.382450 0.448377
v -0.153446 0.318395 0.448377
v -0.169976 0.252401 0.448377
v -0.179958 0.185105 0.448377
v -0.183296 0.117155 0.448377
v -0.179958 0.049204 0.448377
v -0.169976 -0.018092 0.448377
v -0.153446 -0.084086 0.448377
v -0.130526 -0.148141 0.448377
v -0.101438 -0.209642 0.448377
v -0.066463 -0.267995 0.448377
v -0.025936 -0.322639 0.448377
v 0.019752 -0.373048 0.448377
v 0.070161 -0.418736 0.448377
v 0.124805 -0.459263 0.448377
v 0.183158 -0.494238 0.448377
v 0.244658 -0.523326 0.448377
v 0.308714 -0.546245 0.448377
v 0.374708 -0.562776 0.448377
v 0.442004 -0.572758 0.448377
v 0.443309 0.807068 0.435121
v 0.377306 0.797085 0.421992
v 0.312581 0.780555 0.409117
v 0.249756 0.757635 0.396620
v 0.189437 0.728548 0.384622
v 0.132205 0.693572 0.373238
v 0.078611 0.653045 0.362577
v 0.029171 0.607357 0.352743
v -0.015639 0.556948 0.343830
v -0.055387 0.502304 0.335924
v -0.089691 0.443951 0.329100
v -0.118219 0.382450 0.323426
v -0.140698 0.318395 0.318954
v -0.156911 0.252401 0.315729
v -0.166702 0.185105 0.313782
v -0.169976 0.117155 0.313130
v -0.166702 0.049204 0.313782
v -0.156911 -0.018092 0.315729
v -0.140698 -0.084086 0.318954
v -0.118219 -0.148141 0.323426
v -0.089691 -0.209642 0.329100
v -0.055387 -0.267995 0.335924
v -0.015639 -0.322639 0.343830
v 0.029171 -0.373048 0.352743
v 0.078611 -0.418736 0.362577
v 0.132205 -0.459263 0.373238
v 0.189437 -0.494238 0.384622
v 0.249756 -0.523326 0.396620
v 0.312581 -0.546245 0.409117
v 0.377306 -0.562776 0.421992
v 0.443309 -0.572758 0.435121
v 0.447176 0.807068 0.422373
v 0.385003 0.797085 0.396620
v 0.324033 0.780555 0.371366
v 0.264853 0.757635 0.346853
v 0.208034 0.728548 0.323317
v 0.154123 0.693572 0.300987
v 0.103638 0.653045 0.280075
v 0.057066 0.607357 0.260785
v 0.014856 0.556948 0.243301
v -0.022586 0.502304 0.227792
v -0.054899 0.443951 0.214407
v -0.081773 0.382450 0.203276
v -0.102947 0.318395 0.194505
v -0.118219 0.252401 0.188179
v -0.127442 0.185105 0.184359
v -0.130526 0.117155 0.183081
v -0.127442 0.049204 0.184359
v -0.118219 -0.018092 0.188179
v -0.102947 -0.084086 0.194505
v -0.081773 -0.148141 0.203276
v -0.054899 -0.209642 0.214407
v -0.022586 -0.267995 0.227792
v 0.014856 -0.322639 0.243301
v 0.057066 -0.373048 0.260785
v 0.103638 -0.418736 0.280075
v 0.154123 -0.459263 0.300987
v 0.208034 -0.494238 0.323317
v 0.264853 -0.523326 0.346853
v 0.324033 -0.546245 0.371366
v 0.385003 -0.562776 0.396620
v 0.447176 -0.572758 0.422373
v 0.453455 0.807068 0.410626
v 0.397501 0.797085 0.373238
v 0.342629 0.780555 0.336574
v 0.289369 0.757635 0.300987
v 0.238233 0.728548 0.266819
v 0.189714 0.693572 0.234399
v 0.144279 0.653045 0.204041
v 0.102366 0.607357 0.176035
v 0.064378 0.556948 0.150652
v 0.030681 0.502304 0.128137
v 0.001600 0.443951 0.108706
v -0.022586 0.382450 0.092545
v -0.041642 0.318395 0.079812
v -0.055387 0.252401 0.070628
v -0.063687 0.185105 0.065082
v -0.066462 0.117155 0.063227
v -0.063687 0.049204 0.065082
v -0.055387 -0.018092 0.070628
v -0.041642 -0.084086 0.079812
v -0.022586 -0.148141 0.092545
v 0.001600 -0.209642 0.108706
v 0.030681 -0.267995 0.128137
v 0.064378 -0.322639 0.150652
v 0.102366 -0.373048 0.176035
v 0.144279 -0.418736 0.204041
v 0.189714 -0.459263 0.234399
v 0.238233 -0.494238 0.266819
v 0.289369 -0.523326 0.300987
v 0.342629 -0.546245 0.336574
v 0.397501 -0.562776 0.373238
v 0.453455 -0.572758 0.410626
v 0.461906 0.807068 0.400329
v 0.414320 0.797085 0.352743
v 0.367656 0.780555 0.306079
v 0.322362 0.757635 0.260785
v 0.278874 0.728548 0.217297
v 0.237613 0.693572 0.176035
v 0.198973 0.653045 0.137396
v 0.163329 0.607357 0.101752
v 0.131023 0.556948 0.069445
v 0.102366 0.502304 0.040789
v 0.077634 0.443951 0.016057
v 0.057066 0.382450 -0.004511
v 0.040860 0.318395 -0.020717
v 0.029171 0.252401 -0.032406
v 0.022113 0.185105 -0.039465
v 0.019752 0.117155 -0.041825
v 0.022113 0.049204 -0.039465
v 0.029171 -0.018092 -0.032406
v 0.040860 -0.084086 -0.020717
v 0.057066 -0.148141 -0.004511
v 0.077634 -0.209642 0.016057
v 0.102366 -0.267995 0.040789
v 0.131023 -0.322639 0.069445
v 0.163329 -0.373048 0.101752
v 0.198973 -0.418736 0.137396
v 0.237613 -0.459263 0.176035
v 0.278874 -0.494238 0.217297
v 0.322362 -0.523326 0.260785
v 0.367656 -0.546245 0.306079
v 0.414320 -0.562776 0.352743
v 0.461906 -0.572758 0.400329
v 0.472203 0.807068 0.391878
v 0.434815 0.797085 0.335924
v 0.398151 0.780555 0.281052
v 0.362564 0.757635 0.227792
v 0.328396 0.728548 0.176656
v 0.295977 0.693572 0.128137
v 0.265618 0.653045 0.082702
v 0.237612 0.607357 0.040789
v 0.212230 0.556948 0.002801
v 0.189714 0.502304 -0.030896
v 0.170283 0.443951 -0.059977
v 0.154122 0.382450 -0.084163
v 0.141389 0.318395 -0.103220
v 0.132205 0.252401 -0.116964
v 0.126660 0.185105 -0.125264
v 0.124805 0.117155 -0.128040
v 0.126660 0.049204 -0.125264
v 0.132205 -0.018092 -0.116964
v 0.141389 -0.084086 -0.103220
v 0.154122 -0.148141 -0.084163
v 0.170283 -0.209642 -0.059977
v 0.189714 -0.267995 -0.030896
v 0.212230 -0.322639 0.002801
v 0.237612 -0.373048 0.040789
v 0.265618 -0.418736 0.082702
v 0.295977 -0.459263 0.128137
v 0.328396 -0.494238 0.176656
v 0.362564 -0.523326 0.227792
v 0.398151 -0.546245 0.281052
v 0.434815 -0.562776 0.335924
v 0.472203 -0.572758 0.391878
v 0.483951 0.807068 0.385599
v 0.458198 0.797085 0.323426
v 0.432943 0.780555 0.262455
v 0.408430 0.757635 0.203276
v 0.384895 0.728548 0.146457
v 0.362564 0.693572 0.092545
v 0.341653 0.653045 0.042061
v 0.322362 0.607357 -0.004511
v 0.304878 0.556948 -0.046721
v 0.289369 0.502304 -0.084163
v 0.275984 0.443951 -0.116476
v 0.264853 0.382450 -0.143350
v 0.256082 0.318395 -0.164524
v 0.249756 0.252401 -0.179797
v 0.245936 0.185105 -0.189019
v 0.244659 0.117155 -0.192103
v 0.245936 0.049204 -0.189019
v 0.249756 -0.018092 -0.179797
v 0.256082 -0.084086 -0.164524
v 0.264853 -0.148141 -0.143350
v 0.275984 -0.209642 -0.116476
v 0.289369 -0.267995 -0.084163
v 0.304878 -0.322639 -0.046721
v 0.322362 -0.373048 -0.004511
v 0.341653 -0.418736 0.042061
v 0.362564 -0.459263 0.092545
v 0.384895 -0.494238 0.146457
v 0.408430 -0.523326 0.203276
v 0.432943 -0.546245 0.262455
v 0.458198 -0.562776 0.323426
v 0.483951 -0.572758 0.385599
v 0.496698 0.807068 0.381732
v 0.483569 0.797085 0.315729
v 0.470694 0.780555 0.251004
v 0.458198 0.757635 0.188179
v 0.446199 0.728548 0.127860
v 0.434815 0.693572 0.070628
v 0.424155 0.653045 0.017034
v 0.414320 0.607357 -0.032406
v 0.405407 0.556948 -0.077216
v 0.397501 0.502304 -0.116964
v 0.390677 0.443951 -0.151268
v 0.385003 0.382450 -0.179797
v 0.380531 0.318395 -0.202276
v 0.377307 0.252401 -0.218488
v 0.375359 0.185105 -0.228279
v 0.374708 0.117155 -0.231553
v 0.375359 0.049204 -0.228279
v 0.377307 -0.018092 -0.218488
v 0.380531 -0.084086 -0.202276
v 0.385003 -0.148141 -0.179797
v 0.390677 -0.209642 -0.151268
v 0.397501 -0.267995 -0.116964
v 0.405407 -0.322639 -0.077216
v 0.414320 -0.373048 -0.032406
v 0.424155 -0.418736 0.017034
v 0.434815 -0.459263 0.070628
v 0.446199 -0.494238 0.127860
v 0.458198 -0.523326 0.188179
v 0.470694 -0.546245 0.251004
v 0.483569 -0.562776 0.315729
v 0.496698 -0.572758 0.381732
v 0.509954 0.807068 0.380427
v 0.509954 0.797085 0.313131
v 0.509954 0.780555 0.247137
v 0.509954 0.757635 0.183081
v 0.509954 0.728548 0.121581
v 0.509954 0.693572 0.063228
v 0.509954 0.607357 -0.041825
v 0.509954 0.502304 -0.128040
v 0.509954 0.443951 -0.163015
v 0.509954 0.117155 -0.244873
v 0.509954 -0.084086 -0.215023
v 0.509954 -0.148141 -0.192103
v 0.509954 -0.373048 -0.041825
v 0.509954 -0.523326 0.183081
v 0.509954 -0.546245 0.247137
vn -0.0000 0.7715 -0.6362
vn -0.0000 0.6329 -0.7742
vn -0.0000 0.3816 -0.9243
vn -0.0000 0.2894 -0.9572
vn -0.0000 0.1945 -0.9809
vn -0.0000 0.0977 -0.9952
vn -0.0000 -0.0977 -0.9952
vn -0.0000 -0.1945 -0.9809
vn -0.0000 -0.4701 -0.8826
vn -0.0000 -0.5542 -0.8324
vn -0.0000 -0.6329 -0.7742
vn -0.0000 -0.7715 -0.6362
vn -0.0000 -0.8301 -0.5577
vn -0.0000 -0.8806 -0.4738
vn -0.0000 -0.9802 -0.1980
vn -0.0000 -0.9949 -0.1011
vn 0.0197 0.9949 -0.0991
vn 0.0386 0.9802 -0.1942
vn 0.0572 0.9561 -0.2875
vn 0.0752 0.9228 -0.3779
vn 0.0924 0.8806 -0.4647
vn 0.1088 0.8301 -0.5470
vn 0.1241 0.7715 -0.6240
vn 0.1382 0.7056 -0.6950
vn 0.1510 0.6329 -0.7594
vn 0.1624 0.5542 -0.8164
vn 0.1722 0.4701 -0.8656
vn 0.1803 0.3816 -0.9066
vn 0.1867 0.2894 -0.9388
vn 0.1914 0.1945 -0.9621
vn 0.1942 0.0977 -0.9761
vn 0.1951 -0.0000 -0.9808
vn 0.1942 -0.0977 -0.9761
vn 0.1914 -0.1945 -0.9621
vn 0.1867 -0.2894 -0.9388
vn 0.1803 -0.3816 -0.9066
vn 0.1722 -0.4701 -0.8656
vn 0.1624 -0.5542 -0.8164
vn 0.1510 -0.6329 -0.7594
vn 0.1382 -0.7056 -0.6950
vn 0.1241 -0.7715 -0.6240
vn 0.1088 -0.8301 -0.5470
vn 0.0924 -0.8806 -0.4647
vn 0.0752 -0.9228 -0.3779
vn 0.0572 -0.9561 -0.2875
vn 0.0386 -0.9802 -0.1942
vn 0.0197 -0.9949 -0.0991
vn 0.0387 0.9949 -0.0934
vn 0.0758 0.9802 -0.1830
vn 0.1122 0.9561 -0.2708
vn 0.1474 0.9228 -0.3560
vn 0.1813 0.8806 -0.4377
vn 0.2134 0.8301 -0.5152
vn 0.2435 0.7715 -0.5878
vn 0.2712 0.7056 -0.6547
vn 0.2963 0.6329 -0.7153
vn 0.3185 0.5542 -0.7690
vn 0.3378 0.4701 -0.8154
vn 0.3537 0.3816 -0.8540
vn 0.3663 0.2894 -0.8843
vn 0.3754 0.1945 -0.9062
vn 0.3809 0.0977 -0.9195
vn 0.3827 -0.0000 -0.9239
vn 0.3809 -0.0977 -0.9195
vn 0.3754 -0.1945 -0.9062
vn 0.3663 -0.2894 -0.8843
vn 0.3537 -0.3816 -0.8540
vn 0.3378 -0.4701 -0.8154
vn 0.3185 -0.5542 -0.7690
vn 0.2963 -0.6329 -0.7153
vn 0.2712 -0.7056 -0.6547
vn 0.2435 -0.7715 -0.5878
vn 0.2134 -0.8301 -0.5152
vn 0.1813 -0.8806 -0.4377
vn 0.1474 -0.9228 -0.3560
vn 0.1122 -0.9561 -0.2708
vn 0.0758 -0.9802 -0.1830
vn 0.0387 -0.9949 -0.0934
vn 0.0561 0.9949 -0.0840
vn 0.1100 0.9802 -0.1647
vn 0.1628 0.9561 -0.2437
vn 0.2141 0.9228 -0.3204
vn 0.2632 0.8806 -0.3939
vn 0.3098 0.8301 -0.4637
vn 0.3535 0.7715 -0.5290
vn 0.3937 0.7056 -0.5892
vn 0.4301 0.6329 -0.6438
vn 0.4625 0.5542 -0.6921
vn 0.4903 0.4701 -0.7339
vn 0.5135 0.3816 -0.7685
vn 0.5318 0.2894 -0.7959
vn 0.5450 0.1945 -0.8156
vn 0.5529 0.0977 -0.8275
vn 0.5556 -0.0000 -0.8315
vn 0.5529 -0.0977 -0.8275
vn 0.5450 -0.1945 -0.8156
vn 0.5318 -0.2894 -0.7959
vn 0.5135 -0.3816 -0.7685
vn 0.4903 -0.4701 -0.7339
vn 0.4625 -0.5542 -0.6921
vn 0.4301 -0.6329 -0.6438
vn 0.3937 -0.7056 -0.5892
vn 0.3535 -0.7715 -0.5290
vn 0.3098 -0.8301 -0.4637
vn 0.2632 -0.8806 -0.3939
vn 0.2141 -0.9228 -0.3204
vn 0.1628 -0.9561 -0.2437
vn 0.1100 -0.9802 -0.1647
vn 0.0561 -0.9949 -0.0840
vn 0.0715 0.9949 -0.0715
vn 0.1400 0.9802 -0.1400
vn 0.2072 0.9561 -0.2072
vn 0.2724 0.9228 -0.2724
vn 0.3350 0.8806 -0.3350
vn 0.3943 0.8301 -0.3943
vn 0.4499 0.7715 -0.4499
vn 0.5011 0.7056 -0.5011
vn 0.5475 0.6329 -0.5475
vn 0.5886 0.5542 -0.5886
vn 0.6241 0.4701 -0.6241
vn 0.6536 0.3816 -0.6536
vn 0.6768 0.2894 -0.6768
vn 0.6936 0.1945 -0.6936
vn 0.7037 0.0977 -0.7037
vn 0.7071 -0.0000 -0.7071
vn 0.7037 -0.0977 -0.7037
vn 0.6936 -0.1945 -0.6936
vn 0.6768 -0.2894 -0.6768
vn 0.6536 -0.3816 -0.6536
vn 0.6241 -0.4701 -0.6241
vn 0.5886 -0.5542 -0.5886
vn 0.5475 -0.6329 -0.5475
vn 0.5011 -0.7056 -0.5011
vn 0.4499 -0.7715 -0.4499
vn 0.3943 -0.8301 -0.3943
vn 0.3350 -0.8806 -0.3350
vn 0.2724 -0.9228 -0.2724
vn 0.2072 -0.9561 -0.2072
vn 0.1400 -0.9802 -0.1400
vn 0.0715 -0.9949 -0.0715
vn 0.0840 0.9949 -0.0561
vn 0.1647 0.9802 -0.1100
vn 0.2437 0.9561 -0.1628
vn 0.3204 0.9228 -0.2141
vn 0.3939 0.8806 -0.2632
vn 0.4637 0.8301 -0.3098
vn 0.5290 0.7715 -0.3535
vn 0.5892 0.7056 -0.3937
vn 0.6438 0.6329 -0.4301
vn 0.6921 0.5542 -0.4625
vn 0.7339 0.4701 -0.4903
vn 0.7685 0.3816 -0.5135
vn 0.7959 0.2894 -0.5318
vn 0.8156 0.1945 -0.5450
vn 0.8275 0.0977 -0.5529
vn 0.8315 -0.0000 -0.5556
vn 0.8275 -0.0977 -0.5529
vn 0.8156 -0.1945 -0.5450
vn 0.7959 -0.2894 -0.5318
vn 0.7685 -0.3816 -0.5135
vn 0.7339 -0.4701 -0.4903
vn 0.6921 -0.5542 -0.4625
vn 0.6438 -0.6329 -0.4301
vn 0.5892 -0.7056 -0.3937
vn 0.5290 -0.7715 -0.3535
vn 0.4637 -0.8301 -0.3098
vn 0.3939 -0.8806 -0.2632
vn 0.3204 -0.9228 -0.2141
vn 0.2437 -0.9561 -0.1628
vn 0.1647 -0.9802 -0.1100
vn 0.0840 -0.9949 -0.0561
vn 0.0934 0.9949 -0.0387
vn 0.1830 0.9802 -0.0758
vn 0.2708 0.9561 -0.1122
vn 0.3560 0.9228 -0.1474
vn 0.4377 0.8806 -0.1813
vn 0.5152 0.8301 -0.2134
vn 0.5878 0.7715 -0.2435
vn 0.6547 0.7056 -0.2712
vn 0.7153 0.6329 -0.2963
vn 0.7690 0.5542 -0.3185
vn 0.8154 0.4701 -0.3378
vn 0.8540 0.3816 -0.3537
vn 0.8843 0.2894 -0.3663
vn 0.9062 0.1945 -0.3754
vn 0.9195 0.0977 -0.3809
vn 0.9239 -0.0000 -0.3827
vn 0.9195 -0.0977 -0.3809
vn 0.9062 -0.1945 -0.3754
vn 0.8843 -0.2894 -0.3663
vn 0.8540 -0.3816 -0.3537
vn 0.8154 -0.4701 -0.3378
vn 0.7690 -0.5542 -0.3185
vn 0.7153 -0.6329 -0.2963
vn 0.6547 -0.7056 -0.2712
vn 0.5878 -0.7715 -0.2435
vn 0.5152 -0.8301 -0.2134
vn 0.4377 -0.8806 -0.1813
vn 0.3560 -0.9228 -0.1474
vn 0.2708 -0.9561 -0.1122
vn 0.1830 -0.9802 -0.0758
vn 0.0934 -0.9949 -0.0387
vn 0.0991 0.9949 -0.0197
vn 0.1942 0.9802 -0.0386
vn 0.2875 0.9561 -0.0572
vn 0.3779 0.9228 -0.0752
vn 0.4647 0.8806 -0.0924
vn 0.5470 0.8301 -0.1088
vn 0.6240 0.7715 -0.1241
vn 0.6950 0.7056 -0.1382
vn 0.7594 0.6329 -0.1510
vn 0.8164 0.5542 -0.1624
vn 0.8656 0.4701 -0.1722
vn 0.9066 0.3816 -0.1803
vn 0.9388 0.2894 -0.1867
vn 0.9621 0.1945 -0.1914
vn 0.9761 0.0977 -0.1942
vn 0.9808 -0.0000 -0.1951
vn 0.9761 -0.0977 -0.1942
vn 0.9621 -0.1945 -0.1914
vn 0.9388 -0.2894 -0.1867
vn 0.9066 -0.3816 -0.1803
vn 0.8656 -0.4701 -0.1722
vn 0.8164 -0.5542 -0.1624
vn 0.7594 -0.6329 -0.1510
vn 0.6950 -0.7056 -0.1382
vn 0.6240 -0.7715 -0.1241
vn 0.5470 -0.8301 -0.1088
vn 0.4647 -0.8806 -0.0924
vn 0.3779 -0.9228 -0.0752
vn 0.2875 -0.9561 -0.0572
vn 0.1942 -0.9802 -0.0386
vn 0.0991 -0.9949 -0.0197
vn 0.1011 0.9949 -0.0000
vn 0.1980 0.9802 -0.0000
vn 0.2931 0.9561 -0.0000
vn 0.3853 0.9228 -0.0000
vn 0.4738 0.8806 -0.0000
vn 0.5577 0.8301 -0.0000
vn 0.6362 0.7715 -0.0000
vn 0.7086 0.7056 -0.0000
vn 0.7742 0.6329 -0.0000
vn 0.8324 0.5542 -0.0000
vn 0.8826 0.4701 -0.0000
vn 0.9243 0.3816 -0.0000
vn 0.9572 0.2894 -0.0000
vn 0.9809 0.1945 -0.0000
vn 0.9952 0.0977 -0.0000
vn 1.0000 -0.0000 -0.0000
vn 0.9952 -0.0977 -0.0000
vn 0.9809 -0.1945 -0.0000
vn 0.9572 -0.2894 -0.0000
vn 0.9243 -0.3816 -0.0000
vn 0.8826 -0.4701 -0.0000
vn 0.8324 -0.5542 -0.0000
vn 0.7742 -0.6329 -0.0000
vn 0.7086 -0.7056 -0.0000
vn 0.6362 -0.7715 -0.0000
vn 0.5577 -0.8301 -0.0000
vn 0.4738 -0.8806 -0.0000
vn 0.3853 -0.9228 -0.0000
vn 0.2931 -0.9561 -0.0000
vn 0.1980 -0.9802 -0.0000
vn 0.1011 -0.9949 -0.0000
vn 0.0991 0.9949 0.0197
vn 0.1942 0.9802 0.0386
vn 0.2875 0.9561 0.0572
vn 0.3779 0.9228 0.0752
vn 0.4647 0.8806 0.0924
vn 0.5470 0.8301 0.1088
vn 0.6240 0.7715 0.1241
vn 0.6950 0.7056 0.1382
vn 0.7594 0.6329 0.1510
vn 0.8164 0.5542 0.1624
vn 0.8656 0.4701 0.1722
vn 0.9066 0.3816 0.1803
vn 0.9388 0.2894 0.1867
vn 0.9621 0.1945 0.1914
vn 0.9761 0.0977 0.1942
vn 0.9808 -0.0000 0.1951
vn 0.9761 -0.0977 0.1942
vn 0.9621 -0.1945 0.1914
vn 0.9388 -0.2894 0.1867
vn 0.9066 -0.3816 0.1803
vn 0.8656 -0.4701 0.1722
vn 0.8164 -0.5542 0.1624
vn 0.7594 -0.6329 0.1510
vn 0.6950 -0.7056 0.1382
vn 0.6240 -0.7715 0.1241
vn 0.5470 -0.8301 0.1088
vn 0.4647 -0.8806 0.0924
vn 0.3779 -0.9228 0.0752
vn 0.2875 -0.9561 0.0572
vn 0.1942 -0.9802 0.0386
vn 0.0991 -0.9949 0.0197
vn 0.0934 0.9949 0.0387
vn 0.1830 0.9802 0.0758
vn 0.2708 0.9561 0.1122
vn 0.3560 0.9228 0.1474
vn 0.4377 0.8806 0.1813
vn 0.5152 0.8301 0.2134
vn 0.5878 0.7715 0.2435
vn 0.6547 0.7056 0.2712
vn 0.7153 0.6329 0.2963
vn 0.7690 0.5542 0.3185
vn 0.8154 0.4701 0.3378
vn 0.8540 0.3816 0.3537
vn 0.8843 0.2894 0.3663
vn 0.9062 0.1945 0.3754
vn 0.9195 0.0977 0.3809
vn 0.9239 -0.0000 0.3827
vn 0.9195 -0.0977 0.3809
vn 0.9062 -0.1945 0.3754
vn 0.8843 -0.2894 0.3663
vn 0.8540 -0.3816 0.3537
vn 0.8154 -0.4701 0.3378
vn 0.7690 -0.5542 0.3185
vn 0.7153 -0.6329 0.2963
vn 0.6547 -0.7056 0.2712
vn 0.5878 -0.7715 0.2435
vn 0.5152 -0.8301 0.2134
vn 0.4377 -0.8806 0.1813
vn 0.3560 -0.9228 0.1474
vn 0.2708 -0.9561 0.1122
vn 0.1830 -0.9802 0.0758
vn 0.0934 -0.9949 0.0387
vn 0.0840 0.9949 0.0561
vn 0.1647 0.9802 0.1100
vn 0.2437 0.9561 0.1628
vn 0.3204 0.9228 0.2141
vn 0.3939 0.8806 0.2632
vn 0.4637 0.8301 0.3098
vn 0.5290 0.7715 0.3535
vn 0.5892 0.7056 0.3937
vn 0.6438 0.6329 0.4301
vn 0.6921 0.5542 0.4625
vn 0.7339 0.4701 0.4903
vn 0.7685 0.3816 0.5135
vn 0.7959 0.2894 0.5318
vn 0.8156 0.1945 0.5450
vn 0.8275 0.0977 0.5529
vn 0.8315 -0.0000 0.5556
vn 0.8275 -0.0977 0.5529
vn 0.8156 -0.1945 0.5450
vn 0.7959 -0.2894 0.5318
vn 0.7685 -0.3816 0.5135
vn 0.7339 -0.4701 0.4903
vn 0.6921 -0.5542 0.4625
vn 0.6438 -0.6329 0.4301
vn 0.5892 -0.7056 0.3937
vn 0.5290 -0.7715 0.3535
vn 0.4637 -0.8301 0.3098
vn 0.3939 -0.8806 0.2632
vn 0.3204 -0.9228 0.2141
vn 0.2437 -0.9561 0.1628
vn 0.1647 -0.9802 0.1100
vn 0.0840 -0.9949 0.0561
vn 0.0715 0.9949 0.0715
vn 0.1400 0.9802 0.1400
vn 0.2072 0.9561 0.2072
vn 0.2724 0.9228 0.2724
vn 0.3350 0.8806 0.3350
vn 0.3943 0.8301 0.3943
vn 0.4499 0.7715 0.4499
vn 0.5011 0.7056 0.5011
vn 0.5475 0.6329 0.5475
vn 0.5886 0.5542 0.5886
vn 0.6241 0.4701 0.6241
vn 0.6536 0.3816 0.6536
vn 0.6768 0.2894 0.6768
vn 0.6936 0.1945 0.6936
vn 0.7037 0.0977 0.7037
vn 0.7071 -0.0000 0.7071
vn 0.7037 -0.0977 0.7037
vn 0.6936 -0.1945 0.6936
vn 0.6768 -0.2894 0.6768
vn 0.6536 -0.3816 0.6536
vn 0.6241 -0.4701 0.6241
vn 0.5886 -0.5542 0.5886
vn 0.5475 -0.6329 0.5475
vn 0.5011 -0.7056 0.5011
vn 0.4499 -0.7715 0.4499
vn 0.3943 -0.8301 0.3943
vn 0.3350 -0.8806 0.3350
vn 0.2724 -0.9228 0.2724
vn 0.2072 -0.9561 0.2072
vn 0.1400 -0.9802 0.1400
vn 0.0715 -0.9949 0.0715
vn 0.0561 0.9949 0.0840
vn 0.1100 0.9802 0.1647
vn 0.1628 0.9561 0.2437
vn 0.2141 0.9228 0.3204
vn 0.2632 0.8806 0.3939
vn 0.3098 0.8301 0.4637
vn 0.3535 0.7715 0.5290
vn 0.3937 0.7056 0.5892
vn 0.4301 0.6329 0.6438
vn 0.4625 0.5542 0.6921
vn 0.4903 0.4701 0.7339
vn 0.5135 0.3816 0.7685
vn 0.5318 0.2894 0.7959
vn 0.5450 0.1945 0.8156
vn 0.5529 0.0977 0.8275
vn 0.5556 -0.0000 0.8315
vn 0.5529 -0.0977 0.8275
vn 0.5450 -0.1945 0.8156
vn 0.5318 -0.2894 0.7959
vn 0.5135 -0.3816 0.7685
vn 0.4903 -0.4701 0.7339
vn 0.4625 -0.5542 0.6921
vn 0.4301 -0.6329 0.6438
vn 0.3937 -0.7056 0.5892
vn 0.3535 -0.7715 0.5290
vn 0.3098 -0.8301 0.4637
vn 0.2632 -0.8806 0.3939
vn 0.2141 -0.9228 0.3204
vn 0.1628 -0.9561 0.2437
vn 0.1100 -0.9802 0.1647
vn 0.0561 -0.9949 0.0840
vn 0.0387 0.9949 0.0934
vn 0.0758 0.9802 0.1830
vn 0.1122 0.9561 0.2708
vn 0.1474 0.9228 0.3560
vn 0.1813 0.8806 0.4377
vn 0.2134 0.8301 0.5152
vn 0.2435 0.7715 0.5878
vn 0.2712 0.7056 0.6547
vn 0.2963 0.6329 0.7153
vn 0.3185 0.5542 0.7690
vn 0.3378 0.4701 0.8154
vn 0.3537 0.3816 0.8540
vn 0.3663 0.2894 0.8843
vn 0.3754 0.1945 0.9062
vn 0.3809 0.0977 0.9195
vn 0.3827 -0.0000 0.9239
vn 0.3809 -0.0977 0.9195
vn 0.3754 -0.1945 0.9062
vn 0.3663 -0.2894 0.8843
vn 0.3537 -0.3816 0.8540
vn 0.3378 -0.4701 0.8154
vn 0.3185 -0.5542 0.7690
vn 0.2963 -0.6329 0.7153
vn 0.2712 -0.7056 0.6547
vn 0.2435 -0.7715 0.5878
vn 0.2134 -0.8301 0.5152
vn 0.1813 -0.8806 0.4377
vn 0.1474 -0.9228 0.3560
vn 0.1122 -0.9561 0.2708
vn 0.0758 -0.9802 0.1830
vn 0.0387 -0.9949 0.0934
vn 0.0197 0.9949 0.0991
vn 0.0386 0.9802 0.1942
vn 0.0572 0.9561 0.2875
vn 0.0752 0.9228 0.3779
vn 0.0924 0.8806 0.4647
vn 0.1088 0.8301 0.5470
vn 0.1241 0.7715 0.6240
vn 0.1382 0.7056 0.6950
vn 0.1510 0.6329 0.7594
vn 0.1624 0.5542 0.8164
vn 0.1722 0.4701 0.8656
vn 0.1803 0.3816 0.9066
vn 0.1867 0.2894 0.9388
vn 0.1914 0.1945 0.9621
vn 0.1942 0.0977 0.9761
vn 0.1951 -0.0000 0.9808
vn 0.1942 -0.0977 0.9761
vn 0.1914 -0.1945 0.9621
vn 0.1867 -0.2894 0.9388
vn 0.1803 -0.3816 0.9066
vn 0.1722 -0.4701 0.8656
vn 0.1624 -0.5542 0.8164
vn 0.1510 -0.6329 0.7594
vn 0.1382 -0.7056 0.6950
vn 0.1241 -0.7715 0.6240
vn 0.1088 -0.8301 0.5470
vn 0.0924 -0.8806 0.4647
vn 0.0752 -0.9228 0.3779
vn 0.0572 -0.9561 0.2875
vn 0.0386 -0.9802 0.1942
vn 0.0197 -0.9949 0.0991
vn -0.0000 0.9949 0.1011
vn -0.0000 0.9802 0.1980
vn -0.0000 0.9561 0.2931
vn -0.0000 0.9228 0.3853
vn -0.0000 0.8806 0.4738
vn -0.0000 0.8301 0.5577
vn -0.0000 0.7715 0.6362
vn -0.0000 0.7056 0.7086
vn -0.0000 0.6329 0.7742
vn -0.0000 0.5542 0.8324
vn -0.0000 0.4701 0.8826
vn -0.0000 0.3816 0.9243
vn -0.0000 0.2894 0.9572
vn -0.0000 0.1945 0.9809
vn -0.0000 0.0977 0.9952
vn -0.0000 -0.0000 1.0000
vn -0.0000 -0.0977 0.9952
vn -0.0000 -0.1945 0.9809
vn -0.0000 -0.2894 0.9572
vn -0.0000 -0.3816 0.9243
vn -0.0000 -0.4701 0.8826
vn -0.0000 -0.5542 0.8324
vn -0.0000 -0.6329 0.7742
vn -0.0000 -0.7056 0.7086
vn -0.0000 -0.7715 0.6362
vn -0.0000 -0.8301 0.5577
vn -0.0000 -0.8806 0.4738
vn -0.0000 -0.9228 0.3853
vn -0.0000 -0.9561 0.2931
vn -0.0000 -0.9802 0.1980
vn -0.0000 -0.9949 0.1011
vn -0.0000 -1.0000 -0.0000
vn -0.0000 1.0000 -0.0000
vn -0.0197 0.9949 0.0991
vn -0.0386 0.9802 0.1942
vn -0.0572 0.9561 0.2875
vn -0.0752 0.9228 0.3779
vn -0.0924 0.8806 0.4647
vn -0.1088 0.8301 0.5470
vn -0.1241 0.7715 0.6240
vn -0.1382 0.7056 0.6950
vn -0.1510 0.6329 0.7594
vn -0.1624 0.5542 0.8164
vn -0.1722 0.4701 0.8656
vn -0.1803 0.3816 0.9066
vn -0.1867 0.2894 0.9388
vn -0.1914 0.1945 0.9621
vn -0.1942 0.0977 0.9761
vn -0.1951 -0.0000 0.9808
vn -0.1942 -0.0977 0.9761
vn -0.1914 -0.1945 0.9621
vn -0.1867 -0.2894 0.9388
vn -0.1803 -0.3816 0.9066
vn -0.1722 -0.4701 0.8656
vn -0.1624 -0.5542 0.8164
vn -0.1510 -0.6329 0.7594
vn -0.1382 -0.7056 0.6950
vn -0.1241 -0.7715 0.6240
vn -0.1088 -0.8301 0.5470
vn -0.0924 -0.8806 0.4647
vn -0.0752 -0.9228 0.3779
vn -0.0572 -0.9561 0.2875
vn -0.0386 -0.9802 0.1942
vn -0.0197 -0.9949 0.0991
vn -0.0387 0.9949 0.0934
vn -0.0758 0.9802 0.1830
vn -0.1122 0.9561 0.2708
vn -0.1474 0.9228 0.3560
vn -0.1813 0.8806 0.4377
vn -0.2134 0.8301 0.5152
vn -0.2435 0.7715 0.5878
vn -0.2712 0.7056 0.6547
vn -0.2963 0.6329 0.7153
vn -0.3185 0.5542 0.7690
vn -0.3378 0.4701 0.8154
vn -0.3537 0.3816 0.8540
vn -0.3663 0.2894 0.8843
vn -0.3754 0.1945 0.9062
vn -0.3809 0.0977 0.9195
vn -0.3827 -0.0000 0.9239
vn -0.3809 -0.0977 0.9195
vn -0.3754 -0.1945 0.9062
vn -0.3663 -0.2894 0.8843
vn -0.3537 -0.3816 0.8540
vn -0.3378 -0.4701 0.8154
vn -0.3185 -0.5542 0.7690
vn -0.2963 -0.6329 0.7153
vn -0.2712 -0.7056 0.6547
vn -0.2435 -0.7715 0.5878
vn -0.2134 -0.8301 0.5152
vn -0.1813 -0.8806 0.4377
vn -0.1474 -0.9228 0.3560
vn -0.1122 -0.9561 0.2708
vn -0.0758 -0.9802 0.1830
vn -0.0387 -0.9949 0.0934
vn -0.0561 0.9949 0.0840
vn -0.1100 0.9802 0.1647
vn -0.1628 0.9561 0.2437
vn -0.2141 0.9228 0.3204
vn -0.2632 0.8806 0.3939
vn -0.3098 0.8301 0.4637
vn -0.3535 0.7715 0.5290
vn -0.3937 0.7056 0.5892
vn -0.4301 0.6329 0.6438
vn -0.4625 0.5542 0.6921
vn -0.4903 0.4701 0.7339
vn -0.5135 0.3816 0.7685
vn -0.5318 0.2894 0.7959
vn -0.5450 0.1945 0.8156
vn -0.5529 0.0977 0.8275
vn -0.5556 -0.0000 0.8315
vn -0.5529 -0.0977 0.8275
vn -0.5450 -0.1945 0.8156
vn -0.5318 -0.2894 0.7959
vn -0.5135 -0.3816 0.7685
vn -0.4903 -0.4701 0.7339
vn -0.4625 -0.5542 0.6921
vn -0.4301 -0.6329 0.6438
vn -0.3937 -0.7056 0.5892
vn -0.3535 -0.7715 0.5290
vn -0.3098 -0.8301 0.4637
vn -0.2632 -0.8806 0.3939
vn -0.2141 -0.9228 0.3204
vn -0.1628 -0.9561 0.2437
vn -0.1100 -0.9802 0.1647
vn -0.0561 -0.9949 0.0840
vn -0.0715 0.9949 0.0715
vn -0.1400 0.9802 0.1400
vn -0.2072 0.9561 0.2072
vn -0.2724 0.9228 0.2724
vn -0.3350 0.8806 0.3350
vn -0.3943 0.8301 0.3943
vn -0.4499 0.7715 0.4499
vn -0.5011 0.7056 0.5011
vn -0.5475 0.6329 0.5475
vn -0.5886 0.5542 0.5886
vn -0.6241 0.4701 0.6241
vn -0.6536 0.3816 0.6536
vn -0.6768 0.2894 0.6768
vn -0.6936 0.1945 0.6936
vn -0.7037 0.0977 0.7037
vn -0.7071 -0.0000 0.7071
vn -0.7037 -0.0977 0.7037
vn -0.6936 -0.1945 0.6936
vn -0.6768 -0.2894 0.6768
vn -0.6536 -0.3816 0.6536
vn -0.6241 -0.4701 0.6241
vn -0.5886 -0.5542 0.5886
vn -0.5475 -0.6329 0.5475
vn -0.5011 -0.7056 0.5011
vn -0.4499 -0.7715 0.4499
vn -0.3943 -0.8301 0.3943
vn -0.3350 -0.8806 0.3350
vn -0.2724 -0.9228 0.2724
vn -0.2072 -0.9561 0.2072
vn -0.1400 -0.9802 0.1400
vn -0.0715 -0.9949 0.0715
vn -0.0840 0.9949 0.0561
vn -0.1647 0.9802 0.1100
vn -0.2437 0.9561 0.1628
vn -0.3204 0.9228 0.2141
vn -0.3939 0.8806 0.2632
vn -0.4637 0.8301 0.3098
vn -0.5290 0.7715 0.3535
vn -0.5892 0.7056 0.3937
vn -0.6438 0.6329 0.4301
vn -0.6921 0.5542 0.4625
vn -0.7339 0.4701 0.4903
vn -0.7685 0.3816 0.5135
vn -0.7959 0.2894 0.5318
vn -0.8156 0.1945 0.5450
vn -0.8275 0.0977 0.5529
vn -0.8315 -0.0000 0.5556
vn -0.8275 -0.0977 0.5529
vn -0.8156 -0.1945 0.5450
vn -0.7959 -0.2894 0.5318
vn -0.7685 -0.3816 0.5135
vn -0.7339 -0.4701 0.4903
vn -0.6921 -0.5542 0.4625
vn -0.6438 -0.6329 0.4301
vn -0.5892 -0.7056 0.3937
vn -0.5290 -0.7715 0.3535
vn -0.4637 -0.8301 0.3098
vn -0.3939 -0.8806 0.2632
vn -0.3204 -0.9228 0.2141
vn -0.2437 -0.9561 0.1628
vn -0.1647 -0.9802 0.1100
vn -0.0840 -0.9949 0.0561
vn -0.0934 0.9949 0.0387
vn -0.1830 0.9802 0.0758
vn -0.2708 0.9561 0.1122
vn -0.3560 0.9228 0.1474
vn -0.4377 0.8806 0.1813
vn -0.5152 0.8301 0.2134
vn -0.5878 0.7715 0.2435
vn -0.6547 0.7056 0.2712
vn -0.7153 0.6329 0.2963
vn -0.7690 0.5542 0.3185
vn -0.8154 0.4701 0.3378
vn -0.8540 0.3816 0.3537
vn -0.8843 0.2894 0.3663
vn -0.9062 0.1945 0.3754
vn -0.9195 0.0977 0.3809
vn -0.9239 -0.0000 0.3827
vn -0.9195 -0.0977 0.3809
vn -0.9062 -0.1945 0.3754
vn -0.8843 -0.2894 0.3663
vn -0.8540 -0.3816 0.3537
vn -0.8154 -0.4701 0.3378
vn -0.7690 -0.5542 0.3185
vn -0.7153 -0.6329 0.2963
vn -0.6547 -0.7056 0.2712
vn -0.5878 -0.7715 0.2435
vn -0.5152 -0.8301 0.2134
vn -0.4377 -0.8806 0.1813
vn -0.3560 -0.9228 0.1474
vn -0.2708 -0.9561 0.1122
vn -0.1830 -0.9802 0.0758
vn -0.0934 -0.9949 0.0387
vn -0.0991 0.9949 0.0197
vn -0.1942 0.9802 0.0386
vn -0.2875 0.9561 0.0572
vn -0.3779 0.9228 0.0752
vn -0.4647 0.8806 0.0924
vn -0.5470 0.8301 0.1088
vn -0.6240 0.7715 0.1241
vn -0.6950 0.7056 0.1382
vn -0.7594 0.6329 0.1510
vn -0.8164 0.5542 0.1624
vn -0.8656 0.4701 0.1722
vn -0.9066 0.3816 0.1803
vn -0.9388 0.2894 0.1867
vn -0.9621 0.1945 0.1914
vn -0.9761 0.0977 0.1942
vn -0.9808 -0.0000 0.1951
vn -0.9761 -0.0977 0.1942
vn -0.9621 -0.1945 0.1914
vn -0.9388 -0.2894 0.1867
vn -0.9066 -0.3816 0.1803
vn -0.8656 -0.4701 0.1722
vn -0.8164 -0.5542 0.1624
vn -0.7594 -0.6329 0.1510
vn -0.6950 -0.7056 0.1382
vn -0.6240 -0.7715 0.1241
vn -0.5470 -0.8301 0.1088
vn -0.4647 -0.8806 0.0924
vn -0.3779 -0.9228 0.0752
vn -0.2875 -0.9561 0.0572
vn -0.1942 -0.9802 0.0386
vn -0.0991 -0.9949 0.0197
vn -0.1011 0.9949 -0.0000
vn -0.1980 0.9802 -0.0000
vn -0.2931 0.9561 -0.0000
vn -0.3853 0.9228 -0.0000
vn -0.4738 0.8806 -0.0000
vn -0.5577 0.8301 -0.0000
vn -0.6362 0.7715 -0.0000
vn -0.7086 0.7056 -0.0000
vn -0.7742 0.6329 -0.0000
vn -0.8324 0.5542 -0.0000
vn -0.8826 0.4701 -0.0000
vn -0.9243 0.3816 -0.0000
vn -0.9572 0.2894 -0.0000
vn -0.9809 0.1945 -0.0000
vn -0.9952 0.0977 -0.0000
vn -1.0000 -0.0000 -0.0000
vn -0.9952 -0.0977 -0.0000
vn -0.9809 -0.1945 -0.0000
vn -0.9572 -0.2894 -0.0000
vn -0.9243 -0.3816 -0.0000
vn -0.8826 -0.4701 -0.0000
vn -0.8324 -0.5542 -0.0000
vn -0.7742 -0.6329 -0.0000
vn -0.7086 -0.7056 -0.0000
vn -0.6362 -0.7715 -0.0000
vn -0.5577 -0.8301 -0.0000
vn -0.4738 -0.8806 -0.0000
vn -0.3853 -0.9228 -0.0000
vn -0.2931 -0.9561 -0.0000
vn -0.1980 -0.9802 -0.0000
vn -0.1011 -0.9949 -0.0000
vn -0.0991 0.9949 -0.0197
vn -0.1942 0.9802 -0.0386
vn -0.2875 0.9561 -0.0572
vn -0.3779 0.9228 -0.0752
vn -0.4647 0.8806 -0.0924
vn -0.5470 0.8301 -0.1088
vn -0.6240 0.7715 -0.1241
vn -0.6950 0.7056 -0.1382
vn -0.7594 0.6329 -0.1510
vn -0.8164 0.5542 -0.1624
vn -0.8656 0.4701 -0.1722
vn -0.9066 0.3816 -0.1803
vn -0.9388 0.2894 -0.1867
vn -0.9621 0.1945 -0.1914
vn -0.9761 0.0977 -0.1942
vn -0.9808 -0.0000 -0.1951
vn -0.9761 -0.0977 -0.1942
vn -0.9621 -0.1945 -0.1914
vn -0.9388 -0.2894 -0.1867
vn -0.9066 -0.3816 -0.1803
vn -0.8656 -0.4701 -0.1722
vn -0.8164 -0.5542 -0.1624
vn -0.7594 -0.6329 -0.1510
vn -0.6950 -0.7056 -0.1382
vn -0.6240 -0.7715 -0.1241
vn -0.5470 -0.8301 -0.1088
vn -0.4647 -0.8806 -0.0924
vn -0.3779 -0.9228 -0.0752
vn -0.2875 -0.9561 -0.0572
vn -0.1942 -0.9802 -0.0386
vn -0.0991 -0.9949 -0.0197
vn -0.0934 0.9949 -0.0387
vn -0.1830 0.9802 -0.0758
vn -0.2708 0.9561 -0.1122
vn -0.3560 0.9228 -0.1474
vn -0.4377 0.8806 -0.1813
vn -0.5152 0.8301 -0.2134
vn -0.5878 0.7715 -0.2435
vn -0.6547 0.7056 -0.2712
vn -0.7153 0.6329 -0.2963
vn -0.7690 0.5542 -0.3186
vn -0.8154 0.4701 -0.3378
vn -0.8540 0.3816 -0.3537
vn -0.8843 0.2894 -0.3663
vn -0.9062 0.1945 -0.3754
vn -0.9195 0.0977 -0.3809
vn -0.9239 -0.0000 -0.3827
vn -0.9195 -0.0977 -0.3809
vn -0.9062 -0.1945 -0.3754
vn -0.8843 -0.2894 -0.3663
vn -0.8540 -0.3816 -0.3537
vn -0.8154 -0.4701 -0.3378
vn -0.7690 -0.5542 -0.3186
vn -0.7153 -0.6329 -0.2963
vn -0.6547 -0.7056 -0.2712
vn -0.5878 -0.7715 -0.2435
vn -0.5152 -0.8301 -0.2134
vn -0.4377 -0.8806 -0.1813
vn -0.3560 -0.9228 -0.1474
vn -0.2708 -0.9561 -0.1122
vn -0.1830 -0.9802 -0.0758
vn -0.0934 -0.9949 -0.0387
vn -0.0840 0.9949 -0.0561
vn -0.1647 0.9802 -0.1100
vn -0.2437 0.9561 -0.1628
vn -0.3204 0.9228 -0.2141
vn -0.3939 0.8806 -0.2632
vn -0.4637 0.8301 -0.3098
vn -0.5290 0.7715 -0.3535
vn -0.5892 0.7056 -0.3937
vn -0.6438 0.6329 -0.4301
vn -0.6921 0.5542 -0.4625
vn -0.7339 0.4701 -0.4903
vn -0.7685 0.3816 -0.5135
vn -0.7959 0.2894 -0.5318
vn -0.8156 0.1945 -0.5450
vn -0.8275 0.0977 -0.5529
vn -0.8315 -0.0000 -0.5556
vn -0.8275 -0.0977 -0.5529
vn -0.8156 -0.1945 -0.5450
vn -0.7959 -0.2894 -0.5318
vn -0.7685 -0.3816 -0.5135
vn -0.7339 -0.4701 -0.4903
vn -0.6921 -0.5542 -0.4625
vn -0.6438 -0.6329 -0.4301
vn -0.5892 -0.7056 -0.3937
vn -0.5290 -0.7715 -0.3535
vn -0.4637 -0.8301 -0.3098
vn -0.3939 -0.8806 -0.2632
vn -0.3204 -0.9228 -0.2141
vn -0.2437 -0.9561 -0.1628
vn -0.1647 -0.9802 -0.1100
vn -0.0840 -0.9949 -0.0561
vn -0.0715 0.9949 -0.0715
vn -0.1400 0.9802 -0.1400
vn -0.2072 0.9561 -0.2072
vn -0.2724 0.9228 -0.2724
vn -0.3350 0.8806 -0.3350
vn -0.3943 0.8301 -0.3943
vn -0.4499 0.7715 -0.4499
vn -0.5011 0.7056 -0.5011
vn -0.5475 0.6329 -0.5475
vn -0.5886 0.5542 -0.5886
vn -0.6241 0.4701 -0.6241
vn -0.6536 0.3816 -0.6536
vn -0.6768 0.2894 -0.6768
vn -0.6936 0.1945 -0.6936
vn -0.7037 0.0977 -0.7037
vn -0.7071 -0.0000 -0.7071
vn -0.7037 -0.0977 -0.7037
vn -0.6936 -0.1945 -0.6936
vn -0.6768 -0.2894 -0.6768
vn -0.6536 -0.3816 -0.6536
vn -0.6241 -0.4701 -0.6241
vn -0.5886 -0.5542 -0.5886
vn -0.5475 -0.6329 -0.5475
vn -0.5011 -0.7056 -0.5011
vn -0.4499 -0.7715 -0.4499
vn -0.3943 -0.8301 -0.3943
vn -0.3350 -0.8806 -0.3350
vn -0.2724 -0.9228 -0.2724
vn -0.2072 -0.9561 -0.2072
vn -0.1400 -0.9802 -0.1400
vn -0.0715 -0.9949 -0.0715
vn -0.0561 0.9949 -0.0840
vn -0.1100 0.9802 -0.1647
vn -0.1628 0.9561 -0.2437
vn -0.2141 0.9228 -0.3204
vn -0.2632 0.8806 -0.3939
vn -0.3098 0.8301 -0.4637
vn -0.3535 0.7715 -0.5290
vn -0.3937 0.7056 -0.5892
vn -0.4301 0.6329 -0.6438
vn -0.4625 0.5542 -0.6921
vn -0.4903 0.4701 -0.7339
vn -0.5135 0.3816 -0.7685
vn -0.5318 0.2894 -0.7959
vn -0.5450 0.1945 -0.8156
vn -0.5529 0.0977 -0.8275
vn -0.5556 -0.0000 -0.8315
vn -0.5529 -0.0977 -0.8275
vn -0.5450 -0.1945 -0.8156
vn -0.5318 -0.2894 -0.7959
vn -0.5135 -0.3816 -0.7685
vn -0.4903 -0.4701 -0.7339
vn -0.4625 -0.5542 -0.6921
vn -0.4301 -0.6329 -0.6438
vn -0.3937 -0.7056 -0.5892
vn -0.3535 -0.7715 -0.5290
vn -0.3098 -0.8301 -0.4637
vn -0.2632 -0.8806 -0.3939
vn -0.2141 -0.9228 -0.3204
vn -0.1628 -0.9561 -0.2437
vn -0.1100 -0.9802 -0.1647
vn -0.0561 -0.9949 -0.0840
vn -0.0387 0.9949 -0.0934
vn -0.0758 0.9802 -0.1830
vn -0.1122 0.9561 -0.2708
vn -0.1474 0.9228 -0.3560
vn -0.1813 0.8806 -0.4377
vn -0.2134 0.8301 -0.5152
vn -0.2435 0.7715 -0.5878
vn -0.2712 0.7056 -0.6547
vn -0.2963 0.6329 -0.7153
vn -0.3185 0.5542 -0.7690
vn -0.3378 0.4701 -0.8154
vn -0.3537 0.3816 -0.8540
vn -0.3663 0.2894 -0.8843
vn -0.3754 0.1945 -0.9062
vn -0.3809 0.0977 -0.9195
vn -0.3827 -0.0000 -0.9239
vn -0.3809 -0.0977 -0.9195
vn -0.3754 -0.1945 -0.9062
vn -0.3663 -0.2894 -0.8843
vn -0.3537 -0.3816 -0.8540
vn -0.3378 -0.4701 -0.8154
vn -0.3185 -0.5542 -0.7690
vn -0.2963 -0.6329 -0.7153
vn -0.2712 -0.7056 -0.6547
vn -0.2435 -0.7715 -0.5878
vn -0.2134 -0.8301 -0.5152
vn -0.1813 -0.8806 -0.4377
vn -0.1474 -0.9228 -0.3560
vn -0.1122 -0.9561 -0.2708
vn -0.0758 -0.9802 -0.1830
vn -0.0387 -0.9949 -0.0934
vn -0.0197 0.9949 -0.0991
vn -0.0386 0.9802 -0.1942
vn -0.0572 0.9561 -0.2875
vn -0.0752 0.9228 -0.3779
vn -0.0924 0.8806 -0.4647
vn -0.1088 0.8301 -0.5470
vn -0.1241 0.7715 -0.6240
vn -0.1382 0.7056 -0.6950
vn -0.1510 0.6329 -0.7594
vn -0.1624 0.5542 -0.8164
vn -0.1722 0.4701 -0.8656
vn -0.1803 0.3816 -0.9066
vn -0.1867 0.2894 -0.9388
vn -0.1914 0.1945 -0.9621
vn -0.1942 0.0977 -0.9761
vn -0.1951 -0.0000 -0.9808
vn -0.1942 -0.0977 -0.9761
vn -0.1914 -0.1945 -0.9621
vn -0.1867 -0.2894 -0.9388
vn -0.1803 -0.3816 -0.9066
vn -0.1722 -0.4701 -0.8656
vn -0.1624 -0.5542 -0.8164
vn -0.1510 -0.6329 -0.7594
vn -0.1382 -0.7056 -0.6950
vn -0.1241 -0.7715 -0.6240
vn -0.1088 -0.8301 -0.5470
vn -0.0924 -0.8806 -0.4647
vn -0.0752 -0.9228 -0.3779
vn -0.0572 -0.9561 -0.2875
vn -0.0386 -0.9802 -0.1942
vn -0.0197 -0.9949 -0.0991
vn -0.0000 0.9949 -0.1011
vn -0.0000 0.9802 -0.1980
vn -0.0000 0.9561 -0.2931
vn -0.0000 0.9228 -0.3853
vn -0.0000 0.8806 -0.4738
vn -0.0000 0.8301 -0.5577
vn -0.0000 0.7056 -0.7086
vn -0.0000 0.5542 -0.8324
vn -0.0000 0.4701 -0.8826
vn -0.0000 -0.0000 -1.0000
vn -0.0000 -0.2894 -0.9572
vn -0.0000 -0.3816 -0.9243
vn -0.0000 -0.7056 -0.7086
vn -0.0000 -0.9228 -0.3853
vn -0.0000 -0.9561 -0.2931
vt 0.313059 0.551197
vt 0.309840 0.555347
vt 0.299049 0.552191
vt 0.301031 0.547679
vt 0.248068 0.535828
vt 0.245834 0.530401
vt 0.260836 0.530624
vt 0.262211 0.536038
vt 0.250656 0.456816
vt 0.253574 0.451803
vt 0.265602 0.451982
vt 0.263805 0.457011
vt 0.250656 0.540877
vt 0.263805 0.541072
vt 0.248068 0.462212
vt 0.262211 0.462421
vt 0.395812 0.554251
vt 0.392894 0.550283
vt 0.406043 0.546437
vt 0.407839 0.550733
vt 0.245834 0.467938
vt 0.260836 0.468160
vt 0.399031 0.558606
vt 0.409822 0.555450
vt 0.243977 0.473940
vt 0.259692 0.474173
vt 0.402521 0.563308
vt 0.411971 0.560543
vt 0.242513 0.480160
vt 0.258790 0.480401
vt 0.406247 0.568309
vt 0.414266 0.565964
vt 0.241457 0.486537
vt 0.258140 0.486784
vt 0.286093 0.586373
vt 0.281753 0.592099
vt 0.284426 0.585886
vt 0.410175 0.573563
vt 0.416684 0.571659
vt 0.240820 0.493011
vt 0.257748 0.493262
vt 0.290391 0.580718
vt 0.287072 0.579747
vt 0.414266 0.579019
vt 0.419203 0.577575
vt 0.240607 0.499519
vt 0.257616 0.499772
vt 0.294605 0.575187
vt 0.289667 0.573743
vt 0.418480 0.584624
vt 0.421798 0.583654
vt 0.240820 0.505999
vt 0.257748 0.506250
vt 0.298696 0.569834
vt 0.292186 0.567931
vt 0.422778 0.590324
vt 0.424445 0.589837
vt 0.241457 0.512388
vt 0.258140 0.512635
vt 0.302623 0.564711
vt 0.294605 0.562366
vt 0.427117 0.596065
vt 0.242513 0.518624
vt 0.258790 0.518865
vt 0.306350 0.559866
vt 0.296900 0.557102
vt 0.243977 0.524648
vt 0.259692 0.524881
vt 0.275718 0.493390
vt 0.275674 0.499900
vt 0.283549 0.579253
vt 0.284426 0.573007
vt 0.424445 0.576839
vt 0.425321 0.583159
vt 0.275718 0.506378
vt 0.285276 0.566960
vt 0.426215 0.589588
vt 0.275851 0.512761
vt 0.286093 0.561170
vt 0.276070 0.518988
vt 0.286868 0.555693
vt 0.276375 0.525000
vt 0.287593 0.550582
vt 0.276761 0.530737
vt 0.288263 0.545885
vt 0.277225 0.536145
vt 0.278370 0.452072
vt 0.277763 0.457110
vt 0.277763 0.541172
vt 0.277225 0.462528
vt 0.265602 0.545678
vt 0.278370 0.545769
vt 0.276761 0.468274
vt 0.420608 0.548939
vt 0.421277 0.553841
vt 0.276375 0.474292
vt 0.422003 0.559134
vt 0.276070 0.480524
vt 0.422778 0.564768
vt 0.275851 0.486910
vt 0.282656 0.585637
vt 0.423594 0.570689
vt 0.294041 0.506378
vt 0.293908 0.512761
vt 0.278231 0.566960
vt 0.277414 0.561170
vt 0.428020 0.589588
vt 0.293689 0.518988
vt 0.276639 0.555693
vt 0.293384 0.525000
vt 0.275913 0.550582
vt 0.292998 0.530737
vt 0.275244 0.545885
vt 0.292534 0.536145
vt 0.291389 0.452072
vt 0.291995 0.457110
vt 0.291995 0.541172
vt 0.292534 0.462528
vt 0.291389 0.545769
vt 0.292998 0.468274
vt 0.433627 0.548939
vt 0.432957 0.553841
vt 0.293384 0.474292
vt 0.432232 0.559134
vt 0.293689 0.480524
vt 0.431457 0.564768
vt 0.293908 0.486910
vt 0.280851 0.585637
vt 0.430640 0.570689
vt 0.294041 0.493390
vt 0.279957 0.579253
vt 0.429789 0.576839
vt 0.294085 0.499900
vt 0.279081 0.573007
vt 0.428913 0.583159
vt 0.310968 0.518865
vt 0.310067 0.524881
vt 0.266607 0.557102
vt 0.264458 0.552191
vt 0.308923 0.530624
vt 0.262476 0.547679
vt 0.307548 0.536038
vt 0.304157 0.451982
vt 0.305954 0.457011
vt 0.305954 0.541072
vt 0.307548 0.462421
vt 0.304157 0.545678
vt 0.308923 0.468160
vt 0.446395 0.550733
vt 0.444413 0.555450
vt 0.310067 0.474173
vt 0.442264 0.560543
vt 0.310968 0.480401
vt 0.439969 0.565964
vt 0.311619 0.486784
vt 0.279081 0.585886
vt 0.437550 0.571660
vt 0.312011 0.493262
vt 0.276435 0.579747
vt 0.435031 0.577575
vt 0.312142 0.499772
vt 0.273839 0.573743
vt 0.432436 0.583654
vt 0.312011 0.506250
vt 0.271320 0.567930
vt 0.429789 0.589837
vt 0.311619 0.512635
vt 0.268902 0.562366
vt 0.323924 0.530401
vt 0.321691 0.535828
vt 0.316185 0.451803
vt 0.319103 0.456816
vt 0.319103 0.540877
vt 0.321691 0.462212
vt 0.448192 0.546437
vt 0.461340 0.550283
vt 0.458423 0.554251
vt 0.323924 0.467938
vt 0.455204 0.558606
vt 0.325782 0.473940
vt 0.451714 0.563308
vt 0.327246 0.480160
vt 0.447987 0.568309
vt 0.328301 0.486537
vt 0.277414 0.586373
vt 0.444060 0.573563
vt 0.328939 0.493011
vt 0.273116 0.580718
vt 0.439969 0.579019
vt 0.329152 0.499519
vt 0.268902 0.575187
vt 0.435754 0.584624
vt 0.328939 0.505999
vt 0.264811 0.569834
vt 0.431457 0.590324
vt 0.328301 0.512388
vt 0.260883 0.564711
vt 0.327246 0.518624
vt 0.257157 0.559866
vt 0.325782 0.524648
vt 0.253667 0.555347
vt 0.250448 0.551197
vt 0.473174 0.555866
vt 0.469247 0.559358
vt 0.334419 0.461907
vt 0.337425 0.467615
vt 0.464915 0.563189
vt 0.339925 0.473602
vt 0.460219 0.567320
vt 0.341895 0.479809
vt 0.455204 0.571714
vt 0.343316 0.486178
vt 0.275913 0.587081
vt 0.449918 0.576328
vt 0.344173 0.492647
vt 0.270130 0.582127
vt 0.444413 0.581116
vt 0.344460 0.499153
vt 0.264458 0.577284
vt 0.438741 0.586033
vt 0.344173 0.505635
vt 0.258953 0.572599
vt 0.432957 0.591032
vt 0.343316 0.512029
vt 0.253667 0.568116
vt 0.341895 0.518274
vt 0.248652 0.563879
vt 0.339925 0.524310
vt 0.243956 0.559929
vt 0.337425 0.530078
vt 0.239623 0.556304
vt 0.334419 0.535524
vt 0.247530 0.547455
vt 0.235697 0.553039
vt 0.330936 0.540595
vt 0.330936 0.456533
vt 0.473174 0.569021
vt 0.467451 0.572428
vt 0.351953 0.473171
vt 0.354353 0.479364
vt 0.461340 0.576048
vt 0.356084 0.485721
vt 0.274637 0.587982
vt 0.454900 0.579846
vt 0.357129 0.492183
vt 0.267590 0.583921
vt 0.448192 0.583785
vt 0.357479 0.498688
vt 0.260679 0.579953
vt 0.441281 0.587827
vt 0.357644 0.410488
vt 0.357644 0.403982
vt 0.370683 0.403690
vt 0.370620 0.410198
vt 0.253971 0.576117
vt 0.434233 0.591933
vt 0.358342 0.416962
vt 0.371130 0.416676
vt 0.247530 0.572449
vt 0.359730 0.423341
vt 0.372208 0.423062
vt 0.241419 0.568987
vt 0.361797 0.429563
vt 0.373844 0.429293
vt 0.235697 0.565761
vt 0.364522 0.435568
vt 0.376021 0.435311
vt 0.230418 0.562804
vt 0.367878 0.441300
vt 0.378719 0.441057
vt 0.225633 0.560145
vt 0.476657 0.552747
vt 0.487482 0.560391
vt 0.483238 0.562973
vt 0.341000 0.456173
vt 0.345244 0.461520
vt 0.478453 0.565859
vt 0.348907 0.467204
vt 0.466162 0.581144
vt 0.458814 0.583982
vt 0.371318 0.397215
vt 0.372519 0.390835
vt 0.387547 0.390677
vt 0.386566 0.397055
vt 0.273635 0.589042
vt 0.265594 0.586030
vt 0.451161 0.586923
vt 0.386005 0.403529
vt 0.257710 0.583091
vt 0.443276 0.589936
vt 0.385869 0.410038
vt 0.250056 0.580253
vt 0.435236 0.592993
vt 0.386158 0.416518
vt 0.242708 0.577545
vt 0.386871 0.422908
vt 0.235736 0.574992
vt 0.388000 0.429145
vt 0.229208 0.572619
vt 0.389534 0.435169
vt 0.223185 0.570448
vt 0.391459 0.440923
vt 0.217726 0.568501
vt 0.381912 0.446476
vt 0.393757 0.446351
vt 0.382674 0.367467
vt 0.386429 0.362445
vt 0.398273 0.362320
vt 0.395415 0.367333
vt 0.491144 0.571329
vt 0.485686 0.573503
vt 0.379377 0.372870
vt 0.392890 0.372728
vt 0.479663 0.575878
vt 0.376568 0.378604
vt 0.390724 0.378455
vt 0.473134 0.578434
vt 0.374275 0.384611
vt 0.388937 0.384457
vt 0.453206 0.590409
vt 0.444651 0.592279
vt 0.403022 0.403504
vt 0.402804 0.410013
vt 0.255664 0.586577
vt 0.247360 0.584850
vt 0.435926 0.594170
vt 0.402848 0.416494
vt 0.239387 0.583207
vt 0.403155 0.422884
vt 0.231822 0.581665
vt 0.403722 0.429122
vt 0.224738 0.580239
vt 0.404542 0.435148
vt 0.218203 0.578942
vt 0.405609 0.440903
vt 0.212280 0.577786
vt 0.406911 0.446333
vt 0.411427 0.362301
vt 0.409564 0.367313
vt 0.396404 0.451402
vt 0.408437 0.451384
vt 0.407898 0.372707
vt 0.490668 0.581996
vt 0.484133 0.583498
vt 0.406446 0.378432
vt 0.477049 0.585107
vt 0.405222 0.384433
vt 0.469484 0.586806
vt 0.404237 0.390653
vt 0.272944 0.590219
vt 0.461511 0.588579
vt 0.403502 0.397030
vt 0.264220 0.588373
vt 0.436279 0.595420
vt 0.420559 0.416605
vt 0.420435 0.422992
vt 0.237694 0.589218
vt 0.229827 0.588750
vt 0.420405 0.429226
vt 0.222459 0.588328
vt 0.420468 0.435247
vt 0.215663 0.587958
vt 0.420623 0.440997
vt 0.413471 0.357721
vt 0.426240 0.357801
vt 0.425386 0.362389
vt 0.420870 0.446420
vt 0.424578 0.367407
vt 0.421206 0.451464
vt 0.423824 0.372806
vt 0.493208 0.591012
vt 0.486411 0.591588
vt 0.423129 0.378536
vt 0.479044 0.592191
vt 0.422502 0.384541
vt 0.471177 0.592817
vt 0.421948 0.390763
vt 0.272592 0.591469
vt 0.462885 0.593459
vt 0.421472 0.397143
vt 0.263519 0.590860
vt 0.454249 0.594111
vt 0.421080 0.403618
vt 0.254622 0.590279
vt 0.445352 0.594767
vt 0.420775 0.410126
vt 0.245986 0.589730
vt 0.437408 0.429454
vt 0.436699 0.435464
vt 0.222459 0.596576
vt 0.215663 0.597151
vt 0.435926 0.441202
vt 0.439254 0.357976
vt 0.439613 0.362579
vt 0.435097 0.446610
vt 0.439881 0.367611
vt 0.434220 0.451638
vt 0.440055 0.373024
vt 0.493208 0.600206
vt 0.486411 0.599835
vt 0.440133 0.378764
vt 0.479044 0.599414
vt 0.440114 0.384777
vt 0.471177 0.598945
vt 0.439999 0.391005
vt 0.272592 0.592744
vt 0.462885 0.598434
vt 0.439788 0.397388
vt 0.263519 0.593397
vt 0.454249 0.597885
vt 0.439485 0.403864
vt 0.254622 0.594053
vt 0.445352 0.597303
vt 0.439091 0.410371
vt 0.245986 0.594705
vt 0.436279 0.596694
vt 0.438610 0.416846
vt 0.237694 0.595347
vt 0.438047 0.423228
vt 0.229827 0.595973
vt 0.450929 0.441509
vt 0.449045 0.446896
vt 0.453562 0.362865
vt 0.454884 0.367919
vt 0.446979 0.451900
vt 0.455968 0.373350
vt 0.490668 0.609222
vt 0.484133 0.607925
vt 0.456803 0.379106
vt 0.477049 0.606498
vt 0.457381 0.385131
vt 0.469484 0.604956
vt 0.457696 0.391368
vt 0.272944 0.593993
vt 0.461511 0.603314
vt 0.457746 0.397756
vt 0.264220 0.595885
vt 0.453206 0.601586
vt 0.457529 0.404234
vt 0.255664 0.597754
vt 0.444651 0.599791
vt 0.457048 0.410739
vt 0.247360 0.599585
vt 0.435926 0.597944
vt 0.456307 0.417209
vt 0.239387 0.601358
vt 0.455314 0.423582
vt 0.231822 0.603057
vt 0.454079 0.429796
vt 0.224738 0.604665
vt 0.452612 0.435791
vt 0.218203 0.606168
vt 0.452013 0.358237
vt 0.485686 0.617715
vt 0.479663 0.615545
vt 0.470952 0.373773
vt 0.472500 0.379549
vt 0.473134 0.613171
vt 0.473640 0.385590
vt 0.466162 0.610618
vt 0.474360 0.391838
vt 0.273635 0.595171
vt 0.458814 0.607910
vt 0.474654 0.398233
vt 0.265594 0.598228
vt 0.451161 0.605073
vt 0.474519 0.404713
vt 0.257710 0.601241
vt 0.443276 0.602134
vt 0.473956 0.411216
vt 0.250056 0.604181
vt 0.435236 0.599122
vt 0.472971 0.417680
vt 0.242708 0.607020
vt 0.471573 0.424041
vt 0.235736 0.609730
vt 0.469776 0.430239
vt 0.229208 0.612285
vt 0.467596 0.436214
vt 0.223185 0.614661
vt 0.465056 0.441908
vt 0.212280 0.607550
vt 0.217726 0.616835
vt 0.462179 0.447267
vt 0.466695 0.363236
vt 0.469011 0.368318
vt 0.458993 0.452239
vt 0.467452 0.619177
vt 0.461341 0.615714
vt 0.488265 0.386136
vt 0.489349 0.392398
vt 0.274637 0.596230
vt 0.454900 0.612047
vt 0.489863 0.398801
vt 0.267590 0.600337
vt 0.448192 0.608211
vt 0.489802 0.405284
vt 0.260679 0.604379
vt 0.441281 0.604243
vt 0.489166 0.411784
vt 0.253971 0.608318
vt 0.434233 0.600181
vt 0.487960 0.418239
vt 0.247530 0.612116
vt 0.486198 0.424587
vt 0.241419 0.615736
vt 0.483895 0.430766
vt 0.235697 0.619143
vt 0.481075 0.436717
vt 0.230418 0.622305
vt 0.477763 0.442382
vt 0.225633 0.625191
vt 0.473993 0.447708
vt 0.478509 0.363677
vt 0.481718 0.368792
vt 0.491144 0.619663
vt 0.483238 0.628019
vt 0.478453 0.625359
vt 0.484431 0.374276
vt 0.473174 0.622402
vt 0.486620 0.380076
vt 0.275913 0.597131
vt 0.270130 0.602130
vt 0.449918 0.615565
vt 0.444413 0.610880
vt 0.212280 0.404803
vt 0.212629 0.398319
vt 0.225585 0.397855
vt 0.225298 0.404337
vt 0.264458 0.607048
vt 0.438741 0.606036
vt 0.212629 0.411307
vt 0.225585 0.410843
vt 0.258953 0.611836
vt 0.432957 0.601082
vt 0.213675 0.417769
vt 0.226443 0.417312
vt 0.253667 0.616449
vt 0.215406 0.424127
vt 0.227864 0.423681
vt 0.248652 0.620843
vt 0.498628 0.425199
vt 0.495896 0.431357
vt 0.243956 0.624975
vt 0.492530 0.437281
vt 0.239623 0.628805
vt 0.488563 0.442914
vt 0.235697 0.632297
vt 0.228759 0.447317
vt 0.224515 0.441970
vt 0.235340 0.441583
vt 0.238823 0.446957
vt 0.221389 0.627773
vt 0.232214 0.635417
vt 0.473174 0.635125
vt 0.469247 0.631860
vt 0.492518 0.369324
vt 0.495886 0.374840
vt 0.464915 0.628234
vt 0.498620 0.380667
vt 0.460219 0.624285
vt 0.215406 0.385662
vt 0.217806 0.379611
vt 0.229834 0.379180
vt 0.227864 0.385216
vt 0.455204 0.620048
vt 0.213675 0.391918
vt 0.226443 0.391461
vt 0.268902 0.609144
vt 0.264811 0.614600
vt 0.435754 0.607446
vt 0.431457 0.601790
vt 0.240820 0.410479
vt 0.241457 0.416953
vt 0.260883 0.619854
vt 0.242513 0.423331
vt 0.257157 0.624856
vt 0.229834 0.429889
vt 0.243977 0.429550
vt 0.253667 0.629557
vt 0.232334 0.435875
vt 0.245834 0.435552
vt 0.250448 0.633913
vt 0.248068 0.441279
vt 0.247530 0.637881
vt 0.250656 0.446674
vt 0.235340 0.367966
vt 0.238823 0.362896
vt 0.250656 0.362613
vt 0.248068 0.367662
vt 0.461341 0.640709
vt 0.458423 0.636967
vt 0.232334 0.373412
vt 0.245834 0.373089
vt 0.455204 0.632817
vt 0.243977 0.378842
vt 0.451714 0.628297
vt 0.242513 0.384866
vt 0.447987 0.623453
vt 0.241457 0.391102
vt 0.277414 0.597839
vt 0.444060 0.618329
vt 0.240820 0.397491
vt 0.273116 0.603539
vt 0.439969 0.612976
vt 0.240607 0.403971
vt 0.268902 0.622200
vt 0.266607 0.627620
vt 0.258790 0.423089
vt 0.259692 0.429318
vt 0.264458 0.632714
vt 0.260836 0.435330
vt 0.262476 0.637431
vt 0.262211 0.441069
vt 0.260679 0.641727
vt 0.263805 0.446479
vt 0.263805 0.362418
vt 0.262211 0.367452
vt 0.253574 0.451687
vt 0.265602 0.451509
vt 0.260836 0.372867
vt 0.446395 0.640485
vt 0.444413 0.635973
vt 0.259692 0.378609
vt 0.442264 0.631061
vt 0.258790 0.384625
vt 0.439969 0.625798
vt 0.258140 0.390855
vt 0.279081 0.598327
vt 0.437550 0.620233
vt 0.257748 0.397240
vt 0.276435 0.604510
vt 0.435031 0.614421
vt 0.257616 0.403719
vt 0.273839 0.610589
vt 0.432436 0.608416
vt 0.257748 0.410228
vt 0.271320 0.616504
vt 0.429789 0.602278
vt 0.258140 0.416706
vt 0.275913 0.634323
vt 0.275244 0.639224
vt 0.276761 0.435217
vt 0.277225 0.440962
vt 0.265602 0.357812
vt 0.278370 0.357721
vt 0.277763 0.362319
vt 0.277763 0.446380
vt 0.277225 0.367345
vt 0.278370 0.451418
vt 0.276761 0.372753
vt 0.433627 0.642279
vt 0.432957 0.637582
vt 0.276375 0.378491
vt 0.432232 0.632471
vt 0.276070 0.384502
vt 0.431457 0.626994
vt 0.275851 0.390729
vt 0.280851 0.598576
vt 0.430640 0.621204
vt 0.275718 0.397112
vt 0.279957 0.605005
vt 0.429789 0.615157
vt 0.275674 0.403590
vt 0.279081 0.611325
vt 0.428913 0.608911
vt 0.275718 0.410100
vt 0.278231 0.617475
vt 0.428020 0.602527
vt 0.275851 0.416580
vt 0.277414 0.623395
vt 0.276070 0.422967
vt 0.276639 0.629029
vt 0.276375 0.429199
vt 0.291995 0.362319
vt 0.292534 0.367345
vt 0.291995 0.446380
vt 0.291389 0.451418
vt 0.292998 0.372753
vt 0.420608 0.642279
vt 0.421277 0.637582
vt 0.293384 0.378491
vt 0.422003 0.632471
vt 0.293689 0.384502
vt 0.422778 0.626994
vt 0.293908 0.390729
vt 0.282656 0.598576
vt 0.423594 0.621204
vt 0.294041 0.397112
vt 0.283549 0.605005
vt 0.424445 0.615157
vt 0.294085 0.403590
vt 0.284426 0.611325
vt 0.425321 0.608911
vt 0.294041 0.410100
vt 0.285276 0.617475
vt 0.426215 0.602527
vt 0.293908 0.416580
vt 0.286093 0.623395
vt 0.293689 0.422967
vt 0.286868 0.629029
vt 0.293384 0.429199
vt 0.287593 0.634323
vt 0.292998 0.435217
vt 0.288263 0.639224
vt 0.292534 0.440962
vt 0.291389 0.357721
vt 0.308923 0.372867
vt 0.310067 0.378609
vt 0.409822 0.635973
vt 0.411971 0.631061
vt 0.310969 0.384625
vt 0.414266 0.625798
vt 0.311619 0.390855
vt 0.284426 0.598327
vt 0.416684 0.620233
vt 0.312011 0.397240
vt 0.287072 0.604510
vt 0.419203 0.614421
vt 0.312142 0.403719
vt 0.289667 0.610589
vt 0.421799 0.608416
vt 0.312011 0.410228
vt 0.292186 0.616504
vt 0.424445 0.602278
vt 0.311619 0.416706
vt 0.294605 0.622200
vt 0.310969 0.423089
vt 0.296900 0.627620
vt 0.310067 0.429318
vt 0.299049 0.632714
vt 0.308923 0.435330
vt 0.301031 0.637431
vt 0.307548 0.441069
vt 0.304157 0.357812
vt 0.305954 0.362418
vt 0.305954 0.446479
vt 0.307548 0.367452
vt 0.304157 0.451509
vt 0.407839 0.640485
vt 0.327246 0.384866
vt 0.328301 0.391102
vt 0.286093 0.597839
vt 0.406247 0.623453
vt 0.410175 0.618329
vt 0.328939 0.397491
vt 0.290391 0.603539
vt 0.414266 0.612976
vt 0.329152 0.403971
vt 0.294605 0.609144
vt 0.418480 0.607446
vt 0.328939 0.410479
vt 0.298696 0.614600
vt 0.422778 0.601790
vt 0.328301 0.416953
vt 0.302623 0.619854
vt 0.327246 0.423331
vt 0.306350 0.624856
vt 0.325782 0.429550
vt 0.309840 0.629557
vt 0.323924 0.435552
vt 0.313059 0.633913
vt 0.321691 0.441279
vt 0.302828 0.641727
vt 0.315977 0.637881
vt 0.319103 0.446674
vt 0.319103 0.362613
vt 0.321691 0.367662
vt 0.316185 0.451687
vt 0.323924 0.373089
vt 0.395812 0.636967
vt 0.399031 0.632817
vt 0.325782 0.378842
vt 0.402521 0.628297
vt 0.344174 0.397855
vt 0.344460 0.404337
vt 0.293377 0.602130
vt 0.299049 0.607048
vt 0.409822 0.610880
vt 0.415494 0.606036
vt 0.344174 0.410843
vt 0.304554 0.611836
vt 0.421277 0.601082
vt 0.343316 0.417312
vt 0.309840 0.616449
vt 0.341895 0.423681
vt 0.314855 0.620843
vt 0.339925 0.429889
vt 0.319551 0.624975
vt 0.337425 0.435875
vt 0.323884 0.628806
vt 0.334419 0.441583
vt 0.327810 0.632297
vt 0.330936 0.446957
vt 0.330936 0.362896
vt 0.334419 0.367966
vt 0.392894 0.640708
vt 0.381061 0.635125
vt 0.384987 0.631859
vt 0.337425 0.373412
vt 0.389319 0.628234
vt 0.339925 0.379180
vt 0.394016 0.624284
vt 0.341895 0.385216
vt 0.399031 0.620048
vt 0.343316 0.391461
vt 0.287593 0.597131
vt 0.404317 0.615565
vt 0.357130 0.411307
vt 0.356084 0.417769
vt 0.309536 0.608318
vt 0.315977 0.612116
vt 0.420001 0.600181
vt 0.354353 0.424127
vt 0.322088 0.615736
vt 0.351953 0.430319
vt 0.327810 0.619143
vt 0.348907 0.436286
vt 0.333089 0.622305
vt 0.345244 0.441970
vt 0.337874 0.625191
vt 0.341000 0.447317
vt 0.331293 0.635417
vt 0.342118 0.627773
vt 0.370997 0.628019
vt 0.375782 0.625359
vt 0.366216 0.467756
vt 0.369879 0.462072
vt 0.380704 0.462459
vt 0.377698 0.468167
vt 0.381061 0.622402
vt 0.363170 0.473723
vt 0.375198 0.474154
vt 0.386783 0.619177
vt 0.360770 0.479915
vt 0.373228 0.480361
vt 0.392894 0.615714
vt 0.359039 0.486273
vt 0.371807 0.486730
vt 0.288869 0.596230
vt 0.399335 0.612047
vt 0.357993 0.492735
vt 0.370949 0.493199
vt 0.295917 0.600337
vt 0.406043 0.608211
vt 0.357644 0.499240
vt 0.370662 0.499705
vt 0.302828 0.604379
vt 0.412954 0.604243
vt 0.357479 0.404803
vt 0.375198 0.524862
vt 0.373228 0.518826
vt 0.387877 0.519176
vt 0.389341 0.525200
vt 0.327770 0.609730
vt 0.334299 0.612285
vt 0.377698 0.530630
vt 0.391198 0.530953
vt 0.340322 0.614661
vt 0.380704 0.536076
vt 0.393432 0.536380
vt 0.345781 0.616835
vt 0.384187 0.541146
vt 0.396020 0.541429
vt 0.384187 0.457085
vt 0.396020 0.457368
vt 0.393432 0.462764
vt 0.363090 0.619662
vt 0.368549 0.617715
vt 0.391198 0.468490
vt 0.374572 0.615544
vt 0.389341 0.474492
vt 0.381100 0.613171
vt 0.387877 0.480711
vt 0.388072 0.610618
vt 0.386821 0.487089
vt 0.289872 0.595171
vt 0.395420 0.607910
vt 0.386184 0.493563
vt 0.297912 0.598228
vt 0.403073 0.605073
vt 0.385971 0.500071
vt 0.305797 0.601241
vt 0.410958 0.602134
vt 0.370949 0.506187
vt 0.386184 0.506551
vt 0.313450 0.604181
vt 0.418999 0.599122
vt 0.371807 0.512581
vt 0.386821 0.512940
vt 0.320798 0.607020
vt 0.406200 0.531175
vt 0.407575 0.536590
vt 0.398938 0.452355
vt 0.410965 0.452533
vt 0.409169 0.457563
vt 0.409169 0.541624
vt 0.407575 0.462973
vt 0.357644 0.610377
vt 0.363567 0.609222
vt 0.406200 0.468712
vt 0.370102 0.607925
vt 0.405056 0.474725
vt 0.377186 0.606498
vt 0.404154 0.480953
vt 0.384751 0.604956
vt 0.403504 0.487336
vt 0.290563 0.593993
vt 0.392724 0.603314
vt 0.403112 0.493814
vt 0.299287 0.595885
vt 0.401028 0.601586
vt 0.402980 0.500323
vt 0.307842 0.597754
vt 0.409584 0.599791
vt 0.403112 0.506802
vt 0.316147 0.599585
vt 0.418308 0.597944
vt 0.403504 0.513187
vt 0.324120 0.601358
vt 0.404154 0.519417
vt 0.331685 0.603057
vt 0.405056 0.525433
vt 0.338769 0.604665
vt 0.345304 0.606168
vt 0.410965 0.546230
vt 0.423127 0.541724
vt 0.423734 0.546321
vt 0.422589 0.463080
vt 0.422125 0.468826
vt 0.361027 0.600205
vt 0.367823 0.599835
vt 0.421738 0.474843
vt 0.375190 0.599414
vt 0.421434 0.481076
vt 0.383058 0.598945
vt 0.421215 0.487462
vt 0.290915 0.592744
vt 0.391349 0.598434
vt 0.421082 0.493942
vt 0.299988 0.593397
vt 0.399986 0.597885
vt 0.421038 0.500452
vt 0.308885 0.594053
vt 0.408883 0.597303
vt 0.421082 0.506930
vt 0.317521 0.594705
vt 0.417956 0.596694
vt 0.421215 0.513313
vt 0.325813 0.595347
vt 0.421434 0.519540
vt 0.333680 0.595973
vt 0.421738 0.525552
vt 0.341047 0.596576
vt 0.422125 0.531289
vt 0.347844 0.597151
vt 0.422589 0.536697
vt 0.423734 0.452624
vt 0.423127 0.457662
vt 0.438748 0.525552
vt 0.438362 0.531289
vt 0.341047 0.588328
vt 0.347844 0.587958
vt 0.437897 0.536697
vt 0.436753 0.452624
vt 0.437359 0.457662
vt 0.437359 0.541724
vt 0.437897 0.463080
vt 0.436753 0.546321
vt 0.438362 0.468826
vt 0.361027 0.591012
vt 0.367823 0.591587
vt 0.438748 0.474843
vt 0.375190 0.592191
vt 0.439053 0.481076
vt 0.383058 0.592817
vt 0.439272 0.487462
vt 0.290915 0.591469
vt 0.391349 0.593459
vt 0.439405 0.493942
vt 0.299988 0.590861
vt 0.399986 0.594111
vt 0.439449 0.500452
vt 0.308885 0.590279
vt 0.408883 0.594767
vt 0.439405 0.506930
vt 0.317521 0.589730
vt 0.417956 0.595420
vt 0.439272 0.513313
vt 0.325813 0.589218
vt 0.439053 0.519540
vt 0.333680 0.588750
vt 0.452912 0.536590
vt 0.451318 0.541624
vt 0.451318 0.457563
vt 0.452912 0.462973
vt 0.449521 0.546230
vt 0.454287 0.468712
vt 0.363567 0.581996
vt 0.370102 0.583498
vt 0.455431 0.474725
vt 0.377186 0.585107
vt 0.456332 0.480953
vt 0.384751 0.586806
vt 0.456982 0.487336
vt 0.290563 0.590219
vt 0.392724 0.588579
vt 0.457375 0.493814
vt 0.299287 0.588373
vt 0.401028 0.590409
vt 0.457506 0.500323
vt 0.307842 0.586577
vt 0.409584 0.592279
vt 0.457375 0.506802
vt 0.316147 0.584850
vt 0.418308 0.594170
vt 0.456982 0.513187
vt 0.324120 0.583207
vt 0.456332 0.519417
vt 0.331685 0.581666
vt 0.455431 0.525433
vt 0.338769 0.580239
vt 0.454287 0.531175
vt 0.345304 0.578942
vt 0.449521 0.452533
vt 0.368549 0.573502
vt 0.374572 0.575878
vt 0.469288 0.468490
vt 0.471146 0.474492
vt 0.381100 0.578434
vt 0.472610 0.480711
vt 0.388072 0.581144
vt 0.473665 0.487089
vt 0.289872 0.589042
vt 0.395420 0.583982
vt 0.474303 0.493563
vt 0.297912 0.586030
vt 0.403073 0.586923
vt 0.474516 0.500071
vt 0.305797 0.583091
vt 0.410958 0.589936
vt 0.474303 0.506551
vt 0.313450 0.580253
vt 0.418999 0.592993
vt 0.473665 0.512940
vt 0.320798 0.577545
vt 0.472610 0.519176
vt 0.327770 0.574992
vt 0.471146 0.525200
vt 0.334299 0.572619
vt 0.469288 0.530953
vt 0.340322 0.570448
vt 0.467055 0.536380
vt 0.461549 0.452355
vt 0.464467 0.457368
vt 0.464467 0.541429
vt 0.467055 0.462764
vt 0.357644 0.580614
vt 0.363090 0.571329
vt 0.386783 0.572428
vt 0.392894 0.576048
vt 0.487259 0.480361
vt 0.488679 0.486730
vt 0.288869 0.587982
vt 0.399335 0.579846
vt 0.489537 0.493199
vt 0.295917 0.583921
vt 0.406043 0.583785
vt 0.489824 0.499705
vt 0.302828 0.579953
vt 0.412954 0.587827
vt 0.489537 0.506187
vt 0.309536 0.576117
vt 0.420001 0.591933
vt 0.488679 0.512581
vt 0.315977 0.572450
vt 0.487259 0.518826
vt 0.322088 0.568987
vt 0.485289 0.524862
vt 0.327810 0.565761
vt 0.482789 0.530630
vt 0.333089 0.562805
vt 0.479783 0.536076
vt 0.345781 0.568501
vt 0.337874 0.560145
vt 0.476300 0.541146
vt 0.476300 0.457085
vt 0.479783 0.462459
vt 0.370997 0.562973
vt 0.375782 0.565859
vt 0.482789 0.468167
vt 0.381061 0.569021
vt 0.485289 0.474154
vt 0.287593 0.587081
vt 0.293377 0.582127
vt 0.404317 0.576328
vt 0.409822 0.581116
vt 0.212280 0.498688
vt 0.212629 0.492183
vt 0.225585 0.492647
vt 0.225298 0.499153
vt 0.299049 0.577284
vt 0.415494 0.586033
vt 0.212629 0.505171
vt 0.225585 0.505635
vt 0.304554 0.572599
vt 0.421277 0.591032
vt 0.213675 0.511572
vt 0.226443 0.512029
vt 0.309840 0.568116
vt 0.215406 0.517828
vt 0.227864 0.518274
vt 0.314855 0.563879
vt 0.217806 0.523879
vt 0.229834 0.524310
vt 0.319551 0.559929
vt 0.497317 0.524431
vt 0.494271 0.530219
vt 0.323884 0.556304
vt 0.224515 0.535137
vt 0.220852 0.529668
vt 0.232334 0.530078
vt 0.235340 0.535524
vt 0.327810 0.553039
vt 0.366753 0.560390
vt 0.377577 0.552747
vt 0.381060 0.555866
vt 0.224515 0.461520
vt 0.228759 0.456173
vt 0.238823 0.456533
vt 0.235340 0.461907
vt 0.384987 0.559358
vt 0.220852 0.467204
vt 0.232334 0.467615
vt 0.389319 0.563188
vt 0.494271 0.467756
vt 0.497317 0.473723
vt 0.394016 0.567320
vt 0.215406 0.479364
vt 0.217806 0.473171
vt 0.229834 0.473602
vt 0.227864 0.479809
vt 0.399031 0.571714
vt 0.213675 0.485721
vt 0.226443 0.486178
vt 0.315977 0.547455
vt 0.238823 0.540595
s 1
usemtl Hydrogen.002
f 5962/5736/5956 4977/5737/4971 4999/5738/4993 5000/5739/4994
f 4986/5740/4980 4985/5741/4979 5013/5742/5007 5014/5743/5008
f 4978/5744/4972 5962/5745/5956 5000/5746/4994 5001/5747/4995
f 4987/5748/4981 4986/5740/4980 5014/5743/5008 5015/5749/5009
f 5963/5750/5957 4978/5744/4972 5001/5747/4995 5002/5751/4996
f 5968/5752/5962 4987/5753/4981 5015/5754/5009 5016/5755/5010
f 5964/5756/5958 5963/5750/5957 5002/5751/4996 5003/5757/4997
f 4988/5758/4982 5968/5752/5962 5016/5755/5010 5017/5759/5011
f 4979/5760/4973 5964/5756/5958 5003/5757/4997 5004/5761/4998
f 4989/5762/4983 4988/5758/4982 5017/5759/5011 5018/5763/5012
f 4980/5764/4974 4979/5760/4973 5004/5761/4998 5005/5765/4999
f 4990/5766/4984 4989/5762/4983 5018/5763/5012 5019/5767/5013
f 4981/5768/4975 4980/5764/4974 5005/5765/4999 5006/5769/5000
f 5956/5770/5950 5490/5771/5484 4993/5772/4987
f 5969/5773/5963 4990/5766/4984 5019/5767/5013 5020/5774/5014
f 4982/5775/4976 4981/5768/4975 5006/5769/5000 5007/5776/5001
f 5957/5777/5951 5956/5770/5950 4993/5772/4987 4994/5778/4988
f 5970/5779/5964 5969/5773/5963 5020/5774/5014 5021/5780/5015
f 5965/5781/5959 4982/5775/4976 5007/5776/5001 5008/5782/5002
f 5958/5783/5952 5957/5777/5951 4994/5778/4988 4995/5784/4989
f 4991/5785/4985 5970/5779/5964 5021/5780/5015 5022/5786/5016
f 4983/5787/4977 5965/5781/5959 5008/5782/5002 5009/5788/5003
f 5959/5789/5953 5958/5783/5952 4995/5784/4989 4996/5790/4990
f 4992/5791/4986 4991/5785/4985 5022/5786/5016 5023/5792/5017
f 4984/5793/4978 4983/5787/4977 5009/5788/5003 5010/5794/5004
f 5960/5795/5954 5959/5789/5953 4996/5790/4990 4997/5796/4991
f 5489/5797/5483 4992/5791/4986 5023/5792/5017
f 5966/5798/5960 4984/5793/4978 5010/5794/5004 5011/5799/5005
f 5961/5800/5955 5960/5795/5954 4997/5796/4991 4998/5801/4992
f 5967/5802/5961 5966/5798/5960 5011/5799/5005 5012/5803/5006
f 4977/5737/4971 5961/5800/5955 4998/5801/4992 4999/5738/4993
f 4985/5741/4979 5967/5802/5961 5012/5803/5006 5013/5742/5007
f 5008/5782/5002 5007/5776/5001 5038/5804/5032 5039/5805/5033
f 4995/5784/4989 4994/5778/4988 5025/5806/5019 5026/5807/5020
f 5022/5786/5016 5021/5780/5015 5052/5808/5046 5053/5809/5047
f 5009/5788/5003 5008/5782/5002 5039/5805/5033 5040/5810/5034
f 4996/5790/4990 4995/5784/4989 5026/5807/5020 5027/5811/5021
f 5023/5792/5017 5022/5786/5016 5053/5809/5047 5054/5812/5048
f 5010/5794/5004 5009/5788/5003 5040/5810/5034 5041/5813/5035
f 4997/5796/4991 4996/5790/4990 5027/5811/5021 5028/5814/5022
f 5489/5797/5483 5023/5792/5017 5054/5812/5048
f 5011/5799/5005 5010/5794/5004 5041/5813/5035 5042/5815/5036
f 4998/5801/4992 4997/5796/4991 5028/5814/5022 5029/5816/5023
f 5012/5803/5006 5011/5799/5005 5042/5815/5036 5043/5817/5037
f 4999/5738/4993 4998/5801/4992 5029/5816/5023 5030/5818/5024
f 5013/5742/5007 5012/5803/5006 5043/5817/5037 5044/5819/5038
f 5000/5739/4994 4999/5738/4993 5030/5818/5024 5031/5820/5025
f 5014/5743/5008 5013/5742/5007 5044/5819/5038 5045/5821/5039
f 5001/5747/4995 5000/5746/4994 5031/5822/5025 5032/5823/5026
f 5015/5749/5009 5014/5743/5008 5045/5821/5039 5046/5824/5040
f 5002/5751/4996 5001/5747/4995 5032/5823/5026 5033/5825/5027
f 5016/5826/5010 5015/5749/5009 5046/5824/5040 5047/5827/5041
f 5003/5757/4997 5002/5751/4996 5033/5825/5027 5034/5828/5028
f 5017/5759/5011 5016/5755/5010 5047/5829/5041 5048/5830/5042
f 5004/5761/4998 5003/5757/4997 5034/5828/5028 5035/5831/5029
f 5018/5763/5012 5017/5759/5011 5048/5830/5042 5049/5832/5043
f 5005/5765/4999 5004/5761/4998 5035/5831/5029 5036/5833/5030
f 5019/5767/5013 5018/5763/5012 5049/5832/5043 5050/5834/5044
f 5006/5769/5000 5005/5765/4999 5036/5833/5030 5037/5835/5031
f 4993/5772/4987 5490/5771/5484 5024/5836/5018
f 5020/5774/5014 5019/5767/5013 5050/5834/5044 5051/5837/5045
f 5007/5776/5001 5006/5769/5000 5037/5835/5031 5038/5804/5032
f 4994/5778/4988 4993/5772/4987 5024/5836/5018 5025/5806/5019
f 5021/5780/5015 5020/5774/5014 5051/5837/5045 5052/5808/5046
f 5041/5813/5035 5040/5810/5034 5071/5838/5065 5072/5839/5066
f 5028/5814/5022 5027/5811/5021 5058/5840/5052 5059/5841/5053
f 5489/5797/5483 5054/5812/5048 5085/5842/5079
f 5042/5815/5036 5041/5813/5035 5072/5839/5066 5073/5843/5067
f 5029/5816/5023 5028/5814/5022 5059/5841/5053 5060/5844/5054
f 5043/5817/5037 5042/5815/5036 5073/5843/5067 5074/5845/5068
f 5030/5818/5024 5029/5816/5023 5060/5844/5054 5061/5846/5055
f 5044/5819/5038 5043/5817/5037 5074/5845/5068 5075/5847/5069
f 5031/5820/5025 5030/5818/5024 5061/5846/5055 5062/5848/5056
f 5045/5821/5039 5044/5819/5038 5075/5847/5069 5076/5849/5070
f 5032/5823/5026 5031/5822/5025 5062/5850/5056 5063/5851/5057
f 5046/5824/5040 5045/5821/5039 5076/5849/5070 5077/5852/5071
f 5033/5825/5027 5032/5823/5026 5063/5851/5057 5064/5853/5058
f 5047/5827/5041 5046/5824/5040 5077/5852/5071 5078/5854/5072
f 5034/5828/5028 5033/5825/5027 5064/5853/5058 5065/5855/5059
f 5048/5830/5042 5047/5829/5041 5078/5856/5072 5079/5857/5073
f 5035/5831/5029 5034/5828/5028 5065/5855/5059 5066/5858/5060
f 5049/5832/5043 5048/5830/5042 5079/5857/5073 5080/5859/5074
f 5036/5833/5030 5035/5831/5029 5066/5858/5060 5067/5860/5061
f 5050/5834/5044 5049/5832/5043 5080/5859/5074 5081/5861/5075
f 5037/5835/5031 5036/5833/5030 5067/5860/5061 5068/5862/5062
f 5024/5836/5018 5490/5771/5484 5055/5863/5049
f 5051/5837/5045 5050/5834/5044 5081/5861/5075 5082/5864/5076
f 5038/5804/5032 5037/5835/5031 5068/5862/5062 5069/5865/5063
f 5025/5806/5019 5024/5836/5018 5055/5863/5049 5056/5866/5050
f 5052/5808/5046 5051/5837/5045 5082/5864/5076 5083/5867/5077
f 5039/5805/5033 5038/5804/5032 5069/5865/5063 5070/5868/5064
f 5026/5807/5020 5025/5806/5019 5056/5866/5050 5057/5869/5051
f 5053/5809/5047 5052/5808/5046 5083/5867/5077 5084/5870/5078
f 5040/5810/5034 5039/5805/5033 5070/5868/5064 5071/5838/5065
f 5027/5811/5021 5026/5807/5020 5057/5869/5051 5058/5840/5052
f 5054/5812/5048 5053/5809/5047 5084/5870/5078 5085/5842/5079
f 5074/5845/5068 5073/5843/5067 5104/5871/5098 5105/5872/5099
f 5061/5846/5055 5060/5844/5054 5091/5873/5085 5092/5874/5086
f 5075/5847/5069 5074/5845/5068 5105/5872/5099 5106/5875/5100
f 5062/5848/5056 5061/5846/5055 5092/5874/5086 5093/5876/5087
f 5076/5849/5070 5075/5847/5069 5106/5875/5100 5107/5877/5101
f 5063/5851/5057 5062/5850/5056 5093/5878/5087 5094/5879/5088
f 5077/5852/5071 5076/5849/5070 5107/5877/5101 5108/5880/5102
f 5064/5853/5058 5063/5851/5057 5094/5879/5088 5095/5881/5089
f 5078/5854/5072 5077/5852/5071 5108/5880/5102 5109/5882/5103
f 5065/5855/5059 5064/5853/5058 5095/5881/5089 5096/5883/5090
f 5079/5857/5073 5078/5856/5072 5109/5884/5103 5110/5885/5104
f 5066/5858/5060 5065/5855/5059 5096/5883/5090 5097/5886/5091
f 5080/5859/5074 5079/5857/5073 5110/5885/5104 5111/5887/5105
f 5067/5860/5061 5066/5858/5060 5097/5886/5091 5098/5888/5092
f 5081/5861/5075 5080/5859/5074 5111/5887/5105 5112/5889/5106
f 5068/5862/5062 5067/5860/5061 5098/5888/5092 5099/5890/5093
f 5055/5863/5049 5490/5771/5484 5086/5891/5080
f 5082/5864/5076 5081/5861/5075 5112/5889/5106 5113/5892/5107
f 5069/5865/5063 5068/5862/5062 5099/5890/5093 5100/5893/5094
f 5056/5866/5050 5055/5863/5049 5086/5891/5080 5087/5894/5081
f 5083/5867/5077 5082/5864/5076 5113/5892/5107 5114/5895/5108
f 5070/5868/5064 5069/5865/5063 5100/5893/5094 5101/5896/5095
f 5057/5869/5051 5056/5866/5050 5087/5894/5081 5088/5897/5082
f 5084/5870/5078 5083/5867/5077 5114/5895/5108 5115/5898/5109
f 5071/5838/5065 5070/5868/5064 5101/5896/5095 5102/5899/5096
f 5058/5840/5052 5057/5869/5051 5088/5897/5082 5089/5900/5083
f 5085/5842/5079 5084/5870/5078 5115/5898/5109 5116/5901/5110
f 5072/5839/5066 5071/5838/5065 5102/5899/5096 5103/5902/5097
f 5059/5841/5053 5058/5840/5052 5089/5900/5083 5090/5903/5084
f 5489/5797/5483 5085/5842/5079 5116/5901/5110
f 5073/5843/5067 5072/5839/5066 5103/5902/5097 5104/5871/5098
f 5060/5844/5054 5059/5841/5053 5090/5903/5084 5091/5873/5085
f 5107/5877/5101 5106/5875/5100 5137/5904/5131 5138/5905/5132
f 5094/5879/5088 5093/5878/5087 5124/5906/5118 5125/5907/5119
f 5108/5880/5102 5107/5877/5101 5138/5905/5132 5139/5908/5133
f 5095/5881/5089 5094/5879/5088 5125/5907/5119 5126/5909/5120
f 5109/5884/5103 5108/5910/5102 5139/5911/5133 5140/5912/5134
f 5096/5883/5090 5095/5881/5089 5126/5909/5120 5127/5913/5121
f 5110/5885/5104 5109/5884/5103 5140/5912/5134 5141/5914/5135
f 5097/5886/5091 5096/5883/5090 5127/5913/5121 5128/5915/5122
f 5111/5887/5105 5110/5885/5104 5141/5914/5135 5142/5916/5136
f 5098/5888/5092 5097/5886/5091 5128/5915/5122 5129/5917/5123
f 5112/5889/5106 5111/5887/5105 5142/5916/5136 5143/5918/5137
f 5099/5890/5093 5098/5888/5092 5129/5917/5123 5130/5919/5124
f 5086/5891/5080 5490/5771/5484 5117/5920/5111
f 5113/5892/5107 5112/5889/5106 5143/5918/5137 5144/5921/5138
f 5100/5893/5094 5099/5890/5093 5130/5919/5124 5131/5922/5125
f 5087/5894/5081 5086/5891/5080 5117/5920/5111 5118/5923/5112
f 5114/5895/5108 5113/5892/5107 5144/5921/5138 5145/5924/5139
f 5101/5896/5095 5100/5893/5094 5131/5922/5125 5132/5925/5126
f 5088/5897/5082 5087/5894/5081 5118/5923/5112 5119/5926/5113
f 5115/5898/5109 5114/5895/5108 5145/5924/5139 5146/5927/5140
f 5102/5899/5096 5101/5896/5095 5132/5925/5126 5133/5928/5127
f 5089/5900/5083 5088/5897/5082 5119/5926/5113 5120/5929/5114
f 5116/5901/5110 5115/5898/5109 5146/5927/5140 5147/5930/5141
f 5103/5902/5097 5102/5899/5096 5133/5928/5127 5134/5931/5128
f 5090/5903/5084 5089/5900/5083 5120/5929/5114 5121/5932/5115
f 5489/5797/5483 5116/5901/5110 5147/5930/5141
f 5104/5871/5098 5103/5902/5097 5134/5931/5128 5135/5933/5129
f 5091/5873/5085 5090/5903/5084 5121/5932/5115 5122/5934/5116
f 5105/5872/5099 5104/5871/5098 5135/5933/5129 5136/5935/5130
f 5092/5874/5086 5091/5873/5085 5122/5934/5116 5123/5936/5117
f 5106/5875/5100 5105/5872/5099 5136/5935/5130 5137/5904/5131
f 5093/5876/5087 5092/5874/5086 5123/5936/5117 5124/5937/5118
f 5140/5912/5134 5139/5911/5133 5170/5938/5164 5171/5939/5165
f 5127/5913/5121 5126/5909/5120 5157/5940/5151 5158/5941/5152
f 5141/5914/5135 5140/5912/5134 5171/5939/5165 5172/5942/5166
f 5128/5915/5122 5127/5913/5121 5158/5941/5152 5159/5943/5153
f 5142/5916/5136 5141/5914/5135 5172/5942/5166 5173/5944/5167
f 5129/5917/5123 5128/5915/5122 5159/5943/5153 5160/5945/5154
f 5143/5918/5137 5142/5916/5136 5173/5944/5167 5174/5946/5168
f 5130/5919/5124 5129/5917/5123 5160/5945/5154 5161/5947/5155
f 5117/5920/5111 5490/5771/5484 5148/5948/5142
f 5144/5921/5138 5143/5918/5137 5174/5946/5168 5175/5949/5169
f 5131/5922/5125 5130/5919/5124 5161/5947/5155 5162/5950/5156
f 5118/5923/5112 5117/5920/5111 5148/5948/5142 5149/5951/5143
f 5145/5924/5139 5144/5921/5138 5175/5949/5169 5176/5952/5170
f 5132/5925/5126 5131/5922/5125 5162/5950/5156 5163/5953/5157
f 5119/5926/5113 5118/5923/5112 5149/5951/5143 5150/5954/5144
f 5146/5927/5140 5145/5924/5139 5176/5952/5170 5177/5955/5171
f 5133/5928/5127 5132/5925/5126 5163/5953/5157 5164/5956/5158
f 5120/5929/5114 5119/5926/5113 5150/5954/5144 5151/5957/5145
f 5147/5930/5141 5146/5927/5140 5177/5955/5171 5178/5958/5172
f 5134/5931/5128 5133/5928/5127 5164/5956/5158 5165/5959/5159
f 5121/5932/5115 5120/5929/5114 5151/5957/5145 5152/5960/5146
f 5489/5797/5483 5147/5930/5141 5178/5958/5172
f 5135/5933/5129 5134/5931/5128 5165/5959/5159 5166/5961/5160
f 5122/5934/5116 5121/5932/5115 5152/5960/5146 5153/5962/5147
f 5136/5935/5130 5135/5933/5129 5166/5961/5160 5167/5963/5161
f 5123/5936/5117 5122/5934/5116 5153/5962/5147 5154/5964/5148
f 5137/5904/5131 5136/5935/5130 5167/5963/5161 5168/5965/5162
f 5124/5937/5118 5123/5936/5117 5154/5964/5148 5155/5966/5149
f 5138/5905/5132 5137/5904/5131 5168/5965/5162 5169/5967/5163
f 5125/5968/5119 5124/5937/5118 5155/5966/5149 5156/5969/5150
f 5139/5908/5133 5138/5905/5132 5169/5967/5163 5170/5970/5164
f 5126/5909/5120 5125/5907/5119 5156/5971/5150 5157/5940/5151
f 5173/5944/5167 5172/5942/5166 5203/5972/5197 5204/5973/5198
f 5160/5945/5154 5159/5943/5153 5190/5974/5184 5191/5975/5185
f 5174/5946/5168 5173/5944/5167 5204/5973/5198 5205/5976/5199
f 5161/5947/5155 5160/5945/5154 5191/5975/5185 5192/5977/5186
f 5148/5948/5142 5490/5771/5484 5179/5978/5173
f 5175/5949/5169 5174/5946/5168 5205/5976/5199 5206/5979/5200
f 5162/5950/5156 5161/5947/5155 5192/5977/5186 5193/5980/5187
f 5149/5951/5143 5148/5948/5142 5179/5978/5173 5180/5981/5174
f 5176/5952/5170 5175/5949/5169 5206/5979/5200 5207/5982/5201
f 5163/5953/5157 5162/5950/5156 5193/5980/5187 5194/5983/5188
f 5150/5954/5144 5149/5951/5143 5180/5981/5174 5181/5984/5175
f 5177/5955/5171 5176/5952/5170 5207/5982/5201 5208/5985/5202
f 5164/5986/5158 5163/5987/5157 5194/5988/5188 5195/5989/5189
f 5151/5957/5145 5150/5954/5144 5181/5984/5175 5182/5990/5176
f 5178/5958/5172 5177/5955/5171 5208/5985/5202 5209/5991/5203
f 5165/5992/5159 5164/5986/5158 5195/5989/5189 5196/5993/5190
f 5152/5960/5146 5151/5957/5145 5182/5990/5176 5183/5994/5177
f 5489/5797/5483 5178/5958/5172 5209/5991/5203
f 5166/5995/5160 5165/5992/5159 5196/5993/5190 5197/5996/5191
f 5153/5962/5147 5152/5960/5146 5183/5994/5177 5184/5997/5178
f 5167/5998/5161 5166/5995/5160 5197/5996/5191 5198/5999/5192
f 5154/5964/5148 5153/5962/5147 5184/5997/5178 5185/6000/5179
f 5168/6001/5162 5167/5998/5161 5198/5999/5192 5199/6002/5193
f 5155/5966/5149 5154/5964/5148 5185/6000/5179 5186/6003/5180
f 5169/6004/5163 5168/6001/5162 5199/6002/5193 5200/6005/5194
f 5156/5969/5150 5155/5966/5149 5186/6003/5180 5187/6006/5181
f 5170/5938/5164 5169/6007/5163 5200/6008/5194 5201/6009/5195
f 5157/5940/5151 5156/5971/5150 5187/6010/5181 5188/6011/5182
f 5171/5939/5165 5170/5938/5164 5201/6009/5195 5202/6012/5196
f 5158/5941/5152 5157/5940/5151 5188/6011/5182 5189/6013/5183
f 5172/5942/5166 5171/5939/5165 5202/6012/5196 5203/5972/5197
f 5159/5943/5153 5158/5941/5152 5189/6013/5183 5190/5974/5184
f 5206/5979/5200 5205/5976/5199 5236/6014/5230 5237/6015/5231
f 5193/6016/5187 5192/6017/5186 5223/6018/5217 5224/6019/5218
f 5180/5981/5174 5179/5978/5173 5210/6020/5204 5211/6021/5205
f 5207/5982/5201 5206/5979/5200 5237/6015/5231 5238/6022/5232
f 5194/5988/5188 5193/6016/5187 5224/6019/5218 5225/6023/5219
f 5181/5984/5175 5180/5981/5174 5211/6021/5205 5212/6024/5206
f 5208/5985/5202 5207/5982/5201 5238/6022/5232 5239/6025/5233
f 5195/5989/5189 5194/5988/5188 5225/6023/5219 5226/6026/5220
f 5182/5990/5176 5181/5984/5175 5212/6024/5206 5213/6027/5207
f 5209/5991/5203 5208/5985/5202 5239/6025/5233 5240/6028/5234
f 5196/5993/5190 5195/5989/5189 5226/6026/5220 5227/6029/5221
f 5183/5994/5177 5182/5990/5176 5213/6027/5207 5214/6030/5208
f 5489/5797/5483 5209/5991/5203 5240/6028/5234
f 5197/5996/5191 5196/5993/5190 5227/6029/5221 5228/6031/5222
f 5184/5997/5178 5183/5994/5177 5214/6030/5208 5215/6032/5209
f 5198/5999/5192 5197/5996/5191 5228/6031/5222 5229/6033/5223
f 5185/6000/5179 5184/5997/5178 5215/6032/5209 5216/6034/5210
f 5199/6002/5193 5198/5999/5192 5229/6033/5223 5230/6035/5224
f 5186/6003/5180 5185/6000/5179 5216/6034/5210 5217/6036/5211
f 5200/6005/5194 5199/6002/5193 5230/6035/5224 5231/6037/5225
f 5187/6006/5181 5186/6003/5180 5217/6036/5211 5218/6038/5212
f 5201/6039/5195 5200/6005/5194 5231/6037/5225 5232/6040/5226
f 5188/6041/5182 5187/6042/5181 5218/6043/5212 5219/6044/5213
f 5202/6012/5196 5201/6009/5195 5232/6045/5226 5233/6046/5227
f 5189/6047/5183 5188/6041/5182 5219/6044/5213 5220/6048/5214
f 5203/5972/5197 5202/6012/5196 5233/6046/5227 5234/6049/5228
f 5190/6050/5184 5189/6047/5183 5220/6048/5214 5221/6051/5215
f 5204/5973/5198 5203/5972/5197 5234/6049/5228 5235/6052/5229
f 5191/6053/5185 5190/6050/5184 5221/6051/5215 5222/6054/5216
f 5205/5976/5199 5204/5973/5198 5235/6052/5229 5236/6014/5230
f 5192/6017/5186 5191/6053/5185 5222/6054/5216 5223/6018/5217
f 5179/5978/5173 5490/5771/5484 5210/6020/5204
f 5239/6025/5233 5238/6022/5232 5269/6055/5263 5270/6056/5264
f 5226/6026/5220 5225/6023/5219 5256/6057/5250 5257/6058/5251
f 5213/6027/5207 5212/6024/5206 5243/6059/5237 5244/6060/5238
f 5240/6028/5234 5239/6025/5233 5270/6056/5264 5271/6061/5265
f 5227/6029/5221 5226/6026/5220 5257/6058/5251 5258/6062/5252
f 5214/6030/5208 5213/6027/5207 5244/6060/5238 5245/6063/5239
f 5489/5797/5483 5240/6028/5234 5271/6061/5265
f 5228/6031/5222 5227/6029/5221 5258/6062/5252 5259/6064/5253
f 5215/6032/5209 5214/6030/5208 5245/6063/5239 5246/6065/5240
f 5229/6033/5223 5228/6031/5222 5259/6064/5253 5260/6066/5254
f 5216/6034/5210 5215/6032/5209 5246/6065/5240 5247/6067/5241
f 5230/6035/5224 5229/6033/5223 5260/6066/5254 5261/6068/5255
f 5217/6036/5211 5216/6034/5210 5247/6067/5241 5248/6069/5242
f 5231/6037/5225 5230/6035/5224 5261/6068/5255 5262/6070/5256
f 5218/6038/5212 5217/6036/5211 5248/6069/5242 5249/6071/5243
f 5232/6040/5226 5231/6037/5225 5262/6070/5256 5263/6072/5257
f 5219/6044/5213 5218/6043/5212 5249/6073/5243 5250/6074/5244
f 5233/6075/5227 5232/6040/5226 5263/6072/5257 5264/6076/5258
f 5220/6048/5214 5219/6044/5213 5250/6074/5244 5251/6077/5245
f 5234/6049/5228 5233/6046/5227 5264/6078/5258 5265/6079/5259
f 5221/6051/5215 5220/6048/5214 5251/6077/5245 5252/6080/5246
f 5235/6052/5229 5234/6049/5228 5265/6079/5259 5266/6081/5260
f 5222/6054/5216 5221/6051/5215 5252/6080/5246 5253/6082/5247
f 5236/6014/5230 5235/6052/5229 5266/6081/5260 5267/6083/5261
f 5223/6018/5217 5222/6054/5216 5253/6082/5247 5254/6084/5248
f 5210/6020/5204 5490/5771/5484 5241/6085/5235
f 5237/6015/5231 5236/6014/5230 5267/6083/5261 5268/6086/5262
f 5224/6019/5218 5223/6018/5217 5254/6084/5248 5255/6087/5249
f 5211/6021/5205 5210/6020/5204 5241/6085/5235 5242/6088/5236
f 5238/6022/5232 5237/6015/5231 5268/6086/5262 5269/6055/5263
f 5225/6023/5219 5224/6019/5218 5255/6087/5249 5256/6057/5250
f 5212/6024/5206 5211/6021/5205 5242/6088/5236 5243/6059/5237
f 5489/5797/5483 5271/6061/5265 5302/6089/5296
f 5259/6064/5253 5258/6062/5252 5289/6090/5283 5290/6091/5284
f 5246/6065/5240 5245/6063/5239 5276/6092/5270 5277/6093/5271
f 5260/6066/5254 5259/6064/5253 5290/6091/5284 5291/6094/5285
f 5247/6067/5241 5246/6065/5240 5277/6093/5271 5278/6095/5272
f 5261/6068/5255 5260/6066/5254 5291/6094/5285 5292/6096/5286
f 5248/6069/5242 5247/6067/5241 5278/6095/5272 5279/6097/5273
f 5262/6070/5256 5261/6068/5255 5292/6096/5286 5293/6098/5287
f 5249/6073/5243 5248/6099/5242 5279/6100/5273 5280/6101/5274
f 5263/6072/5257 5262/6070/5256 5293/6098/5287 5294/6102/5288
f 5250/6074/5244 5249/6073/5243 5280/6101/5274 5281/6103/5275
f 5264/6076/5258 5263/6072/5257 5294/6102/5288 5295/6104/5289
f 5251/6077/5245 5250/6074/5244 5281/6103/5275 5282/6105/5276
f 5265/6079/5259 5264/6078/5258 5295/6106/5289 5296/6107/5290
f 5252/6080/5246 5251/6077/5245 5282/6105/5276 5283/6108/5277
f 5266/6081/5260 5265/6079/5259 5296/6107/5290 5297/6109/5291
f 5253/6082/5247 5252/6080/5246 5283/6108/5277 5284/6110/5278
f 5267/6083/5261 5266/6081/5260 5297/6109/5291 5298/6111/5292
f 5254/6084/5248 5253/6082/5247 5284/6110/5278 5285/6112/5279
f 5241/6085/5235 5490/5771/5484 5272/6113/5266
f 5268/6086/5262 5267/6083/5261 5298/6111/5292 5299/6114/5293
f 5255/6087/5249 5254/6084/5248 5285/6112/5279 5286/6115/5280
f 5242/6088/5236 5241/6085/5235 5272/6113/5266 5273/6116/5267
f 5269/6055/5263 5268/6086/5262 5299/6114/5293 5300/6117/5294
f 5256/6057/5250 5255/6087/5249 5286/6115/5280 5287/6118/5281
f 5243/6059/5237 5242/6088/5236 5273/6116/5267 5274/6119/5268
f 5270/6056/5264 5269/6055/5263 5300/6117/5294 5301/6120/5295
f 5257/6058/5251 5256/6057/5250 5287/6118/5281 5288/6121/5282
f 5244/6060/5238 5243/6059/5237 5274/6119/5268 5275/6122/5269
f 5271/6061/5265 5270/6056/5264 5301/6120/5295 5302/6089/5296
f 5258/6062/5252 5257/6058/5251 5288/6121/5282 5289/6090/5283
f 5245/6063/5239 5244/6060/5238 5275/6122/5269 5276/6092/5270
f 5292/6096/5286 5291/6094/5285 5322/6123/5316 5323/6124/5317
f 5279/6097/5273 5278/6095/5272 5309/6125/5303 5310/6126/5304
f 5293/6098/5287 5292/6096/5286 5323/6124/5317 5324/6127/5318
f 5280/6101/5274 5279/6100/5273 5310/6128/5304 5311/6129/5305
f 5294/6102/5288 5293/6098/5287 5324/6127/5318 5325/6130/5319
f 5281/6103/5275 5280/6101/5274 5311/6129/5305 5312/6131/5306
f 5295/6104/5289 5294/6102/5288 5325/6130/5319 5326/6132/5320
f 5282/6105/5276 5281/6103/5275 5312/6131/5306 5313/6133/5307
f 5296/6107/5290 5295/6106/5289 5326/6134/5320 5327/6135/5321
f 5283/6108/5277 5282/6105/5276 5313/6133/5307 5314/6136/5308
f 5297/6109/5291 5296/6107/5290 5327/6135/5321 5328/6137/5322
f 5284/6110/5278 5283/6108/5277 5314/6136/5308 5315/6138/5309
f 5298/6111/5292 5297/6109/5291 5328/6137/5322 5329/6139/5323
f 5285/6112/5279 5284/6110/5278 5315/6138/5309 5316/6140/5310
f 5272/6113/5266 5490/5771/5484 5303/6141/5297
f 5299/6114/5293 5298/6111/5292 5329/6139/5323 5330/6142/5324
f 5286/6115/5280 5285/6112/5279 5316/6140/5310 5317/6143/5311
f 5273/6116/5267 5272/6113/5266 5303/6141/5297 5304/6144/5298
f 5300/6117/5294 5299/6114/5293 5330/6142/5324 5331/6145/5325
f 5287/6118/5281 5286/6115/5280 5317/6143/5311 5318/6146/5312
f 5274/6119/5268 5273/6116/5267 5304/6144/5298 5305/6147/5299
f 5301/6120/5295 5300/6117/5294 5331/6145/5325 5332/6148/5326
f 5288/6121/5282 5287/6118/5281 5318/6146/5312 5319/6149/5313
f 5275/6122/5269 5274/6119/5268 5305/6147/5299 5306/6150/5300
f 5302/6089/5296 5301/6120/5295 5332/6148/5326 5333/6151/5327
f 5289/6090/5283 5288/6121/5282 5319/6149/5313 5320/6152/5314
f 5276/6092/5270 5275/6122/5269 5306/6150/5300 5307/6153/5301
f 5489/5797/5483 5302/6089/5296 5333/6151/5327
f 5290/6091/5284 5289/6090/5283 5320/6152/5314 5321/6154/5315
f 5277/6093/5271 5276/6092/5270 5307/6153/5301 5308/6155/5302
f 5291/6094/5285 5290/6091/5284 5321/6154/5315 5322/6123/5316
f 5278/6095/5272 5277/6093/5271 5308/6155/5302 5309/6125/5303
f 5325/6130/5319 5324/6127/5318 5355/6156/5349 5356/6157/5350
f 5312/6131/5306 5311/6129/5305 5342/6158/5336 5343/6159/5337
f 5326/6132/5320 5325/6130/5319 5356/6157/5350 5357/6160/5351
f 5313/6133/5307 5312/6131/5306 5343/6159/5337 5344/6161/5338
f 5327/6135/5321 5326/6134/5320 5357/6162/5351 5358/6163/5352
f 5314/6136/5308 5313/6133/5307 5344/6161/5338 5345/6164/5339
f 5328/6137/5322 5327/6135/5321 5358/6163/5352 5359/6165/5353
f 5315/6138/5309 5314/6136/5308 5345/6164/5339 5346/6166/5340
f 5329/6139/5323 5328/6137/5322 5359/6165/5353 5360/6167/5354
f 5316/6140/5310 5315/6138/5309 5346/6166/5340 5347/6168/5341
f 5303/6141/5297 5490/5771/5484 5334/6169/5328
f 5330/6142/5324 5329/6139/5323 5360/6167/5354 5361/6170/5355
f 5317/6143/5311 5316/6140/5310 5347/6168/5341 5348/6171/5342
f 5304/6144/5298 5303/6141/5297 5334/6169/5328 5335/6172/5329
f 5331/6145/5325 5330/6142/5324 5361/6170/5355 5362/6173/5356
f 5318/6146/5312 5317/6143/5311 5348/6171/5342 5349/6174/5343
f 5305/6147/5299 5304/6144/5298 5335/6172/5329 5336/6175/5330
f 5332/6148/5326 5331/6145/5325 5362/6173/5356 5363/6176/5357
f 5319/6149/5313 5318/6146/5312 5349/6174/5343 5350/6177/5344
f 5306/6150/5300 5305/6147/5299 5336/6175/5330 5337/6178/5331
f 5333/6151/5327 5332/6148/5326 5363/6176/5357 5364/6179/5358
f 5320/6152/5314 5319/6149/5313 5350/6177/5344 5351/6180/5345
f 5307/6153/5301 5306/6150/5300 5337/6178/5331 5338/6181/5332
f 5489/5797/5483 5333/6151/5327 5364/6179/5358
f 5321/6154/5315 5320/6152/5314 5351/6180/5345 5352/6182/5346
f 5308/6155/5302 5307/6153/5301 5338/6181/5332 5339/6183/5333
f 5322/6123/5316 5321/6154/5315 5352/6182/5346 5353/6184/5347
f 5309/6125/5303 5308/6155/5302 5339/6183/5333 5340/6185/5334
f 5323/6124/5317 5322/6123/5316 5353/6184/5347 5354/6186/5348
f 5310/6126/5304 5309/6125/5303 5340/6185/5334 5341/6187/5335
f 5324/6127/5318 5323/6124/5317 5354/6186/5348 5355/6156/5349
f 5311/6129/5305 5310/6128/5304 5341/6188/5335 5342/6158/5336
f 5358/6163/5352 5357/6162/5351 5388/6189/5382 5389/6190/5383
f 5345/6164/5339 5344/6161/5338 5375/6191/5369 5376/6192/5370
f 5359/6165/5353 5358/6163/5352 5389/6190/5383 5390/6193/5384
f 5346/6166/5340 5345/6164/5339 5376/6192/5370 5377/6194/5371
f 5360/6167/5354 5359/6165/5353 5390/6193/5384 5391/6195/5385
f 5347/6168/5341 5346/6166/5340 5377/6194/5371 5378/6196/5372
f 5334/6169/5328 5490/5771/5484 5365/6197/5359
f 5361/6170/5355 5360/6167/5354 5391/6195/5385 5392/6198/5386
f 5348/6171/5342 5347/6168/5341 5378/6196/5372 5379/6199/5373
f 5335/6172/5329 5334/6169/5328 5365/6197/5359 5366/6200/5360
f 5362/6173/5356 5361/6170/5355 5392/6198/5386 5393/6201/5387
f 5349/6174/5343 5348/6171/5342 5379/6199/5373 5380/6202/5374
f 5336/6175/5330 5335/6172/5329 5366/6200/5360 5367/6203/5361
f 5363/6176/5357 5362/6173/5356 5393/6201/5387 5394/6204/5388
f 5350/6177/5344 5349/6174/5343 5380/6202/5374 5381/6205/5375
f 5337/6178/5331 5336/6175/5330 5367/6203/5361 5368/6206/5362
f 5364/6179/5358 5363/6176/5357 5394/6204/5388 5395/6207/5389
f 5351/6180/5345 5350/6177/5344 5381/6205/5375 5382/6208/5376
f 5338/6181/5332 5337/6178/5331 5368/6206/5362 5369/6209/5363
f 5489/5797/5483 5364/6179/5358 5395/6207/5389
f 5352/6182/5346 5351/6180/5345 5382/6208/5376 5383/6210/5377
f 5339/6183/5333 5338/6181/5332 5369/6209/5363 5370/6211/5364
f 5353/6184/5347 5352/6182/5346 5383/6210/5377 5384/6212/5378
f 5340/6185/5334 5339/6183/5333 5370/6211/5364 5371/6213/5365
f 5354/6186/5348 5353/6184/5347 5384/6212/5378 5385/6214/5379
f 5341/6187/5335 5340/6185/5334 5371/6213/5365 5372/6215/5366
f 5355/6156/5349 5354/6186/5348 5385/6214/5379 5386/6216/5380
f 5342/6217/5336 5341/6187/5335 5372/6215/5366 5373/6218/5367
f 5356/6157/5350 5355/6156/5349 5386/6216/5380 5387/6219/5381
f 5343/6159/5337 5342/6158/5336 5373/6220/5367 5374/6221/5368
f 5357/6160/5351 5356/6157/5350 5387/6219/5381 5388/6222/5382
f 5344/6161/5338 5343/6159/5337 5374/6221/5368 5375/6191/5369
f 5391/6195/5385 5390/6193/5384 5421/6223/5415 5422/6224/5416
f 5378/6196/5372 5377/6194/5371 5408/6225/5402 5409/6226/5403
f 5365/6197/5359 5490/5771/5484 5396/6227/5390
f 5392/6198/5386 5391/6195/5385 5422/6224/5416 5423/6228/5417
f 5379/6199/5373 5378/6196/5372 5409/6226/5403 5410/6229/5404
f 5366/6200/5360 5365/6197/5359 5396/6227/5390 5397/6230/5391
f 5393/6201/5387 5392/6198/5386 5423/6228/5417 5424/6231/5418
f 5380/6202/5374 5379/6199/5373 5410/6229/5404 5411/6232/5405
f 5367/6203/5361 5366/6200/5360 5397/6230/5391 5398/6233/5392
f 5394/6204/5388 5393/6201/5387 5424/6231/5418 5425/6234/5419
f 5381/6205/5375 5380/6202/5374 5411/6232/5405 5412/6235/5406
f 5368/6206/5362 5367/6203/5361 5398/6233/5392 5399/6236/5393
f 5395/6207/5389 5394/6204/5388 5425/6234/5419 5426/6237/5420
f 5382/6208/5376 5381/6205/5375 5412/6235/5406 5413/6238/5407
f 5369/6209/5363 5368/6206/5362 5399/6236/5393 5400/6239/5394
f 5489/5797/5483 5395/6207/5389 5426/6237/5420
f 5383/6210/5377 5382/6208/5376 5413/6238/5407 5414/6240/5408
f 5370/6211/5364 5369/6209/5363 5400/6239/5394 5401/6241/5395
f 5384/6212/5378 5383/6210/5377 5414/6240/5408 5415/6242/5409
f 5371/6213/5365 5370/6211/5364 5401/6241/5395 5402/6243/5396
f 5385/6214/5379 5384/6212/5378 5415/6242/5409 5416/6244/5410
f 5372/6215/5366 5371/6213/5365 5402/6243/5396 5403/6245/5397
f 5386/6216/5380 5385/6214/5379 5416/6244/5410 5417/6246/5411
f 5373/6218/5367 5372/6215/5366 5403/6245/5397 5404/6247/5398
f 5387/6219/5381 5386/6216/5380 5417/6246/5411 5418/6248/5412
f 5374/6221/5368 5373/6220/5367 5404/6249/5398 5405/6250/5399
f 5388/6189/5382 5387/6251/5381 5418/6252/5412 5419/6253/5413
f 5375/6191/5369 5374/6221/5368 5405/6250/5399 5406/6254/5400
f 5389/6190/5383 5388/6189/5382 5419/6253/5413 5420/6255/5414
f 5376/6192/5370 5375/6191/5369 5406/6254/5400 5407/6256/5401
f 5390/6193/5384 5389/6190/5383 5420/6255/5414 5421/6223/5415
f 5377/6194/5371 5376/6192/5370 5407/6256/5401 5408/6225/5402
f 5397/6230/5391 5396/6227/5390 5427/6257/5421 5428/6258/5422
f 5424/6231/5418 5423/6228/5417 5454/6259/5448 5455/6260/5449
f 5411/6261/5405 5410/6262/5404 5441/6263/5435 5442/6264/5436
f 5398/6233/5392 5397/6230/5391 5428/6258/5422 5429/6265/5423
f 5425/6234/5419 5424/6231/5418 5455/6260/5449 5456/6266/5450
f 5412/6267/5406 5411/6261/5405 5442/6264/5436 5443/6268/5437
f 5399/6236/5393 5398/6233/5392 5429/6265/5423 5430/6269/5424
f 5426/6237/5420 5425/6234/5419 5456/6266/5450 5457/6270/5451
f 5413/6271/5407 5412/6267/5406 5443/6268/5437 5444/6272/5438
f 5400/6239/5394 5399/6236/5393 5430/6269/5424 5431/6273/5425
f 5489/5797/5483 5426/6237/5420 5457/6270/5451
f 5414/6274/5408 5413/6271/5407 5444/6272/5438 5445/6275/5439
f 5401/6241/5395 5400/6239/5394 5431/6273/5425 5432/6276/5426
f 5415/6242/5409 5414/6240/5408 5445/6277/5439 5446/6278/5440
f 5402/6243/5396 5401/6241/5395 5432/6276/5426 5433/6279/5427
f 5416/6244/5410 5415/6242/5409 5446/6278/5440 5447/6280/5441
f 5403/6245/5397 5402/6243/5396 5433/6279/5427 5434/6281/5428
f 5417/6246/5411 5416/6244/5410 5447/6280/5441 5448/6282/5442
f 5404/6247/5398 5403/6245/5397 5434/6281/5428 5435/6283/5429
f 5418/6284/5412 5417/6285/5411 5448/6286/5442 5449/6287/5443
f 5405/6288/5399 5404/6247/5398 5435/6283/5429 5436/6289/5430
f 5419/6253/5413 5418/6252/5412 5449/6290/5443 5450/6291/5444
f 5406/6254/5400 5405/6250/5399 5436/6292/5430 5437/6293/5431
f 5420/6255/5414 5419/6253/5413 5450/6291/5444 5451/6294/5445
f 5407/6256/5401 5406/6254/5400 5437/6293/5431 5438/6295/5432
f 5421/6223/5415 5420/6255/5414 5451/6294/5445 5452/6296/5446
f 5408/6297/5402 5407/6298/5401 5438/6299/5432 5439/6300/5433
f 5422/6224/5416 5421/6223/5415 5452/6296/5446 5453/6301/5447
f 5409/6302/5403 5408/6297/5402 5439/6300/5433 5440/6303/5434
f 5396/6227/5390 5490/5771/5484 5427/6257/5421
f 5423/6228/5417 5422/6224/5416 5453/6301/5447 5454/6259/5448
f 5410/6262/5404 5409/6302/5403 5440/6303/5434 5441/6263/5435
f 5430/6269/5424 5429/6265/5423 5460/6304/5454 5461/6305/5455
f 5457/6270/5451 5456/6266/5450 5487/6306/5481 5488/6307/5482
f 5444/6272/5438 5443/6268/5437 5474/6308/5468 5475/6309/5469
f 5431/6273/5425 5430/6269/5424 5461/6305/5455 5462/6310/5456
f 5489/5797/5483 5457/6270/5451 5488/6307/5482
f 5445/6275/5439 5444/6272/5438 5475/6309/5469 5476/6311/5470
f 5432/6276/5426 5431/6273/5425 5462/6310/5456 5463/6312/5457
f 5446/6313/5440 5445/6275/5439 5476/6311/5470 5477/6314/5471
f 5433/6279/5427 5432/6276/5426 5463/6312/5457 5464/6315/5458
f 5447/6316/5441 5446/6313/5440 5477/6314/5471 5478/6317/5472
f 5434/6281/5428 5433/6279/5427 5464/6315/5458 5465/6318/5459
f 5448/6286/5442 5447/6316/5441 5478/6317/5472 5479/6319/5473
f 5435/6283/5429 5434/6281/5428 5465/6318/5459 5466/6320/5460
f 5449/6287/5443 5448/6286/5442 5479/6319/5473 5480/6321/5474
f 5436/6322/5430 5435/6323/5429 5466/6324/5460 5467/6325/5461
f 5450/6291/5444 5449/6290/5443 5480/6326/5474 5481/6327/5475
f 5437/6328/5431 5436/6322/5430 5467/6325/5461 5468/6329/5462
f 5451/6294/5445 5450/6291/5444 5481/6327/5475 5482/6330/5476
f 5438/6299/5432 5437/6328/5431 5468/6329/5462 5469/6331/5463
f 5452/6296/5446 5451/6294/5445 5482/6330/5476 5483/6332/5477
f 5439/6300/5433 5438/6299/5432 5469/6331/5463 5470/6333/5464
f 5453/6301/5447 5452/6296/5446 5483/6332/5477 5484/6334/5478
f 5440/6303/5434 5439/6300/5433 5470/6333/5464 5471/6335/5465
f 5427/6257/5421 5490/5771/5484 5458/6336/5452
f 5454/6259/5448 5453/6301/5447 5484/6334/5478 5485/6337/5479
f 5441/6263/5435 5440/6303/5434 5471/6335/5465 5472/6338/5466
f 5428/6258/5422 5427/6257/5421 5458/6336/5452 5459/6339/5453
f 5455/6260/5449 5454/6259/5448 5485/6337/5479 5486/6340/5480
f 5442/6264/5436 5441/6263/5435 5472/6338/5466 5473/6341/5467
f 5429/6265/5423 5428/6258/5422 5459/6339/5453 5460/6304/5454
f 5456/6266/5450 5455/6260/5449 5486/6340/5480 5487/6306/5481
f 5443/6268/5437 5442/6264/5436 5473/6341/5467 5474/6308/5468
f 5463/6312/5457 5462/6310/5456 5495/6342/5489 5496/6343/5490
f 5477/6314/5471 5476/6311/5470 5509/6344/5503 5510/6345/5504
f 5464/6315/5458 5463/6312/5457 5496/6343/5490 5497/6346/5491
f 5478/6317/5472 5477/6314/5471 5510/6345/5504 5511/6347/5505
f 5465/6318/5459 5464/6315/5458 5497/6346/5491 5498/6348/5492
f 5479/6319/5473 5478/6317/5472 5511/6347/5505 5512/6349/5506
f 5466/6320/5460 5465/6318/5459 5498/6348/5492 5499/6350/5493
f 5480/6321/5474 5479/6319/5473 5512/6349/5506 5513/6351/5507
f 5467/6325/5461 5466/6324/5460 5499/6352/5493 5500/6353/5494
f 5481/6354/5475 5480/6321/5474 5513/6351/5507 5514/6355/5508
f 5468/6329/5462 5467/6325/5461 5500/6353/5494 5501/6356/5495
f 5482/6330/5476 5481/6327/5475 5514/6357/5508 5515/6358/5509
f 5469/6331/5463 5468/6329/5462 5501/6356/5495 5502/6359/5496
f 5483/6332/5477 5482/6330/5476 5515/6358/5509 5516/6360/5510
f 5470/6333/5464 5469/6331/5463 5502/6359/5496 5503/6361/5497
f 5484/6334/5478 5483/6332/5477 5516/6360/5510 5517/6362/5511
f 5471/6335/5465 5470/6333/5464 5503/6361/5497 5504/6363/5498
f 5458/6336/5452 5490/5771/5484 5491/6364/5485
f 5485/6337/5479 5484/6334/5478 5517/6362/5511 5518/6365/5512
f 5472/6338/5466 5471/6335/5465 5504/6363/5498 5505/6366/5499
f 5459/6339/5453 5458/6336/5452 5491/6364/5485 5492/6367/5486
f 5486/6340/5480 5485/6337/5479 5518/6365/5512 5519/6368/5513
f 5473/6341/5467 5472/6338/5466 5505/6366/5499 5506/6369/5500
f 5460/6304/5454 5459/6339/5453 5492/6367/5486 5493/6370/5487
f 5487/6306/5481 5486/6340/5480 5519/6368/5513 5520/6371/5514
f 5474/6308/5468 5473/6341/5467 5506/6369/5500 5507/6372/5501
f 5461/6305/5455 5460/6304/5454 5493/6370/5487 5494/6373/5488
f 5488/6307/5482 5487/6306/5481 5520/6371/5514 5521/6374/5515
f 5475/6309/5469 5474/6308/5468 5507/6372/5501 5508/6375/5502
f 5462/6310/5456 5461/6305/5455 5494/6373/5488 5495/6342/5489
f 5489/5797/5483 5488/6307/5482 5521/6374/5515
f 5476/6311/5470 5475/6309/5469 5508/6375/5502 5509/6344/5503
f 5498/6348/5492 5497/6346/5491 5528/6376/5522 5529/6377/5523
f 5512/6349/5506 5511/6347/5505 5542/6378/5536 5543/6379/5537
f 5499/6352/5493 5498/6380/5492 5529/6381/5523 5530/6382/5524
f 5513/6351/5507 5512/6349/5506 5543/6379/5537 5544/6383/5538
f 5500/6353/5494 5499/6352/5493 5530/6382/5524 5531/6384/5525
f 5514/6355/5508 5513/6351/5507 5544/6383/5538 5545/6385/5539
f 5501/6356/5495 5500/6353/5494 5531/6384/5525 5532/6386/5526
f 5515/6358/5509 5514/6357/5508 5545/6387/5539 5546/6388/5540
f 5502/6359/5496 5501/6356/5495 5532/6386/5526 5533/6389/5527
f 5516/6360/5510 5515/6358/5509 5546/6388/5540 5547/6390/5541
f 5503/6361/5497 5502/6359/5496 5533/6389/5527 5534/6391/5528
f 5517/6362/5511 5516/6360/5510 5547/6390/5541 5548/6392/5542
f 5504/6363/5498 5503/6361/5497 5534/6391/5528 5535/6393/5529
f 5491/6364/5485 5490/5771/5484 5522/6394/5516
f 5518/6365/5512 5517/6362/5511 5548/6392/5542 5549/6395/5543
f 5505/6366/5499 5504/6363/5498 5535/6393/5529 5536/6396/5530
f 5492/6367/5486 5491/6364/5485 5522/6394/5516 5523/6397/5517
f 5519/6368/5513 5518/6365/5512 5549/6395/5543 5550/6398/5544
f 5506/6369/5500 5505/6366/5499 5536/6396/5530 5537/6399/5531
f 5493/6370/5487 5492/6367/5486 5523/6397/5517 5524/6400/5518
f 5520/6371/5514 5519/6368/5513 5550/6398/5544 5551/6401/5545
f 5507/6372/5501 5506/6369/5500 5537/6399/5531 5538/6402/5532
f 5494/6373/5488 5493/6370/5487 5524/6400/5518 5525/6403/5519
f 5521/6374/5515 5520/6371/5514 5551/6401/5545 5552/6404/5546
f 5508/6375/5502 5507/6372/5501 5538/6402/5532 5539/6405/5533
f 5495/6342/5489 5494/6373/5488 5525/6403/5519 5526/6406/5520
f 5489/5797/5483 5521/6374/5515 5552/6404/5546
f 5509/6344/5503 5508/6375/5502 5539/6405/5533 5540/6407/5534
f 5496/6343/5490 5495/6342/5489 5526/6406/5520 5527/6408/5521
f 5510/6345/5504 5509/6344/5503 5540/6407/5534 5541/6409/5535
f 5497/6346/5491 5496/6343/5490 5527/6408/5521 5528/6376/5522
f 5511/6347/5505 5510/6345/5504 5541/6409/5535 5542/6378/5536
f 5531/6384/5525 5530/6382/5524 5561/6410/5555 5562/6411/5556
f 5545/6385/5539 5544/6383/5538 5575/6412/5569 5576/6413/5570
f 5532/6386/5526 5531/6384/5525 5562/6411/5556 5563/6414/5557
f 5546/6388/5540 5545/6387/5539 5576/6415/5570 5577/6416/5571
f 5533/6389/5527 5532/6386/5526 5563/6414/5557 5564/6417/5558
f 5547/6390/5541 5546/6388/5540 5577/6416/5571 5578/6418/5572
f 5534/6391/5528 5533/6389/5527 5564/6417/5558 5565/6419/5559
f 5548/6392/5542 5547/6390/5541 5578/6418/5572 5579/6420/5573
f 5535/6393/5529 5534/6391/5528 5565/6419/5559 5566/6421/5560
f 5522/6394/5516 5490/5771/5484 5553/6422/5547
f 5549/6395/5543 5548/6392/5542 5579/6420/5573 5580/6423/5574
f 5536/6396/5530 5535/6393/5529 5566/6421/5560 5567/6424/5561
f 5523/6397/5517 5522/6394/5516 5553/6422/5547 5554/6425/5548
f 5550/6398/5544 5549/6395/5543 5580/6423/5574 5581/6426/5575
f 5537/6399/5531 5536/6396/5530 5567/6424/5561 5568/6427/5562
f 5524/6400/5518 5523/6397/5517 5554/6425/5548 5555/6428/5549
f 5551/6401/5545 5550/6398/5544 5581/6426/5575 5582/6429/5576
f 5538/6402/5532 5537/6399/5531 5568/6427/5562 5569/6430/5563
f 5525/6403/5519 5524/6400/5518 5555/6428/5549 5556/6431/5550
f 5552/6404/5546 5551/6401/5545 5582/6429/5576 5583/6432/5577
f 5539/6405/5533 5538/6402/5532 5569/6430/5563 5570/6433/5564
f 5526/6406/5520 5525/6403/5519 5556/6431/5550 5557/6434/5551
f 5489/5797/5483 5552/6404/5546 5583/6432/5577
f 5540/6407/5534 5539/6405/5533 5570/6433/5564 5571/6435/5565
f 5527/6408/5521 5526/6406/5520 5557/6434/5551 5558/6436/5552
f 5541/6409/5535 5540/6407/5534 5571/6435/5565 5572/6437/5566
f 5528/6376/5522 5527/6408/5521 5558/6436/5552 5559/6438/5553
f 5542/6378/5536 5541/6409/5535 5572/6437/5566 5573/6439/5567
f 5529/6377/5523 5528/6376/5522 5559/6438/5553 5560/6440/5554
f 5543/6379/5537 5542/6378/5536 5573/6439/5567 5574/6441/5568
f 5530/6382/5524 5529/6381/5523 5560/6442/5554 5561/6410/5555
f 5544/6383/5538 5543/6379/5537 5574/6441/5568 5575/6412/5569
f 5564/6417/5558 5563/6414/5557 5594/6443/5588 5595/6444/5589
f 5578/6418/5572 5577/6416/5571 5608/6445/5602 5609/6446/5603
f 5565/6419/5559 5564/6417/5558 5595/6444/5589 5596/6447/5590
f 5579/6420/5573 5578/6418/5572 5609/6446/5603 5610/6448/5604
f 5566/6421/5560 5565/6419/5559 5596/6447/5590 5597/6449/5591
f 5553/6422/5547 5490/5771/5484 5584/6450/5578
f 5580/6423/5574 5579/6420/5573 5610/6448/5604 5611/6451/5605
f 5567/6424/5561 5566/6421/5560 5597/6449/5591 5598/6452/5592
f 5554/6425/5548 5553/6422/5547 5584/6450/5578 5585/6453/5579
f 5581/6426/5575 5580/6423/5574 5611/6451/5605 5612/6454/5606
f 5568/6427/5562 5567/6424/5561 5598/6452/5592 5599/6455/5593
f 5555/6428/5549 5554/6425/5548 5585/6453/5579 5586/6456/5580
f 5582/6429/5576 5581/6426/5575 5612/6454/5606 5613/6457/5607
f 5569/6430/5563 5568/6427/5562 5599/6455/5593 5600/6458/5594
f 5556/6431/5550 5555/6428/5549 5586/6456/5580 5587/6459/5581
f 5583/6432/5577 5582/6429/5576 5613/6457/5607 5614/6460/5608
f 5570/6433/5564 5569/6430/5563 5600/6458/5594 5601/6461/5595
f 5557/6434/5551 5556/6431/5550 5587/6459/5581 5588/6462/5582
f 5489/5797/5483 5583/6432/5577 5614/6460/5608
f 5571/6435/5565 5570/6433/5564 5601/6461/5595 5602/6463/5596
f 5558/6436/5552 5557/6434/5551 5588/6462/5582 5589/6464/5583
f 5572/6437/5566 5571/6435/5565 5602/6463/5596 5603/6465/5597
f 5559/6438/5553 5558/6436/5552 5589/6464/5583 5590/6466/5584
f 5573/6439/5567 5572/6437/5566 5603/6465/5597 5604/6467/5598
f 5560/6440/5554 5559/6438/5553 5590/6466/5584 5591/6468/5585
f 5574/6441/5568 5573/6439/5567 5604/6467/5598 5605/6469/5599
f 5561/6410/5555 5560/6442/5554 5591/6470/5585 5592/6471/5586
f 5575/6412/5569 5574/6441/5568 5605/6469/5599 5606/6472/5600
f 5562/6411/5556 5561/6410/5555 5592/6471/5586 5593/6473/5587
f 5576/6413/5570 5575/6412/5569 5606/6472/5600 5607/6474/5601
f 5563/6414/5557 5562/6411/5556 5593/6473/5587 5594/6443/5588
f 5577/6416/5571 5576/6415/5570 5607/6475/5601 5608/6445/5602
f 5597/6449/5591 5596/6447/5590 5627/6476/5621 5628/6477/5622
f 5584/6450/5578 5490/5771/5484 5615/6478/5609
f 5611/6451/5605 5610/6448/5604 5641/6479/5635 5642/6480/5636
f 5598/6452/5592 5597/6449/5591 5628/6477/5622 5629/6481/5623
f 5585/6453/5579 5584/6450/5578 5615/6478/5609 5616/6482/5610
f 5612/6454/5606 5611/6451/5605 5642/6480/5636 5643/6483/5637
f 5599/6455/5593 5598/6452/5592 5629/6481/5623 5630/6484/5624
f 5586/6456/5580 5585/6453/5579 5616/6482/5610 5617/6485/5611
f 5613/6457/5607 5612/6454/5606 5643/6483/5637 5644/6486/5638
f 5600/6458/5594 5599/6455/5593 5630/6484/5624 5631/6487/5625
f 5587/6459/5581 5586/6456/5580 5617/6485/5611 5618/6488/5612
f 5614/6460/5608 5613/6457/5607 5644/6486/5638 5645/6489/5639
f 5601/6461/5595 5600/6458/5594 5631/6487/5625 5632/6490/5626
f 5588/6462/5582 5587/6459/5581 5618/6488/5612 5619/6491/5613
f 5489/5797/5483 5614/6460/5608 5645/6489/5639
f 5602/6463/5596 5601/6461/5595 5632/6490/5626 5633/6492/5627
f 5589/6464/5583 5588/6462/5582 5619/6491/5613 5620/6493/5614
f 5603/6465/5597 5602/6463/5596 5633/6492/5627 5634/6494/5628
f 5590/6466/5584 5589/6464/5583 5620/6493/5614 5621/6495/5615
f 5604/6467/5598 5603/6465/5597 5634/6494/5628 5635/6496/5629
f 5591/6468/5585 5590/6466/5584 5621/6495/5615 5622/6497/5616
f 5605/6469/5599 5604/6467/5598 5635/6496/5629 5636/6498/5630
f 5592/6499/5586 5591/6468/5585 5622/6497/5616 5623/6500/5617
f 5606/6472/5600 5605/6469/5599 5636/6498/5630 5637/6501/5631
f 5593/6473/5587 5592/6471/5586 5623/6502/5617 5624/6503/5618
f 5607/6474/5601 5606/6472/5600 5637/6501/5631 5638/6504/5632
f 5594/6443/5588 5593/6473/5587 5624/6503/5618 5625/6505/5619
f 5608/6445/5602 5607/6475/5601 5638/6506/5632 5639/6507/5633
f 5595/6444/5589 5594/6443/5588 5625/6505/5619 5626/6508/5620
f 5609/6446/5603 5608/6445/5602 5639/6507/5633 5640/6509/5634
f 5596/6447/5590 5595/6444/5589 5626/6508/5620 5627/6476/5621
f 5610/6448/5604 5609/6446/5603 5640/6509/5634 5641/6479/5635
f 5630/6484/5624 5629/6481/5623 5660/6510/5654 5661/6511/5655
f 5617/6485/5611 5616/6482/5610 5647/6512/5641 5648/6513/5642
f 5644/6486/5638 5643/6483/5637 5674/6514/5668 5675/6515/5669
f 5631/6487/5625 5630/6484/5624 5661/6511/5655 5662/6516/5656
f 5618/6488/5612 5617/6485/5611 5648/6513/5642 5649/6517/5643
f 5645/6489/5639 5644/6486/5638 5675/6515/5669 5676/6518/5670
f 5632/6490/5626 5631/6487/5625 5662/6516/5656 5663/6519/5657
f 5619/6491/5613 5618/6488/5612 5649/6517/5643 5650/6520/5644
f 5489/5797/5483 5645/6489/5639 5676/6518/5670
f 5633/6492/5627 5632/6490/5626 5663/6519/5657 5664/6521/5658
f 5620/6493/5614 5619/6491/5613 5650/6520/5644 5651/6522/5645
f 5634/6494/5628 5633/6492/5627 5664/6521/5658 5665/6523/5659
f 5621/6495/5615 5620/6493/5614 5651/6522/5645 5652/6524/5646
f 5635/6496/5629 5634/6494/5628 5665/6523/5659 5666/6525/5660
f 5622/6497/5616 5621/6495/5615 5652/6524/5646 5653/6526/5647
f 5636/6498/5630 5635/6496/5629 5666/6525/5660 5667/6527/5661
f 5623/6500/5617 5622/6497/5616 5653/6526/5647 5654/6528/5648
f 5637/6501/5631 5636/6498/5630 5667/6527/5661 5668/6529/5662
f 5624/6503/5618 5623/6502/5617 5654/6530/5648 5655/6531/5649
f 5638/6506/5632 5637/6532/5631 5668/6533/5662 5669/6534/5663
f 5625/6505/5619 5624/6503/5618 5655/6531/5649 5656/6535/5650
f 5639/6507/5633 5638/6506/5632 5669/6534/5663 5670/6536/5664
f 5626/6508/5620 5625/6505/5619 5656/6535/5650 5657/6537/5651
f 5640/6509/5634 5639/6507/5633 5670/6536/5664 5671/6538/5665
f 5627/6476/5621 5626/6508/5620 5657/6537/5651 5658/6539/5652
f 5641/6479/5635 5640/6509/5634 5671/6538/5665 5672/6540/5666
f 5628/6477/5622 5627/6476/5621 5658/6539/5652 5659/6541/5653
f 5615/6478/5609 5490/5771/5484 5646/6542/5640
f 5642/6480/5636 5641/6479/5635 5672/6540/5666 5673/6543/5667
f 5629/6481/5623 5628/6477/5622 5659/6541/5653 5660/6510/5654
f 5616/6482/5610 5615/6478/5609 5646/6542/5640 5647/6512/5641
f 5643/6483/5637 5642/6480/5636 5673/6543/5667 5674/6514/5668
f 5663/6519/5657 5662/6516/5656 5693/6544/5687 5694/6545/5688
f 5650/6520/5644 5649/6517/5643 5680/6546/5674 5681/6547/5675
f 5489/5797/5483 5676/6518/5670 5707/6548/5701
f 5664/6521/5658 5663/6519/5657 5694/6545/5688 5695/6549/5689
f 5651/6522/5645 5650/6520/5644 5681/6547/5675 5682/6550/5676
f 5665/6523/5659 5664/6521/5658 5695/6549/5689 5696/6551/5690
f 5652/6524/5646 5651/6522/5645 5682/6550/5676 5683/6552/5677
f 5666/6525/5660 5665/6523/5659 5696/6551/5690 5697/6553/5691
f 5653/6526/5647 5652/6524/5646 5683/6552/5677 5684/6554/5678
f 5667/6527/5661 5666/6525/5660 5697/6553/5691 5698/6555/5692
f 5654/6528/5648 5653/6526/5647 5684/6554/5678 5685/6556/5679
f 5668/6529/5662 5667/6527/5661 5698/6555/5692 5699/6557/5693
f 5655/6558/5649 5654/6528/5648 5685/6556/5679 5686/6559/5680
f 5669/6534/5663 5668/6533/5662 5699/6560/5693 5700/6561/5694
f 5656/6562/5650 5655/6563/5649 5686/6564/5680 5687/6565/5681
f 5670/6536/5664 5669/6534/5663 5700/6561/5694 5701/6566/5695
f 5657/6567/5651 5656/6562/5650 5687/6565/5681 5688/6568/5682
f 5671/6538/5665 5670/6536/5664 5701/6566/5695 5702/6569/5696
f 5658/6570/5652 5657/6567/5651 5688/6568/5682 5689/6571/5683
f 5672/6540/5666 5671/6538/5665 5702/6569/5696 5703/6572/5697
f 5659/6573/5653 5658/6570/5652 5689/6571/5683 5690/6574/5684
f 5646/6542/5640 5490/5771/5484 5677/6575/5671
f 5673/6543/5667 5672/6540/5666 5703/6572/5697 5704/6576/5698
f 5660/6577/5654 5659/6573/5653 5690/6574/5684 5691/6578/5685
f 5647/6512/5641 5646/6542/5640 5677/6575/5671 5678/6579/5672
f 5674/6514/5668 5673/6543/5667 5704/6576/5698 5705/6580/5699
f 5661/6581/5655 5660/6577/5654 5691/6578/5685 5692/6582/5686
f 5648/6513/5642 5647/6512/5641 5678/6579/5672 5679/6583/5673
f 5675/6515/5669 5674/6514/5668 5705/6580/5699 5706/6584/5700
f 5662/6516/5656 5661/6511/5655 5692/6585/5686 5693/6544/5687
f 5649/6517/5643 5648/6513/5642 5679/6583/5673 5680/6546/5674
f 5676/6518/5670 5675/6515/5669 5706/6584/5700 5707/6548/5701
f 5696/6586/5690 5695/6587/5689 5726/6588/5720 5727/6589/5721
f 5683/6552/5677 5682/6550/5676 5713/6590/5707 5714/6591/5708
f 5697/6592/5691 5696/6586/5690 5727/6589/5721 5728/6593/5722
f 5684/6554/5678 5683/6552/5677 5714/6591/5708 5715/6594/5709
f 5698/6595/5692 5697/6592/5691 5728/6593/5722 5729/6596/5723
f 5685/6556/5679 5684/6554/5678 5715/6594/5709 5716/6597/5710
f 5699/6598/5693 5698/6595/5692 5729/6596/5723 5730/6599/5724
f 5686/6564/5680 5685/6600/5679 5716/6601/5710 5717/6602/5711
f 5700/6561/5694 5699/6560/5693 5730/6603/5724 5731/6604/5725
f 5687/6565/5681 5686/6564/5680 5717/6602/5711 5718/6605/5712
f 5701/6566/5695 5700/6561/5694 5731/6604/5725 5732/6606/5726
f 5688/6568/5682 5687/6565/5681 5718/6605/5712 5719/6607/5713
f 5702/6569/5696 5701/6566/5695 5732/6606/5726 5733/6608/5727
f 5689/6571/5683 5688/6568/5682 5719/6607/5713 5720/6609/5714
f 5703/6572/5697 5702/6569/5696 5733/6608/5727 5734/6610/5728
f 5690/6574/5684 5689/6571/5683 5720/6609/5714 5721/6611/5715
f 5677/6575/5671 5490/5771/5484 5708/6612/5702
f 5704/6576/5698 5703/6572/5697 5734/6610/5728 5735/6613/5729
f 5691/6578/5685 5690/6574/5684 5721/6611/5715 5722/6614/5716
f 5678/6579/5672 5677/6575/5671 5708/6612/5702 5709/6615/5703
f 5705/6580/5699 5704/6576/5698 5735/6613/5729 5736/6616/5730
f 5692/6582/5686 5691/6578/5685 5722/6614/5716 5723/6617/5717
f 5679/6583/5673 5678/6579/5672 5709/6615/5703 5710/6618/5704
f 5706/6584/5700 5705/6580/5699 5736/6616/5730 5737/6619/5731
f 5693/6620/5687 5692/6582/5686 5723/6617/5717 5724/6621/5718
f 5680/6546/5674 5679/6583/5673 5710/6618/5704 5711/6622/5705
f 5707/6548/5701 5706/6584/5700 5737/6619/5731 5738/6623/5732
f 5694/6624/5688 5693/6620/5687 5724/6621/5718 5725/6625/5719
f 5681/6547/5675 5680/6546/5674 5711/6622/5705 5712/6626/5706
f 5489/5797/5483 5707/6548/5701 5738/6623/5732
f 5695/6587/5689 5694/6624/5688 5725/6625/5719 5726/6588/5720
f 5682/6550/5676 5681/6547/5675 5712/6626/5706 5713/6590/5707
f 5729/6596/5723 5728/6593/5722 5759/6627/5753 5760/6628/5754
f 5716/6601/5710 5715/6629/5709 5746/6630/5740 5747/6631/5741
f 5730/6599/5724 5729/6596/5723 5760/6628/5754 5761/6632/5755
f 5717/6602/5711 5716/6601/5710 5747/6631/5741 5748/6633/5742
f 5731/6604/5725 5730/6603/5724 5761/6634/5755 5762/6635/5756
f 5718/6605/5712 5717/6602/5711 5748/6633/5742 5749/6636/5743
f 5732/6606/5726 5731/6604/5725 5762/6635/5756 5763/6637/5757
f 5719/6607/5713 5718/6605/5712 5749/6636/5743 5750/6638/5744
f 5733/6608/5727 5732/6606/5726 5763/6637/5757 5764/6639/5758
f 5720/6609/5714 5719/6607/5713 5750/6638/5744 5751/6640/5745
f 5734/6610/5728 5733/6608/5727 5764/6639/5758 5765/6641/5759
f 5721/6611/5715 5720/6609/5714 5751/6640/5745 5752/6642/5746
f 5708/6612/5702 5490/5771/5484 5739/6643/5733
f 5735/6613/5729 5734/6610/5728 5765/6641/5759 5766/6644/5760
f 5722/6614/5716 5721/6611/5715 5752/6642/5746 5753/6645/5747
f 5709/6615/5703 5708/6612/5702 5739/6643/5733 5740/6646/5734
f 5736/6616/5730 5735/6613/5729 5766/6644/5760 5767/6647/5761
f 5723/6617/5717 5722/6614/5716 5753/6645/5747 5754/6648/5748
f 5710/6618/5704 5709/6615/5703 5740/6646/5734 5741/6649/5735
f 5737/6619/5731 5736/6616/5730 5767/6647/5761 5768/6650/5762
f 5724/6621/5718 5723/6617/5717 5754/6648/5748 5755/6651/5749
f 5711/6622/5705 5710/6618/5704 5741/6649/5735 5742/6652/5736
f 5738/6623/5732 5737/6619/5731 5768/6650/5762 5769/6653/5763
f 5725/6625/5719 5724/6621/5718 5755/6651/5749 5756/6654/5750
f 5712/6626/5706 5711/6622/5705 5742/6652/5736 5743/6655/5737
f 5489/5797/5483 5738/6623/5732 5769/6653/5763
f 5726/6588/5720 5725/6625/5719 5756/6654/5750 5757/6656/5751
f 5713/6590/5707 5712/6626/5706 5743/6655/5737 5744/6657/5738
f 5727/6589/5721 5726/6588/5720 5757/6656/5751 5758/6658/5752
f 5714/6591/5708 5713/6590/5707 5744/6657/5738 5745/6659/5739
f 5728/6593/5722 5727/6589/5721 5758/6658/5752 5759/6627/5753
f 5715/6594/5709 5714/6591/5708 5745/6659/5739 5746/6660/5740
f 5762/6661/5756 5761/6632/5755 5792/6662/5786 5793/6663/5787
f 5749/6636/5743 5748/6633/5742 5779/6664/5773 5780/6665/5774
f 5763/6637/5757 5762/6635/5756 5793/6666/5787 5794/6667/5788
f 5750/6638/5744 5749/6636/5743 5780/6665/5774 5781/6668/5775
f 5764/6639/5758 5763/6637/5757 5794/6667/5788 5795/6669/5789
f 5751/6640/5745 5750/6638/5744 5781/6668/5775 5782/6670/5776
f 5765/6641/5759 5764/6639/5758 5795/6669/5789 5796/6671/5790
f 5752/6642/5746 5751/6640/5745 5782/6670/5776 5783/6672/5777
f 5739/6643/5733 5490/5771/5484 5770/6673/5764
f 5766/6644/5760 5765/6641/5759 5796/6671/5790 5797/6674/5791
f 5753/6645/5747 5752/6642/5746 5783/6672/5777 5784/6675/5778
f 5740/6646/5734 5739/6643/5733 5770/6673/5764 5771/6676/5765
f 5767/6647/5761 5766/6644/5760 5797/6674/5791 5798/6677/5792
f 5754/6648/5748 5753/6645/5747 5784/6675/5778 5785/6678/5779
f 5741/6649/5735 5740/6646/5734 5771/6676/5765 5772/6679/5766
f 5768/6650/5762 5767/6647/5761 5798/6677/5792 5799/6680/5793
f 5755/6651/5749 5754/6648/5748 5785/6678/5779 5786/6681/5780
f 5742/6652/5736 5741/6649/5735 5772/6679/5766 5773/6682/5767
f 5769/6653/5763 5768/6650/5762 5799/6680/5793 5800/6683/5794
f 5756/6654/5750 5755/6651/5749 5786/6681/5780 5787/6684/5781
f 5743/6655/5737 5742/6652/5736 5773/6682/5767 5774/6685/5768
f 5489/5797/5483 5769/6653/5763 5800/6683/5794
f 5757/6656/5751 5756/6654/5750 5787/6684/5781 5788/6686/5782
f 5744/6657/5738 5743/6655/5737 5774/6685/5768 5775/6687/5769
f 5758/6658/5752 5757/6656/5751 5788/6686/5782 5789/6688/5783
f 5745/6659/5739 5744/6657/5738 5775/6687/5769 5776/6689/5770
f 5759/6627/5753 5758/6658/5752 5789/6688/5783 5790/6690/5784
f 5746/6660/5740 5745/6659/5739 5776/6689/5770 5777/6691/5771
f 5760/6628/5754 5759/6627/5753 5790/6690/5784 5791/6692/5785
f 5747/6631/5741 5746/6630/5740 5777/6693/5771 5778/6694/5772
f 5761/6632/5755 5760/6628/5754 5791/6692/5785 5792/6662/5786
f 5748/6633/5742 5747/6631/5741 5778/6694/5772 5779/6664/5773
f 5790/6690/5784 5789/6688/5783 5820/6695/5814 5821/6696/5815
f 5777/6691/5771 5776/6689/5770 5807/6697/5801 5808/6698/5802
f 5791/6692/5785 5790/6690/5784 5821/6696/5815 5822/6699/5816
f 5778/6694/5772 5777/6693/5771 5808/6700/5802 5809/6701/5803
f 5792/6662/5786 5791/6692/5785 5822/6699/5816 5823/6702/5817
f 5779/6664/5773 5778/6694/5772 5809/6701/5803 5810/6703/5804
f 5793/6663/5787 5792/6662/5786 5823/6702/5817 5824/6704/5818
f 5780/6665/5774 5779/6664/5773 5810/6703/5804 5811/6705/5805
f 5794/6667/5788 5793/6666/5787 5824/6706/5818 5825/6707/5819
f 5781/6668/5775 5780/6665/5774 5811/6705/5805 5812/6708/5806
f 5795/6669/5789 5794/6667/5788 5825/6707/5819 5826/6709/5820
f 5782/6670/5776 5781/6668/5775 5812/6708/5806 5813/6710/5807
f 5796/6671/5790 5795/6669/5789 5826/6709/5820 5827/6711/5821
f 5783/6672/5777 5782/6670/5776 5813/6710/5807 5814/6712/5808
f 5770/6673/5764 5490/5771/5484 5801/6713/5795
f 5797/6674/5791 5796/6671/5790 5827/6711/5821 5828/6714/5822
f 5784/6675/5778 5783/6672/5777 5814/6712/5808 5815/6715/5809
f 5771/6676/5765 5770/6673/5764 5801/6713/5795 5802/6716/5796
f 5798/6677/5792 5797/6674/5791 5828/6714/5822 5829/6717/5823
f 5785/6678/5779 5784/6675/5778 5815/6715/5809 5816/6718/5810
f 5772/6679/5766 5771/6676/5765 5802/6716/5796 5803/6719/5797
f 5799/6680/5793 5798/6677/5792 5829/6717/5823 5830/6720/5824
f 5786/6681/5780 5785/6678/5779 5816/6718/5810 5817/6721/5811
f 5773/6682/5767 5772/6679/5766 5803/6719/5797 5804/6722/5798
f 5800/6683/5794 5799/6680/5793 5830/6720/5824 5831/6723/5825
f 5787/6684/5781 5786/6681/5780 5817/6721/5811 5818/6724/5812
f 5774/6685/5768 5773/6682/5767 5804/6722/5798 5805/6725/5799
f 5489/5797/5483 5800/6683/5794 5831/6723/5825
f 5788/6686/5782 5787/6684/5781 5818/6724/5812 5819/6726/5813
f 5775/6687/5769 5774/6685/5768 5805/6725/5799 5806/6727/5800
f 5789/6688/5783 5788/6686/5782 5819/6726/5813 5820/6695/5814
f 5776/6689/5770 5775/6687/5769 5806/6727/5800 5807/6697/5801
f 5823/6702/5817 5822/6699/5816 5853/6728/5847 5854/6729/5848
f 5810/6703/5804 5809/6701/5803 5840/6730/5834 5841/6731/5835
f 5824/6704/5818 5823/6702/5817 5854/6729/5848 5855/6732/5849
f 5811/6705/5805 5810/6703/5804 5841/6731/5835 5842/6733/5836
f 5825/6707/5819 5824/6706/5818 5855/6734/5849 5856/6735/5850
f 5812/6708/5806 5811/6705/5805 5842/6733/5836 5843/6736/5837
f 5826/6709/5820 5825/6707/5819 5856/6735/5850 5857/6737/5851
f 5813/6710/5807 5812/6708/5806 5843/6736/5837 5844/6738/5838
f 5827/6711/5821 5826/6709/5820 5857/6737/5851 5858/6739/5852
f 5814/6712/5808 5813/6710/5807 5844/6738/5838 5845/6740/5839
f 5801/6713/5795 5490/5771/5484 5832/6741/5826
f 5828/6714/5822 5827/6711/5821 5858/6739/5852 5859/6742/5853
f 5815/6715/5809 5814/6712/5808 5845/6740/5839 5846/6743/5840
f 5802/6716/5796 5801/6713/5795 5832/6741/5826 5833/6744/5827
f 5829/6717/5823 5828/6714/5822 5859/6742/5853 5860/6745/5854
f 5816/6718/5810 5815/6715/5809 5846/6743/5840 5847/6746/5841
f 5803/6719/5797 5802/6716/5796 5833/6744/5827 5834/6747/5828
f 5830/6720/5824 5829/6717/5823 5860/6745/5854 5861/6748/5855
f 5817/6721/5811 5816/6718/5810 5847/6746/5841 5848/6749/5842
f 5804/6722/5798 5803/6719/5797 5834/6747/5828 5835/6750/5829
f 5831/6723/5825 5830/6720/5824 5861/6748/5855 5862/6751/5856
f 5818/6724/5812 5817/6721/5811 5848/6749/5842 5849/6752/5843
f 5805/6725/5799 5804/6722/5798 5835/6750/5829 5836/6753/5830
f 5489/5797/5483 5831/6723/5825 5862/6751/5856
f 5819/6726/5813 5818/6724/5812 5849/6752/5843 5850/6754/5844
f 5806/6727/5800 5805/6725/5799 5836/6753/5830 5837/6755/5831
f 5820/6695/5814 5819/6726/5813 5850/6754/5844 5851/6756/5845
f 5807/6697/5801 5806/6727/5800 5837/6755/5831 5838/6757/5832
f 5821/6696/5815 5820/6695/5814 5851/6756/5845 5852/6758/5846
f 5808/6698/5802 5807/6697/5801 5838/6757/5832 5839/6759/5833
f 5822/6699/5816 5821/6696/5815 5852/6758/5846 5853/6728/5847
f 5809/6701/5803 5808/6700/5802 5839/6760/5833 5840/6730/5834
f 5856/6735/5850 5855/6734/5849 5886/6761/5880 5887/6762/5881
f 5843/6736/5837 5842/6733/5836 5873/6763/5867 5874/6764/5868
f 5857/6737/5851 5856/6735/5850 5887/6762/5881 5888/6765/5882
f 5844/6738/5838 5843/6736/5837 5874/6764/5868 5875/6766/5869
f 5858/6739/5852 5857/6737/5851 5888/6765/5882 5889/6767/5883
f 5845/6740/5839 5844/6738/5838 5875/6766/5869 5876/6768/5870
f 5832/6741/5826 5490/5771/5484 5863/6769/5857
f 5859/6742/5853 5858/6739/5852 5889/6767/5883 5890/6770/5884
f 5846/6743/5840 5845/6740/5839 5876/6768/5870 5877/6771/5871
f 5833/6744/5827 5832/6741/5826 5863/6769/5857 5864/6772/5858
f 5860/6745/5854 5859/6742/5853 5890/6770/5884 5891/6773/5885
f 5847/6746/5841 5846/6743/5840 5877/6771/5871 5878/6774/5872
f 5834/6747/5828 5833/6744/5827 5864/6772/5858 5865/6775/5859
f 5861/6748/5855 5860/6745/5854 5891/6773/5885 5892/6776/5886
f 5848/6749/5842 5847/6746/5841 5878/6774/5872 5879/6777/5873
f 5835/6750/5829 5834/6747/5828 5865/6775/5859 5866/6778/5860
f 5862/6751/5856 5861/6748/5855 5892/6776/5886 5893/6779/5887
f 5849/6752/5843 5848/6749/5842 5879/6777/5873 5880/6780/5874
f 5836/6753/5830 5835/6750/5829 5866/6778/5860 5867/6781/5861
f 5489/5797/5483 5862/6751/5856 5893/6779/5887
f 5850/6754/5844 5849/6752/5843 5880/6780/5874 5881/6782/5875
f 5837/6755/5831 5836/6753/5830 5867/6781/5861 5868/6783/5862
f 5851/6756/5845 5850/6754/5844 5881/6782/5875 5882/6784/5876
f 5838/6757/5832 5837/6755/5831 5868/6783/5862 5869/6785/5863
f 5852/6758/5846 5851/6756/5845 5882/6784/5876 5883/6786/5877
f 5839/6759/5833 5838/6757/5832 5869/6785/5863 5870/6787/5864
f 5853/6728/5847 5852/6758/5846 5883/6786/5877 5884/6788/5878
f 5840/6730/5834 5839/6760/5833 5870/6789/5864 5871/6790/5865
f 5854/6729/5848 5853/6728/5847 5884/6788/5878 5885/6791/5879
f 5841/6731/5835 5840/6730/5834 5871/6790/5865 5872/6792/5866
f 5855/6734/5849 5854/6793/5848 5885/6794/5879 5886/6761/5880
f 5842/6733/5836 5841/6731/5835 5872/6792/5866 5873/6763/5867
f 5889/6767/5883 5888/6765/5882 5919/6795/5913 5920/6796/5914
f 5876/6768/5870 5875/6766/5869 5906/6797/5900 5907/6798/5901
f 5863/6769/5857 5490/5771/5484 5894/6799/5888
f 5890/6770/5884 5889/6767/5883 5920/6796/5914 5921/6800/5915
f 5877/6771/5871 5876/6768/5870 5907/6798/5901 5908/6801/5902
f 5864/6772/5858 5863/6769/5857 5894/6799/5888 5895/6802/5889
f 5891/6773/5885 5890/6770/5884 5921/6800/5915 5922/6803/5916
f 5878/6774/5872 5877/6771/5871 5908/6801/5902 5909/6804/5903
f 5865/6775/5859 5864/6772/5858 5895/6802/5889 5896/6805/5890
f 5892/6776/5886 5891/6773/5885 5922/6803/5916 5923/6806/5917
f 5879/6777/5873 5878/6774/5872 5909/6804/5903 5910/6807/5904
f 5866/6778/5860 5865/6775/5859 5896/6805/5890 5897/6808/5891
f 5893/6779/5887 5892/6776/5886 5923/6806/5917 5924/6809/5918
f 5880/6780/5874 5879/6777/5873 5910/6807/5904 5911/6810/5905
f 5867/6781/5861 5866/6778/5860 5897/6808/5891 5898/6811/5892
f 5489/5797/5483 5893/6779/5887 5924/6809/5918
f 5881/6782/5875 5880/6780/5874 5911/6810/5905 5912/6812/5906
f 5868/6783/5862 5867/6781/5861 5898/6811/5892 5899/6813/5893
f 5882/6784/5876 5881/6782/5875 5912/6812/5906 5913/6814/5907
f 5869/6785/5863 5868/6783/5862 5899/6813/5893 5900/6815/5894
f 5883/6786/5877 5882/6784/5876 5913/6814/5907 5914/6816/5908
f 5870/6787/5864 5869/6785/5863 5900/6815/5894 5901/6817/5895
f 5884/6788/5878 5883/6786/5877 5914/6816/5908 5915/6818/5909
f 5871/6819/5865 5870/6787/5864 5901/6817/5895 5902/6820/5896
f 5885/6791/5879 5884/6788/5878 5915/6818/5909 5916/6821/5910
f 5872/6792/5866 5871/6790/5865 5902/6822/5896 5903/6823/5897
f 5886/6761/5880 5885/6794/5879 5916/6824/5910 5917/6825/5911
f 5873/6763/5867 5872/6792/5866 5903/6823/5897 5904/6826/5898
f 5887/6762/5881 5886/6761/5880 5917/6825/5911 5918/6827/5912
f 5874/6764/5868 5873/6763/5867 5904/6826/5898 5905/6828/5899
f 5888/6765/5882 5887/6762/5881 5918/6827/5912 5919/6795/5913
f 5875/6766/5869 5874/6764/5868 5905/6828/5899 5906/6797/5900
f 5895/6802/5889 5894/6799/5888 5925/6829/5919 5926/6830/5920
f 5922/6803/5916 5921/6800/5915 5952/6831/5946 5953/6832/5947
f 5909/6833/5903 5908/6834/5902 5939/6835/5933 5940/6836/5934
f 5896/6805/5890 5895/6802/5889 5926/6830/5920 5927/6837/5921
f 5923/6806/5917 5922/6803/5916 5953/6832/5947 5954/6838/5948
f 5910/6839/5904 5909/6833/5903 5940/6836/5934 5941/6840/5935
f 5897/6808/5891 5896/6805/5890 5927/6837/5921 5928/6841/5922
f 5924/6809/5918 5923/6806/5917 5954/6838/5948 5955/6842/5949
f 5911/6843/5905 5910/6839/5904 5941/6840/5935 5942/6844/5936
f 5898/6811/5892 5897/6808/5891 5928/6841/5922 5929/6845/5923
f 5489/5797/5483 5924/6809/5918 5955/6842/5949
f 5912/6846/5906 5911/6843/5905 5942/6844/5936 5943/6847/5937
f 5899/6813/5893 5898/6811/5892 5929/6845/5923 5930/6848/5924
f 5913/6849/5907 5912/6846/5906 5943/6847/5937 5944/6850/5938
f 5900/6815/5894 5899/6813/5893 5930/6848/5924 5931/6851/5925
f 5914/6816/5908 5913/6814/5907 5944/6852/5938 5945/6853/5939
f 5901/6817/5895 5900/6815/5894 5931/6851/5925 5932/6854/5926
f 5915/6855/5909 5914/6856/5908 5945/6857/5939 5946/6858/5940
f 5902/6820/5896 5901/6817/5895 5932/6854/5926 5933/6859/5927
f 5916/6824/5910 5915/6860/5909 5946/6861/5940 5947/6862/5941
f 5903/6863/5897 5902/6864/5896 5933/6865/5927 5934/6866/5928
f 5917/6825/5911 5916/6824/5910 5947/6862/5941 5948/6867/5942
f 5904/6868/5898 5903/6863/5897 5934/6866/5928 5935/6869/5929
f 5918/6827/5912 5917/6825/5911 5948/6867/5942 5949/6870/5943
f 5905/6828/5899 5904/6826/5898 5935/6871/5929 5936/6872/5930
f 5919/6795/5913 5918/6827/5912 5949/6870/5943 5950/6873/5944
f 5906/6874/5900 5905/6875/5899 5936/6876/5930 5937/6877/5931
f 5920/6796/5914 5919/6795/5913 5950/6873/5944 5951/6878/5945
f 5907/6879/5901 5906/6874/5900 5937/6877/5931 5938/6880/5932
f 5894/6799/5888 5490/5771/5484 5925/6829/5919
f 5921/6800/5915 5920/6796/5914 5951/6878/5945 5952/6831/5946
f 5908/6834/5902 5907/6879/5901 5938/6880/5932 5939/6835/5933
f 5928/6841/5922 5927/6837/5921 5958/5783/5952 5959/5789/5953
f 5955/6842/5949 5954/6838/5948 4991/5785/4985 4992/5791/4986
f 5942/6844/5936 5941/6840/5935 4983/5787/4977 4984/5793/4978
f 5929/6845/5923 5928/6841/5922 5959/5789/5953 5960/5795/5954
f 5489/5797/5483 5955/6842/5949 4992/5791/4986
f 5943/6847/5937 5942/6844/5936 4984/5793/4978 5966/5798/5960
f 5930/6848/5924 5929/6845/5923 5960/5795/5954 5961/5800/5955
f 5944/6850/5938 5943/6847/5937 5966/5798/5960 5967/5802/5961
f 5931/6851/5925 5930/6848/5924 5961/5800/5955 4977/5737/4971
f 5945/6857/5939 5944/6850/5938 5967/5802/5961 4985/5741/4979
f 5932/6854/5926 5931/6851/5925 4977/5737/4971 5962/5736/5956
f 5946/6858/5940 5945/6857/5939 4985/5741/4979 4986/5740/4980
f 5933/6859/5927 5932/6854/5926 5962/5736/5956 4978/6881/4972
f 5947/6882/5941 5946/6858/5940 4986/5740/4980 4987/5748/4981
f 5934/6866/5928 5933/6865/5927 4978/5744/4972 5963/5750/5957
f 5948/6867/5942 5947/6862/5941 4987/5753/4981 5968/5752/5962
f 5935/6869/5929 5934/6866/5928 5963/5750/5957 5964/5756/5958
f 5949/6870/5943 5948/6867/5942 5968/5752/5962 4988/5758/4982
f 5936/6876/5930 5935/6869/5929 5964/5756/5958 4979/5760/4973
f 5950/6873/5944 5949/6870/5943 4988/5758/4982 4989/5762/4983
f 5937/6877/5931 5936/6876/5930 4979/5760/4973 4980/5764/4974
f 5951/6878/5945 5950/6873/5944 4989/5762/4983 4990/5766/4984
f 5938/6880/5932 5937/6877/5931 4980/5764/4974 4981/5768/4975
f 5925/6829/5919 5490/5771/5484 5956/5770/5950
f 5952/6831/5946 5951/6878/5945 4990/5766/4984 5969/5773/5963
f 5939/6835/5933 5938/6880/5932 4981/5768/4975 4982/5775/4976
f 5926/6830/5920 5925/6829/5919 5956/5770/5950 5957/5777/5951
f 5953/6832/5947 5952/6831/5946 5969/5773/5963 5970/5779/5964
f 5940/6836/5934 5939/6835/5933 4982/5775/4976 5965/5781/5959
f 5927/6837/5921 5926/6830/5920 5957/5777/5951 5958/5783/5952
f 5954/6838/5948 5953/6832/5947 5970/5779/5964 4991/5785/4985
f 5941/6840/5935 5940/6836/5934 5965/5781/5959 4983/5787/4977
